customer_id,plan_tier,contract_type,payment_method,country,industry,monthly_active_users_pct,feature_adoption_count,support_tickets_90d,avg_csat_score,failed_payments_90d,last_login_days_ago,churn_probability,risk_level,mrr,expected_mrr_at_risk,risk_reasons,recommended_action
C00001,Pro,Month-to-month,Manual Invoice,USA,Manufacturing,0.578,3,3,3.23,0,3,0.46354592885410467,Medium,79,36.62012837947427,High support activity + Month-to-month contract,Priority support review + Renewal / contract intervention
C00002,Enterprise,1-Year,PayPal,Australia,Marketing/Agency,0.456,2,0,4.39,0,4,0.22942261184941118,Low,199,45.655099758032826,Low feature adoption,Product training / onboarding
C00003,Enterprise,Month-to-month,Credit Card,USA,Healthcare,0.365,5,3,4.78,1,4,0.5567749926869033,Medium,199,110.79822354469377,Low engagement + Billing friction + High support activity + Month-to-month contract,Resolve billing issue + Increase product engagement + Priority support review + Renewal / contract intervention
C00005,Pro,1-Year,Credit Card,UK,Healthcare,0.508,2,1,4.62,0,9,0.24472177843033263,Low,79,19.333020495996276,Low feature adoption,Product training / onboarding
C00006,Pro,Month-to-month,Credit Card,USA,Healthcare,0.287,3,2,3.62,0,6,0.583312562695006,Medium,79,46.08169245290547,Low engagement + Month-to-month contract,Increase product engagement + Renewal / contract intervention
C00007,Basic,Month-to-month,ACH/Bank Transfer,Australia,SaaS/Tech,0.467,5,2,4.39,1,4,0.5611539887760361,Medium,29,16.273465674505047,Billing friction + Month-to-month contract,Resolve billing issue + Renewal / contract intervention
C00008,Enterprise,1-Year,ACH/Bank Transfer,India,Marketing/Agency,0.497,2,1,4.32,0,0,0.2662055983976183,Low,199,52.974914081126045,Low feature adoption,Product training / onboarding
C00013,Basic,Month-to-month,Credit Card,Canada,Manufacturing,0.624,3,2,3.21,2,9,0.8740085221532807,High,29,25.34624714244514,Billing friction + Month-to-month contract,Resolve billing issue + Renewal / contract intervention
C00014,Pro,Month-to-month,ACH/Bank Transfer,Canada,Nonprofit,0.844,2,2,4.08,0,8,0.39194375069504295,Medium,79,30.963556304908394,Month-to-month contract + Low feature adoption,Product training / onboarding + Renewal / contract intervention
C00015,Enterprise,1-Year,PayPal,Canada,Nonprofit,0.619,3,3,3.52,0,2,0.37523956465994834,Medium,199,74.67267336732972,High support activity,Priority support review
C00016,Pro,2-Year,ACH/Bank Transfer,USA,Education,0.954,1,1,5.0,0,5,0.09780292818665068,Low,79,7.726431326745404,Low feature adoption,Product training / onboarding
C00017,Basic,2-Year,Credit Card,USA,E-commerce,0.498,1,0,4.42,0,8,0.2020659366277964,Low,29,5.859912162206095,Low feature adoption,Product training / onboarding
C00019,Basic,2-Year,Manual Invoice,Australia,SaaS/Tech,0.446,5,2,4.16,0,2,0.14874344364654468,Low,29,4.313559865749796,No major warning signal,Standard customer success monitoring
C00020,Pro,Month-to-month,Credit Card,UK,Healthcare,0.537,6,3,4.06,0,5,0.34339016529652766,Medium,79,27.127823058425687,High support activity + Month-to-month contract,Priority support review + Renewal / contract intervention
C00022,Basic,1-Year,PayPal,Canada,Finance,0.641,4,0,4.33,0,2,0.10720680910961998,Low,29,3.1089974641789793,No major warning signal,Standard customer success monitoring
C00025,Basic,2-Year,PayPal,Australia,Manufacturing,0.446,5,1,3.37,0,26,0.2859397239062303,Low,29,8.29225199328068,No major warning signal,Standard customer success monitoring
C00028,Basic,Month-to-month,ACH/Bank Transfer,Germany,Education,0.622,4,2,3.88,0,5,0.3339543728573044,Medium,29,9.684676812861827,Month-to-month contract,Renewal / contract intervention
C00029,Pro,Month-to-month,Credit Card,UK,E-commerce,0.623,4,1,3.74,0,0,0.3284439382749252,Medium,79,25.94707112371909,Month-to-month contract,Renewal / contract intervention
C00030,Pro,1-Year,Credit Card,India,Education,0.475,6,2,3.3,1,6,0.5128124246547623,Medium,79,40.51218154772622,Billing friction,Resolve billing issue
C00031,Enterprise,Month-to-month,Credit Card,Germany,SaaS/Tech,0.487,2,1,2.21,1,8,0.8302414830519471,High,199,165.21805512733746,Low satisfaction + Billing friction + Month-to-month contract + Low feature adoption,Resolve billing issue + Customer success outreach + Product training / onboarding + Renewal / contract intervention
C00032,Basic,1-Year,Manual Invoice,Australia,Education,0.646,5,0,4.31,0,3,0.07484697259228183,Low,29,2.1705622051761733,No major warning signal,Standard customer success monitoring
C00033,Basic,1-Year,Manual Invoice,Germany,Nonprofit,0.508,2,2,3.67,0,16,0.3302315573909375,Medium,29,9.576715164337188,Low feature adoption,Product training / onboarding
C00034,Basic,Month-to-month,Credit Card,India,E-commerce,0.377,6,1,4.6,0,9,0.23228935176598342,Low,29,6.736391201213519,Low engagement + Month-to-month contract,Increase product engagement + Renewal / contract intervention
C00035,Pro,1-Year,ACH/Bank Transfer,Australia,Manufacturing,0.323,3,2,3.31,0,6,0.5066656065355172,Medium,79,40.026582916305856,Low engagement,Increase product engagement
C00036,Basic,2-Year,Credit Card,India,Finance,0.608,11,2,4.21,0,5,0.04818972010190868,Low,29,1.3975018829553518,No major warning signal,Standard customer success monitoring
C00039,Pro,Month-to-month,Credit Card,Germany,Manufacturing,0.124,3,0,4.47,0,18,0.39391853480261757,Medium,79,31.11956424940679,Low engagement + Month-to-month contract,Increase product engagement + Renewal / contract intervention
C00040,Enterprise,Month-to-month,Manual Invoice,India,Education,0.27,4,1,4.53,0,0,0.2623527484347014,Low,199,52.20819693850558,Low engagement + Month-to-month contract,Increase product engagement + Renewal / contract intervention
C00041,Pro,1-Year,PayPal,Australia,Healthcare,0.351,4,2,4.25,0,2,0.28328985549870395,Low,79,22.379898584397612,Low engagement,Increase product engagement
C00043,Basic,Month-to-month,Credit Card,Canada,SaaS/Tech,0.496,2,1,4.5,0,2,0.34741817182008855,Medium,29,10.075126982782567,Month-to-month contract + Low feature adoption,Product training / onboarding + Renewal / contract intervention
C00044,Basic,Month-to-month,Credit Card,Canada,E-commerce,0.206,5,2,4.25,0,4,0.45509040748388124,Medium,29,13.197621817032555,Low engagement + Month-to-month contract,Increase product engagement + Renewal / contract intervention
C00045,Basic,Month-to-month,Credit Card,USA,Marketing/Agency,0.611,0,0,4.73,0,11,0.3379979687010827,Medium,29,9.801941092331397,Month-to-month contract + Low feature adoption,Product training / onboarding + Renewal / contract intervention
C00047,Pro,1-Year,Credit Card,UK,E-commerce,0.625,1,0,2.85,1,28,0.7353865614334013,High,79,58.0955383532387,Low satisfaction + Billing friction + Low feature adoption,Resolve billing issue + Customer success outreach + Product training / onboarding
C00048,Basic,2-Year,ACH/Bank Transfer,USA,E-commerce,0.637,2,0,5.0,0,2,0.09377837603626625,Low,29,2.7195729050517214,Low feature adoption,Product training / onboarding
C00049,Basic,2-Year,Credit Card,India,Nonprofit,0.386,4,1,4.92,1,28,0.3930637909893887,Medium,29,11.398849938692273,Low engagement + Billing friction,Resolve billing issue + Increase product engagement
C00051,Basic,1-Year,Credit Card,USA,E-commerce,0.294,8,0,3.66,1,8,0.2973271109976007,Low,29,8.622486218930419,Low engagement + Billing friction,Resolve billing issue + Increase product engagement
C00052,Basic,Month-to-month,Credit Card,Australia,Finance,0.936,5,3,4.03,0,5,0.23984900547687568,Low,29,6.955621158829395,High support activity + Month-to-month contract,Priority support review + Renewal / contract intervention
C00053,Basic,Month-to-month,Credit Card,Australia,Marketing/Agency,0.233,4,1,3.96,0,4,0.49643237076184676,Medium,29,14.396538752093557,Low engagement + Month-to-month contract,Increase product engagement + Renewal / contract intervention
C00054,Enterprise,1-Year,Credit Card,USA,Nonprofit,0.527,6,1,1.75,0,8,0.39993383070566674,Medium,199,79.58683231042768,Low satisfaction,Customer success outreach
C00060,Basic,1-Year,Credit Card,India,Healthcare,0.652,4,4,3.57,1,1,0.5717530077116281,Medium,29,16.580837223637214,Billing friction + High support activity,Resolve billing issue + Priority support review
C00061,Enterprise,Month-to-month,ACH/Bank Transfer,Canada,Marketing/Agency,0.577,5,0,4.31,0,11,0.23452355473106262,Low,199,46.67018739148146,Month-to-month contract,Renewal / contract intervention
C00062,Pro,Month-to-month,PayPal,Germany,Manufacturing,0.32,3,1,4.28,0,6,0.3482796905833005,Medium,79,27.51409555608074,Low engagement + Month-to-month contract,Increase product engagement + Renewal / contract intervention
C00063,Pro,1-Year,ACH/Bank Transfer,USA,Nonprofit,0.78,3,2,3.5,0,10,0.2970194432138493,Low,79,23.464536013894097,No major warning signal,Standard customer success monitoring
C00064,Basic,Month-to-month,Credit Card,UK,Finance,0.432,8,1,4.11,1,19,0.45110304012381214,Medium,29,13.081988163590552,Billing friction + Month-to-month contract,Resolve billing issue + Renewal / contract intervention
C00065,Basic,Month-to-month,Credit Card,USA,Manufacturing,0.314,4,2,4.2,0,9,0.4091311876309911,Medium,29,11.864804441298741,Low engagement + Month-to-month contract,Increase product engagement + Renewal / contract intervention
C00066,Enterprise,2-Year,Credit Card,Germany,Nonprofit,0.574,3,1,4.01,0,15,0.2015235043595917,Low,199,40.10317736755875,No major warning signal,Standard customer success monitoring
C00067,Pro,2-Year,ACH/Bank Transfer,USA,Nonprofit,0.764,3,1,4.63,1,14,0.2830031071640198,Low,79,22.35724546595756,Billing friction,Resolve billing issue
C00069,Basic,1-Year,Credit Card,Germany,SaaS/Tech,0.496,5,1,4.03,0,17,0.1793143856659023,Low,29,5.200117184311167,No major warning signal,Standard customer success monitoring
C00070,Pro,Month-to-month,Credit Card,India,Marketing/Agency,0.654,3,1,3.49,0,15,0.4642305516329453,Medium,79,36.674213579002675,Month-to-month contract,Renewal / contract intervention
C00071,Basic,2-Year,Credit Card,USA,Nonprofit,0.47,6,0,2.97,0,2,0.16866384087410952,Low,29,4.891251385349176,Low satisfaction,Customer success outreach
C00072,Basic,1-Year,Credit Card,UK,Healthcare,0.642,3,0,2.76,0,9,0.30840417105443596,Medium,29,8.943720960578643,Low satisfaction,Customer success outreach
C00073,Pro,Month-to-month,Manual Invoice,Canada,Nonprofit,0.715,3,0,3.05,0,11,0.3236855150902791,Medium,79,25.57115569213205,Month-to-month contract,Renewal / contract intervention
C00075,Basic,2-Year,Manual Invoice,Canada,Manufacturing,0.352,5,2,1.94,2,15,0.855548672599557,High,29,24.810911505387153,Low engagement + Low satisfaction + Billing friction,Resolve billing issue + Customer success outreach + Increase product engagement
C00076,Pro,Month-to-month,PayPal,USA,E-commerce,0.33,6,1,5.0,0,12,0.20696412955552904,Low,79,16.350166234886792,Low engagement + Month-to-month contract,Increase product engagement + Renewal / contract intervention
C00077,Pro,1-Year,Credit Card,UK,Healthcare,0.444,5,4,5.0,1,2,0.4503942653575069,Medium,79,35.58114696324304,Billing friction + High support activity,Resolve billing issue + Priority support review
C00079,Basic,Month-to-month,Manual Invoice,Canada,Manufacturing,0.203,5,2,1.77,1,6,0.8618258883095533,High,29,24.992950760977045,Low engagement + Low satisfaction + Billing friction + Month-to-month contract,Resolve billing issue + Customer success outreach + Increase product engagement + Renewal / contract intervention
C00081,Pro,Month-to-month,Credit Card,USA,Finance,0.713,3,2,4.59,2,20,0.7712339429109363,High,79,60.92748148996397,Billing friction + Month-to-month contract,Resolve billing issue + Renewal / contract intervention
C00082,Basic,Month-to-month,Manual Invoice,Australia,E-commerce,0.622,3,2,4.65,0,12,0.2827984743022033,Low,29,8.201155754763896,Month-to-month contract,Renewal / contract intervention
C00083,Basic,Month-to-month,Credit Card,UK,Nonprofit,0.752,3,1,5.0,0,25,0.24800368603367295,Low,29,7.192106894976516,Month-to-month contract,Renewal / contract intervention
C00084,Enterprise,1-Year,Credit Card,Germany,Marketing/Agency,0.589,7,0,3.02,0,17,0.16559222691172207,Low,199,32.95285315543269,No major warning signal,Standard customer success monitoring
C00085,Basic,2-Year,Credit Card,USA,Education,0.96,5,0,3.56,0,7,0.07082669332340269,Low,29,2.053974106378678,No major warning signal,Standard customer success monitoring
C00086,Enterprise,Month-to-month,ACH/Bank Transfer,Germany,Manufacturing,0.205,3,2,3.8,0,13,0.5866770487080212,Medium,199,116.74873269289621,Low engagement + Month-to-month contract,Increase product engagement + Renewal / contract intervention
C00087,Basic,Month-to-month,Credit Card,UK,Marketing/Agency,0.694,3,2,3.6,0,4,0.4554559280338808,Medium,29,13.208221912982543,Month-to-month contract,Renewal / contract intervention
C00088,Pro,Month-to-month,ACH/Bank Transfer,USA,Marketing/Agency,0.614,4,3,3.9,1,21,0.7518810953532226,High,79,59.39860653290458,Billing friction + High support activity + Month-to-month contract,Resolve billing issue + Priority support review + Renewal / contract intervention
C00090,Basic,Month-to-month,Credit Card,USA,Manufacturing,0.674,5,0,4.16,0,5,0.14012968323879096,Low,29,4.063760813924938,Month-to-month contract,Renewal / contract intervention
C00092,Basic,Month-to-month,Credit Card,UK,Marketing/Agency,0.596,10,0,2.08,0,16,0.2918262043815364,Low,29,8.462959927064555,Low satisfaction + Month-to-month contract,Customer success outreach + Renewal / contract intervention
C00093,Basic,1-Year,Credit Card,USA,Education,0.715,7,2,4.5,0,2,0.07854162558607185,Low,29,2.2777071419960837,No major warning signal,Standard customer success monitoring
C00095,Basic,Month-to-month,PayPal,Germany,Finance,0.547,2,2,5.0,2,2,0.714313839045349,High,29,20.71510133231512,Billing friction + Month-to-month contract + Low feature adoption,Resolve billing issue + Product training / onboarding + Renewal / contract intervention
C00096,Basic,Month-to-month,Credit Card,USA,E-commerce,0.45,8,2,5.0,0,3,0.13674737786205496,Low,29,3.9656739579995937,Month-to-month contract,Renewal / contract intervention
C00098,Basic,1-Year,PayPal,Australia,E-commerce,0.034,1,2,4.13,0,0,0.5767193290890642,Medium,29,16.724860543582864,Low engagement + Low feature adoption,Increase product engagement + Product training / onboarding
C00099,Pro,2-Year,Credit Card,Germany,Marketing/Agency,0.226,4,2,3.84,1,16,0.633323437043069,High,79,50.03255152640246,Low engagement + Billing friction,Resolve billing issue + Increase product engagement
C00100,Basic,1-Year,PayPal,USA,Healthcare,0.163,7,2,3.37,0,10,0.3199154583107036,Medium,29,9.277548291010405,Low engagement,Increase product engagement
C00101,Enterprise,2-Year,ACH/Bank Transfer,UK,Healthcare,0.63,2,2,3.42,0,13,0.39333877672296735,Medium,199,78.2744165678705,Low feature adoption,Product training / onboarding
C00102,Basic,Month-to-month,Credit Card,India,Manufacturing,0.246,5,0,4.18,0,53,0.4681832040015113,Medium,29,13.577312916043828,Low engagement + Inactivity + Month-to-month contract,Increase product engagement + Launch re-engagement campaign + Renewal / contract intervention
C00103,Pro,1-Year,Credit Card,Canada,Marketing/Agency,0.607,5,4,2.8,0,3,0.5093627620542281,Medium,79,40.239658202284026,Low satisfaction + High support activity,Customer success outreach + Priority support review
C00104,Basic,2-Year,ACH/Bank Transfer,Germany,SaaS/Tech,0.566,7,0,3.26,0,3,0.09401216991209718,Low,29,2.7263529274508183,No major warning signal,Standard customer success monitoring
C00105,Basic,Month-to-month,PayPal,India,Manufacturing,0.423,5,1,4.57,0,9,0.22115504959854143,Low,29,6.413496438357702,Month-to-month contract,Renewal / contract intervention
C00106,Pro,Month-to-month,Credit Card,India,Education,0.319,2,2,3.72,1,26,0.8673741276508908,High,79,68.52255608442037,Low engagement + Billing friction + Month-to-month contract + Low feature adoption,Resolve billing issue + Increase product engagement + Product training / onboarding + Renewal / contract intervention
C00107,Pro,Month-to-month,Credit Card,Australia,Finance,0.596,3,2,5.0,2,14,0.7712233599975268,High,79,60.926645439804616,Billing friction + Month-to-month contract,Resolve billing issue + Renewal / contract intervention
C00108,Basic,Month-to-month,PayPal,UK,Education,0.143,2,1,3.96,0,6,0.601754277547146,High,29,17.450874048867234,Low engagement + Month-to-month contract + Low feature adoption,Increase product engagement + Product training / onboarding + Renewal / contract intervention
C00109,Pro,Month-to-month,Credit Card,Australia,Manufacturing,0.559,4,1,4.6,0,21,0.29867499041805273,Low,79,23.595324243026166,Month-to-month contract,Renewal / contract intervention
C00110,Pro,2-Year,PayPal,Canada,Healthcare,0.698,7,2,3.77,0,9,0.12112507134369101,Low,79,9.56888063615159,No major warning signal,Standard customer success monitoring
C00113,Basic,Month-to-month,Manual Invoice,India,Marketing/Agency,0.148,3,0,5.0,0,0,0.2555055751548605,Low,29,7.409661679490954,Low engagement + Month-to-month contract,Increase product engagement + Renewal / contract intervention
C00114,Basic,1-Year,ACH/Bank Transfer,Germany,Marketing/Agency,0.775,3,0,2.6,1,9,0.49509923322074945,Medium,29,14.357877763401733,Low satisfaction + Billing friction,Resolve billing issue + Customer success outreach
C00117,Pro,Month-to-month,Credit Card,Germany,Manufacturing,0.374,5,1,3.22,0,17,0.4402978509149417,Medium,79,34.7835302222804,Low engagement + Month-to-month contract,Increase product engagement + Renewal / contract intervention
C00118,Basic,Month-to-month,Credit Card,Germany,Marketing/Agency,0.285,4,0,3.34,0,0,0.41021604646728066,Medium,29,11.89626534755114,Low engagement + Month-to-month contract,Increase product engagement + Renewal / contract intervention
C00120,Enterprise,Month-to-month,Credit Card,USA,E-commerce,0.381,4,2,4.27,1,18,0.6866120229825048,High,199,136.63579257351844,Low engagement + Billing friction + Month-to-month contract,Resolve billing issue + Increase product engagement + Renewal / contract intervention
C00122,Basic,Month-to-month,Credit Card,Canada,Nonprofit,0.678,7,2,5.0,0,8,0.13002021814069323,Low,29,3.7705863260801036,Month-to-month contract,Renewal / contract intervention
C00123,Basic,Month-to-month,Credit Card,India,Finance,0.331,4,2,4.45,0,6,0.40063797186251127,Medium,29,11.618501184012826,Low engagement + Month-to-month contract,Increase product engagement + Renewal / contract intervention
C00124,Basic,Month-to-month,Credit Card,India,Nonprofit,0.678,6,2,4.87,0,0,0.1395604640715389,Low,29,4.047253458074628,Month-to-month contract,Renewal / contract intervention
C00125,Enterprise,Month-to-month,Credit Card,USA,SaaS/Tech,0.562,3,1,4.35,0,19,0.33796427657767625,Medium,199,67.25489103895757,Month-to-month contract,Renewal / contract intervention
C00126,Enterprise,2-Year,PayPal,UK,Manufacturing,0.593,7,2,3.36,0,1,0.14382270816560203,Low,199,28.620718924954804,No major warning signal,Standard customer success monitoring
C00128,Basic,Month-to-month,Credit Card,USA,SaaS/Tech,0.592,4,4,4.22,0,1,0.4103741674732166,Medium,29,11.900850856723281,High support activity + Month-to-month contract,Priority support review + Renewal / contract intervention
C00129,Enterprise,1-Year,ACH/Bank Transfer,USA,Healthcare,0.392,3,1,4.66,0,61,0.41943917401920455,Medium,199,83.4683956298217,Low engagement + Inactivity,Increase product engagement + Launch re-engagement campaign
C00131,Basic,Month-to-month,PayPal,USA,Finance,0.561,2,1,4.21,0,27,0.43349239125562467,Medium,29,12.571279346413116,Month-to-month contract + Low feature adoption,Product training / onboarding + Renewal / contract intervention
C00132,Pro,2-Year,Credit Card,UK,Manufacturing,0.71,2,1,3.84,0,7,0.2137114380551343,Low,79,16.883203606355607,Low feature adoption,Product training / onboarding
C00133,Basic,Month-to-month,ACH/Bank Transfer,UK,Education,0.788,4,3,3.22,0,1,0.463013765394537,Medium,29,13.427399196441572,High support activity + Month-to-month contract,Priority support review + Renewal / contract intervention
C00134,Pro,1-Year,PayPal,India,Education,0.375,2,0,5.0,1,2,0.3411781888032563,Medium,79,26.953076915457245,Low engagement + Billing friction + Low feature adoption,Resolve billing issue + Increase product engagement + Product training / onboarding
C00135,Basic,Month-to-month,Credit Card,USA,Healthcare,0.541,6,1,2.58,1,0,0.5821238982891096,Medium,29,16.88159305038418,Low satisfaction + Billing friction + Month-to-month contract,Resolve billing issue + Customer success outreach + Renewal / contract intervention
C00136,Pro,2-Year,Credit Card,Canada,E-commerce,0.29,5,1,4.43,0,12,0.21883801594597213,Low,79,17.288203259731798,Low engagement,Increase product engagement
C00137,Basic,1-Year,Credit Card,USA,Finance,0.689,3,0,3.51,0,3,0.17666940573970777,Low,29,5.123412766451525,No major warning signal,Standard customer success monitoring
C00138,Basic,1-Year,PayPal,India,Marketing/Agency,1.0,2,0,5.0,0,8,0.06713241560527092,Low,29,1.9468400525528566,Low feature adoption,Product training / onboarding
C00139,Pro,Month-to-month,Credit Card,USA,Manufacturing,0.442,5,2,4.74,2,2,0.680024263009521,High,79,53.72191677775216,Billing friction + Month-to-month contract,Resolve billing issue + Renewal / contract intervention
C00140,Enterprise,1-Year,Credit Card,UK,Manufacturing,0.491,3,1,2.0,0,3,0.5055843518162007,Medium,199,100.61128601142393,Low satisfaction,Customer success outreach
C00141,Basic,1-Year,Credit Card,USA,Manufacturing,0.442,4,2,3.83,0,8,0.27697569340561684,Low,29,8.032295108762888,No major warning signal,Standard customer success monitoring
C00142,Basic,Month-to-month,PayPal,Germany,Education,0.593,4,4,5.0,1,1,0.49665863078474914,Medium,29,14.403100292757726,Billing friction + High support activity + Month-to-month contract,Resolve billing issue + Priority support review + Renewal / contract intervention
C00143,Basic,Month-to-month,Credit Card,USA,SaaS/Tech,0.525,3,4,2.62,0,8,0.7389780937023757,High,29,21.430364717368896,Low satisfaction + High support activity + Month-to-month contract,Customer success outreach + Priority support review + Renewal / contract intervention
C00144,Enterprise,1-Year,Manual Invoice,India,Finance,0.705,4,1,4.53,0,37,0.14711516021189042,Low,199,29.275916882166193,Inactivity,Launch re-engagement campaign
C00146,Pro,Month-to-month,Credit Card,USA,Healthcare,1.0,3,2,3.78,0,8,0.25432495939018335,Low,79,20.091671791824485,Month-to-month contract,Renewal / contract intervention
C00147,Basic,1-Year,Manual Invoice,USA,Nonprofit,0.565,5,3,3.64,1,8,0.4432531342325718,Medium,29,12.854340892744581,Billing friction + High support activity,Resolve billing issue + Priority support review
C00148,Pro,1-Year,Credit Card,USA,Marketing/Agency,0.273,3,0,3.6,0,8,0.355641634710175,Medium,79,28.095689142103826,Low engagement,Increase product engagement
C00151,Pro,1-Year,Credit Card,UK,Education,0.925,2,3,2.46,0,5,0.48215417100532443,Medium,79,38.09017950942063,Low satisfaction + High support activity + Low feature adoption,Customer success outreach + Product training / onboarding + Priority support review
C00152,Basic,2-Year,Credit Card,USA,Healthcare,0.535,3,3,4.94,1,76,0.6907198710574386,High,29,20.030876260665718,Billing friction + High support activity + Inactivity,Resolve billing issue + Launch re-engagement campaign + Priority support review
C00153,Basic,Month-to-month,ACH/Bank Transfer,UK,Nonprofit,0.723,2,1,4.45,0,24,0.381107564610597,Medium,29,11.052119373707313,Month-to-month contract + Low feature adoption,Product training / onboarding + Renewal / contract intervention
C00154,Enterprise,Month-to-month,Credit Card,Canada,SaaS/Tech,0.866,8,1,5.0,0,0,0.05280350918051347,Low,199,10.50789832692218,Month-to-month contract,Renewal / contract intervention
C00155,Pro,2-Year,Credit Card,UK,Marketing/Agency,0.829,6,6,4.64,0,12,0.24996730849373452,Low,79,19.747417371005028,High support activity,Priority support review
C00156,Enterprise,Month-to-month,PayPal,USA,Education,0.531,5,2,3.46,0,7,0.3874669633159889,Medium,199,77.1059256998818,Month-to-month contract,Renewal / contract intervention
C00157,Pro,1-Year,ACH/Bank Transfer,Germany,Education,0.399,4,1,3.26,0,1,0.30654597059759087,Medium,79,24.21713167720968,Low engagement,Increase product engagement
C00159,Pro,2-Year,Manual Invoice,India,E-commerce,0.317,3,2,3.14,0,9,0.42314128219476005,Medium,79,33.42816129338605,Low engagement,Increase product engagement
C00160,Basic,Month-to-month,Credit Card,Germany,Healthcare,0.462,1,1,5.0,1,21,0.5971145703025034,Medium,29,17.316322538772596,Billing friction + Month-to-month contract + Low feature adoption,Resolve billing issue + Product training / onboarding + Renewal / contract intervention
C00162,Pro,1-Year,PayPal,Germany,Education,0.76,5,0,5.0,2,46,0.40813959638237673,Medium,79,32.24302811420776,Billing friction + Inactivity,Resolve billing issue + Launch re-engagement campaign
C00163,Pro,1-Year,PayPal,Germany,Nonprofit,0.705,5,0,3.02,0,4,0.1456386333102391,Low,79,11.50545203150889,No major warning signal,Standard customer success monitoring
C00164,Basic,1-Year,Credit Card,Australia,Marketing/Agency,0.955,5,1,3.79,0,1,0.10887858412182765,Low,29,3.157478939533002,No major warning signal,Standard customer success monitoring
C00166,Basic,2-Year,Manual Invoice,USA,Marketing/Agency,0.194,5,1,4.87,1,14,0.3081421415282004,Medium,29,8.936122104317812,Low engagement + Billing friction,Resolve billing issue + Increase product engagement
C00167,Pro,1-Year,PayPal,USA,Healthcare,0.652,3,0,4.35,0,4,0.09911521706114904,Low,79,7.8301021478307735,No major warning signal,Standard customer success monitoring
C00168,Basic,Month-to-month,Manual Invoice,India,Finance,0.436,5,0,3.77,0,0,0.20175615628544138,Low,29,5.8509285322778,Month-to-month contract,Renewal / contract intervention
C00169,Basic,1-Year,Credit Card,India,Nonprofit,0.611,2,1,3.52,0,9,0.3214968306190126,Medium,29,9.323408087951364,Low feature adoption,Product training / onboarding
C00170,Basic,Month-to-month,Credit Card,USA,Finance,0.699,1,0,5.0,0,8,0.2027306993639769,Low,29,5.87919028155533,Month-to-month contract + Low feature adoption,Product training / onboarding + Renewal / contract intervention
C00171,Pro,2-Year,ACH/Bank Transfer,USA,SaaS/Tech,0.659,5,1,4.66,0,39,0.14874902455321154,Low,79,11.75117293970371,Inactivity,Launch re-engagement campaign
C00172,Basic,Month-to-month,Credit Card,USA,SaaS/Tech,0.851,3,0,3.69,0,0,0.18649995710772582,Low,29,5.4084987561240485,Month-to-month contract,Renewal / contract intervention
C00173,Pro,1-Year,ACH/Bank Transfer,India,Education,0.662,5,0,4.11,0,6,0.08903132290351144,Low,79,7.033474509377404,No major warning signal,Standard customer success monitoring
C00174,Enterprise,Month-to-month,PayPal,UK,Marketing/Agency,0.801,3,2,4.38,0,0,0.2715912968459491,Low,199,54.04666807234388,Month-to-month contract,Renewal / contract intervention
C00175,Basic,2-Year,ACH/Bank Transfer,USA,Manufacturing,0.567,4,2,5.0,2,15,0.513535227444387,Medium,29,14.89252159588722,Billing friction,Resolve billing issue
C00177,Pro,1-Year,ACH/Bank Transfer,Canada,Manufacturing,0.253,3,2,2.41,0,23,0.7222303740311897,High,79,57.05619954846399,Low engagement + Low satisfaction,Customer success outreach + Increase product engagement
C00179,Pro,1-Year,PayPal,USA,Healthcare,0.271,3,0,5.0,0,9,0.16458538083018542,Low,79,13.002245085584649,Low engagement,Increase product engagement
C00180,Basic,Month-to-month,PayPal,Australia,Nonprofit,0.62,7,3,5.0,0,1,0.16444359235532455,Low,29,4.768864178304412,High support activity + Month-to-month contract,Priority support review + Renewal / contract intervention
C00181,Basic,Month-to-month,PayPal,USA,Education,1.0,4,0,5.0,0,4,0.06383953108142679,Low,29,1.8513464013613767,Month-to-month contract,Renewal / contract intervention
C00182,Enterprise,2-Year,Credit Card,India,SaaS/Tech,0.713,4,0,3.43,1,3,0.2824715804646783,Low,199,56.21184451247098,Billing friction,Resolve billing issue
C00183,Enterprise,2-Year,Credit Card,Australia,Nonprofit,0.638,2,0,4.66,0,16,0.15937635707814182,Low,199,31.715895058550224,Low feature adoption,Product training / onboarding
C00184,Pro,1-Year,Credit Card,India,Education,0.657,4,1,3.56,0,9,0.2271110115796705,Low,79,17.94176991479397,No major warning signal,Standard customer success monitoring
C00185,Basic,Month-to-month,Credit Card,Canada,Healthcare,0.344,5,0,3.72,0,30,0.42337008165450907,Medium,29,12.277732367980763,Low engagement + Month-to-month contract,Increase product engagement + Renewal / contract intervention
C00186,Enterprise,Month-to-month,Credit Card,UK,SaaS/Tech,1.0,4,1,3.99,0,40,0.2808058873573779,Low,199,55.8803715841182,Inactivity + Month-to-month contract,Launch re-engagement campaign + Renewal / contract intervention
C00187,Basic,Month-to-month,Credit Card,USA,E-commerce,0.446,5,1,3.29,0,5,0.3922172090938686,Medium,29,11.374299063722189,Month-to-month contract,Renewal / contract intervention
C00189,Basic,Month-to-month,Credit Card,USA,Marketing/Agency,0.403,1,2,4.62,1,1,0.7096988959462831,High,29,20.58126798244221,Billing friction + Month-to-month contract + Low feature adoption,Resolve billing issue + Product training / onboarding + Renewal / contract intervention
C00191,Basic,1-Year,ACH/Bank Transfer,USA,Manufacturing,0.376,0,1,4.34,0,6,0.3401724705025643,Medium,29,9.865001644574363,Low engagement + Low feature adoption,Increase product engagement + Product training / onboarding
C00193,Basic,Month-to-month,Manual Invoice,Canada,Healthcare,0.348,3,3,4.16,2,1,0.8515814915024831,High,29,24.69586325357201,Low engagement + Billing friction + High support activity + Month-to-month contract,Resolve billing issue + Increase product engagement + Priority support review + Renewal / contract intervention
C00194,Enterprise,Month-to-month,Credit Card,USA,Healthcare,0.334,2,0,3.26,0,1,0.49318506150162783,Medium,199,98.14382723882393,Low engagement + Month-to-month contract + Low feature adoption,Increase product engagement + Product training / onboarding + Renewal / contract intervention
C00195,Enterprise,Month-to-month,ACH/Bank Transfer,India,Nonprofit,0.458,4,1,4.29,0,3,0.3163347847723141,Medium,199,62.950622169690504,Month-to-month contract,Renewal / contract intervention
C00196,Pro,1-Year,Credit Card,UK,SaaS/Tech,0.26,7,2,4.55,0,0,0.17653801144891976,Low,79,13.94650290446466,Low engagement,Increase product engagement
C00197,Basic,1-Year,Credit Card,Australia,SaaS/Tech,0.791,2,0,3.23,1,0,0.41183509779189426,Medium,29,11.943217835964933,Billing friction + Low feature adoption,Resolve billing issue + Product training / onboarding
C00198,Basic,1-Year,Credit Card,Germany,Education,0.803,4,0,5.0,1,2,0.11776168108466072,Low,29,3.4150887514551607,Billing friction,Resolve billing issue
C00203,Pro,Month-to-month,Credit Card,USA,Education,0.192,4,2,4.49,1,13,0.7195786577127998,High,79,56.84671395931119,Low engagement + Billing friction + Month-to-month contract,Resolve billing issue + Increase product engagement + Renewal / contract intervention
C00204,Enterprise,1-Year,Credit Card,Australia,E-commerce,0.827,3,1,3.16,0,1,0.24104116155745448,Low,199,47.96719114993344,No major warning signal,Standard customer success monitoring
C00205,Basic,2-Year,Credit Card,India,Healthcare,0.212,2,0,4.56,1,27,0.5326516201294863,Medium,29,15.446896983755103,Low engagement + Billing friction + Low feature adoption,Resolve billing issue + Increase product engagement + Product training / onboarding
C00206,Enterprise,Month-to-month,Credit Card,Germany,Healthcare,0.644,6,2,3.19,0,18,0.3502539817893946,Medium,199,69.70054237608953,Month-to-month contract,Renewal / contract intervention
C00207,Enterprise,2-Year,ACH/Bank Transfer,UK,Nonprofit,0.217,6,1,2.02,0,13,0.5300635707103056,Medium,199,105.48265057135082,Low engagement + Low satisfaction,Customer success outreach + Increase product engagement
C00209,Basic,2-Year,Manual Invoice,Australia,Marketing/Agency,0.574,6,1,3.66,1,7,0.2803410292100504,Low,29,8.12988984709146,Billing friction,Resolve billing issue
C00210,Enterprise,Month-to-month,Credit Card,Canada,Nonprofit,0.977,3,2,4.09,0,6,0.25831486521593244,Low,199,51.40465817797055,Month-to-month contract,Renewal / contract intervention
C00211,Basic,Month-to-month,PayPal,USA,Finance,0.863,5,3,4.02,0,2,0.21073874536718937,Low,29,6.111423615648492,High support activity + Month-to-month contract,Priority support review + Renewal / contract intervention
C00212,Enterprise,1-Year,Credit Card,Germany,SaaS/Tech,0.57,3,2,4.9,0,0,0.14083235938207359,Low,199,28.025639517032644,No major warning signal,Standard customer success monitoring
C00213,Pro,1-Year,PayPal,Australia,Finance,0.586,6,0,4.97,0,9,0.06855923990038718,Low,79,5.4161799521305865,No major warning signal,Standard customer success monitoring
C00214,Enterprise,Month-to-month,Credit Card,Canada,Healthcare,0.39,0,0,2.57,0,10,0.726696518493917,High,199,144.6126071802895,Low engagement + Low satisfaction + Month-to-month contract + Low feature adoption,Customer success outreach + Increase product engagement + Product training / onboarding + Renewal / contract intervention
C00215,Basic,1-Year,ACH/Bank Transfer,Germany,Healthcare,0.509,3,1,4.78,0,21,0.18896927224683346,Low,29,5.48010889515817,No major warning signal,Standard customer success monitoring
C00216,Pro,2-Year,Credit Card,USA,Nonprofit,0.781,3,1,4.83,1,8,0.22057591188368478,Low,79,17.4254970388111,Billing friction,Resolve billing issue
C00218,Basic,2-Year,PayPal,Australia,E-commerce,0.673,3,1,5.0,0,29,0.1556253623804557,Low,29,4.513135509033216,No major warning signal,Standard customer success monitoring
C00219,Basic,Month-to-month,ACH/Bank Transfer,UK,Manufacturing,0.649,2,1,5.0,1,5,0.44780511710358345,Medium,29,12.98634839600392,Billing friction + Month-to-month contract + Low feature adoption,Resolve billing issue + Product training / onboarding + Renewal / contract intervention
C00221,Pro,Month-to-month,Credit Card,India,E-commerce,0.356,13,3,5.0,0,25,0.12993338538974455,Low,79,10.26473744578982,Low engagement + High support activity + Month-to-month contract,Increase product engagement + Priority support review + Renewal / contract intervention
C00222,Enterprise,1-Year,Credit Card,Australia,Nonprofit,0.864,3,2,3.18,0,10,0.3030190473188433,Medium,199,60.30079041644982,No major warning signal,Standard customer success monitoring
C00223,Enterprise,Month-to-month,Credit Card,Canada,E-commerce,0.552,3,1,2.26,0,1,0.610429572882215,High,199,121.47548500356079,Low satisfaction + Month-to-month contract,Customer success outreach + Renewal / contract intervention
C00224,Basic,Month-to-month,ACH/Bank Transfer,UK,Manufacturing,0.58,7,2,5.0,0,16,0.17045543821392312,Low,29,4.94320770820377,Month-to-month contract,Renewal / contract intervention
C00225,Basic,Month-to-month,Credit Card,USA,Nonprofit,0.387,2,0,4.54,0,18,0.37546011211049035,Medium,29,10.88834325120422,Low engagement + Month-to-month contract + Low feature adoption,Increase product engagement + Product training / onboarding + Renewal / contract intervention
C00228,Pro,1-Year,Credit Card,USA,Education,0.836,2,3,3.87,0,20,0.35400224061648217,Medium,79,27.96617700870209,High support activity + Low feature adoption,Product training / onboarding + Priority support review
C00229,Pro,Month-to-month,Credit Card,USA,Healthcare,0.536,5,1,4.49,0,8,0.21310992134425333,Low,79,16.835683786196014,Month-to-month contract,Renewal / contract intervention
C00230,Basic,1-Year,Credit Card,Canada,E-commerce,0.342,1,2,5.0,1,0,0.556796301072629,Medium,29,16.14709273110624,Low engagement + Billing friction + Low feature adoption,Resolve billing issue + Increase product engagement + Product training / onboarding
C00231,Basic,1-Year,Manual Invoice,Canada,Nonprofit,0.686,6,3,4.14,2,3,0.5075177649664916,Medium,29,14.718015184028257,Billing friction + High support activity,Resolve billing issue + Priority support review
C00232,Basic,1-Year,ACH/Bank Transfer,UK,E-commerce,0.389,7,1,4.77,0,13,0.13346139792273207,Low,29,3.87038053975923,Low engagement,Increase product engagement
C00233,Basic,Month-to-month,Credit Card,Australia,Manufacturing,0.865,5,1,5.0,0,3,0.08542274285081913,Low,29,2.477259542673755,Month-to-month contract,Renewal / contract intervention
C00235,Pro,Month-to-month,Credit Card,Australia,Education,0.619,3,1,4.36,0,0,0.29491757336644936,Low,79,23.2984882959495,Month-to-month contract,Renewal / contract intervention
C00237,Basic,Month-to-month,Credit Card,Australia,Nonprofit,0.691,2,0,5.0,1,5,0.369378763557464,Medium,29,10.711984143166456,Billing friction + Month-to-month contract + Low feature adoption,Resolve billing issue + Product training / onboarding + Renewal / contract intervention
C00239,Pro,Month-to-month,ACH/Bank Transfer,USA,Healthcare,0.234,6,2,5.0,1,14,0.5372311549303153,Medium,79,42.44126123949491,Low engagement + Billing friction + Month-to-month contract,Resolve billing issue + Increase product engagement + Renewal / contract intervention
C00240,Basic,Month-to-month,PayPal,UK,Manufacturing,0.117,4,0,4.02,1,7,0.6355073149013932,High,29,18.429712132140402,Low engagement + Billing friction + Month-to-month contract,Resolve billing issue + Increase product engagement + Renewal / contract intervention
C00241,Enterprise,1-Year,PayPal,Germany,Education,0.664,7,1,5.0,1,0,0.10070451167306767,Low,199,20.040197822940467,Billing friction,Resolve billing issue
C00242,Basic,1-Year,Credit Card,USA,Nonprofit,0.471,3,1,3.18,0,1,0.3313119697377667,Medium,29,9.608047122395234,No major warning signal,Standard customer success monitoring
C00244,Basic,2-Year,Manual Invoice,India,Nonprofit,0.525,6,2,3.42,1,3,0.329072190139898,Medium,29,9.543093514057043,Billing friction,Resolve billing issue
C00245,Enterprise,Month-to-month,Credit Card,Canada,Nonprofit,0.391,6,3,3.85,0,1,0.43511583948515387,Medium,199,86.58805205754562,Low engagement + High support activity + Month-to-month contract,Increase product engagement + Priority support review + Renewal / contract intervention
C00246,Basic,Month-to-month,Credit Card,India,SaaS/Tech,0.633,4,0,4.22,0,0,0.17830479518838907,Low,29,5.170839060463283,Month-to-month contract,Renewal / contract intervention
C00247,Pro,Month-to-month,Credit Card,Germany,Education,0.529,1,1,5.0,2,11,0.7620152166581641,High,79,60.199202115994964,Billing friction + Month-to-month contract + Low feature adoption,Resolve billing issue + Product training / onboarding + Renewal / contract intervention
C00248,Enterprise,Month-to-month,Manual Invoice,India,E-commerce,0.567,7,0,3.31,0,4,0.16090120630561033,Low,199,32.01934005481645,Month-to-month contract,Renewal / contract intervention
C00249,Basic,1-Year,Credit Card,USA,Education,0.674,2,0,4.7,1,22,0.3241483387339919,Medium,29,9.400301823285766,Billing friction + Low feature adoption,Resolve billing issue + Product training / onboarding
C00250,Pro,1-Year,Credit Card,UK,Marketing/Agency,0.372,2,1,3.42,0,2,0.4668328285931714,Medium,79,36.87979345886054,Low engagement + Low feature adoption,Increase product engagement + Product training / onboarding
C00251,Enterprise,1-Year,Credit Card,UK,E-commerce,0.503,4,1,5.0,0,0,0.13035775061951937,Low,199,25.941192373284355,No major warning signal,Standard customer success monitoring
C00252,Basic,Month-to-month,PayPal,Germany,Marketing/Agency,0.145,4,0,4.34,1,5,0.4541391632565649,Medium,29,13.170035734440383,Low engagement + Billing friction + Month-to-month contract,Resolve billing issue + Increase product engagement + Renewal / contract intervention
C00254,Basic,Month-to-month,Credit Card,India,Nonprofit,0.238,3,1,5.0,0,1,0.3329445140670142,Medium,29,9.655390907943412,Low engagement + Month-to-month contract,Increase product engagement + Renewal / contract intervention
C00255,Basic,Month-to-month,Credit Card,Germany,SaaS/Tech,0.189,7,0,4.8,0,14,0.16712583985738408,Low,29,4.846649355864138,Low engagement + Month-to-month contract,Increase product engagement + Renewal / contract intervention
C00256,Pro,Month-to-month,Credit Card,Germany,E-commerce,0.854,7,0,4.38,0,0,0.0641401369222725,Low,79,5.067070816859527,Month-to-month contract,Renewal / contract intervention
C00257,Pro,1-Year,Credit Card,Australia,Nonprofit,0.86,2,0,3.93,1,1,0.3166144165163737,Medium,79,25.01253890479352,Billing friction + Low feature adoption,Resolve billing issue + Product training / onboarding
C00258,Basic,1-Year,PayPal,Australia,Education,0.544,3,1,4.43,1,13,0.4236766479151209,Medium,29,12.286622789538505,Billing friction,Resolve billing issue
C00259,Enterprise,Month-to-month,Credit Card,USA,Finance,0.614,5,1,5.0,0,1,0.13156570710718513,Low,199,26.18157571432984,Month-to-month contract,Renewal / contract intervention
C00260,Pro,Month-to-month,Credit Card,Germany,Marketing/Agency,0.497,5,0,5.0,0,9,0.14232830917102188,Low,79,11.243936424510729,Month-to-month contract,Renewal / contract intervention
C00261,Basic,1-Year,Credit Card,UK,Education,0.832,5,1,3.35,0,2,0.15257875176956734,Low,29,4.424783801317453,No major warning signal,Standard customer success monitoring
C00262,Enterprise,Month-to-month,Credit Card,India,Marketing/Agency,0.558,2,0,3.95,0,1,0.3238368752151175,Medium,199,64.44353816780838,Month-to-month contract + Low feature adoption,Product training / onboarding + Renewal / contract intervention
C00265,Pro,1-Year,ACH/Bank Transfer,USA,Education,0.324,5,0,3.67,0,21,0.28622976670090156,Low,79,22.61215156937122,Low engagement,Increase product engagement
C00266,Basic,1-Year,Credit Card,India,Nonprofit,0.94,7,1,4.65,0,9,0.044293484579155176,Low,29,1.2845110527955002,No major warning signal,Standard customer success monitoring
C00267,Pro,2-Year,Credit Card,USA,Nonprofit,0.313,3,2,3.96,0,12,0.37110669681125774,Medium,79,29.317429048089362,Low engagement,Increase product engagement
C00268,Basic,1-Year,PayPal,Canada,Manufacturing,0.177,2,1,3.22,1,0,0.7019984070940528,High,29,20.357953805727533,Low engagement + Billing friction + Low feature adoption,Resolve billing issue + Increase product engagement + Product training / onboarding
C00269,Basic,1-Year,ACH/Bank Transfer,Canada,Manufacturing,0.397,5,1,4.48,0,1,0.1513162405527873,Low,29,4.388170976030832,Low engagement,Increase product engagement
C00270,Basic,Month-to-month,Credit Card,Canada,Finance,0.623,4,1,5.0,2,3,0.5998300121864241,Medium,29,17.395070353406297,Billing friction + Month-to-month contract,Resolve billing issue + Renewal / contract intervention
C00272,Enterprise,Month-to-month,PayPal,USA,Finance,0.943,4,4,4.21,1,1,0.45158598895106006,Medium,199,89.86561180126095,Billing friction + High support activity + Month-to-month contract,Resolve billing issue + Priority support review + Renewal / contract intervention
C00274,Basic,1-Year,Credit Card,USA,Manufacturing,0.83,6,2,4.29,0,7,0.08455101768344885,Low,29,2.4519795128200164,No major warning signal,Standard customer success monitoring
C00275,Basic,Month-to-month,Credit Card,India,Healthcare,0.865,3,0,4.33,0,3,0.14467673545528134,Low,29,4.195625328203159,Month-to-month contract,Renewal / contract intervention
C00276,Enterprise,2-Year,PayPal,Canada,Manufacturing,0.674,1,3,4.9,0,1,0.200939027991951,Low,199,39.98686657039825,High support activity + Low feature adoption,Product training / onboarding + Priority support review
C00277,Pro,2-Year,Credit Card,India,Finance,0.724,3,1,3.8,0,2,0.16582305552089122,Low,79,13.100021386150406,No major warning signal,Standard customer success monitoring
C00278,Basic,Month-to-month,Credit Card,Australia,Manufacturing,0.527,7,0,3.57,2,1,0.5949356069659805,Medium,29,17.253132602013434,Billing friction + Month-to-month contract,Resolve billing issue + Renewal / contract intervention
C00279,Basic,1-Year,PayPal,Canada,Finance,0.661,3,1,4.22,0,14,0.19710223544530833,Low,29,5.7159648279139414,No major warning signal,Standard customer success monitoring
C00281,Enterprise,Month-to-month,Manual Invoice,UK,Education,0.915,4,0,4.06,1,5,0.25462861183223146,Low,199,50.67109375461406,Billing friction + Month-to-month contract,Resolve billing issue + Renewal / contract intervention
C00282,Pro,Month-to-month,ACH/Bank Transfer,UK,E-commerce,0.206,2,1,3.06,0,14,0.7653088030726217,High,79,60.45939544273712,Low engagement + Month-to-month contract + Low feature adoption,Increase product engagement + Product training / onboarding + Renewal / contract intervention
C00283,Basic,2-Year,Credit Card,Canada,SaaS/Tech,0.366,5,2,3.92,0,0,0.23182929636611038,Low,29,6.723049594617201,Low engagement,Increase product engagement
C00284,Basic,Month-to-month,Credit Card,India,Manufacturing,1.0,6,2,4.25,0,5,0.11303361378419846,Low,29,3.2779747997417554,Month-to-month contract,Renewal / contract intervention
C00285,Basic,Month-to-month,PayPal,Germany,E-commerce,0.413,1,3,3.47,0,60,0.8512410213367926,High,29,24.685989618766985,High support activity + Inactivity + Month-to-month contract + Low feature adoption,Launch re-engagement campaign + Product training / onboarding + Priority support review + Renewal / contract intervention
C00286,Pro,1-Year,Credit Card,UK,Finance,0.787,6,1,3.27,2,5,0.5626278256284952,Medium,79,44.447598224651124,Billing friction,Resolve billing issue
C00288,Basic,Month-to-month,ACH/Bank Transfer,USA,SaaS/Tech,0.516,4,0,4.81,0,9,0.1846815607759794,Low,29,5.355765262503402,Month-to-month contract,Renewal / contract intervention
C00289,Pro,Month-to-month,Credit Card,Germany,Healthcare,0.606,3,2,2.71,0,26,0.6383239880260217,High,79,50.427595054055715,Low satisfaction + Month-to-month contract,Customer success outreach + Renewal / contract intervention
C00290,Pro,1-Year,Credit Card,UK,Education,0.616,5,3,3.69,1,9,0.5496781486274276,Medium,79,43.42457374156678,Billing friction + High support activity,Resolve billing issue + Priority support review
C00291,Basic,1-Year,PayPal,Canada,Finance,0.473,4,2,4.52,0,3,0.21002062243022543,Low,29,6.090598050476538,No major warning signal,Standard customer success monitoring
C00293,Pro,Month-to-month,Credit Card,Germany,Manufacturing,0.541,4,1,3.39,1,10,0.5950833359016418,Medium,79,47.0115835362297,Billing friction + Month-to-month contract,Resolve billing issue + Renewal / contract intervention
C00294,Enterprise,1-Year,Credit Card,India,Manufacturing,0.261,3,1,3.08,1,3,0.6617375987775729,High,199,131.685782156737,Low engagement + Billing friction,Resolve billing issue + Increase product engagement
C00295,Basic,Month-to-month,Credit Card,USA,Finance,0.741,1,2,3.82,1,6,0.6826805093661688,High,29,19.797734771618895,Billing friction + Month-to-month contract + Low feature adoption,Resolve billing issue + Product training / onboarding + Renewal / contract intervention
C00296,Basic,Month-to-month,Manual Invoice,Australia,Manufacturing,0.199,2,1,3.19,1,14,0.8180880260705717,High,29,23.72455275604658,Low engagement + Billing friction + Month-to-month contract + Low feature adoption,Resolve billing issue + Increase product engagement + Product training / onboarding + Renewal / contract intervention
C00297,Basic,Month-to-month,ACH/Bank Transfer,UK,Manufacturing,0.321,3,0,3.51,0,10,0.4826042314408187,Medium,29,13.995522711783742,Low engagement + Month-to-month contract,Increase product engagement + Renewal / contract intervention
C00298,Basic,Month-to-month,Credit Card,India,Marketing/Agency,0.809,3,1,4.55,1,22,0.48757973349440414,Medium,29,14.13981227133772,Billing friction + Month-to-month contract,Resolve billing issue + Renewal / contract intervention
C00299,Basic,2-Year,ACH/Bank Transfer,India,Manufacturing,1.0,3,0,3.3,0,12,0.11835302227810529,Low,29,3.4322376460650537,No major warning signal,Standard customer success monitoring
C00300,Pro,Month-to-month,PayPal,Germany,Manufacturing,0.764,3,1,5.0,0,1,0.1216797187760885,Low,79,9.612697783310992,Month-to-month contract,Renewal / contract intervention
C00301,Enterprise,Month-to-month,PayPal,USA,Finance,0.465,3,0,4.33,2,2,0.6941059096784012,High,199,138.12707602600184,Billing friction + Month-to-month contract,Resolve billing issue + Renewal / contract intervention
C00302,Enterprise,Month-to-month,Credit Card,USA,SaaS/Tech,0.736,4,1,2.09,0,8,0.4678358766632709,Medium,199,93.09933945599091,Low satisfaction + Month-to-month contract,Customer success outreach + Renewal / contract intervention
C00303,Basic,1-Year,Credit Card,Australia,Finance,0.578,5,2,3.44,2,1,0.7093799632121435,High,29,20.57201893315216,Billing friction,Resolve billing issue
C00305,Pro,Month-to-month,Credit Card,UK,Education,0.397,2,0,4.38,0,6,0.3879330637089408,Medium,79,30.646712033006324,Low engagement + Month-to-month contract + Low feature adoption,Increase product engagement + Product training / onboarding + Renewal / contract intervention
C00306,Basic,Month-to-month,Credit Card,Canada,Healthcare,0.458,6,4,4.74,2,6,0.7839875282642377,High,29,22.735638319662893,Billing friction + High support activity + Month-to-month contract,Resolve billing issue + Priority support review + Renewal / contract intervention
C00308,Pro,1-Year,Credit Card,USA,Nonprofit,0.389,0,2,4.07,0,0,0.4638157706353119,Medium,79,36.641445880189636,Low engagement + Low feature adoption,Increase product engagement + Product training / onboarding
C00310,Pro,Month-to-month,Credit Card,Australia,Nonprofit,0.335,5,1,3.77,0,2,0.41019710590667563,Medium,79,32.40557136662738,Low engagement + Month-to-month contract,Increase product engagement + Renewal / contract intervention
C00311,Basic,1-Year,Credit Card,Canada,SaaS/Tech,0.52,0,0,4.8,2,23,0.7282567094892756,High,29,21.119444575188993,Billing friction + Low feature adoption,Resolve billing issue + Product training / onboarding
C00312,Basic,Month-to-month,Credit Card,USA,Education,0.679,3,1,3.7,1,24,0.6409811161184716,High,29,18.58845236743568,Billing friction + Month-to-month contract,Resolve billing issue + Renewal / contract intervention
C00314,Basic,2-Year,PayPal,Australia,E-commerce,0.263,6,3,2.67,0,0,0.4659486306299802,Medium,29,13.512510288269427,Low engagement + Low satisfaction + High support activity,Customer success outreach + Increase product engagement + Priority support review
C00317,Pro,2-Year,ACH/Bank Transfer,India,Finance,0.33,5,1,3.3,1,2,0.520429438234563,Medium,79,41.11392562053048,Low engagement + Billing friction,Resolve billing issue + Increase product engagement
C00318,Basic,Month-to-month,Credit Card,India,Manufacturing,0.635,9,0,4.3,1,83,0.4495031807191388,Medium,29,13.035592240855026,Billing friction + Inactivity + Month-to-month contract,Resolve billing issue + Launch re-engagement campaign + Renewal / contract intervention
C00319,Enterprise,2-Year,Credit Card,Germany,Finance,0.581,2,2,5.0,0,12,0.17171576638826874,Low,199,34.17143751126548,Low feature adoption,Product training / onboarding
C00321,Basic,1-Year,Credit Card,USA,SaaS/Tech,0.446,4,1,4.34,1,3,0.35389460955166047,Medium,29,10.262943676998153,Billing friction,Resolve billing issue
C00323,Basic,1-Year,Manual Invoice,USA,SaaS/Tech,0.511,5,2,3.24,0,8,0.23563482021723492,Low,29,6.833409786299812,No major warning signal,Standard customer success monitoring
C00324,Pro,Month-to-month,ACH/Bank Transfer,USA,Education,0.617,2,0,4.8,0,1,0.21384196389759996,Low,79,16.893515147910396,Month-to-month contract + Low feature adoption,Product training / onboarding + Renewal / contract intervention
C00325,Enterprise,1-Year,ACH/Bank Transfer,USA,E-commerce,0.403,3,0,4.27,0,26,0.2774006490904185,Low,199,55.20272916899328,No major warning signal,Standard customer success monitoring
C00327,Basic,Month-to-month,ACH/Bank Transfer,USA,E-commerce,0.48,4,1,5.0,0,1,0.20809038340739752,Low,29,6.0346211188145285,Month-to-month contract,Renewal / contract intervention
C00328,Basic,Month-to-month,Credit Card,USA,Marketing/Agency,0.368,3,3,3.72,0,4,0.6050429468600289,High,29,17.546245458940838,Low engagement + High support activity + Month-to-month contract,Increase product engagement + Priority support review + Renewal / contract intervention
C00329,Enterprise,1-Year,Credit Card,UK,Healthcare,0.311,7,1,2.91,0,3,0.27537418586111634,Low,199,54.79946298636215,Low engagement + Low satisfaction,Customer success outreach + Increase product engagement
C00330,Pro,2-Year,Credit Card,India,Education,0.771,2,1,3.16,0,13,0.29412362115914753,Low,79,23.235766071572655,Low feature adoption,Product training / onboarding
C00331,Basic,2-Year,PayPal,Canada,E-commerce,0.71,6,1,5.0,0,9,0.05779589729126437,Low,29,1.6760810214466668,No major warning signal,Standard customer success monitoring
C00332,Basic,Month-to-month,ACH/Bank Transfer,Germany,Finance,0.515,7,4,3.04,0,27,0.5806942507014735,Medium,29,16.840133270342733,High support activity + Month-to-month contract,Priority support review + Renewal / contract intervention
C00333,Pro,Month-to-month,ACH/Bank Transfer,India,Marketing/Agency,0.862,3,1,3.77,0,0,0.2835806768114674,Low,79,22.402873468105927,Month-to-month contract,Renewal / contract intervention
C00334,Pro,1-Year,Credit Card,UK,SaaS/Tech,0.381,2,1,3.15,0,0,0.4581595472189878,Medium,79,36.19460423030004,Low engagement + Low feature adoption,Increase product engagement + Product training / onboarding
C00335,Pro,Month-to-month,ACH/Bank Transfer,UK,Manufacturing,0.837,3,2,3.11,0,2,0.4252257976548254,Medium,79,33.59283801473121,Month-to-month contract,Renewal / contract intervention
C00338,Pro,Month-to-month,Credit Card,India,Education,1.0,4,0,3.89,1,0,0.282135133438893,Low,79,22.28867554167255,Billing friction + Month-to-month contract,Resolve billing issue + Renewal / contract intervention
C00339,Basic,2-Year,PayPal,India,Manufacturing,0.639,3,2,3.5,1,3,0.43787154760835295,Medium,29,12.698274880642236,Billing friction,Resolve billing issue
C00340,Basic,2-Year,Credit Card,India,Manufacturing,0.636,5,4,2.86,2,37,0.8764150184765959,High,29,25.41603553582128,Low satisfaction + Billing friction + High support activity + Inactivity,Resolve billing issue + Customer success outreach + Launch re-engagement campaign + Priority support review
C00341,Pro,2-Year,Manual Invoice,USA,Marketing/Agency,0.869,2,2,5.0,0,0,0.08364991587421011,Low,79,6.608343354062599,Low feature adoption,Product training / onboarding
C00343,Basic,1-Year,Manual Invoice,USA,Education,0.799,8,1,2.25,2,24,0.5605004956521552,Medium,29,16.2545143739125,Low satisfaction + Billing friction,Resolve billing issue + Customer success outreach
C00345,Pro,1-Year,Credit Card,UK,Healthcare,0.357,4,1,3.68,0,7,0.3244552152804215,Medium,79,25.631962007153298,Low engagement,Increase product engagement
C00346,Basic,Month-to-month,PayPal,USA,Education,0.489,3,1,4.39,0,32,0.4089541615893822,Medium,29,11.859670686092084,Inactivity + Month-to-month contract,Launch re-engagement campaign + Renewal / contract intervention
C00347,Enterprise,Month-to-month,PayPal,Australia,SaaS/Tech,0.497,1,2,4.72,2,19,0.8717816786117111,High,199,173.4845540437305,Billing friction + Month-to-month contract + Low feature adoption,Resolve billing issue + Product training / onboarding + Renewal / contract intervention
C00349,Pro,1-Year,Credit Card,USA,E-commerce,0.665,3,1,4.29,2,21,0.6506478136491841,High,79,51.401177278285545,Billing friction,Resolve billing issue
C00350,Pro,Month-to-month,Credit Card,Germany,Education,1.0,3,0,3.56,0,11,0.19171856337483278,Low,79,15.14576650661179,Month-to-month contract,Renewal / contract intervention
C00353,Enterprise,1-Year,Credit Card,Germany,Education,0.517,2,1,4.8,0,1,0.1618724152231399,Low,199,32.212610629404836,Low feature adoption,Product training / onboarding
C00354,Basic,1-Year,Credit Card,India,SaaS/Tech,0.582,3,0,3.65,0,8,0.2073078468944471,Low,29,6.011927559938965,No major warning signal,Standard customer success monitoring
C00355,Pro,1-Year,Manual Invoice,Canada,Finance,0.754,3,2,5.0,1,10,0.2634397506133167,Low,79,20.81174029845202,Billing friction,Resolve billing issue
C00356,Basic,Month-to-month,Credit Card,Canada,Education,0.23,9,1,3.45,2,27,0.8116358779262538,High,29,23.53744045986136,Low engagement + Billing friction + Month-to-month contract,Resolve billing issue + Increase product engagement + Renewal / contract intervention
C00357,Pro,2-Year,ACH/Bank Transfer,India,Manufacturing,0.589,2,0,3.42,0,5,0.22017997962597055,Low,79,17.394218390451673,Low feature adoption,Product training / onboarding
C00358,Enterprise,2-Year,PayPal,Germany,Marketing/Agency,0.631,3,1,3.77,2,40,0.743443110033941,High,199,147.94517889675427,Billing friction + Inactivity,Resolve billing issue + Launch re-engagement campaign
C00359,Basic,Month-to-month,PayPal,USA,Finance,0.514,2,1,4.64,0,1,0.283361212257837,Low,29,8.217475155477272,Month-to-month contract + Low feature adoption,Product training / onboarding + Renewal / contract intervention
C00360,Basic,Month-to-month,PayPal,Germany,Marketing/Agency,0.58,3,2,3.14,0,3,0.49166206920829825,Medium,29,14.25820000704065,Month-to-month contract,Renewal / contract intervention
C00361,Enterprise,Month-to-month,Credit Card,Germany,SaaS/Tech,0.546,3,0,4.55,1,5,0.38632893903675414,Medium,199,76.87945886831407,Billing friction + Month-to-month contract,Resolve billing issue + Renewal / contract intervention
C00362,Enterprise,Month-to-month,Credit Card,India,Manufacturing,0.781,4,2,3.18,0,4,0.34273286000683384,Medium,199,68.20383914135994,Month-to-month contract,Renewal / contract intervention
C00363,Enterprise,1-Year,Credit Card,Australia,Finance,0.97,3,3,3.95,0,0,0.20490780199101097,Low,199,40.776652596211186,High support activity,Priority support review
C00364,Basic,Month-to-month,Credit Card,USA,E-commerce,0.505,2,2,3.55,0,7,0.5575582349692504,Medium,29,16.16918881410826,Month-to-month contract + Low feature adoption,Product training / onboarding + Renewal / contract intervention
C00365,Enterprise,Month-to-month,Credit Card,USA,E-commerce,0.905,9,1,2.52,0,0,0.15070596824566376,Low,199,29.99048768088709,Low satisfaction + Month-to-month contract,Customer success outreach + Renewal / contract intervention
C00366,Basic,2-Year,ACH/Bank Transfer,UK,SaaS/Tech,0.514,6,1,4.77,0,30,0.14092557133799424,Low,29,4.086841568801833,No major warning signal,Standard customer success monitoring
C00367,Pro,Month-to-month,Credit Card,USA,Healthcare,0.483,4,3,4.79,0,0,0.3187111221364878,Medium,79,25.178178648782534,High support activity + Month-to-month contract,Priority support review + Renewal / contract intervention
C00369,Basic,1-Year,ACH/Bank Transfer,Canada,E-commerce,0.296,4,1,5.0,0,6,0.20172124472201933,Low,29,5.849916096938561,Low engagement,Increase product engagement
C00371,Basic,2-Year,PayPal,UK,Nonprofit,0.394,5,1,3.75,0,0,0.19417211025700876,Low,29,5.630991197453254,Low engagement,Increase product engagement
C00372,Pro,Month-to-month,Credit Card,Germany,E-commerce,0.454,3,0,2.69,0,0,0.4651989263807624,Medium,79,36.75071518408023,Low satisfaction + Month-to-month contract,Customer success outreach + Renewal / contract intervention
C00373,Pro,1-Year,Credit Card,USA,SaaS/Tech,0.746,10,3,2.15,1,5,0.3974149002040773,Medium,79,31.395777116122108,Low satisfaction + Billing friction + High support activity,Resolve billing issue + Customer success outreach + Priority support review
C00374,Pro,Month-to-month,PayPal,India,Manufacturing,1.0,4,2,5.0,0,2,0.10379156785185847,Low,79,8.19953386029682,Month-to-month contract,Renewal / contract intervention
C00375,Basic,2-Year,PayPal,USA,SaaS/Tech,0.926,5,2,2.25,0,25,0.2812278492508776,Low,29,8.155607628275451,Low satisfaction,Customer success outreach
C00376,Enterprise,2-Year,ACH/Bank Transfer,USA,Healthcare,0.738,7,1,3.33,0,7,0.10428112145249467,Low,199,20.751943169046438,No major warning signal,Standard customer success monitoring
C00377,Pro,Month-to-month,PayPal,USA,Marketing/Agency,0.86,5,2,4.69,0,45,0.2795976182719721,Low,79,22.088211843485798,Inactivity + Month-to-month contract,Launch re-engagement campaign + Renewal / contract intervention
C00378,Basic,Month-to-month,PayPal,India,E-commerce,0.717,4,0,4.01,2,1,0.5942847823418098,Medium,29,17.234258687912483,Billing friction + Month-to-month contract,Resolve billing issue + Renewal / contract intervention
C00380,Pro,Month-to-month,Manual Invoice,UK,Finance,0.424,2,2,3.49,1,14,0.7969059037601833,High,79,62.95556639705448,Billing friction + Month-to-month contract + Low feature adoption,Resolve billing issue + Product training / onboarding + Renewal / contract intervention
C00381,Pro,Month-to-month,Credit Card,UK,SaaS/Tech,0.533,3,1,3.89,2,20,0.8576134823323626,High,79,67.75146510425664,Billing friction + Month-to-month contract,Resolve billing issue + Renewal / contract intervention
C00383,Pro,1-Year,ACH/Bank Transfer,USA,Education,0.392,7,3,4.07,0,5,0.236861791330521,Low,79,18.71208151511116,Low engagement + High support activity,Increase product engagement + Priority support review
C00384,Basic,1-Year,Manual Invoice,India,Nonprofit,0.494,2,2,4.91,2,5,0.6086499585774262,High,29,17.65084879874536,Billing friction + Low feature adoption,Resolve billing issue + Product training / onboarding
C00385,Enterprise,Month-to-month,ACH/Bank Transfer,UK,Finance,0.633,4,1,3.11,2,2,0.8317272737225724,High,199,165.5137274707919,Billing friction + Month-to-month contract,Resolve billing issue + Renewal / contract intervention
C00386,Basic,Month-to-month,ACH/Bank Transfer,Canada,E-commerce,0.422,4,0,4.97,0,0,0.20074642887391067,Low,29,5.82164643734341,Month-to-month contract,Renewal / contract intervention
C00387,Pro,Month-to-month,Credit Card,India,Healthcare,0.904,2,3,4.62,1,6,0.5116354087054346,Medium,79,40.41919728772933,Billing friction + High support activity + Month-to-month contract + Low feature adoption,Resolve billing issue + Product training / onboarding + Priority support review + Renewal / contract intervention
C00388,Enterprise,Month-to-month,PayPal,USA,SaaS/Tech,0.877,2,2,3.99,1,5,0.5156681015964192,Medium,199,102.61795221768742,Billing friction + Month-to-month contract + Low feature adoption,Resolve billing issue + Product training / onboarding + Renewal / contract intervention
C00389,Pro,Month-to-month,ACH/Bank Transfer,UK,SaaS/Tech,0.339,7,2,3.1,0,26,0.5843578644163784,Medium,79,46.16427128889389,Low engagement + Month-to-month contract,Increase product engagement + Renewal / contract intervention
C00390,Pro,1-Year,Credit Card,USA,Healthcare,0.691,7,0,3.76,0,1,0.07199205445059162,Low,79,5.687372301596738,No major warning signal,Standard customer success monitoring
C00391,Basic,Month-to-month,ACH/Bank Transfer,USA,SaaS/Tech,0.79,3,1,4.03,0,23,0.3133294129528395,Medium,29,9.086552975632346,Month-to-month contract,Renewal / contract intervention
C00392,Basic,Month-to-month,PayPal,USA,Nonprofit,0.623,0,1,4.24,0,7,0.40368986083774894,Medium,29,11.70700596429472,Month-to-month contract + Low feature adoption,Product training / onboarding + Renewal / contract intervention
C00394,Pro,Month-to-month,Credit Card,Australia,Healthcare,0.475,8,2,2.22,0,2,0.4747471347112087,Medium,79,37.50502364218549,Low satisfaction + Month-to-month contract,Customer success outreach + Renewal / contract intervention
C00395,Pro,1-Year,Credit Card,Germany,Finance,0.717,4,1,3.38,1,24,0.45910010182199423,Medium,79,36.26890804393754,Billing friction,Resolve billing issue
C00396,Pro,1-Year,PayPal,Australia,Healthcare,0.784,2,3,5.0,0,8,0.20317056088219473,Low,79,16.050474309693385,High support activity + Low feature adoption,Product training / onboarding + Priority support review
C00397,Pro,1-Year,Credit Card,Australia,E-commerce,0.292,4,0,4.95,2,10,0.5898661325327124,Medium,79,46.59942447008428,Low engagement + Billing friction,Resolve billing issue + Increase product engagement
C00398,Pro,1-Year,Credit Card,India,Finance,0.493,3,1,3.85,1,32,0.6260432225733419,High,79,49.45741458329401,Billing friction + Inactivity,Resolve billing issue + Launch re-engagement campaign
C00401,Basic,1-Year,Credit Card,USA,Nonprofit,0.817,7,1,4.65,2,4,0.2564369603097347,Low,29,7.436671848982305,Billing friction,Resolve billing issue
C00402,Basic,Month-to-month,Credit Card,India,E-commerce,0.564,3,3,5.0,0,14,0.3797018125849292,Medium,29,11.011352564962946,High support activity + Month-to-month contract,Priority support review + Renewal / contract intervention
C00403,Pro,1-Year,ACH/Bank Transfer,USA,Education,0.625,6,3,3.49,0,4,0.26098112291608777,Low,79,20.617508710370934,High support activity,Priority support review
C00404,Pro,Month-to-month,Manual Invoice,USA,Education,0.446,2,2,4.96,0,11,0.3277847287787707,Medium,79,25.894993573522886,Month-to-month contract + Low feature adoption,Product training / onboarding + Renewal / contract intervention
C00405,Pro,Month-to-month,Credit Card,Australia,Education,0.458,6,1,3.88,0,4,0.3018638168651388,Medium,79,23.847241532345965,Month-to-month contract,Renewal / contract intervention
C00407,Basic,Month-to-month,Credit Card,Canada,Education,0.478,5,1,3.69,1,0,0.5586418513457306,Medium,29,16.200613689026188,Billing friction + Month-to-month contract,Resolve billing issue + Renewal / contract intervention
C00408,Basic,1-Year,Manual Invoice,Australia,SaaS/Tech,0.454,5,0,4.41,1,2,0.20841733221990918,Low,29,6.044102634377366,Billing friction,Resolve billing issue
C00409,Enterprise,Month-to-month,Credit Card,UK,Education,0.477,8,4,4.3,0,12,0.3518173577528403,Medium,199,70.01165419281521,High support activity + Month-to-month contract,Priority support review + Renewal / contract intervention
C00410,Pro,1-Year,Credit Card,UK,Finance,0.536,7,3,3.96,0,4,0.21553252818511814,Low,79,17.027069726624333,High support activity,Priority support review
C00411,Pro,Month-to-month,ACH/Bank Transfer,Germany,Education,0.788,7,1,2.41,0,20,0.3366110190161979,Medium,79,26.592270502279632,Low satisfaction + Month-to-month contract,Customer success outreach + Renewal / contract intervention
C00412,Basic,1-Year,Credit Card,Canada,Marketing/Agency,0.44,6,0,4.55,0,0,0.10436717514629697,Low,29,3.0266480792426123,No major warning signal,Standard customer success monitoring
C00413,Pro,1-Year,PayPal,USA,Nonprofit,0.448,3,0,3.95,0,17,0.2480585416194311,Low,79,19.596624787935056,No major warning signal,Standard customer success monitoring
C00414,Pro,1-Year,PayPal,UK,Manufacturing,0.115,7,0,4.31,1,1,0.271586451890885,Low,79,21.455329699379913,Low engagement + Billing friction,Resolve billing issue + Increase product engagement
C00416,Enterprise,Month-to-month,Credit Card,USA,Healthcare,0.548,5,0,4.59,0,9,0.15606326984485935,Low,199,31.05659069912701,Month-to-month contract,Renewal / contract intervention
C00417,Enterprise,Month-to-month,Manual Invoice,USA,Healthcare,0.717,3,1,4.72,0,4,0.14124210995250058,Low,199,28.107179880547616,Month-to-month contract,Renewal / contract intervention
C00419,Enterprise,1-Year,ACH/Bank Transfer,USA,Manufacturing,0.562,3,2,3.79,2,2,0.7126151841339531,High,199,141.81042164265665,Billing friction,Resolve billing issue
C00420,Pro,Month-to-month,Credit Card,UK,Manufacturing,0.335,1,0,4.18,0,44,0.6352032187687985,High,79,50.18105428273508,Low engagement + Inactivity + Month-to-month contract + Low feature adoption,Increase product engagement + Launch re-engagement campaign + Product training / onboarding + Renewal / contract intervention
C00421,Basic,Month-to-month,Credit Card,India,Nonprofit,0.429,5,0,5.0,1,1,0.303269601719711,Medium,29,8.79481844987162,Billing friction + Month-to-month contract,Resolve billing issue + Renewal / contract intervention
C00424,Pro,1-Year,Credit Card,India,SaaS/Tech,0.624,1,3,4.07,0,2,0.38576084638812486,Medium,79,30.475106864661864,High support activity + Low feature adoption,Product training / onboarding + Priority support review
C00426,Pro,Month-to-month,PayPal,USA,Healthcare,0.817,3,2,3.76,2,0,0.7339870511315406,High,79,57.98497703939171,Billing friction + Month-to-month contract,Resolve billing issue + Renewal / contract intervention
C00427,Basic,1-Year,ACH/Bank Transfer,India,Education,0.672,3,0,2.06,0,16,0.4282085160014443,Medium,29,12.418046964041883,Low satisfaction,Customer success outreach
C00428,Basic,1-Year,Credit Card,UK,Marketing/Agency,0.937,2,1,3.48,0,8,0.2369720573017448,Low,29,6.8721896617506,Low feature adoption,Product training / onboarding
C00429,Pro,Month-to-month,ACH/Bank Transfer,USA,Manufacturing,0.647,7,3,3.18,0,9,0.36375792184745503,Medium,79,28.736875825948946,High support activity + Month-to-month contract,Priority support review + Renewal / contract intervention
C00430,Basic,2-Year,ACH/Bank Transfer,USA,Nonprofit,0.41,6,0,2.82,0,34,0.3170379527212584,Medium,29,9.194100628916493,Low satisfaction + Inactivity,Customer success outreach + Launch re-engagement campaign
C00431,Basic,1-Year,Credit Card,India,Education,0.509,4,1,5.0,0,16,0.14985408952707138,Low,29,4.34576859628507,No major warning signal,Standard customer success monitoring
C00432,Basic,1-Year,Manual Invoice,USA,Marketing/Agency,0.587,6,1,4.13,1,11,0.23581110577166303,Low,29,6.838522067378228,Billing friction,Resolve billing issue
C00434,Basic,2-Year,Credit Card,UK,E-commerce,0.58,6,2,4.02,0,0,0.146391458480357,Low,29,4.245352295930354,No major warning signal,Standard customer success monitoring
C00435,Basic,Month-to-month,Credit Card,USA,Healthcare,0.475,4,1,3.83,0,3,0.3095204046017481,Medium,29,8.976091733450696,Month-to-month contract,Renewal / contract intervention
C00436,Pro,2-Year,Credit Card,USA,Finance,0.424,7,0,4.75,0,2,0.060286275374372825,Low,79,4.762615754575453,No major warning signal,Standard customer success monitoring
C00437,Basic,Month-to-month,Credit Card,USA,Finance,0.718,2,0,4.16,0,5,0.24150284696650565,Low,29,7.003582562028663,Month-to-month contract + Low feature adoption,Product training / onboarding + Renewal / contract intervention
C00438,Pro,2-Year,Manual Invoice,UK,Finance,0.577,4,0,2.86,0,19,0.2444989471003711,Low,79,19.315416820929318,Low satisfaction,Customer success outreach
C00439,Pro,Month-to-month,ACH/Bank Transfer,USA,Manufacturing,0.634,4,0,3.15,0,9,0.31966533787842033,Medium,79,25.253561692395206,Month-to-month contract,Renewal / contract intervention
C00440,Pro,Month-to-month,Manual Invoice,India,Education,0.337,3,1,3.35,0,1,0.4592476539952849,Medium,79,36.28056466562751,Low engagement + Month-to-month contract,Increase product engagement + Renewal / contract intervention
C00442,Pro,1-Year,ACH/Bank Transfer,Canada,Healthcare,0.342,2,0,4.49,1,22,0.5285269022102816,Medium,79,41.75362527461225,Low engagement + Billing friction + Low feature adoption,Resolve billing issue + Increase product engagement + Product training / onboarding
C00443,Pro,Month-to-month,Credit Card,Canada,Manufacturing,0.635,6,1,3.5,0,0,0.22454842664594818,Low,79,17.739325705029906,Month-to-month contract,Renewal / contract intervention
C00444,Basic,Month-to-month,Credit Card,India,Finance,0.488,4,2,3.16,2,25,0.9144875780879359,High,29,26.52013976455014,Billing friction + Month-to-month contract,Resolve billing issue + Renewal / contract intervention
C00445,Pro,2-Year,ACH/Bank Transfer,India,Manufacturing,0.698,3,2,3.86,2,2,0.6364079802774323,High,79,50.27623044191715,Billing friction,Resolve billing issue
C00446,Pro,Month-to-month,PayPal,Germany,SaaS/Tech,0.562,2,1,4.56,0,22,0.3426873592424912,Medium,79,27.072301380156805,Month-to-month contract + Low feature adoption,Product training / onboarding + Renewal / contract intervention
C00447,Pro,1-Year,Credit Card,Australia,E-commerce,0.471,4,0,3.96,0,18,0.2503536674422848,Low,79,19.777939727940502,No major warning signal,Standard customer success monitoring
C00448,Basic,Month-to-month,Credit Card,USA,Nonprofit,0.357,4,2,4.07,2,51,0.923057605022622,High,29,26.76867054565604,Low engagement + Billing friction + Inactivity + Month-to-month contract,Resolve billing issue + Increase product engagement + Launch re-engagement campaign + Renewal / contract intervention
C00450,Pro,Month-to-month,Credit Card,India,Education,1.0,8,6,3.87,2,6,0.7315243001682071,High,79,57.790419713288365,Billing friction + High support activity + Month-to-month contract,Resolve billing issue + Priority support review + Renewal / contract intervention
C00451,Enterprise,1-Year,Credit Card,UK,Marketing/Agency,0.781,6,0,3.33,0,8,0.1320611391995782,Low,199,26.280166700716062,No major warning signal,Standard customer success monitoring
C00452,Enterprise,Month-to-month,PayPal,India,Finance,0.824,1,3,3.71,0,19,0.5583186035267627,Medium,199,111.10540210182577,High support activity + Month-to-month contract + Low feature adoption,Product training / onboarding + Priority support review + Renewal / contract intervention
C00453,Basic,1-Year,Credit Card,USA,Marketing/Agency,0.781,4,0,4.13,0,1,0.09730545372422818,Low,29,2.821858158002617,No major warning signal,Standard customer success monitoring
C00455,Enterprise,2-Year,Credit Card,India,Nonprofit,0.49,2,2,3.95,0,3,0.32002670219502466,Medium,199,63.68531373680991,Low feature adoption,Product training / onboarding
C00456,Basic,1-Year,ACH/Bank Transfer,USA,Marketing/Agency,0.616,5,1,4.34,1,9,0.31028388512259497,Medium,29,8.998232668555254,Billing friction,Resolve billing issue
C00458,Basic,1-Year,PayPal,USA,E-commerce,0.5,3,1,4.68,0,29,0.23492576990179434,Low,29,6.812847327152036,No major warning signal,Standard customer success monitoring
C00459,Pro,1-Year,PayPal,USA,Education,0.372,5,0,1.66,0,2,0.4272094340223774,Medium,79,33.749545287767816,Low engagement + Low satisfaction,Customer success outreach + Increase product engagement
C00460,Enterprise,Month-to-month,ACH/Bank Transfer,USA,Finance,0.546,3,0,3.59,1,9,0.6015086449808862,High,199,119.70022035119635,Billing friction + Month-to-month contract,Resolve billing issue + Renewal / contract intervention
C00461,Basic,Month-to-month,PayPal,India,Manufacturing,0.458,6,0,4.77,0,1,0.11114120608057393,Low,29,3.223094976336644,Month-to-month contract,Renewal / contract intervention
C00462,Basic,1-Year,Credit Card,Germany,SaaS/Tech,0.461,4,2,4.67,0,0,0.15965179714459649,Low,29,4.629902117193298,No major warning signal,Standard customer success monitoring
C00464,Basic,2-Year,ACH/Bank Transfer,India,Healthcare,0.852,5,0,3.51,0,0,0.08183301595230935,Low,29,2.3731574626169714,No major warning signal,Standard customer success monitoring
C00465,Basic,Month-to-month,Credit Card,India,Healthcare,0.359,4,0,4.19,0,1,0.2688534774428312,Low,29,7.796750845842105,Low engagement + Month-to-month contract,Increase product engagement + Renewal / contract intervention
C00467,Pro,1-Year,Credit Card,USA,Nonprofit,0.3,2,1,3.56,0,31,0.5573005290408863,Medium,79,44.02674179423002,Low engagement + Inactivity + Low feature adoption,Increase product engagement + Launch re-engagement campaign + Product training / onboarding
C00468,Enterprise,Month-to-month,ACH/Bank Transfer,India,Nonprofit,0.294,7,3,2.82,0,5,0.5958192156888138,Medium,199,118.56802392207395,Low engagement + Low satisfaction + High support activity + Month-to-month contract,Customer success outreach + Increase product engagement + Priority support review + Renewal / contract intervention
C00469,Basic,2-Year,Credit Card,Germany,Nonprofit,0.693,6,0,3.61,0,8,0.07997068602804336,Low,29,2.3191498948132576,No major warning signal,Standard customer success monitoring
C00470,Basic,1-Year,Credit Card,India,Manufacturing,0.738,3,2,2.17,0,7,0.43284342289709554,Medium,29,12.55245926401577,Low satisfaction,Customer success outreach
C00471,Enterprise,Month-to-month,ACH/Bank Transfer,India,Healthcare,0.579,3,1,2.7,1,11,0.7653184916168326,High,199,152.29837983174968,Low satisfaction + Billing friction + Month-to-month contract,Resolve billing issue + Customer success outreach + Renewal / contract intervention
C00472,Pro,1-Year,PayPal,Canada,E-commerce,1.0,2,1,3.83,1,24,0.4191559926357453,Medium,79,33.11332341822388,Billing friction + Low feature adoption,Resolve billing issue + Product training / onboarding
C00473,Enterprise,2-Year,PayPal,UK,Nonprofit,0.45,9,1,4.87,0,8,0.05452383653093065,Low,199,10.850243469655199,No major warning signal,Standard customer success monitoring
C00474,Basic,2-Year,Credit Card,USA,SaaS/Tech,0.654,9,0,4.14,2,4,0.2041851508870218,Low,29,5.921369375723632,Billing friction,Resolve billing issue
C00475,Basic,1-Year,Credit Card,Australia,E-commerce,1.0,6,1,4.01,1,10,0.1849778300068563,Low,29,5.364357070198833,Billing friction,Resolve billing issue
C00476,Pro,Month-to-month,PayPal,UK,Education,0.68,7,4,3.68,0,12,0.38994123099748074,Medium,79,30.805357248800977,High support activity + Month-to-month contract,Priority support review + Renewal / contract intervention
C00480,Pro,Month-to-month,Credit Card,India,Nonprofit,0.795,5,1,3.52,2,6,0.6940811387671214,High,79,54.83240996260259,Billing friction + Month-to-month contract,Resolve billing issue + Renewal / contract intervention
C00481,Basic,1-Year,Manual Invoice,India,Education,0.681,4,2,4.04,0,4,0.1488227029382024,Low,29,4.31585838520787,No major warning signal,Standard customer success monitoring
C00482,Pro,1-Year,Credit Card,Germany,Nonprofit,0.519,7,1,4.56,0,3,0.08109376484571287,Low,79,6.406407422811317,No major warning signal,Standard customer success monitoring
C00483,Basic,Month-to-month,Credit Card,Australia,Marketing/Agency,0.521,4,3,4.13,1,13,0.7375385462543216,High,29,21.388617841375325,Billing friction + High support activity + Month-to-month contract,Resolve billing issue + Priority support review + Renewal / contract intervention
C00484,Pro,Month-to-month,Credit Card,UK,SaaS/Tech,0.24,7,0,5.0,2,1,0.5510719891919079,Medium,79,43.53468714616073,Low engagement + Billing friction + Month-to-month contract,Resolve billing issue + Increase product engagement + Renewal / contract intervention
C00485,Basic,2-Year,Credit Card,UK,Healthcare,0.639,7,0,5.0,0,17,0.04805157012492941,Low,29,1.3934955336229529,No major warning signal,Standard customer success monitoring
C00486,Enterprise,Month-to-month,Credit Card,Australia,Healthcare,0.579,4,0,3.88,0,5,0.26077900325110764,Low,199,51.89502164697042,Month-to-month contract,Renewal / contract intervention
C00487,Enterprise,Month-to-month,Credit Card,India,Nonprofit,0.435,5,0,4.19,0,7,0.2393581610208516,Low,199,47.63227404314947,Month-to-month contract,Renewal / contract intervention
C00488,Basic,1-Year,PayPal,USA,SaaS/Tech,0.34,4,2,5.0,1,0,0.33595568524412456,Medium,29,9.742714872079612,Low engagement + Billing friction,Resolve billing issue + Increase product engagement
C00489,Pro,Month-to-month,Credit Card,USA,Nonprofit,0.686,6,0,4.55,0,24,0.1527002619493457,Low,79,12.063320693998309,Month-to-month contract,Renewal / contract intervention
C00491,Pro,1-Year,Credit Card,India,SaaS/Tech,0.369,2,1,3.58,0,7,0.40667294066666554,Medium,79,32.12716231266658,Low engagement + Low feature adoption,Increase product engagement + Product training / onboarding
C00492,Basic,Month-to-month,Manual Invoice,USA,SaaS/Tech,0.849,5,1,3.13,0,2,0.1764550740396763,Low,29,5.117197147150613,Month-to-month contract,Renewal / contract intervention
C00493,Pro,1-Year,Credit Card,India,SaaS/Tech,0.783,5,0,4.57,1,17,0.18478807931394414,Low,79,14.598258265801586,Billing friction,Resolve billing issue
C00494,Enterprise,Month-to-month,Credit Card,India,Marketing/Agency,0.558,4,1,3.97,1,18,0.6181559686334154,High,199,123.01303775804966,Billing friction + Month-to-month contract,Resolve billing issue + Renewal / contract intervention
C00495,Basic,Month-to-month,ACH/Bank Transfer,UK,Education,0.657,6,1,3.89,0,8,0.2404474588651541,Low,29,6.972976307089469,Month-to-month contract,Renewal / contract intervention
C00496,Basic,1-Year,ACH/Bank Transfer,UK,SaaS/Tech,0.427,6,4,2.99,0,12,0.5210186580485716,Medium,29,15.109541083408576,Low satisfaction + High support activity,Customer success outreach + Priority support review
C00497,Pro,1-Year,Credit Card,USA,Education,0.266,4,3,4.82,0,4,0.30365990246849367,Medium,79,23.989132295011,Low engagement + High support activity,Increase product engagement + Priority support review
C00498,Enterprise,1-Year,ACH/Bank Transfer,Germany,E-commerce,0.567,6,1,5.0,0,0,0.06814246527035075,Low,199,13.5603505887998,No major warning signal,Standard customer success monitoring
C00499,Basic,1-Year,Credit Card,Australia,SaaS/Tech,0.591,2,5,4.25,0,8,0.5047837354927184,Medium,29,14.638728329288833,High support activity + Low feature adoption,Product training / onboarding + Priority support review
C00500,Pro,Month-to-month,Credit Card,UK,Marketing/Agency,0.475,1,1,4.55,0,2,0.45247452090035034,Medium,79,35.745487151127676,Month-to-month contract + Low feature adoption,Product training / onboarding + Renewal / contract intervention
C00501,Basic,1-Year,ACH/Bank Transfer,Germany,SaaS/Tech,0.503,5,3,3.62,0,21,0.3538557354878518,Medium,29,10.261816329147702,High support activity,Priority support review
C00502,Pro,Month-to-month,ACH/Bank Transfer,USA,Manufacturing,0.418,5,3,4.83,1,9,0.5639654170158155,Medium,79,44.55326794424942,Billing friction + High support activity + Month-to-month contract,Resolve billing issue + Priority support review + Renewal / contract intervention
C00503,Basic,1-Year,Manual Invoice,UK,SaaS/Tech,0.703,5,1,3.3,2,36,0.6758801238729053,High,29,19.600523592314254,Billing friction + Inactivity,Resolve billing issue + Launch re-engagement campaign
C00504,Basic,Month-to-month,Credit Card,USA,Marketing/Agency,0.529,6,3,2.72,0,16,0.5818061537878976,Medium,29,16.87237845984903,Low satisfaction + High support activity + Month-to-month contract,Customer success outreach + Priority support review + Renewal / contract intervention
C00505,Basic,1-Year,Credit Card,Germany,Marketing/Agency,0.069,5,5,3.12,0,0,0.6840507200698952,High,29,19.83747088202696,Low engagement + High support activity,Increase product engagement + Priority support review
C00506,Basic,1-Year,Credit Card,UK,Finance,0.556,4,2,5.0,1,5,0.33385078121501033,Medium,29,9.6816726552353,Billing friction,Resolve billing issue
C00507,Basic,1-Year,Credit Card,UK,Marketing/Agency,0.465,1,3,3.65,2,1,0.8974957028402034,High,29,26.0273753823659,Billing friction + High support activity + Low feature adoption,Resolve billing issue + Product training / onboarding + Priority support review
C00508,Pro,1-Year,ACH/Bank Transfer,India,Education,0.702,4,1,4.38,0,0,0.13213878269500562,Low,79,10.438963832905443,No major warning signal,Standard customer success monitoring
C00509,Enterprise,Month-to-month,Credit Card,Canada,Manufacturing,0.577,2,1,3.84,0,33,0.5255881738145958,Medium,199,104.59204658910456,Inactivity + Month-to-month contract + Low feature adoption,Launch re-engagement campaign + Product training / onboarding + Renewal / contract intervention
C00510,Basic,Month-to-month,Credit Card,India,Nonprofit,0.872,5,0,4.96,0,21,0.10036029916460025,Low,29,2.910448675773407,Month-to-month contract,Renewal / contract intervention
C00512,Pro,1-Year,PayPal,India,E-commerce,1.0,3,0,5.0,0,19,0.06360259443731936,Low,79,5.0246049605482295,No major warning signal,Standard customer success monitoring
C00513,Basic,Month-to-month,Credit Card,Canada,SaaS/Tech,1.0,2,1,5.0,0,2,0.13485589628656544,Low,29,3.9108209923103976,Month-to-month contract + Low feature adoption,Product training / onboarding + Renewal / contract intervention
C00515,Pro,Month-to-month,PayPal,India,Manufacturing,0.571,4,0,3.71,1,7,0.4744898432459551,Medium,79,37.48469761643045,Billing friction + Month-to-month contract,Resolve billing issue + Renewal / contract intervention
C00516,Pro,Month-to-month,ACH/Bank Transfer,Germany,Manufacturing,0.572,5,4,3.56,0,35,0.6035021977537885,High,79,47.676673622549295,High support activity + Inactivity + Month-to-month contract,Launch re-engagement campaign + Priority support review + Renewal / contract intervention
C00518,Basic,Month-to-month,ACH/Bank Transfer,India,Education,0.392,5,1,5.0,1,1,0.40447770817127704,Medium,29,11.729853536967035,Low engagement + Billing friction + Month-to-month contract,Resolve billing issue + Increase product engagement + Renewal / contract intervention
C00519,Pro,1-Year,PayPal,Germany,Healthcare,0.682,5,1,3.84,1,2,0.25321339328477205,Low,79,20.003858069496992,Billing friction,Resolve billing issue
C00520,Pro,Month-to-month,PayPal,Australia,SaaS/Tech,0.806,10,6,4.73,1,1,0.3495744287604223,Medium,79,27.61637987207336,Billing friction + High support activity + Month-to-month contract,Resolve billing issue + Priority support review + Renewal / contract intervention
C00521,Pro,Month-to-month,ACH/Bank Transfer,USA,Education,0.879,3,0,4.6,0,9,0.15277151917400933,Low,79,12.068950014746736,Month-to-month contract,Renewal / contract intervention
C00522,Enterprise,1-Year,Credit Card,UK,E-commerce,0.521,5,0,2.92,2,8,0.7101882662024025,High,199,141.3274649742781,Low satisfaction + Billing friction,Resolve billing issue + Customer success outreach
C00523,Enterprise,1-Year,Credit Card,USA,SaaS/Tech,0.591,3,1,3.63,2,2,0.6671099175109291,High,199,132.7548735846749,Billing friction,Resolve billing issue
C00525,Basic,Month-to-month,Manual Invoice,USA,Healthcare,0.451,5,0,2.91,0,21,0.3508093400888106,Medium,29,10.173470862575508,Low satisfaction + Month-to-month contract,Customer success outreach + Renewal / contract intervention
C00526,Basic,Month-to-month,PayPal,USA,Marketing/Agency,0.254,2,1,3.47,0,3,0.598100332782841,Medium,29,17.34490965070239,Low engagement + Month-to-month contract + Low feature adoption,Increase product engagement + Product training / onboarding + Renewal / contract intervention
C00527,Enterprise,Month-to-month,Credit Card,USA,Healthcare,0.76,3,2,4.86,0,20,0.23332699033598803,Low,199,46.43207107686162,Month-to-month contract,Renewal / contract intervention
C00528,Pro,1-Year,Credit Card,UK,Nonprofit,0.645,6,0,2.03,1,14,0.544291143195002,Medium,79,42.99900031240516,Low satisfaction + Billing friction,Resolve billing issue + Customer success outreach
C00529,Basic,1-Year,Credit Card,USA,Education,0.817,5,1,4.39,0,31,0.12528301354577476,Low,29,3.633207392827468,Inactivity,Launch re-engagement campaign
C00530,Pro,Month-to-month,ACH/Bank Transfer,Germany,Healthcare,0.17,2,2,4.14,1,11,0.8093766252549518,High,79,63.94075339514119,Low engagement + Billing friction + Month-to-month contract + Low feature adoption,Resolve billing issue + Increase product engagement + Product training / onboarding + Renewal / contract intervention
C00531,Basic,2-Year,ACH/Bank Transfer,Australia,Manufacturing,0.205,2,0,5.0,1,3,0.3753915475330932,Medium,29,10.886354878459702,Low engagement + Billing friction + Low feature adoption,Resolve billing issue + Increase product engagement + Product training / onboarding
C00532,Pro,Month-to-month,Credit Card,Germany,Manufacturing,0.799,8,3,3.84,1,5,0.32584268352843687,Medium,79,25.74157199874651,Billing friction + High support activity + Month-to-month contract,Resolve billing issue + Priority support review + Renewal / contract intervention
C00536,Basic,Month-to-month,Credit Card,Canada,Education,0.44,2,0,4.44,1,11,0.5950829156907846,Medium,29,17.257404555032753,Billing friction + Month-to-month contract + Low feature adoption,Resolve billing issue + Product training / onboarding + Renewal / contract intervention
C00538,Basic,1-Year,Manual Invoice,India,Manufacturing,0.21,5,1,4.51,1,5,0.31086533370507363,Medium,29,9.015094677447136,Low engagement + Billing friction,Resolve billing issue + Increase product engagement
C00539,Pro,Month-to-month,Credit Card,India,Marketing/Agency,0.485,4,1,2.52,0,2,0.5700110179323783,Medium,79,45.03087041665788,Low satisfaction + Month-to-month contract,Customer success outreach + Renewal / contract intervention
C00540,Basic,Month-to-month,Manual Invoice,Canada,E-commerce,0.935,2,2,2.78,2,1,0.8187145775046559,High,29,23.74272274763502,Low satisfaction + Billing friction + Month-to-month contract + Low feature adoption,Resolve billing issue + Customer success outreach + Product training / onboarding + Renewal / contract intervention
C00541,Basic,1-Year,Credit Card,UK,SaaS/Tech,0.267,1,3,3.7,0,14,0.6642459841995251,High,29,19.263133541786228,Low engagement + High support activity + Low feature adoption,Increase product engagement + Product training / onboarding + Priority support review
C00542,Basic,Month-to-month,ACH/Bank Transfer,Australia,E-commerce,0.912,5,1,4.33,1,0,0.3046627313336129,Medium,29,8.835219208674774,Billing friction + Month-to-month contract,Resolve billing issue + Renewal / contract intervention
C00543,Basic,Month-to-month,Credit Card,UK,E-commerce,0.451,6,0,2.99,0,6,0.35680967256669854,Medium,29,10.347480504434257,Low satisfaction + Month-to-month contract,Customer success outreach + Renewal / contract intervention
C00544,Enterprise,2-Year,Credit Card,Australia,Marketing/Agency,0.892,5,1,3.48,0,12,0.14636770801970564,Low,199,29.127173895921423,No major warning signal,Standard customer success monitoring
C00545,Enterprise,Month-to-month,PayPal,India,Healthcare,0.391,2,1,5.0,0,0,0.27674409923179843,Low,199,55.07207574712789,Low engagement + Month-to-month contract + Low feature adoption,Increase product engagement + Product training / onboarding + Renewal / contract intervention
C00546,Pro,1-Year,PayPal,India,SaaS/Tech,0.821,4,1,3.34,0,24,0.22151022951822158,Low,79,17.499308131939504,No major warning signal,Standard customer success monitoring
C00547,Basic,1-Year,PayPal,Australia,Finance,0.388,4,1,4.83,2,14,0.6230217826680366,High,29,18.067631697373063,Low engagement + Billing friction,Resolve billing issue + Increase product engagement
C00548,Enterprise,Month-to-month,PayPal,USA,E-commerce,0.423,2,2,3.76,0,7,0.5444578495560037,Medium,199,108.34711206164474,Month-to-month contract + Low feature adoption,Product training / onboarding + Renewal / contract intervention
C00551,Basic,1-Year,ACH/Bank Transfer,UK,Education,0.638,5,0,4.54,0,3,0.09296022577305943,Low,29,2.6958465474187236,No major warning signal,Standard customer success monitoring
C00552,Pro,Month-to-month,PayPal,USA,Nonprofit,0.527,7,1,4.07,1,21,0.44041265149607967,Medium,79,34.792599468190296,Billing friction + Month-to-month contract,Resolve billing issue + Renewal / contract intervention
C00553,Pro,Month-to-month,PayPal,India,Marketing/Agency,0.574,4,1,5.0,0,22,0.25705675750454904,Low,79,20.307483842859373,Month-to-month contract,Renewal / contract intervention
C00555,Pro,2-Year,ACH/Bank Transfer,India,Manufacturing,0.491,4,2,5.0,0,10,0.1549692306421319,Low,79,12.24256922072842,No major warning signal,Standard customer success monitoring
C00556,Enterprise,1-Year,Manual Invoice,Canada,Finance,0.447,2,2,3.41,1,3,0.6225287165826585,High,199,123.88321459994904,Billing friction + Low feature adoption,Resolve billing issue + Product training / onboarding
C00557,Enterprise,Month-to-month,PayPal,Canada,E-commerce,0.439,4,2,2.97,0,19,0.6419269641090815,High,199,127.7434658577072,Low satisfaction + Month-to-month contract,Customer success outreach + Renewal / contract intervention
C00561,Basic,2-Year,ACH/Bank Transfer,India,E-commerce,0.322,5,2,4.94,0,3,0.16224663849109103,Low,29,4.70515251624164,Low engagement,Increase product engagement
C00562,Enterprise,Month-to-month,ACH/Bank Transfer,Australia,Nonprofit,0.522,3,0,3.08,0,2,0.46007819757093754,Medium,199,91.55556131661658,Month-to-month contract,Renewal / contract intervention
C00563,Pro,1-Year,Credit Card,Australia,Nonprofit,0.725,2,3,2.32,0,11,0.6331423320273357,High,79,50.018244230159524,Low satisfaction + High support activity + Low feature adoption,Customer success outreach + Product training / onboarding + Priority support review
C00566,Pro,Month-to-month,Credit Card,USA,E-commerce,0.844,5,1,3.39,1,11,0.4758157123408988,Medium,79,37.589441274931005,Billing friction + Month-to-month contract,Resolve billing issue + Renewal / contract intervention
C00567,Pro,Month-to-month,Credit Card,India,E-commerce,0.574,3,4,4.86,0,15,0.4798809918604495,Medium,79,37.91059835697551,High support activity + Month-to-month contract,Priority support review + Renewal / contract intervention
C00568,Basic,Month-to-month,ACH/Bank Transfer,USA,E-commerce,0.744,6,2,3.47,0,29,0.3741120049270979,Medium,29,10.84924814288584,Month-to-month contract,Renewal / contract intervention
C00569,Basic,Month-to-month,PayPal,India,Marketing/Agency,0.706,4,2,3.99,0,4,0.30828714478357033,Medium,29,8.940327198723539,Month-to-month contract,Renewal / contract intervention
C00570,Enterprise,1-Year,PayPal,Germany,Education,0.703,2,2,2.71,1,1,0.607864129638713,High,199,120.96496179810387,Low satisfaction + Billing friction + Low feature adoption,Resolve billing issue + Customer success outreach + Product training / onboarding
C00571,Pro,2-Year,Credit Card,Germany,Nonprofit,0.368,4,2,4.54,0,39,0.32284915377409007,Medium,79,25.505083148153116,Low engagement + Inactivity,Increase product engagement + Launch re-engagement campaign
C00573,Basic,Month-to-month,Credit Card,Australia,SaaS/Tech,0.415,6,2,2.35,0,0,0.5216035356519899,Medium,29,15.126502533907708,Low satisfaction + Month-to-month contract,Customer success outreach + Renewal / contract intervention
C00575,Basic,Month-to-month,Credit Card,Canada,Education,0.461,9,0,2.61,1,22,0.5486924525642101,Medium,29,15.912081124362093,Low satisfaction + Billing friction + Month-to-month contract,Resolve billing issue + Customer success outreach + Renewal / contract intervention
C00576,Pro,Month-to-month,ACH/Bank Transfer,USA,Education,0.639,5,2,3.58,2,11,0.8007966001484109,High,79,63.262931411724466,Billing friction + Month-to-month contract,Resolve billing issue + Renewal / contract intervention
C00577,Basic,Month-to-month,Credit Card,Germany,Marketing/Agency,0.519,4,1,3.77,1,2,0.5556805127726198,Medium,29,16.11473487040597,Billing friction + Month-to-month contract,Resolve billing issue + Renewal / contract intervention
C00579,Basic,Month-to-month,ACH/Bank Transfer,UK,Manufacturing,0.662,2,0,3.63,0,34,0.4644865551096111,Medium,29,13.470110098178722,Inactivity + Month-to-month contract + Low feature adoption,Launch re-engagement campaign + Product training / onboarding + Renewal / contract intervention
C00580,Enterprise,Month-to-month,Manual Invoice,USA,E-commerce,0.574,5,0,4.6,0,28,0.1639103775897622,Low,199,32.61816514036268,Month-to-month contract,Renewal / contract intervention
C00581,Enterprise,1-Year,Credit Card,India,E-commerce,0.618,3,1,1.55,1,1,0.7375900823383583,High,199,146.7804263853333,Low satisfaction + Billing friction,Resolve billing issue + Customer success outreach
C00582,Basic,1-Year,Credit Card,Canada,Healthcare,0.549,2,1,3.68,0,2,0.28653132266748177,Low,29,8.309408357356972,Low feature adoption,Product training / onboarding
C00583,Enterprise,Month-to-month,Credit Card,USA,Manufacturing,0.267,4,0,4.22,0,2,0.2763793418698696,Low,199,54.99948903210405,Low engagement + Month-to-month contract,Increase product engagement + Renewal / contract intervention
C00584,Enterprise,1-Year,ACH/Bank Transfer,Australia,Manufacturing,0.541,0,4,4.86,0,21,0.5248399190455434,Medium,199,104.44314389006314,High support activity + Low feature adoption,Product training / onboarding + Priority support review
C00585,Basic,Month-to-month,ACH/Bank Transfer,India,Marketing/Agency,0.428,4,1,5.0,0,52,0.45803617786648876,Medium,29,13.283049158128174,Inactivity + Month-to-month contract,Launch re-engagement campaign + Renewal / contract intervention
C00586,Basic,Month-to-month,ACH/Bank Transfer,Canada,Finance,0.686,3,2,3.52,0,17,0.5169328614699472,Medium,29,14.991052982628469,Month-to-month contract,Renewal / contract intervention
C00587,Basic,2-Year,PayPal,USA,Healthcare,0.396,5,1,3.92,0,0,0.14988128098975165,Low,29,4.346557148702797,Low engagement,Increase product engagement
C00588,Enterprise,1-Year,ACH/Bank Transfer,Canada,Healthcare,0.515,4,1,3.88,1,3,0.4342045242395173,Medium,199,86.40670032366394,Billing friction,Resolve billing issue
C00590,Pro,1-Year,Credit Card,Germany,Education,0.995,3,1,2.9,1,4,0.3736075619595658,Medium,79,29.514997394805697,Low satisfaction + Billing friction,Resolve billing issue + Customer success outreach
C00591,Basic,Month-to-month,Credit Card,USA,Marketing/Agency,0.665,3,1,3.89,0,1,0.3068197789974451,Medium,29,8.897773590925908,Month-to-month contract,Renewal / contract intervention
C00592,Enterprise,Month-to-month,ACH/Bank Transfer,USA,Education,0.677,4,1,4.02,1,27,0.5770546578374116,Medium,199,114.83387690964491,Billing friction + Month-to-month contract,Resolve billing issue + Renewal / contract intervention
C00593,Pro,1-Year,Manual Invoice,Australia,Marketing/Agency,0.627,3,2,2.65,1,2,0.6426405232157673,High,79,50.76860133404561,Low satisfaction + Billing friction,Resolve billing issue + Customer success outreach
C00594,Basic,2-Year,ACH/Bank Transfer,USA,Finance,0.453,2,3,2.72,0,6,0.5895038814420723,Medium,29,17.095612561820097,Low satisfaction + High support activity + Low feature adoption,Customer success outreach + Product training / onboarding + Priority support review
C00597,Pro,Month-to-month,Manual Invoice,USA,Nonprofit,0.64,7,1,5.0,0,0,0.06930843659240227,Low,79,5.475366490799779,Month-to-month contract,Renewal / contract intervention
C00598,Basic,2-Year,Credit Card,UK,Healthcare,0.32,1,0,3.44,0,0,0.36488858269781815,Medium,29,10.581768898236726,Low engagement + Low feature adoption,Increase product engagement + Product training / onboarding
C00599,Enterprise,Month-to-month,Credit Card,USA,Finance,0.259,5,0,5.0,1,4,0.38347551066588914,Medium,199,76.31162662251194,Low engagement + Billing friction + Month-to-month contract,Resolve billing issue + Increase product engagement + Renewal / contract intervention
C00601,Basic,1-Year,Credit Card,UK,E-commerce,0.212,6,1,4.51,1,5,0.3838107781344207,Medium,29,11.1305125658982,Low engagement + Billing friction,Resolve billing issue + Increase product engagement
C00603,Enterprise,Month-to-month,Manual Invoice,USA,Healthcare,0.694,8,1,3.87,0,0,0.08703797184119005,Low,199,17.32055639639682,Month-to-month contract,Renewal / contract intervention
C00605,Pro,1-Year,Credit Card,Germany,Healthcare,0.327,3,0,5.0,1,28,0.3890398721681428,Medium,79,30.73414990128328,Low engagement + Billing friction,Resolve billing issue + Increase product engagement
C00607,Basic,Month-to-month,ACH/Bank Transfer,USA,Healthcare,0.194,3,2,5.0,1,25,0.7281183646041456,High,29,21.115432573520224,Low engagement + Billing friction + Month-to-month contract,Resolve billing issue + Increase product engagement + Renewal / contract intervention
C00608,Basic,2-Year,PayPal,Germany,Healthcare,0.29,4,0,4.35,0,8,0.1394687939125048,Low,29,4.044595023462639,Low engagement,Increase product engagement
C00609,Basic,1-Year,Credit Card,India,Nonprofit,0.384,4,0,2.42,1,33,0.7373721292929384,High,29,21.383791749495213,Low engagement + Low satisfaction + Billing friction + Inactivity,Resolve billing issue + Customer success outreach + Increase product engagement + Launch re-engagement campaign
C00610,Basic,Month-to-month,Credit Card,Germany,E-commerce,0.426,2,0,3.17,0,3,0.46737446759322787,Medium,29,13.553859560203609,Month-to-month contract + Low feature adoption,Product training / onboarding + Renewal / contract intervention
C00612,Basic,Month-to-month,ACH/Bank Transfer,Canada,Manufacturing,1.0,7,0,3.47,1,9,0.2333996912132825,Low,29,6.768591045185192,Billing friction + Month-to-month contract,Resolve billing issue + Renewal / contract intervention
C00614,Pro,1-Year,Manual Invoice,India,Nonprofit,0.717,3,4,3.95,0,6,0.2939806273975982,Low,79,23.22446956441026,High support activity,Priority support review
C00616,Basic,1-Year,Credit Card,UK,Marketing/Agency,0.785,3,1,3.99,0,14,0.21683057219544077,Low,29,6.288086593667782,No major warning signal,Standard customer success monitoring
C00617,Pro,Month-to-month,Manual Invoice,Australia,Nonprofit,0.742,5,1,3.28,2,18,0.7463656458059845,High,79,58.962886018672776,Billing friction + Month-to-month contract,Resolve billing issue + Renewal / contract intervention
C00619,Basic,Month-to-month,PayPal,India,Healthcare,0.854,2,1,4.18,0,0,0.2146366840460936,Low,29,6.224463837336714,Month-to-month contract + Low feature adoption,Product training / onboarding + Renewal / contract intervention
C00620,Pro,1-Year,Credit Card,USA,Nonprofit,0.034,7,3,4.72,1,1,0.48960751658285157,Medium,79,38.67899381004527,Low engagement + Billing friction + High support activity,Resolve billing issue + Increase product engagement + Priority support review
C00621,Pro,1-Year,Credit Card,USA,Manufacturing,0.667,5,0,3.75,0,40,0.1917516535271551,Low,79,15.148380628645253,Inactivity,Launch re-engagement campaign
C00622,Enterprise,1-Year,Credit Card,Germany,Marketing/Agency,0.42,4,2,4.74,0,16,0.23490409114669766,Low,199,46.74591413819284,No major warning signal,Standard customer success monitoring
C00623,Pro,Month-to-month,Credit Card,Canada,Nonprofit,0.497,5,1,2.73,0,6,0.5017954068252634,Medium,79,39.64183713919581,Low satisfaction + Month-to-month contract,Customer success outreach + Renewal / contract intervention
C00625,Basic,1-Year,Credit Card,UK,Marketing/Agency,0.424,6,1,3.37,1,38,0.6325790920010571,High,29,18.344793668030658,Billing friction + Inactivity,Resolve billing issue + Launch re-engagement campaign
C00626,Pro,Month-to-month,Credit Card,USA,SaaS/Tech,0.411,6,4,5.0,0,2,0.306539399126795,Medium,79,24.216612531016807,High support activity + Month-to-month contract,Priority support review + Renewal / contract intervention
C00627,Basic,1-Year,Manual Invoice,India,Finance,0.416,6,0,5.0,1,8,0.1443146044398665,Low,29,4.185123528756129,Billing friction,Resolve billing issue
C00628,Basic,2-Year,Manual Invoice,USA,SaaS/Tech,0.507,7,2,2.7,1,18,0.4291260249657699,Medium,29,12.444654724007327,Low satisfaction + Billing friction,Resolve billing issue + Customer success outreach
C00629,Basic,1-Year,ACH/Bank Transfer,USA,E-commerce,0.579,5,0,5.0,0,0,0.06656384017810928,Low,29,1.930351365165169,No major warning signal,Standard customer success monitoring
C00631,Enterprise,Month-to-month,PayPal,USA,Nonprofit,0.391,6,1,4.22,1,3,0.43921046492109866,Medium,199,87.40288251929863,Low engagement + Billing friction + Month-to-month contract,Resolve billing issue + Increase product engagement + Renewal / contract intervention
C00632,Pro,1-Year,Credit Card,Canada,Manufacturing,0.703,3,1,4.28,0,0,0.1458472483703257,Low,79,11.521932621255731,No major warning signal,Standard customer success monitoring
C00633,Basic,2-Year,PayPal,India,Nonprofit,0.617,2,2,5.0,2,23,0.6426931475212578,High,29,18.638101278116476,Billing friction + Low feature adoption,Resolve billing issue + Product training / onboarding
C00634,Basic,2-Year,PayPal,Germany,Education,0.512,4,1,4.65,0,22,0.14045011133089916,Low,29,4.073053228596075,No major warning signal,Standard customer success monitoring
C00635,Pro,1-Year,Credit Card,Australia,Finance,0.371,4,3,3.04,0,7,0.5667322638448762,Medium,79,44.77184884374522,Low engagement + High support activity,Increase product engagement + Priority support review
C00636,Basic,Month-to-month,Credit Card,India,SaaS/Tech,0.929,6,0,3.38,0,3,0.12685996936011146,Low,29,3.678939111443232,Month-to-month contract,Renewal / contract intervention
C00637,Enterprise,Month-to-month,Manual Invoice,UK,Education,0.265,2,0,4.25,0,13,0.3974352787450006,Medium,199,79.08962047025513,Low engagement + Month-to-month contract + Low feature adoption,Increase product engagement + Product training / onboarding + Renewal / contract intervention
C00638,Basic,Month-to-month,Credit Card,India,Marketing/Agency,0.772,1,2,5.0,0,17,0.3528464819247226,Medium,29,10.232547975816956,Month-to-month contract + Low feature adoption,Product training / onboarding + Renewal / contract intervention
C00640,Pro,Month-to-month,Credit Card,India,Healthcare,0.659,3,2,4.54,1,7,0.5355414750520329,Medium,79,42.3077765291106,Billing friction + Month-to-month contract,Resolve billing issue + Renewal / contract intervention
C00641,Pro,2-Year,ACH/Bank Transfer,India,Healthcare,0.858,4,1,4.61,0,8,0.0838254037043291,Low,79,6.622206892641999,No major warning signal,Standard customer success monitoring
C00642,Pro,Month-to-month,ACH/Bank Transfer,Australia,Education,0.227,3,4,3.79,0,27,0.8312889941810656,High,79,65.67183054030419,Low engagement + High support activity + Month-to-month contract,Increase product engagement + Priority support review + Renewal / contract intervention
C00643,Basic,Month-to-month,Credit Card,Germany,Healthcare,0.605,3,0,4.29,0,42,0.31524836471096707,Medium,29,9.142202576618045,Inactivity + Month-to-month contract,Launch re-engagement campaign + Renewal / contract intervention
C00645,Pro,2-Year,PayPal,USA,Nonprofit,0.762,4,2,4.62,2,3,0.44716288205054144,Medium,79,35.325867681992776,Billing friction,Resolve billing issue
C00646,Enterprise,2-Year,Credit Card,Canada,Education,0.544,9,0,2.08,1,11,0.3520047226434615,Medium,199,70.04893980604884,Low satisfaction + Billing friction,Resolve billing issue + Customer success outreach
C00647,Pro,Month-to-month,Credit Card,India,Education,0.679,6,2,3.61,0,6,0.2945489582079625,Low,79,23.26936769842904,Month-to-month contract,Renewal / contract intervention
C00649,Pro,Month-to-month,PayPal,UK,Manufacturing,0.275,7,4,4.83,1,0,0.5595745471690854,Medium,79,44.20638922635774,Low engagement + Billing friction + High support activity + Month-to-month contract,Resolve billing issue + Increase product engagement + Priority support review + Renewal / contract intervention
C00650,Enterprise,Month-to-month,Manual Invoice,USA,E-commerce,0.442,9,3,2.46,0,1,0.3463823114016592,Medium,199,68.93007996893019,Low satisfaction + High support activity + Month-to-month contract,Customer success outreach + Priority support review + Renewal / contract intervention
C00651,Basic,Month-to-month,ACH/Bank Transfer,UK,Manufacturing,0.798,3,1,3.77,0,5,0.2873554959436599,Low,29,8.333309382366137,Month-to-month contract,Renewal / contract intervention
C00653,Pro,Month-to-month,ACH/Bank Transfer,Australia,Marketing/Agency,0.445,5,0,4.71,0,19,0.2815761850897058,Low,79,22.244518622086755,Month-to-month contract,Renewal / contract intervention
C00654,Basic,Month-to-month,ACH/Bank Transfer,India,Education,0.224,4,1,2.83,0,2,0.6080361533423623,High,29,17.633048446928505,Low engagement + Low satisfaction + Month-to-month contract,Customer success outreach + Increase product engagement + Renewal / contract intervention
C00656,Basic,Month-to-month,PayPal,Australia,Healthcare,0.645,3,1,3.79,1,5,0.5690937508647899,Medium,29,16.503718775078905,Billing friction + Month-to-month contract,Resolve billing issue + Renewal / contract intervention
C00657,Basic,Month-to-month,Credit Card,USA,SaaS/Tech,1.0,2,2,3.82,1,11,0.5306821680696473,Medium,29,15.389782874019772,Billing friction + Month-to-month contract + Low feature adoption,Resolve billing issue + Product training / onboarding + Renewal / contract intervention
C00659,Pro,Month-to-month,Credit Card,Germany,SaaS/Tech,0.625,4,0,3.3,0,12,0.3052481729442989,Medium,79,24.11460566259961,Month-to-month contract,Renewal / contract intervention
C00660,Pro,Month-to-month,ACH/Bank Transfer,USA,Finance,1.0,2,0,4.04,0,10,0.20291325096581866,Low,79,16.030146826299674,Month-to-month contract + Low feature adoption,Product training / onboarding + Renewal / contract intervention
C00662,Basic,Month-to-month,Credit Card,India,E-commerce,0.032,4,2,4.56,1,3,0.7355474786301816,High,29,21.330876880275266,Low engagement + Billing friction + Month-to-month contract,Resolve billing issue + Increase product engagement + Renewal / contract intervention
C00664,Basic,1-Year,Credit Card,USA,Finance,0.598,3,1,4.88,0,3,0.12820135161529841,Low,29,3.717839196843654,No major warning signal,Standard customer success monitoring
C00665,Basic,Month-to-month,Credit Card,UK,E-commerce,0.808,4,3,5.0,0,6,0.23095704997657127,Low,29,6.697754449320566,High support activity + Month-to-month contract,Priority support review + Renewal / contract intervention
C00666,Pro,Month-to-month,ACH/Bank Transfer,Germany,Nonprofit,0.524,8,0,4.24,1,6,0.258541502950065,Low,79,20.424778733055135,Billing friction + Month-to-month contract,Resolve billing issue + Renewal / contract intervention
C00667,Pro,Month-to-month,Credit Card,UK,SaaS/Tech,0.718,3,1,3.22,0,1,0.3890448716925382,Medium,79,30.734544863710518,Month-to-month contract,Renewal / contract intervention
C00668,Enterprise,2-Year,Credit Card,UK,Nonprofit,0.889,1,1,4.31,2,7,0.5682446439512338,Medium,199,113.08068414629551,Billing friction + Low feature adoption,Resolve billing issue + Product training / onboarding
C00669,Basic,Month-to-month,ACH/Bank Transfer,Canada,E-commerce,0.407,3,0,3.94,0,2,0.3807693550690215,Medium,29,11.042311297001623,Month-to-month contract,Renewal / contract intervention
C00670,Pro,2-Year,Credit Card,Germany,Manufacturing,0.517,5,1,4.79,0,1,0.07424567715841204,Low,79,5.865408495514552,No major warning signal,Standard customer success monitoring
C00672,Basic,Month-to-month,ACH/Bank Transfer,Germany,Manufacturing,0.916,5,0,5.0,0,3,0.05529529128995682,Low,29,1.6035634474087477,Month-to-month contract,Renewal / contract intervention
C00673,Pro,Month-to-month,Credit Card,USA,Education,0.786,8,1,3.18,0,8,0.1799379230352579,Low,79,14.215095919785375,Month-to-month contract,Renewal / contract intervention
C00674,Basic,Month-to-month,ACH/Bank Transfer,USA,Education,0.425,4,2,3.72,0,0,0.4424626190274067,Medium,29,12.831415951794794,Month-to-month contract,Renewal / contract intervention
C00675,Basic,Month-to-month,Credit Card,India,Manufacturing,0.38,4,0,3.6,0,0,0.3145340484243233,Medium,29,9.121487404305377,Low engagement + Month-to-month contract,Increase product engagement + Renewal / contract intervention
C00676,Pro,Month-to-month,ACH/Bank Transfer,Germany,Education,0.456,5,0,4.88,0,0,0.14357993688295898,Low,79,11.342815013753759,Month-to-month contract,Renewal / contract intervention
C00677,Basic,2-Year,ACH/Bank Transfer,India,Manufacturing,0.939,6,0,4.41,1,2,0.08338829480942501,Low,29,2.4182605494733256,Billing friction,Resolve billing issue
C00679,Basic,Month-to-month,Credit Card,UK,Healthcare,0.799,3,2,4.24,2,7,0.7404930348421604,High,29,21.474298010422654,Billing friction + Month-to-month contract,Resolve billing issue + Renewal / contract intervention
C00681,Basic,1-Year,Credit Card,India,E-commerce,0.776,6,1,3.78,1,8,0.25436542770702586,Low,29,7.37659740350375,Billing friction,Resolve billing issue
C00682,Pro,Month-to-month,Credit Card,Australia,E-commerce,0.652,3,2,4.16,1,10,0.643639844624311,High,79,50.84754772532057,Billing friction + Month-to-month contract,Resolve billing issue + Renewal / contract intervention
C00685,Pro,2-Year,Credit Card,USA,E-commerce,0.969,6,2,3.03,0,13,0.15072774532036287,Low,79,11.907491880308667,No major warning signal,Standard customer success monitoring
C00686,Basic,Month-to-month,Manual Invoice,India,E-commerce,0.344,3,1,3.31,1,4,0.6921361167349342,High,29,20.071947385313095,Low engagement + Billing friction + Month-to-month contract,Resolve billing issue + Increase product engagement + Renewal / contract intervention
C00687,Basic,1-Year,ACH/Bank Transfer,Canada,Finance,0.807,5,1,4.08,0,6,0.12018238875384249,Low,29,3.485289273861432,No major warning signal,Standard customer success monitoring
C00688,Pro,2-Year,ACH/Bank Transfer,UK,Education,0.478,1,0,3.04,1,13,0.689862977223006,High,79,54.49917520061748,Billing friction + Low feature adoption,Resolve billing issue + Product training / onboarding
C00689,Pro,Month-to-month,Manual Invoice,Germany,Finance,0.77,4,0,5.0,0,1,0.06985299308546626,Low,79,5.518386453751835,Month-to-month contract,Renewal / contract intervention
C00690,Basic,1-Year,PayPal,Germany,Nonprofit,0.624,3,1,4.71,0,1,0.11206655552031636,Low,29,3.249930110089174,No major warning signal,Standard customer success monitoring
C00691,Pro,1-Year,PayPal,UK,SaaS/Tech,0.705,4,2,3.78,1,6,0.42464555133648507,Medium,79,33.54699855558232,Billing friction,Resolve billing issue
C00693,Pro,2-Year,ACH/Bank Transfer,Canada,SaaS/Tech,0.648,5,0,4.16,0,2,0.09701049190195037,Low,79,7.663828860254079,No major warning signal,Standard customer success monitoring
C00694,Pro,1-Year,Credit Card,UK,Education,0.657,2,0,5.0,0,4,0.12534101679910972,Low,79,9.901940327129669,Low feature adoption,Product training / onboarding
C00696,Basic,Month-to-month,ACH/Bank Transfer,UK,Finance,0.843,7,4,4.49,1,1,0.4057935185827746,Medium,29,11.768012038900464,Billing friction + High support activity + Month-to-month contract,Resolve billing issue + Priority support review + Renewal / contract intervention
C00697,Pro,1-Year,ACH/Bank Transfer,India,Healthcare,0.407,3,0,3.45,2,16,0.783539029211897,High,79,61.89958330773986,Billing friction,Resolve billing issue
C00699,Basic,2-Year,Credit Card,USA,E-commerce,0.168,9,0,2.91,0,9,0.17411429189809577,Low,29,5.049314465044778,Low engagement + Low satisfaction,Customer success outreach + Increase product engagement
C00700,Basic,Month-to-month,Credit Card,USA,Nonprofit,0.241,7,1,4.98,1,0,0.3467101457506586,Medium,29,10.0545942267691,Low engagement + Billing friction + Month-to-month contract,Resolve billing issue + Increase product engagement + Renewal / contract intervention
C00701,Pro,1-Year,Credit Card,USA,SaaS/Tech,0.26,3,1,2.32,2,3,0.8980707702171107,High,79,70.94759084715174,Low engagement + Low satisfaction + Billing friction,Resolve billing issue + Customer success outreach + Increase product engagement
C00702,Pro,2-Year,Manual Invoice,USA,Healthcare,0.707,8,1,2.88,2,8,0.3886444770732265,Medium,79,30.702913688784896,Low satisfaction + Billing friction,Resolve billing issue + Customer success outreach
C00705,Basic,Month-to-month,Credit Card,Canada,Marketing/Agency,0.676,3,0,3.28,2,7,0.8079593636848407,High,29,23.43082154686038,Billing friction + Month-to-month contract,Resolve billing issue + Renewal / contract intervention
C00707,Basic,1-Year,ACH/Bank Transfer,Germany,SaaS/Tech,0.611,3,1,3.72,0,29,0.30014374353969997,Medium,29,8.704168562651299,No major warning signal,Standard customer success monitoring
C00708,Enterprise,Month-to-month,Credit Card,UK,Education,1.0,4,1,4.32,0,6,0.1515765148950682,Low,199,30.163726464118575,Month-to-month contract,Renewal / contract intervention
C00709,Enterprise,Month-to-month,ACH/Bank Transfer,USA,Healthcare,0.58,4,2,4.87,0,2,0.22795591534199483,Low,199,45.36322715305697,Month-to-month contract,Renewal / contract intervention
C00712,Enterprise,Month-to-month,Manual Invoice,UK,E-commerce,0.546,5,0,4.6,0,2,0.12449781487107277,Low,199,24.77506515934348,Month-to-month contract,Renewal / contract intervention
C00713,Basic,Month-to-month,Credit Card,UK,Finance,0.333,4,2,2.91,0,8,0.6074597549826385,High,29,17.616332894496516,Low engagement + Low satisfaction + Month-to-month contract,Customer success outreach + Increase product engagement + Renewal / contract intervention
C00715,Pro,Month-to-month,Credit Card,USA,Manufacturing,0.401,9,1,4.55,1,7,0.26149923200316444,Low,79,20.65843932824999,Billing friction + Month-to-month contract,Resolve billing issue + Renewal / contract intervention
C00717,Basic,Month-to-month,Credit Card,India,Nonprofit,1.0,6,1,3.28,1,15,0.38178972709714554,Medium,29,11.071902085817221,Billing friction + Month-to-month contract,Resolve billing issue + Renewal / contract intervention
C00718,Pro,Month-to-month,Credit Card,USA,Finance,0.497,1,1,3.69,0,0,0.5007380310279727,Medium,79,39.55830445120984,Month-to-month contract + Low feature adoption,Product training / onboarding + Renewal / contract intervention
C00719,Basic,Month-to-month,ACH/Bank Transfer,India,Manufacturing,0.352,4,0,3.75,0,49,0.5386781998088471,Medium,29,15.621667794456567,Low engagement + Inactivity + Month-to-month contract,Increase product engagement + Launch re-engagement campaign + Renewal / contract intervention
C00720,Enterprise,Month-to-month,Manual Invoice,UK,Manufacturing,0.448,4,0,3.91,0,10,0.24587448904463186,Low,199,48.929023319881736,Month-to-month contract,Renewal / contract intervention
C00722,Basic,Month-to-month,Credit Card,USA,Manufacturing,0.643,1,1,4.68,1,14,0.5381118061190047,Medium,29,15.605242377451136,Billing friction + Month-to-month contract + Low feature adoption,Resolve billing issue + Product training / onboarding + Renewal / contract intervention
C00723,Pro,Month-to-month,Credit Card,Canada,Marketing/Agency,0.493,3,0,2.99,0,15,0.5615202564265442,Medium,79,44.36010025769699,Low satisfaction + Month-to-month contract,Customer success outreach + Renewal / contract intervention
C00724,Pro,Month-to-month,Manual Invoice,Australia,Manufacturing,0.482,5,2,4.03,0,22,0.35222704049014253,Medium,79,27.82593619872126,Month-to-month contract,Renewal / contract intervention
C00725,Pro,2-Year,Credit Card,USA,SaaS/Tech,0.156,6,2,4.49,0,18,0.2564122727882646,Low,79,20.256569550272904,Low engagement,Increase product engagement
C00726,Basic,1-Year,Credit Card,Germany,SaaS/Tech,0.505,2,0,4.51,0,0,0.1404543723604192,Low,29,4.073176798452156,Low feature adoption,Product training / onboarding
C00727,Basic,1-Year,Credit Card,India,Healthcare,0.583,4,1,4.06,1,10,0.37084452729500866,Medium,29,10.75449129155525,Billing friction,Resolve billing issue
C00728,Basic,Month-to-month,Credit Card,Germany,Nonprofit,0.344,4,2,4.41,0,6,0.3677234247485266,Medium,29,10.663979317707271,Low engagement + Month-to-month contract,Increase product engagement + Renewal / contract intervention
C00729,Pro,2-Year,Credit Card,USA,Nonprofit,0.405,3,0,3.65,0,8,0.2515261922541503,Low,79,19.870569188077873,No major warning signal,Standard customer success monitoring
C00730,Pro,Month-to-month,Credit Card,Germany,SaaS/Tech,0.378,5,2,2.93,0,0,0.49686583133011436,Medium,79,39.25240067507904,Low engagement + Low satisfaction + Month-to-month contract,Customer success outreach + Increase product engagement + Renewal / contract intervention
C00731,Basic,Month-to-month,PayPal,India,SaaS/Tech,0.444,6,7,4.09,1,4,0.799829097595842,High,29,23.195043830279417,Billing friction + High support activity + Month-to-month contract,Resolve billing issue + Priority support review + Renewal / contract intervention
C00732,Basic,Month-to-month,ACH/Bank Transfer,USA,Nonprofit,0.503,4,3,4.16,0,25,0.5309417483581893,Medium,29,15.39731070238749,High support activity + Month-to-month contract,Priority support review + Renewal / contract intervention
C00733,Basic,1-Year,Credit Card,USA,Marketing/Agency,0.496,7,2,4.48,0,6,0.13327045893488615,Low,29,3.8648433091116985,No major warning signal,Standard customer success monitoring
C00734,Enterprise,Month-to-month,PayPal,Germany,Manufacturing,0.43,2,1,4.53,0,0,0.27924862312709886,Low,199,55.57047600229267,Month-to-month contract + Low feature adoption,Product training / onboarding + Renewal / contract intervention
C00735,Pro,1-Year,Credit Card,Australia,Marketing/Agency,0.837,4,0,3.61,2,4,0.5470563391151698,Medium,79,43.21745079009842,Billing friction,Resolve billing issue
C00736,Basic,Month-to-month,Manual Invoice,India,Nonprofit,0.497,3,0,3.11,1,31,0.6882143470838988,High,29,19.958216065433067,Billing friction + Inactivity + Month-to-month contract,Resolve billing issue + Launch re-engagement campaign + Renewal / contract intervention
C00737,Pro,Month-to-month,ACH/Bank Transfer,Germany,Marketing/Agency,0.569,4,1,3.16,0,24,0.5180398643830604,Medium,79,40.92514928626177,Month-to-month contract,Renewal / contract intervention
C00738,Pro,2-Year,ACH/Bank Transfer,USA,Healthcare,0.582,3,1,3.79,1,5,0.4186750644059344,Medium,79,33.07533008806882,Billing friction,Resolve billing issue
C00739,Basic,Month-to-month,ACH/Bank Transfer,UK,Manufacturing,0.731,5,1,4.02,2,10,0.6601966257754724,High,29,19.145702147488702,Billing friction + Month-to-month contract,Resolve billing issue + Renewal / contract intervention
C00740,Enterprise,Month-to-month,Credit Card,India,Healthcare,0.5,4,1,5.0,0,3,0.19452919626506615,Low,199,38.71131005674816,Month-to-month contract,Renewal / contract intervention
C00741,Pro,2-Year,Credit Card,India,Marketing/Agency,0.39,4,3,3.36,0,2,0.42825052359451043,Medium,79,33.831791363966325,Low engagement + High support activity,Increase product engagement + Priority support review
C00742,Pro,1-Year,ACH/Bank Transfer,UK,Healthcare,0.923,7,0,4.01,1,16,0.1425031299672351,Low,79,11.257747267411574,Billing friction,Resolve billing issue
C00744,Basic,1-Year,Credit Card,Australia,Marketing/Agency,0.126,1,2,2.93,1,15,0.9056833455544383,High,29,26.26481702107871,Low engagement + Low satisfaction + Billing friction + Low feature adoption,Resolve billing issue + Customer success outreach + Increase product engagement + Product training / onboarding
C00745,Basic,Month-to-month,Credit Card,USA,Finance,0.66,3,1,4.51,0,11,0.2556432411876882,Low,29,7.413653994442958,Month-to-month contract,Renewal / contract intervention
C00747,Pro,Month-to-month,Credit Card,India,E-commerce,0.395,2,0,2.41,0,40,0.7768561724180894,High,79,61.37163762102906,Low engagement + Low satisfaction + Inactivity + Month-to-month contract + Low feature adoption,Customer success outreach + Increase product engagement + Launch re-engagement campaign + Product training / onboarding + Renewal / contract intervention
C00748,Basic,Month-to-month,Manual Invoice,India,E-commerce,0.684,9,2,3.69,0,13,0.14264852992411406,Low,29,4.136807367799308,Month-to-month contract,Renewal / contract intervention
C00750,Basic,2-Year,Manual Invoice,India,Finance,0.425,6,2,2.86,0,16,0.2830766928785577,Low,29,8.209224093478174,Low satisfaction,Customer success outreach
C00751,Enterprise,Month-to-month,Credit Card,UK,Manufacturing,0.69,2,2,4.5,0,8,0.3416322024684705,Medium,199,67.98480829122562,Month-to-month contract + Low feature adoption,Product training / onboarding + Renewal / contract intervention
C00756,Enterprise,Month-to-month,Credit Card,UK,Education,0.429,2,2,1.35,0,24,0.8881991605819446,High,199,176.75163295580697,Low satisfaction + Month-to-month contract + Low feature adoption,Customer success outreach + Product training / onboarding + Renewal / contract intervention
C00757,Basic,2-Year,Credit Card,Canada,E-commerce,0.4,3,0,4.09,0,3,0.20244677810781886,Low,29,5.870956565126747,No major warning signal,Standard customer success monitoring
C00760,Pro,Month-to-month,Credit Card,UK,E-commerce,0.233,6,0,4.09,1,21,0.6114581764715834,High,79,48.305195941255086,Low engagement + Billing friction + Month-to-month contract,Resolve billing issue + Increase product engagement + Renewal / contract intervention
C00763,Basic,1-Year,Credit Card,USA,Finance,0.677,5,3,3.74,0,2,0.2234655105008553,Low,29,6.480499804524804,High support activity,Priority support review
C00764,Basic,Month-to-month,Credit Card,Germany,SaaS/Tech,0.652,4,0,2.97,1,11,0.5484313035336496,Medium,29,15.904507802475838,Low satisfaction + Billing friction + Month-to-month contract,Resolve billing issue + Customer success outreach + Renewal / contract intervention
C00765,Pro,2-Year,Credit Card,USA,SaaS/Tech,0.712,5,2,3.32,2,9,0.636960075665747,High,79,50.319845977594014,Billing friction,Resolve billing issue
C00766,Basic,1-Year,Credit Card,India,E-commerce,0.368,4,2,5.0,0,58,0.3968805304894373,Medium,29,11.509535384193681,Low engagement + Inactivity,Increase product engagement + Launch re-engagement campaign
C00767,Basic,1-Year,Credit Card,USA,SaaS/Tech,0.302,2,1,3.97,1,5,0.5761795652391398,Medium,29,16.709207391935056,Low engagement + Billing friction + Low feature adoption,Resolve billing issue + Increase product engagement + Product training / onboarding
C00769,Basic,Month-to-month,Credit Card,Canada,E-commerce,0.478,5,2,3.99,0,3,0.366906102119167,Medium,29,10.640276961455843,Month-to-month contract,Renewal / contract intervention
C00771,Basic,1-Year,Credit Card,UK,Finance,0.45,3,0,3.62,0,20,0.32992380642942704,Medium,29,9.567790386453384,No major warning signal,Standard customer success monitoring
C00772,Pro,2-Year,Credit Card,USA,Healthcare,0.261,1,0,3.13,1,8,0.6765175122083911,High,79,53.4448834644629,Low engagement + Billing friction + Low feature adoption,Resolve billing issue + Increase product engagement + Product training / onboarding
C00775,Pro,1-Year,PayPal,Australia,Finance,0.485,2,0,5.0,0,1,0.14883933120977322,Low,79,11.758307165572084,Low feature adoption,Product training / onboarding
C00776,Basic,1-Year,Credit Card,Canada,Education,0.987,3,0,4.0,0,8,0.10302581017166362,Low,29,2.987748494978245,No major warning signal,Standard customer success monitoring
C00777,Basic,2-Year,Credit Card,USA,Finance,0.909,2,0,4.05,1,46,0.38436334773108743,Medium,29,11.146537084201535,Billing friction + Inactivity + Low feature adoption,Resolve billing issue + Launch re-engagement campaign + Product training / onboarding
C00779,Basic,2-Year,Credit Card,India,Education,0.896,6,2,1.87,1,4,0.4667233819671426,Medium,29,13.534978077047136,Low satisfaction + Billing friction,Resolve billing issue + Customer success outreach
C00780,Pro,Month-to-month,ACH/Bank Transfer,Canada,SaaS/Tech,0.422,3,1,3.43,1,0,0.7297738923996686,High,79,57.65213749957382,Billing friction + Month-to-month contract,Resolve billing issue + Renewal / contract intervention
C00781,Basic,2-Year,Manual Invoice,Australia,E-commerce,0.208,3,1,5.0,0,4,0.17275566295600195,Low,29,5.0099142257240565,Low engagement,Increase product engagement
C00783,Basic,1-Year,Credit Card,Australia,Nonprofit,0.762,1,1,5.0,1,8,0.3409503508214696,Medium,29,9.887560173822619,Billing friction + Low feature adoption,Resolve billing issue + Product training / onboarding
C00784,Enterprise,1-Year,Credit Card,USA,Healthcare,0.563,7,1,4.98,1,1,0.1331855853539213,Low,199,26.50393148543034,Billing friction,Resolve billing issue
C00785,Basic,Month-to-month,PayPal,USA,Education,0.426,4,0,4.18,0,17,0.28874423144667616,Low,29,8.373582711953608,Month-to-month contract,Renewal / contract intervention
C00786,Pro,1-Year,Credit Card,USA,Finance,0.565,4,0,5.0,0,7,0.09366240624919088,Low,79,7.399330093686079,No major warning signal,Standard customer success monitoring
C00787,Basic,Month-to-month,Credit Card,USA,SaaS/Tech,0.694,10,0,3.29,0,4,0.09195494945590163,Low,29,2.6666935342211473,Month-to-month contract,Renewal / contract intervention
C00789,Enterprise,Month-to-month,Credit Card,Germany,Marketing/Agency,0.298,1,2,3.47,2,11,0.944928941608859,High,199,188.04085938016294,Low engagement + Billing friction + Month-to-month contract + Low feature adoption,Resolve billing issue + Increase product engagement + Product training / onboarding + Renewal / contract intervention
C00790,Pro,Month-to-month,Credit Card,India,Finance,0.19,3,1,4.94,0,9,0.4074557410811688,Medium,79,32.18900354541233,Low engagement + Month-to-month contract,Increase product engagement + Renewal / contract intervention
C00791,Basic,1-Year,PayPal,USA,Healthcare,0.589,6,2,4.78,0,18,0.11647950127356152,Low,29,3.377905536933284,No major warning signal,Standard customer success monitoring
C00792,Basic,Month-to-month,Credit Card,Canada,Education,0.665,3,2,3.67,1,27,0.7435817870053015,High,29,21.563871823153743,Billing friction + Month-to-month contract,Resolve billing issue + Renewal / contract intervention
C00794,Basic,1-Year,Credit Card,India,Manufacturing,0.929,3,2,3.56,0,10,0.19267494900630847,Low,29,5.587573521182946,No major warning signal,Standard customer success monitoring
C00795,Enterprise,Month-to-month,Credit Card,USA,E-commerce,0.377,4,3,3.09,0,5,0.6415256077778694,High,199,127.66359594779601,Low engagement + High support activity + Month-to-month contract,Increase product engagement + Priority support review + Renewal / contract intervention
C00796,Basic,1-Year,Credit Card,Canada,Education,0.548,4,1,3.99,0,3,0.20326144632989232,Low,29,5.894581943566878,No major warning signal,Standard customer success monitoring
C00799,Basic,Month-to-month,Credit Card,Germany,Healthcare,0.678,6,0,3.34,0,11,0.1870081538084036,Low,29,5.423236460443705,Month-to-month contract,Renewal / contract intervention
C00800,Pro,Month-to-month,Credit Card,Germany,Healthcare,0.299,8,1,4.14,0,24,0.25565925754822166,Low,79,20.19708134630951,Low engagement + Month-to-month contract,Increase product engagement + Renewal / contract intervention
C00802,Basic,Month-to-month,Credit Card,Australia,Education,0.763,6,1,3.45,0,6,0.23503969793863214,Low,29,6.816151240220332,Month-to-month contract,Renewal / contract intervention
C00803,Pro,1-Year,ACH/Bank Transfer,India,Nonprofit,0.324,5,1,3.93,0,9,0.28013999529084016,Low,79,22.131059627976374,Low engagement,Increase product engagement
C00804,Basic,Month-to-month,Credit Card,USA,SaaS/Tech,0.598,4,1,4.07,0,1,0.24633449068311275,Low,29,7.143700229810269,Month-to-month contract,Renewal / contract intervention
C00805,Basic,2-Year,ACH/Bank Transfer,USA,Finance,0.689,9,0,4.86,0,22,0.034651038419344374,Low,29,1.0048801141609869,No major warning signal,Standard customer success monitoring
C00806,Pro,Month-to-month,ACH/Bank Transfer,USA,E-commerce,0.175,3,1,5.0,0,8,0.4098222241020481,Medium,79,32.3759557040618,Low engagement + Month-to-month contract,Increase product engagement + Renewal / contract intervention
C00807,Basic,Month-to-month,Credit Card,UK,Healthcare,0.725,3,0,4.34,0,6,0.2002017244601081,Low,29,5.805850009343135,Month-to-month contract,Renewal / contract intervention
C00808,Enterprise,Month-to-month,Credit Card,Australia,Manufacturing,0.664,3,0,4.22,1,7,0.4244725192817965,Medium,199,84.47003133707751,Billing friction + Month-to-month contract,Resolve billing issue + Renewal / contract intervention
C00809,Pro,1-Year,ACH/Bank Transfer,Canada,Manufacturing,0.501,8,3,4.06,2,4,0.5877900140111594,Medium,79,46.43541110688159,Billing friction + High support activity,Resolve billing issue + Priority support review
C00810,Enterprise,2-Year,ACH/Bank Transfer,India,Manufacturing,0.456,5,0,4.37,0,14,0.11475400893815846,Low,199,22.836047778693533,No major warning signal,Standard customer success monitoring
C00811,Pro,Month-to-month,ACH/Bank Transfer,India,Healthcare,0.555,5,2,5.0,0,6,0.21720314260801285,Low,79,17.159048266033015,Month-to-month contract,Renewal / contract intervention
C00812,Basic,2-Year,ACH/Bank Transfer,Germany,Education,0.79,3,1,3.84,0,12,0.15504302632626452,Low,29,4.496247763461671,No major warning signal,Standard customer success monitoring
C00813,Pro,Month-to-month,Credit Card,India,Finance,0.476,3,0,4.29,0,5,0.2943882028506715,Low,79,23.25666802520305,Month-to-month contract,Renewal / contract intervention
C00814,Basic,1-Year,Manual Invoice,Canada,Healthcare,0.544,7,1,4.18,1,13,0.2026155511501969,Low,29,5.8758509833557095,Billing friction,Resolve billing issue
C00815,Basic,Month-to-month,ACH/Bank Transfer,Germany,SaaS/Tech,0.422,4,3,5.0,0,4,0.31495131209805977,Medium,29,9.133588050843732,High support activity + Month-to-month contract,Priority support review + Renewal / contract intervention
C00816,Enterprise,Month-to-month,Credit Card,USA,Education,0.668,7,1,4.92,0,3,0.09203087599151992,Low,199,18.314144322312465,Month-to-month contract,Renewal / contract intervention
C00818,Pro,2-Year,Manual Invoice,USA,Healthcare,0.533,5,1,2.28,1,57,0.6940564134778839,High,79,54.83045666475283,Low satisfaction + Billing friction + Inactivity,Resolve billing issue + Customer success outreach + Launch re-engagement campaign
C00820,Enterprise,1-Year,ACH/Bank Transfer,Australia,Finance,0.575,6,2,4.84,0,7,0.13278369153763897,Low,199,26.423954615990155,No major warning signal,Standard customer success monitoring
C00821,Pro,2-Year,Credit Card,India,Manufacturing,0.308,2,5,4.77,0,4,0.4656460982058142,Medium,79,36.78604175825932,Low engagement + High support activity + Low feature adoption,Increase product engagement + Product training / onboarding + Priority support review
C00822,Basic,1-Year,PayPal,USA,Healthcare,0.347,7,0,3.56,2,2,0.4981909421425786,Medium,29,14.44753732213478,Low engagement + Billing friction,Resolve billing issue + Increase product engagement
C00823,Enterprise,Month-to-month,ACH/Bank Transfer,Australia,Nonprofit,0.51,4,2,2.86,0,8,0.616509666484766,High,199,122.68542363046843,Low satisfaction + Month-to-month contract,Customer success outreach + Renewal / contract intervention
C00825,Pro,Month-to-month,PayPal,UK,Finance,0.385,4,3,3.95,0,6,0.5456823667057423,Medium,79,43.10890696975365,Low engagement + High support activity + Month-to-month contract,Increase product engagement + Priority support review + Renewal / contract intervention
C00827,Basic,Month-to-month,Credit Card,USA,Finance,0.787,9,2,4.17,2,2,0.427193904810211,Medium,29,12.38862323949612,Billing friction + Month-to-month contract,Resolve billing issue + Renewal / contract intervention
C00828,Basic,1-Year,Credit Card,India,Education,0.529,2,3,4.19,0,6,0.3749800395104759,Medium,29,10.874421145803803,High support activity + Low feature adoption,Product training / onboarding + Priority support review
C00830,Enterprise,Month-to-month,Credit Card,Canada,Healthcare,0.478,6,5,2.42,0,30,0.8109961657150765,High,199,161.3882369773002,Low satisfaction + High support activity + Month-to-month contract,Customer success outreach + Priority support review + Renewal / contract intervention
C00831,Basic,1-Year,PayPal,India,Education,0.431,6,1,4.27,1,5,0.28929335596650646,Low,29,8.389507323028687,Billing friction,Resolve billing issue
C00832,Enterprise,1-Year,PayPal,India,E-commerce,0.787,3,3,5.0,0,14,0.1745449054910113,Low,199,34.73443619271124,High support activity,Priority support review
C00833,Basic,Month-to-month,Credit Card,Canada,Education,0.091,5,3,4.41,0,50,0.7385719909786581,High,29,21.418587738381085,Low engagement + High support activity + Inactivity + Month-to-month contract,Increase product engagement + Launch re-engagement campaign + Priority support review + Renewal / contract intervention
C00834,Enterprise,1-Year,ACH/Bank Transfer,Australia,E-commerce,0.621,7,0,4.25,0,10,0.09031205922566689,Low,199,17.972099785907712,No major warning signal,Standard customer success monitoring
C00835,Basic,Month-to-month,ACH/Bank Transfer,Germany,Healthcare,0.844,0,1,5.0,0,6,0.21672761023679107,Low,29,6.285100696866941,Month-to-month contract + Low feature adoption,Product training / onboarding + Renewal / contract intervention
C00836,Enterprise,Month-to-month,Manual Invoice,UK,Manufacturing,0.755,3,3,3.26,1,1,0.6263302115536652,High,199,124.63971209917938,Billing friction + High support activity + Month-to-month contract,Resolve billing issue + Priority support review + Renewal / contract intervention
C00837,Enterprise,Month-to-month,Credit Card,India,Healthcare,0.542,4,2,5.0,1,21,0.5196915350776928,Medium,199,103.41861548046087,Billing friction + Month-to-month contract,Resolve billing issue + Renewal / contract intervention
C00838,Pro,1-Year,ACH/Bank Transfer,India,Marketing/Agency,0.63,10,2,5.0,0,27,0.07597749323373462,Low,79,6.0022219654650355,No major warning signal,Standard customer success monitoring
C00839,Pro,Month-to-month,Credit Card,USA,E-commerce,0.264,6,1,4.41,0,9,0.2970962239723873,Low,79,23.470601693818594,Low engagement + Month-to-month contract,Increase product engagement + Renewal / contract intervention
C00840,Pro,Month-to-month,Manual Invoice,USA,Education,0.662,1,0,3.72,0,8,0.3149911268755332,Medium,79,24.884299023167124,Month-to-month contract + Low feature adoption,Product training / onboarding + Renewal / contract intervention
C00841,Enterprise,Month-to-month,Credit Card,India,Education,0.467,6,1,2.72,0,0,0.4022646083209945,Medium,199,80.0506570558779,Low satisfaction + Month-to-month contract,Customer success outreach + Renewal / contract intervention
C00842,Basic,Month-to-month,Credit Card,Germany,Finance,0.465,4,1,3.84,0,34,0.4541516377702738,Medium,29,13.170397495337939,Inactivity + Month-to-month contract,Launch re-engagement campaign + Renewal / contract intervention
C00844,Basic,1-Year,Manual Invoice,Australia,E-commerce,0.53,3,1,4.7,2,25,0.6214843910656828,High,29,18.0230473409048,Billing friction,Resolve billing issue
C00845,Pro,1-Year,Credit Card,USA,Finance,0.501,3,2,3.77,1,4,0.5651133773773177,Medium,79,44.6439568128081,Billing friction,Resolve billing issue
C00846,Pro,Month-to-month,Credit Card,USA,Finance,0.572,7,0,5.0,1,29,0.2805284733165829,Low,79,22.16174939201005,Billing friction + Month-to-month contract,Resolve billing issue + Renewal / contract intervention
C00847,Basic,1-Year,Credit Card,UK,Manufacturing,0.627,5,0,3.77,0,9,0.12254844430488918,Low,29,3.5539048848417862,No major warning signal,Standard customer success monitoring
C00848,Pro,1-Year,Credit Card,Germany,Finance,0.815,4,0,2.45,0,24,0.2698016256688549,Low,79,21.314328427839538,Low satisfaction,Customer success outreach
C00849,Pro,1-Year,Manual Invoice,Germany,Education,0.603,4,1,4.53,1,12,0.2396487593522167,Low,79,18.93225198882512,Billing friction,Resolve billing issue
C00850,Basic,1-Year,Credit Card,USA,Finance,0.259,1,0,4.4,0,11,0.32729433005425185,Medium,29,9.491535571573303,Low engagement + Low feature adoption,Increase product engagement + Product training / onboarding
C00851,Pro,Month-to-month,PayPal,Canada,Manufacturing,0.429,4,2,4.35,0,27,0.4554703164165025,Medium,79,35.982154996903695,Month-to-month contract,Renewal / contract intervention
C00852,Enterprise,Month-to-month,Credit Card,USA,E-commerce,0.612,5,1,4.02,2,23,0.7441482170900378,High,199,148.0854952009175,Billing friction + Month-to-month contract,Resolve billing issue + Renewal / contract intervention
C00853,Enterprise,2-Year,ACH/Bank Transfer,Canada,Marketing/Agency,0.476,2,1,4.46,0,22,0.3225853119240802,Medium,199,64.19447707289196,Low feature adoption,Product training / onboarding
C00854,Enterprise,2-Year,Credit Card,USA,Marketing/Agency,0.61,10,0,4.74,0,7,0.0272102305616897,Low,199,5.41483588177625,No major warning signal,Standard customer success monitoring
C00855,Basic,Month-to-month,Credit Card,USA,SaaS/Tech,0.395,2,1,3.83,0,68,0.7395677778379094,High,29,21.447465557299374,Low engagement + Inactivity + Month-to-month contract + Low feature adoption,Increase product engagement + Launch re-engagement campaign + Product training / onboarding + Renewal / contract intervention
C00856,Enterprise,1-Year,Credit Card,India,SaaS/Tech,0.606,4,1,3.65,0,0,0.19259062561082502,Low,199,38.32553449655418,No major warning signal,Standard customer success monitoring
C00859,Basic,Month-to-month,ACH/Bank Transfer,USA,Marketing/Agency,0.49,8,0,3.31,1,1,0.39721848999184517,Medium,29,11.51933620976351,Billing friction + Month-to-month contract,Resolve billing issue + Renewal / contract intervention
C00860,Pro,1-Year,ACH/Bank Transfer,Germany,E-commerce,0.268,4,4,4.71,0,18,0.439390751943888,Medium,79,34.71186940356715,Low engagement + High support activity,Increase product engagement + Priority support review
C00861,Basic,Month-to-month,Credit Card,UK,Nonprofit,0.504,3,1,5.0,2,3,0.6980610387503917,High,29,20.243770123761358,Billing friction + Month-to-month contract,Resolve billing issue + Renewal / contract intervention
C00862,Pro,Month-to-month,Credit Card,Australia,Healthcare,0.393,7,1,3.45,0,31,0.43804638436431115,Medium,79,34.60566436478058,Low engagement + Inactivity + Month-to-month contract,Increase product engagement + Launch re-engagement campaign + Renewal / contract intervention
C00863,Enterprise,2-Year,PayPal,USA,SaaS/Tech,0.64,6,0,4.73,1,5,0.1098869604814976,Low,199,21.86750513581802,Billing friction,Resolve billing issue
C00865,Basic,1-Year,Credit Card,India,Education,1.0,4,2,2.14,1,4,0.519930629868261,Medium,29,15.077988266179569,Low satisfaction + Billing friction,Resolve billing issue + Customer success outreach
C00866,Pro,1-Year,Manual Invoice,Canada,Manufacturing,0.664,5,3,3.84,1,25,0.4592160248721896,Medium,79,36.27806596490298,Billing friction + High support activity,Resolve billing issue + Priority support review
C00867,Basic,Month-to-month,Credit Card,USA,Finance,0.733,2,1,3.48,0,5,0.3805422112167775,Medium,29,11.035724125286547,Month-to-month contract + Low feature adoption,Product training / onboarding + Renewal / contract intervention
C00868,Enterprise,Month-to-month,Credit Card,Australia,Healthcare,0.4,4,3,3.88,0,12,0.5665674014299672,Medium,199,112.74691288456347,High support activity + Month-to-month contract,Priority support review + Renewal / contract intervention
C00869,Enterprise,1-Year,Credit Card,Canada,Finance,0.791,3,0,5.0,0,13,0.09086691267283249,Low,199,18.082515621893666,No major warning signal,Standard customer success monitoring
C00870,Basic,1-Year,PayPal,USA,Manufacturing,0.529,4,1,3.05,2,4,0.6966678595962776,High,29,20.203367928292053,Billing friction,Resolve billing issue
C00871,Enterprise,Month-to-month,Credit Card,USA,Manufacturing,0.504,5,1,3.47,0,0,0.27377311703461127,Low,199,54.48085028988764,Month-to-month contract,Renewal / contract intervention
C00873,Pro,Month-to-month,ACH/Bank Transfer,USA,E-commerce,0.769,2,1,3.31,0,28,0.5292626327515104,Medium,79,41.81174798736932,Month-to-month contract + Low feature adoption,Product training / onboarding + Renewal / contract intervention
C00874,Enterprise,2-Year,Manual Invoice,India,E-commerce,1.0,2,1,5.0,0,10,0.05655240570682815,Low,199,11.253928735658802,Low feature adoption,Product training / onboarding
C00875,Pro,1-Year,Manual Invoice,Canada,Manufacturing,0.818,4,0,4.5,0,1,0.05064307911110437,Low,79,4.000803249777245,No major warning signal,Standard customer success monitoring
C00876,Basic,Month-to-month,Credit Card,India,Manufacturing,0.466,4,0,5.0,1,40,0.4758005421876337,Medium,29,13.798215723441377,Billing friction + Inactivity + Month-to-month contract,Resolve billing issue + Launch re-engagement campaign + Renewal / contract intervention
C00877,Basic,1-Year,Credit Card,Germany,Finance,0.81,4,1,2.86,1,0,0.3793198117067009,Medium,29,11.000274539494328,Low satisfaction + Billing friction,Resolve billing issue + Customer success outreach
C00878,Enterprise,Month-to-month,Credit Card,Germany,Manufacturing,0.611,5,2,4.11,0,7,0.23712503794627363,Low,199,47.187882551308455,Month-to-month contract,Renewal / contract intervention
C00879,Pro,Month-to-month,Credit Card,USA,Marketing/Agency,0.548,2,0,3.4,0,2,0.4351724537703665,Medium,79,34.378623847858954,Month-to-month contract + Low feature adoption,Product training / onboarding + Renewal / contract intervention
C00880,Pro,Month-to-month,ACH/Bank Transfer,India,Finance,0.682,4,2,3.2,2,4,0.8490084089768059,High,79,67.07166430916766,Billing friction + Month-to-month contract,Resolve billing issue + Renewal / contract intervention
C00881,Pro,2-Year,Credit Card,UK,Manufacturing,0.936,3,3,4.74,1,8,0.2640689638594163,Low,79,20.861448144893888,Billing friction + High support activity,Resolve billing issue + Priority support review
C00882,Basic,Month-to-month,Credit Card,USA,Education,0.494,3,4,5.0,0,1,0.40319934411771086,Medium,29,11.692780979413614,High support activity + Month-to-month contract,Priority support review + Renewal / contract intervention
C00883,Basic,2-Year,PayPal,India,Nonprofit,0.976,6,0,5.0,0,8,0.02515761742236905,Low,29,0.7295709052487025,No major warning signal,Standard customer success monitoring
C00884,Basic,Month-to-month,Credit Card,Germany,Manufacturing,0.604,3,4,4.76,0,34,0.47974988898868587,Medium,29,13.91274678067189,High support activity + Inactivity + Month-to-month contract,Launch re-engagement campaign + Priority support review + Renewal / contract intervention
C00885,Enterprise,1-Year,Credit Card,USA,Manufacturing,0.272,6,1,4.14,2,13,0.618620150332115,High,199,123.10540991609089,Low engagement + Billing friction,Resolve billing issue + Increase product engagement
C00886,Pro,1-Year,Credit Card,India,Marketing/Agency,0.02,5,1,4.38,1,4,0.5595450211226249,Medium,79,44.20405666868737,Low engagement + Billing friction,Resolve billing issue + Increase product engagement
C00887,Pro,Month-to-month,ACH/Bank Transfer,Australia,Manufacturing,0.919,5,2,5.0,2,35,0.6327007646198463,High,79,49.983360404967854,Billing friction + Inactivity + Month-to-month contract,Resolve billing issue + Launch re-engagement campaign + Renewal / contract intervention
C00889,Basic,Month-to-month,Credit Card,Germany,Manufacturing,0.435,2,2,4.22,1,0,0.6299821384500375,High,29,18.269482015051086,Billing friction + Month-to-month contract + Low feature adoption,Resolve billing issue + Product training / onboarding + Renewal / contract intervention
C00891,Pro,Month-to-month,ACH/Bank Transfer,USA,E-commerce,0.656,3,1,4.45,0,6,0.27454336944053614,Low,79,21.688926185802355,Month-to-month contract,Renewal / contract intervention
C00892,Pro,1-Year,Credit Card,Australia,Nonprofit,0.426,3,1,3.44,1,9,0.6405460255160245,High,79,50.603136015765934,Billing friction,Resolve billing issue
C00893,Pro,2-Year,Credit Card,India,SaaS/Tech,0.9,6,2,5.0,0,3,0.04872549742297854,Low,79,3.849314296415305,No major warning signal,Standard customer success monitoring
C00894,Pro,Month-to-month,Credit Card,Canada,Education,0.6,4,1,3.86,0,4,0.3302189497503616,Medium,79,26.087297030278567,Month-to-month contract,Renewal / contract intervention
C00895,Enterprise,Month-to-month,ACH/Bank Transfer,Australia,Education,0.942,4,4,4.66,1,21,0.5845999705032353,Medium,199,116.33539413014383,Billing friction + High support activity + Month-to-month contract,Resolve billing issue + Priority support review + Renewal / contract intervention
C00896,Basic,2-Year,ACH/Bank Transfer,USA,Marketing/Agency,0.78,2,2,3.59,0,1,0.24558801162920801,Low,29,7.122052337247032,Low feature adoption,Product training / onboarding
C00897,Basic,Month-to-month,PayPal,UK,SaaS/Tech,0.755,8,2,4.91,0,3,0.08797685337598786,Low,29,2.5513287479036477,Month-to-month contract,Renewal / contract intervention
C00898,Pro,Month-to-month,Credit Card,India,Nonprofit,0.628,2,0,3.72,0,3,0.35006661988279464,Medium,79,27.655262970740775,Month-to-month contract + Low feature adoption,Product training / onboarding + Renewal / contract intervention
C00899,Basic,1-Year,Credit Card,India,E-commerce,0.385,6,2,3.03,0,12,0.3614752871750396,Medium,29,10.482783328076147,Low engagement,Increase product engagement
C00902,Basic,Month-to-month,Credit Card,India,Education,0.852,8,1,3.11,0,15,0.18364230433872608,Low,29,5.325626825823056,Month-to-month contract,Renewal / contract intervention
C00903,Pro,Month-to-month,PayPal,UK,Nonprofit,0.641,4,0,5.0,1,1,0.2918239786006275,Low,79,23.05409430944957,Billing friction + Month-to-month contract,Resolve billing issue + Renewal / contract intervention
C00905,Enterprise,Month-to-month,Manual Invoice,USA,E-commerce,0.289,4,2,4.36,0,5,0.35083160092092863,Medium,199,69.8154885832648,Low engagement + Month-to-month contract,Increase product engagement + Renewal / contract intervention
C00907,Basic,2-Year,Manual Invoice,Canada,Healthcare,0.582,4,3,4.79,0,3,0.13030679430468917,Low,29,3.778897034835986,High support activity,Priority support review
C00909,Basic,Month-to-month,Credit Card,India,SaaS/Tech,0.739,5,0,4.15,2,7,0.5408689980878315,Medium,29,15.685200944547114,Billing friction + Month-to-month contract,Resolve billing issue + Renewal / contract intervention
C00910,Pro,1-Year,ACH/Bank Transfer,USA,Finance,0.277,6,1,5.0,0,4,0.13429700418622423,Low,79,10.609463330711714,Low engagement,Increase product engagement
C00911,Basic,1-Year,Credit Card,India,Education,0.837,4,2,4.55,0,1,0.11246420498717549,Low,29,3.2614619446280892,No major warning signal,Standard customer success monitoring
C00912,Enterprise,1-Year,ACH/Bank Transfer,USA,Education,0.32,5,1,2.54,0,6,0.42913885398640245,Medium,199,85.39863194329409,Low engagement + Low satisfaction,Customer success outreach + Increase product engagement
C00914,Pro,1-Year,Credit Card,UK,Manufacturing,0.553,6,2,5.0,0,13,0.11749982514126928,Low,79,9.282486186160273,No major warning signal,Standard customer success monitoring
C00916,Pro,1-Year,Credit Card,India,Education,0.36,3,1,3.68,0,11,0.3786365406703923,Medium,79,29.91228671296099,Low engagement,Increase product engagement
C00917,Basic,1-Year,Credit Card,USA,Manufacturing,0.601,4,2,3.51,0,15,0.28234125316947895,Low,29,8.18789634191489,No major warning signal,Standard customer success monitoring
C00920,Enterprise,1-Year,PayPal,USA,E-commerce,0.812,4,2,4.46,1,8,0.2751274053581489,Low,199,54.75035366627163,Billing friction,Resolve billing issue
C00921,Basic,1-Year,Credit Card,UK,Marketing/Agency,0.671,3,2,4.34,1,20,0.5186055848883064,Medium,29,15.039561961760887,Billing friction,Resolve billing issue
C00922,Enterprise,1-Year,Credit Card,India,Education,0.468,4,2,4.02,0,4,0.26595354531879406,Low,199,52.924755518440016,No major warning signal,Standard customer success monitoring
C00923,Basic,1-Year,PayPal,USA,Education,0.02,2,3,3.2,0,29,0.7919176936912503,High,29,22.96561311704626,Low engagement + High support activity + Low feature adoption,Increase product engagement + Product training / onboarding + Priority support review
C00924,Enterprise,Month-to-month,PayPal,India,SaaS/Tech,0.377,4,3,4.57,0,41,0.5682926908385388,Medium,199,113.09024547686923,Low engagement + High support activity + Inactivity + Month-to-month contract,Increase product engagement + Launch re-engagement campaign + Priority support review + Renewal / contract intervention
C00925,Pro,Month-to-month,Credit Card,Germany,Healthcare,0.583,3,1,3.41,0,4,0.37981429941979744,Medium,79,30.005329654163997,Month-to-month contract,Renewal / contract intervention
C00926,Pro,Month-to-month,Credit Card,Germany,Finance,0.667,1,1,4.92,0,2,0.24622521786367152,Low,79,19.45179221123005,Month-to-month contract + Low feature adoption,Product training / onboarding + Renewal / contract intervention
C00927,Basic,2-Year,ACH/Bank Transfer,USA,Education,0.112,2,2,3.29,0,20,0.6528003819088342,High,29,18.93121107535619,Low engagement + Low feature adoption,Increase product engagement + Product training / onboarding
C00928,Enterprise,Month-to-month,ACH/Bank Transfer,USA,Manufacturing,0.555,8,0,3.32,1,1,0.3184396693639504,Medium,199,63.36949420342613,Billing friction + Month-to-month contract,Resolve billing issue + Renewal / contract intervention
C00929,Pro,Month-to-month,Credit Card,Germany,Nonprofit,0.622,2,1,4.78,1,29,0.5789302929990101,Medium,79,45.7354931469218,Billing friction + Month-to-month contract + Low feature adoption,Resolve billing issue + Product training / onboarding + Renewal / contract intervention
C00930,Basic,2-Year,Credit Card,Germany,Manufacturing,0.332,1,1,3.97,0,13,0.33676562094296,Medium,29,9.766203007345839,Low engagement + Low feature adoption,Increase product engagement + Product training / onboarding
C00933,Basic,Month-to-month,Manual Invoice,India,Manufacturing,0.757,4,3,5.0,0,8,0.15847974004185222,Low,29,4.5959124612137146,High support activity + Month-to-month contract,Priority support review + Renewal / contract intervention
C00935,Enterprise,Month-to-month,ACH/Bank Transfer,USA,E-commerce,0.264,6,2,2.59,0,0,0.5894968326093258,Medium,199,117.30986968925585,Low engagement + Low satisfaction + Month-to-month contract,Customer success outreach + Increase product engagement + Renewal / contract intervention
C00936,Enterprise,1-Year,ACH/Bank Transfer,UK,Healthcare,0.552,3,1,4.07,0,16,0.27380169411634525,Low,199,54.48653712915271,No major warning signal,Standard customer success monitoring
C00937,Basic,1-Year,ACH/Bank Transfer,Germany,E-commerce,0.452,3,2,4.69,0,5,0.22352779453896154,Low,29,6.482306041629885,No major warning signal,Standard customer success monitoring
C00938,Basic,1-Year,Credit Card,India,E-commerce,0.38,5,0,4.4,1,0,0.28020038226074867,Low,29,8.125811085561711,Low engagement + Billing friction,Resolve billing issue + Increase product engagement
C00941,Pro,2-Year,ACH/Bank Transfer,Australia,E-commerce,0.183,8,1,4.57,0,14,0.15604698081115687,Low,79,12.327711484081393,Low engagement,Increase product engagement
C00942,Basic,2-Year,PayPal,USA,Manufacturing,0.58,8,4,3.97,0,1,0.12798155496266606,Low,29,3.7114650939173157,High support activity,Priority support review
C00944,Basic,Month-to-month,ACH/Bank Transfer,USA,Marketing/Agency,0.401,4,1,4.0,0,28,0.49920040357413065,Medium,29,14.476811703649789,Month-to-month contract,Renewal / contract intervention
C00945,Basic,Month-to-month,Credit Card,UK,Nonprofit,0.502,6,0,4.74,1,32,0.4205744481801257,Medium,29,12.196658997223645,Billing friction + Inactivity + Month-to-month contract,Resolve billing issue + Launch re-engagement campaign + Renewal / contract intervention
C00946,Enterprise,Month-to-month,Credit Card,USA,Finance,0.288,5,0,3.18,2,5,0.8220524726764967,High,199,163.58844206262285,Low engagement + Billing friction + Month-to-month contract,Resolve billing issue + Increase product engagement + Renewal / contract intervention
C00948,Basic,2-Year,Credit Card,USA,Nonprofit,0.798,2,1,4.67,0,42,0.19295950329219705,Low,29,5.595825595473714,Inactivity + Low feature adoption,Launch re-engagement campaign + Product training / onboarding
C00950,Enterprise,1-Year,Manual Invoice,USA,Education,0.326,7,0,4.2,0,2,0.07662843854785695,Low,199,15.249059271023533,Low engagement,Increase product engagement
C00953,Basic,Month-to-month,Credit Card,UK,Education,0.735,5,2,2.84,0,10,0.44949733287395865,Medium,29,13.035422653344801,Low satisfaction + Month-to-month contract,Customer success outreach + Renewal / contract intervention
C00956,Enterprise,2-Year,Credit Card,USA,Finance,0.592,5,2,2.98,1,9,0.504151753877306,Medium,199,100.3261990215839,Low satisfaction + Billing friction,Resolve billing issue + Customer success outreach
C00958,Enterprise,1-Year,Manual Invoice,Australia,Education,0.732,7,2,2.71,0,4,0.17632176086370918,Low,199,35.08803041187813,Low satisfaction,Customer success outreach
C00959,Basic,Month-to-month,Credit Card,USA,Education,0.533,5,2,3.82,1,1,0.5551050525641781,Medium,29,16.098046524361166,Billing friction + Month-to-month contract,Resolve billing issue + Renewal / contract intervention
C00960,Basic,1-Year,Manual Invoice,Germany,E-commerce,0.687,1,2,4.34,0,25,0.25681803500454975,Low,29,7.447723015131943,Low feature adoption,Product training / onboarding
C00961,Basic,Month-to-month,PayPal,UK,Nonprofit,0.31,1,1,4.3,0,7,0.5177115390933801,Medium,29,15.013634633708023,Low engagement + Month-to-month contract + Low feature adoption,Increase product engagement + Product training / onboarding + Renewal / contract intervention
C00962,Pro,2-Year,Credit Card,Germany,Finance,0.653,1,3,5.0,1,9,0.43809283477621297,Medium,79,34.60933394732083,Billing friction + High support activity + Low feature adoption,Resolve billing issue + Product training / onboarding + Priority support review
C00964,Basic,Month-to-month,Credit Card,Canada,Education,0.562,7,3,4.96,1,1,0.3717518412599206,Medium,29,10.780803396537697,Billing friction + High support activity + Month-to-month contract,Resolve billing issue + Priority support review + Renewal / contract intervention
C00965,Basic,Month-to-month,Credit Card,India,E-commerce,0.745,6,2,4.75,1,18,0.3672399844503133,Medium,29,10.649959549059085,Billing friction + Month-to-month contract,Resolve billing issue + Renewal / contract intervention
C00966,Pro,Month-to-month,ACH/Bank Transfer,India,Finance,0.286,6,1,3.76,0,0,0.3621424386313927,Medium,79,28.609252651880027,Low engagement + Month-to-month contract,Increase product engagement + Renewal / contract intervention
C00967,Basic,1-Year,Credit Card,UK,Marketing/Agency,0.557,8,3,3.56,0,18,0.26413500285636304,Low,29,7.659915082834528,High support activity,Priority support review
C00968,Enterprise,Month-to-month,Credit Card,USA,Finance,0.456,3,2,4.45,0,4,0.37927918562501567,Medium,199,75.47655793937813,Month-to-month contract,Renewal / contract intervention
C00969,Pro,Month-to-month,Credit Card,USA,Manufacturing,0.07,2,1,2.38,0,2,0.7795090031543778,High,79,61.581211249195846,Low engagement + Low satisfaction + Month-to-month contract + Low feature adoption,Customer success outreach + Increase product engagement + Product training / onboarding + Renewal / contract intervention
C00972,Basic,1-Year,Credit Card,Germany,Finance,0.834,2,2,3.83,2,17,0.697143905771728,High,29,20.21717326738011,Billing friction + Low feature adoption,Resolve billing issue + Product training / onboarding
C00973,Pro,Month-to-month,ACH/Bank Transfer,USA,Education,0.356,4,0,2.45,0,21,0.6347437802882099,High,79,50.14475864276858,Low engagement + Low satisfaction + Month-to-month contract,Customer success outreach + Increase product engagement + Renewal / contract intervention
C00974,Enterprise,Month-to-month,ACH/Bank Transfer,USA,Finance,1.0,5,1,3.49,2,7,0.6021199137345963,High,199,119.82186283318465,Billing friction + Month-to-month contract,Resolve billing issue + Renewal / contract intervention
C00975,Enterprise,1-Year,Credit Card,USA,Healthcare,0.551,3,2,5.0,1,9,0.3452266891087908,Medium,199,68.70011113264937,Billing friction,Resolve billing issue
C00976,Enterprise,1-Year,ACH/Bank Transfer,Germany,Healthcare,0.264,2,1,3.38,1,2,0.6570007353659089,High,199,130.74314633781586,Low engagement + Billing friction + Low feature adoption,Resolve billing issue + Increase product engagement + Product training / onboarding
C00977,Basic,Month-to-month,ACH/Bank Transfer,USA,E-commerce,0.639,5,2,2.91,1,7,0.6836092373203911,High,29,19.824667882291344,Low satisfaction + Billing friction + Month-to-month contract,Resolve billing issue + Customer success outreach + Renewal / contract intervention
C00978,Enterprise,2-Year,Credit Card,Germany,Marketing/Agency,0.885,4,0,5.0,1,3,0.09918072183953767,Low,199,19.736963646068,Billing friction,Resolve billing issue
C00979,Pro,1-Year,Credit Card,India,SaaS/Tech,0.616,5,3,3.69,0,3,0.2677069178931161,Low,79,21.148846513556173,High support activity,Priority support review
C00981,Enterprise,Month-to-month,Credit Card,India,SaaS/Tech,0.456,4,1,4.24,2,0,0.7312527696719213,High,199,145.51930116471235,Billing friction + Month-to-month contract,Resolve billing issue + Renewal / contract intervention
C00982,Pro,Month-to-month,ACH/Bank Transfer,USA,E-commerce,0.574,4,2,4.47,0,3,0.308784860257301,Medium,79,24.39400396032678,Month-to-month contract,Renewal / contract intervention
C00983,Pro,Month-to-month,PayPal,Australia,Nonprofit,0.384,5,0,4.52,1,5,0.44180050632356693,Medium,79,34.902239999561786,Low engagement + Billing friction + Month-to-month contract,Resolve billing issue + Increase product engagement + Renewal / contract intervention
C00984,Basic,Month-to-month,Credit Card,India,Manufacturing,0.56,6,2,4.21,1,5,0.42509969465585995,Medium,29,12.327891145019938,Billing friction + Month-to-month contract,Resolve billing issue + Renewal / contract intervention
C00985,Basic,2-Year,Credit Card,USA,Nonprofit,0.503,3,2,3.58,1,7,0.5464187374022899,Medium,29,15.846143384666405,Billing friction,Resolve billing issue
C00986,Basic,Month-to-month,ACH/Bank Transfer,India,E-commerce,0.678,6,1,2.65,0,11,0.38231522200929824,Medium,29,11.087141438269649,Low satisfaction + Month-to-month contract,Customer success outreach + Renewal / contract intervention
C00987,Basic,2-Year,Credit Card,India,Education,0.348,9,3,3.26,1,0,0.4058384120208456,Medium,29,11.769313948604522,Low engagement + Billing friction + High support activity,Resolve billing issue + Increase product engagement + Priority support review
C00988,Pro,1-Year,PayPal,USA,Healthcare,0.274,5,1,3.76,1,26,0.5630831147110099,Medium,79,44.483566062169785,Low engagement + Billing friction,Resolve billing issue + Increase product engagement
C00990,Enterprise,2-Year,Credit Card,Germany,Marketing/Agency,0.51,4,3,3.78,0,0,0.2804473631629734,Low,199,55.80902526943171,High support activity,Priority support review
C00991,Basic,1-Year,Credit Card,India,E-commerce,0.486,3,1,4.85,0,10,0.18080326890909496,Low,29,5.2432947983637535,No major warning signal,Standard customer success monitoring
C00994,Enterprise,1-Year,Credit Card,Australia,Nonprofit,0.535,2,1,4.72,2,9,0.6478928448767818,High,199,128.93067613047958,Billing friction + Low feature adoption,Resolve billing issue + Product training / onboarding
C00995,Pro,1-Year,ACH/Bank Transfer,Germany,Manufacturing,0.212,6,5,4.35,1,32,0.7335063438944929,High,79,57.947001167664936,Low engagement + Billing friction + High support activity + Inactivity,Resolve billing issue + Increase product engagement + Launch re-engagement campaign + Priority support review
C00996,Basic,2-Year,ACH/Bank Transfer,Germany,Marketing/Agency,0.02,2,4,5.0,0,2,0.49763049296945755,Medium,29,14.431284296114269,Low engagement + High support activity + Low feature adoption,Increase product engagement + Product training / onboarding + Priority support review
C00997,Basic,1-Year,Credit Card,Germany,Nonprofit,0.642,2,0,4.58,1,2,0.2615422353929253,Low,29,7.584724826394834,Billing friction + Low feature adoption,Resolve billing issue + Product training / onboarding
C00998,Basic,Month-to-month,Credit Card,USA,SaaS/Tech,0.309,4,0,5.0,1,37,0.5484750712823432,Medium,29,15.905777067187952,Low engagement + Billing friction + Inactivity + Month-to-month contract,Resolve billing issue + Increase product engagement + Launch re-engagement campaign + Renewal / contract intervention
C00999,Basic,1-Year,Credit Card,USA,Finance,0.495,3,3,2.27,1,0,0.7867474560994872,High,29,22.815676226885127,Low satisfaction + Billing friction + High support activity,Resolve billing issue + Customer success outreach + Priority support review
C01000,Pro,Month-to-month,ACH/Bank Transfer,USA,SaaS/Tech,0.894,3,3,4.23,2,7,0.7615721144920041,High,79,60.164197044868324,Billing friction + High support activity + Month-to-month contract,Resolve billing issue + Priority support review + Renewal / contract intervention
C01001,Pro,1-Year,Manual Invoice,India,E-commerce,0.231,2,1,4.61,0,4,0.2617121928715284,Low,79,20.675263236850746,Low engagement + Low feature adoption,Increase product engagement + Product training / onboarding
C01002,Basic,1-Year,Manual Invoice,UK,Marketing/Agency,0.605,5,0,3.16,0,50,0.3107704368884494,Medium,29,9.012342669765033,Inactivity,Launch re-engagement campaign
C01003,Basic,Month-to-month,PayPal,USA,Finance,0.292,6,1,4.3,0,1,0.24297741330502085,Low,29,7.046344985845605,Low engagement + Month-to-month contract,Increase product engagement + Renewal / contract intervention
C01004,Enterprise,1-Year,Credit Card,India,E-commerce,0.598,6,2,3.62,2,13,0.6616329797920246,High,199,131.6649629786129,Billing friction,Resolve billing issue
C01005,Pro,1-Year,PayPal,USA,SaaS/Tech,0.631,3,1,2.49,0,3,0.35656691201777807,Medium,79,28.168786049404467,Low satisfaction,Customer success outreach
C01007,Basic,1-Year,Credit Card,UK,Nonprofit,0.935,3,5,3.63,0,5,0.3793680245092754,Medium,29,11.001672710768988,High support activity,Priority support review
C01008,Basic,1-Year,ACH/Bank Transfer,USA,Education,0.449,4,1,4.32,0,14,0.22089831089570627,Low,29,6.406051015975482,No major warning signal,Standard customer success monitoring
C01009,Basic,1-Year,Credit Card,Canada,SaaS/Tech,0.628,1,2,5.0,1,4,0.4270294741312868,Medium,29,12.383854749807316,Billing friction + Low feature adoption,Resolve billing issue + Product training / onboarding
C01010,Basic,2-Year,Credit Card,India,Healthcare,0.354,7,1,4.06,0,13,0.14288906630925818,Low,29,4.143782922968487,Low engagement,Increase product engagement
C01011,Enterprise,Month-to-month,Credit Card,UK,Finance,0.509,6,4,2.74,0,6,0.6376244949814426,High,199,126.88727450130708,Low satisfaction + High support activity + Month-to-month contract,Customer success outreach + Priority support review + Renewal / contract intervention
C01012,Basic,Month-to-month,PayPal,India,Finance,0.754,1,2,5.0,0,17,0.3239683674093915,Medium,29,9.395082654872354,Month-to-month contract + Low feature adoption,Product training / onboarding + Renewal / contract intervention
C01013,Pro,Month-to-month,ACH/Bank Transfer,UK,Finance,0.347,3,1,4.4,0,5,0.4277802471179929,Medium,79,33.79463952232144,Low engagement + Month-to-month contract,Increase product engagement + Renewal / contract intervention
C01014,Basic,Month-to-month,ACH/Bank Transfer,USA,Nonprofit,0.418,2,0,3.25,1,12,0.7454359502428248,High,29,21.61764255704192,Billing friction + Month-to-month contract + Low feature adoption,Resolve billing issue + Product training / onboarding + Renewal / contract intervention
C01015,Basic,2-Year,Credit Card,India,E-commerce,0.613,4,2,4.26,1,8,0.3701739580150655,Medium,29,10.7350447824369,Billing friction,Resolve billing issue
C01017,Basic,1-Year,Credit Card,USA,Nonprofit,0.7,2,1,5.0,0,0,0.11872877852140311,Low,29,3.44313457712069,Low feature adoption,Product training / onboarding
C01018,Enterprise,2-Year,ACH/Bank Transfer,USA,Finance,0.551,2,1,3.47,1,3,0.5230314889784474,Medium,199,104.08326630671104,Billing friction + Low feature adoption,Resolve billing issue + Product training / onboarding
C01019,Basic,Month-to-month,ACH/Bank Transfer,USA,Education,1.0,5,0,3.37,0,1,0.13790203902908976,Low,29,3.9991591318436033,Month-to-month contract,Renewal / contract intervention
C01020,Enterprise,Month-to-month,Credit Card,Canada,Marketing/Agency,0.266,8,2,4.29,0,13,0.3369692971268762,Medium,199,67.05689012824836,Low engagement + Month-to-month contract,Increase product engagement + Renewal / contract intervention
C01021,Pro,1-Year,ACH/Bank Transfer,UK,Nonprofit,0.483,2,2,5.0,0,19,0.3292124351215044,Medium,79,26.007782374598847,Low feature adoption,Product training / onboarding
C01022,Basic,Month-to-month,Manual Invoice,UK,E-commerce,0.41,2,0,3.9,0,5,0.359529090572897,Medium,29,10.426343626614013,Month-to-month contract + Low feature adoption,Product training / onboarding + Renewal / contract intervention
C01024,Basic,Month-to-month,Credit Card,Germany,Nonprofit,0.831,2,0,5.0,0,3,0.1189005268791677,Low,29,3.4481152794958634,Month-to-month contract + Low feature adoption,Product training / onboarding + Renewal / contract intervention
C01025,Enterprise,Month-to-month,Credit Card,Canada,Healthcare,0.699,0,1,3.85,0,4,0.45219283435482116,Medium,199,89.9863740366094,Month-to-month contract + Low feature adoption,Product training / onboarding + Renewal / contract intervention
C01026,Pro,1-Year,Manual Invoice,USA,Nonprofit,0.345,3,1,3.58,1,19,0.5855726709228841,Medium,79,46.26024100290785,Low engagement + Billing friction,Resolve billing issue + Increase product engagement
C01027,Pro,1-Year,ACH/Bank Transfer,India,Finance,0.376,2,0,1.88,1,0,0.7852579158401126,High,79,62.0353753513689,Low engagement + Low satisfaction + Billing friction + Low feature adoption,Resolve billing issue + Customer success outreach + Increase product engagement + Product training / onboarding
C01028,Pro,Month-to-month,ACH/Bank Transfer,India,Marketing/Agency,0.44,2,2,5.0,1,2,0.6483502639489648,High,79,51.21967085196822,Billing friction + Month-to-month contract + Low feature adoption,Resolve billing issue + Product training / onboarding + Renewal / contract intervention
C01029,Enterprise,Month-to-month,ACH/Bank Transfer,India,Education,0.228,3,1,5.0,1,14,0.6346596853822691,High,199,126.29727739107156,Low engagement + Billing friction + Month-to-month contract,Resolve billing issue + Increase product engagement + Renewal / contract intervention
C01030,Basic,Month-to-month,ACH/Bank Transfer,Canada,Manufacturing,0.745,8,0,4.12,0,13,0.09866615662958461,Low,29,2.861318542257954,Month-to-month contract,Renewal / contract intervention
C01031,Pro,Month-to-month,Credit Card,Australia,Education,0.382,3,2,3.86,0,5,0.5578853434951075,Medium,79,44.0729421361135,Low engagement + Month-to-month contract,Increase product engagement + Renewal / contract intervention
C01032,Basic,Month-to-month,Credit Card,Germany,Marketing/Agency,0.595,5,1,4.15,2,3,0.6480064656423306,High,29,18.792187503627588,Billing friction + Month-to-month contract,Resolve billing issue + Renewal / contract intervention
C01033,Pro,Month-to-month,Credit Card,India,Education,0.75,0,2,4.56,2,10,0.8393049704704443,High,79,66.3050926671651,Billing friction + Month-to-month contract + Low feature adoption,Resolve billing issue + Product training / onboarding + Renewal / contract intervention
C01034,Basic,2-Year,Credit Card,Canada,Manufacturing,0.814,4,0,4.54,0,2,0.05685040016711327,Low,29,1.6486616048462848,No major warning signal,Standard customer success monitoring
C01036,Enterprise,Month-to-month,Credit Card,USA,SaaS/Tech,0.793,9,3,3.71,0,21,0.20356508894326342,Low,199,40.50945269970942,High support activity + Month-to-month contract,Priority support review + Renewal / contract intervention
C01037,Enterprise,1-Year,Credit Card,Germany,Nonprofit,0.693,4,1,5.0,0,49,0.16762060691255684,Low,199,33.35650077559881,Inactivity,Launch re-engagement campaign
C01039,Pro,Month-to-month,PayPal,UK,Healthcare,0.319,7,1,3.27,1,0,0.5329867910472089,Medium,79,42.105956492729504,Low engagement + Billing friction + Month-to-month contract,Resolve billing issue + Increase product engagement + Renewal / contract intervention
C01040,Basic,2-Year,Credit Card,Australia,Manufacturing,0.632,5,2,5.0,0,17,0.11091290703307455,Low,29,3.2164743039591617,No major warning signal,Standard customer success monitoring
C01041,Pro,2-Year,ACH/Bank Transfer,Canada,Finance,0.337,4,0,4.34,1,5,0.37747478386285116,Medium,79,29.82050792516524,Low engagement + Billing friction,Resolve billing issue + Increase product engagement
C01043,Basic,2-Year,ACH/Bank Transfer,Australia,Finance,0.626,4,2,3.87,2,0,0.6548895999466766,High,29,18.99179839845362,Billing friction,Resolve billing issue
C01044,Pro,Month-to-month,Credit Card,USA,Education,0.453,6,1,4.54,0,2,0.19246076735265505,Low,79,15.204400620859749,Month-to-month contract,Renewal / contract intervention
C01045,Basic,Month-to-month,Manual Invoice,USA,E-commerce,0.12,2,1,4.79,0,4,0.3847902161189415,Medium,29,11.158916267449303,Low engagement + Month-to-month contract + Low feature adoption,Increase product engagement + Product training / onboarding + Renewal / contract intervention
C01047,Enterprise,Month-to-month,ACH/Bank Transfer,India,Finance,1.0,4,3,3.14,0,23,0.4602542828270362,Medium,199,91.59060228258019,High support activity + Month-to-month contract,Priority support review + Renewal / contract intervention
C01048,Pro,Month-to-month,PayPal,India,Nonprofit,0.475,3,2,4.54,0,1,0.3568460120861074,Medium,79,28.190834954802483,Month-to-month contract,Renewal / contract intervention
C01050,Basic,Month-to-month,Manual Invoice,Australia,Education,0.7,2,0,3.79,1,1,0.45148355322149264,Medium,29,13.093023043423287,Billing friction + Month-to-month contract + Low feature adoption,Resolve billing issue + Product training / onboarding + Renewal / contract intervention
C01051,Pro,Month-to-month,Credit Card,USA,Healthcare,0.304,5,1,2.6,0,34,0.6794935880341662,High,79,53.67999345469913,Low engagement + Low satisfaction + Inactivity + Month-to-month contract,Customer success outreach + Increase product engagement + Launch re-engagement campaign + Renewal / contract intervention
C01052,Basic,1-Year,Manual Invoice,Canada,Manufacturing,0.346,1,4,5.0,0,9,0.3809015075775944,Medium,29,11.046143719750237,Low engagement + High support activity + Low feature adoption,Increase product engagement + Product training / onboarding + Priority support review
C01056,Basic,Month-to-month,PayPal,USA,E-commerce,0.435,8,1,3.73,1,6,0.4033757051568691,Medium,29,11.697895449549204,Billing friction + Month-to-month contract,Resolve billing issue + Renewal / contract intervention
C01057,Pro,2-Year,Credit Card,India,SaaS/Tech,0.572,4,0,3.08,1,2,0.38898744627949106,Medium,79,30.730008256079792,Billing friction,Resolve billing issue
C01058,Enterprise,1-Year,Credit Card,USA,E-commerce,0.608,3,2,3.78,0,18,0.3314299768413672,Medium,199,65.95456539143207,No major warning signal,Standard customer success monitoring
C01059,Enterprise,1-Year,Manual Invoice,Germany,E-commerce,0.829,3,1,3.76,0,0,0.10710945249444559,Low,199,21.31478104639467,No major warning signal,Standard customer success monitoring
C01060,Pro,1-Year,Manual Invoice,USA,Marketing/Agency,0.753,3,2,4.91,0,1,0.10684881952931526,Low,79,8.441056742815904,No major warning signal,Standard customer success monitoring
C01062,Basic,1-Year,Credit Card,UK,E-commerce,0.727,7,1,5.0,0,13,0.06263502906403423,Low,29,1.8164158428569928,No major warning signal,Standard customer success monitoring
C01063,Basic,Month-to-month,Credit Card,UK,Manufacturing,0.646,2,2,3.63,0,8,0.4825541957331186,Medium,29,13.99407167626044,Month-to-month contract + Low feature adoption,Product training / onboarding + Renewal / contract intervention
C01064,Basic,1-Year,PayPal,India,Education,0.894,4,1,5.0,0,7,0.061473764793616575,Low,29,1.7827391790148808,No major warning signal,Standard customer success monitoring
C01065,Pro,Month-to-month,Credit Card,Canada,Education,0.671,4,0,4.84,1,2,0.28825976973171985,Low,79,22.77252180880587,Billing friction + Month-to-month contract,Resolve billing issue + Renewal / contract intervention
C01066,Basic,2-Year,Credit Card,India,Finance,0.64,3,4,4.24,0,11,0.3263713628860547,Medium,29,9.464769523695585,High support activity,Priority support review
C01069,Basic,Month-to-month,Credit Card,Germany,SaaS/Tech,0.766,2,0,3.01,0,12,0.3625532900650653,Medium,29,10.514045411886894,Month-to-month contract + Low feature adoption,Product training / onboarding + Renewal / contract intervention
C01071,Pro,Month-to-month,Credit Card,India,Healthcare,0.256,7,1,2.52,1,5,0.7204742308534428,High,79,56.917464237421974,Low engagement + Low satisfaction + Billing friction + Month-to-month contract,Resolve billing issue + Customer success outreach + Increase product engagement + Renewal / contract intervention
C01072,Pro,1-Year,Credit Card,USA,Marketing/Agency,0.73,4,1,4.72,2,8,0.4779993952668386,Medium,79,37.76195222608025,Billing friction,Resolve billing issue
C01073,Pro,1-Year,Credit Card,India,Finance,0.402,2,1,4.19,2,4,0.7549816100334282,High,79,59.64354719264083,Billing friction + Low feature adoption,Resolve billing issue + Product training / onboarding
C01074,Basic,1-Year,Credit Card,USA,Finance,0.318,5,2,3.76,0,4,0.296941417338815,Low,29,8.611301102825635,Low engagement,Increase product engagement
C01075,Enterprise,2-Year,Credit Card,Germany,Healthcare,0.826,2,3,3.75,1,5,0.44760175023845855,Medium,199,89.07274829745324,Billing friction + High support activity + Low feature adoption,Resolve billing issue + Product training / onboarding + Priority support review
C01077,Basic,1-Year,PayPal,USA,Healthcare,0.89,6,2,4.35,0,9,0.07308849034458641,Low,29,2.119566219993006,No major warning signal,Standard customer success monitoring
C01080,Basic,Month-to-month,Manual Invoice,Australia,Marketing/Agency,0.5,2,1,3.3,0,3,0.4889628519943343,Medium,29,14.179922707835695,Month-to-month contract + Low feature adoption,Product training / onboarding + Renewal / contract intervention
C01081,Enterprise,1-Year,Credit Card,Australia,SaaS/Tech,0.686,6,0,5.0,0,5,0.05255989212866868,Low,199,10.459418533605067,No major warning signal,Standard customer success monitoring
C01082,Pro,Month-to-month,Manual Invoice,India,Marketing/Agency,0.6,0,1,4.68,1,40,0.6934866072046553,High,79,54.78544196916776,Billing friction + Inactivity + Month-to-month contract + Low feature adoption,Resolve billing issue + Launch re-engagement campaign + Product training / onboarding + Renewal / contract intervention
C01083,Basic,2-Year,ACH/Bank Transfer,UK,SaaS/Tech,0.794,9,0,3.52,0,3,0.04866709914014433,Low,29,1.4113458750641856,No major warning signal,Standard customer success monitoring
C01085,Enterprise,2-Year,PayPal,UK,Nonprofit,0.504,3,2,5.0,1,18,0.3990107843738832,Medium,199,79.40314609040276,Billing friction,Resolve billing issue
C01086,Basic,1-Year,Credit Card,India,Healthcare,0.623,4,2,5.0,0,24,0.16662170012236793,Low,29,4.83202930354867,No major warning signal,Standard customer success monitoring
C01087,Basic,1-Year,Credit Card,Germany,E-commerce,0.483,3,2,4.62,1,2,0.39746004791359135,Medium,29,11.52634138949415,Billing friction,Resolve billing issue
C01088,Pro,1-Year,Manual Invoice,UK,Healthcare,0.72,7,1,5.0,0,5,0.04008507155296664,Low,79,3.1667206526843645,No major warning signal,Standard customer success monitoring
C01089,Basic,Month-to-month,ACH/Bank Transfer,USA,Finance,0.63,5,2,5.0,2,4,0.6023582647599881,High,29,17.468389678039657,Billing friction + Month-to-month contract,Resolve billing issue + Renewal / contract intervention
C01090,Pro,Month-to-month,PayPal,USA,SaaS/Tech,0.689,4,3,3.17,1,19,0.7479061997814569,High,79,59.084589782735094,Billing friction + High support activity + Month-to-month contract,Resolve billing issue + Priority support review + Renewal / contract intervention
C01091,Basic,1-Year,ACH/Bank Transfer,India,Healthcare,0.543,6,2,5.0,1,0,0.2193764387715075,Low,29,6.361916724373717,Billing friction,Resolve billing issue
C01092,Basic,1-Year,Credit Card,UK,Nonprofit,0.382,1,0,3.42,2,5,0.832975699648358,High,29,24.156295289802383,Low engagement + Billing friction + Low feature adoption,Resolve billing issue + Increase product engagement + Product training / onboarding
C01093,Basic,Month-to-month,Credit Card,USA,SaaS/Tech,0.671,3,2,4.2,0,47,0.4954298787752891,Medium,29,14.367466484483383,Inactivity + Month-to-month contract,Launch re-engagement campaign + Renewal / contract intervention
C01094,Enterprise,1-Year,ACH/Bank Transfer,Germany,Education,0.373,0,3,2.97,0,0,0.6729453713020958,High,199,133.91612888911706,Low engagement + Low satisfaction + High support activity + Low feature adoption,Customer success outreach + Increase product engagement + Product training / onboarding + Priority support review
C01097,Pro,1-Year,PayPal,USA,Healthcare,0.768,6,1,3.54,2,4,0.45619566296379344,Medium,79,36.03945737413968,Billing friction,Resolve billing issue
C01099,Enterprise,Month-to-month,ACH/Bank Transfer,UK,Marketing/Agency,0.604,3,1,4.15,1,11,0.6321223515452097,High,199,125.79234795749673,Billing friction + Month-to-month contract,Resolve billing issue + Renewal / contract intervention
C01100,Pro,Month-to-month,Credit Card,Germany,Education,0.699,4,1,2.89,1,0,0.5859370076899392,Medium,79,46.28902360750519,Low satisfaction + Billing friction + Month-to-month contract,Resolve billing issue + Customer success outreach + Renewal / contract intervention
C01101,Pro,1-Year,Manual Invoice,Germany,Nonprofit,0.34,0,0,2.82,0,1,0.4378047790870584,Medium,79,34.58657754787761,Low engagement + Low satisfaction + Low feature adoption,Customer success outreach + Increase product engagement + Product training / onboarding
C01104,Basic,Month-to-month,ACH/Bank Transfer,UK,Healthcare,0.336,1,1,5.0,0,0,0.4000459258202006,Medium,29,11.601331848785817,Low engagement + Month-to-month contract + Low feature adoption,Increase product engagement + Product training / onboarding + Renewal / contract intervention
C01105,Enterprise,2-Year,Manual Invoice,India,Finance,0.575,5,0,4.3,2,13,0.3688295337192232,Medium,199,73.39707721012542,Billing friction,Resolve billing issue
C01106,Pro,1-Year,PayPal,India,Manufacturing,0.522,5,2,4.08,1,5,0.3729588018671195,Medium,79,29.46374534750244,Billing friction,Resolve billing issue
C01107,Pro,Month-to-month,ACH/Bank Transfer,UK,Education,0.451,6,1,3.79,0,9,0.3417176350060568,Medium,79,26.995693165478485,Month-to-month contract,Renewal / contract intervention
C01109,Basic,1-Year,PayPal,Australia,Marketing/Agency,0.596,1,1,4.42,1,0,0.4689497089515988,Medium,29,13.599541559596366,Billing friction + Low feature adoption,Resolve billing issue + Product training / onboarding
C01110,Pro,Month-to-month,Credit Card,USA,Healthcare,0.416,5,2,3.18,0,9,0.5050700450005223,Medium,79,39.900533555041264,Month-to-month contract,Renewal / contract intervention
C01111,Basic,1-Year,Credit Card,Australia,Manufacturing,0.862,7,1,4.87,0,13,0.04740984834861119,Low,29,1.3748856021097247,No major warning signal,Standard customer success monitoring
C01115,Basic,Month-to-month,Credit Card,USA,E-commerce,0.419,4,0,5.0,0,15,0.21181137695075353,Low,29,6.142529931571852,Month-to-month contract,Renewal / contract intervention
C01116,Basic,Month-to-month,Credit Card,India,Manufacturing,0.263,1,2,3.09,0,14,0.7654965710200005,High,29,22.199400559580013,Low engagement + Month-to-month contract + Low feature adoption,Increase product engagement + Product training / onboarding + Renewal / contract intervention
C01117,Basic,Month-to-month,Credit Card,Germany,Education,0.526,4,3,3.72,0,5,0.4505055510401563,Medium,29,13.064660980164533,High support activity + Month-to-month contract,Priority support review + Renewal / contract intervention
C01118,Basic,1-Year,ACH/Bank Transfer,India,E-commerce,0.373,3,0,5.0,1,4,0.31975188689524975,Medium,29,9.272804719962243,Low engagement + Billing friction,Resolve billing issue + Increase product engagement
C01119,Pro,Month-to-month,Credit Card,USA,Manufacturing,0.614,8,3,2.88,0,5,0.3426498950691967,Medium,79,27.06934171046654,Low satisfaction + High support activity + Month-to-month contract,Customer success outreach + Priority support review + Renewal / contract intervention
C01120,Enterprise,1-Year,Credit Card,India,E-commerce,0.513,2,2,5.0,0,5,0.22512351377585427,Low,199,44.799579241395,Low feature adoption,Product training / onboarding
C01121,Basic,1-Year,ACH/Bank Transfer,UK,Finance,0.714,8,2,5.0,1,13,0.1647486717316224,Low,29,4.777711480217049,Billing friction,Resolve billing issue
C01122,Pro,Month-to-month,Credit Card,India,Finance,0.672,3,1,3.29,0,6,0.4063810119024068,Medium,79,32.10409994029013,Month-to-month contract,Renewal / contract intervention
C01126,Pro,2-Year,PayPal,UK,SaaS/Tech,0.531,6,2,5.0,0,9,0.10195743697448675,Low,79,8.054637520984453,No major warning signal,Standard customer success monitoring
C01127,Pro,1-Year,Credit Card,India,Education,0.417,4,0,5.0,1,0,0.2459949881846191,Low,79,19.43360406658491,Billing friction,Resolve billing issue
C01128,Pro,2-Year,ACH/Bank Transfer,Germany,Healthcare,0.686,6,2,5.0,2,12,0.3536776859008529,Medium,79,27.94053718616738,Billing friction,Resolve billing issue
C01129,Basic,1-Year,PayPal,USA,Finance,0.642,10,0,4.56,2,10,0.17580032730193826,Low,29,5.09820949175621,Billing friction,Resolve billing issue
C01130,Basic,1-Year,Credit Card,India,Finance,0.889,4,1,4.34,0,23,0.12914500253523267,Low,29,3.7452050735217477,No major warning signal,Standard customer success monitoring
C01131,Pro,1-Year,Credit Card,India,Marketing/Agency,0.569,3,1,4.32,1,0,0.39801317379963164,Medium,79,31.4430407301709,Billing friction,Resolve billing issue
C01132,Basic,Month-to-month,ACH/Bank Transfer,Canada,Education,0.624,4,1,5.0,0,1,0.18134906101993706,Low,29,5.259122769578175,Month-to-month contract,Renewal / contract intervention
C01133,Pro,Month-to-month,Credit Card,USA,E-commerce,0.738,5,3,4.13,0,13,0.3298740050238504,Medium,79,26.060046396884182,High support activity + Month-to-month contract,Priority support review + Renewal / contract intervention
C01134,Pro,Month-to-month,Credit Card,USA,Manufacturing,0.591,8,2,4.73,0,14,0.13802174555611446,Low,79,10.903717898933042,Month-to-month contract,Renewal / contract intervention
C01135,Pro,Month-to-month,ACH/Bank Transfer,USA,E-commerce,0.314,5,1,2.93,0,9,0.5545252809938134,Medium,79,43.80749719851126,Low engagement + Low satisfaction + Month-to-month contract,Customer success outreach + Increase product engagement + Renewal / contract intervention
C01136,Pro,1-Year,PayPal,USA,Healthcare,0.475,8,0,4.69,1,19,0.15469995991736155,Low,79,12.221296833471563,Billing friction,Resolve billing issue
C01138,Enterprise,2-Year,PayPal,Australia,Healthcare,0.393,6,3,3.85,1,4,0.4691278255103822,Medium,199,93.35643727656606,Low engagement + Billing friction + High support activity,Resolve billing issue + Increase product engagement + Priority support review
C01139,Pro,Month-to-month,Credit Card,USA,Healthcare,0.721,3,2,4.85,0,11,0.24878000625134764,Low,79,19.65362049385646,Month-to-month contract,Renewal / contract intervention
C01140,Pro,1-Year,PayPal,India,Manufacturing,0.378,3,2,2.34,0,6,0.5673668772274605,Medium,79,44.82198330096938,Low engagement + Low satisfaction,Customer success outreach + Increase product engagement
C01141,Enterprise,1-Year,Credit Card,Canada,Nonprofit,0.684,6,4,3.37,2,1,0.7463447248794776,High,199,148.52260025101603,Billing friction + High support activity,Resolve billing issue + Priority support review
C01143,Basic,Month-to-month,Credit Card,USA,Manufacturing,0.082,5,1,4.75,0,10,0.33098750106023395,Medium,29,9.598637530746785,Low engagement + Month-to-month contract,Increase product engagement + Renewal / contract intervention
C01145,Pro,Month-to-month,Manual Invoice,Germany,Manufacturing,0.289,7,1,4.67,0,6,0.1291511125936851,Low,79,10.202937894901124,Low engagement + Month-to-month contract,Increase product engagement + Renewal / contract intervention
C01147,Pro,Month-to-month,Manual Invoice,India,Manufacturing,0.272,2,1,4.98,0,5,0.29444718877929377,Low,79,23.26132791356421,Low engagement + Month-to-month contract + Low feature adoption,Increase product engagement + Product training / onboarding + Renewal / contract intervention
C01148,Basic,2-Year,Credit Card,Canada,Education,0.892,2,0,3.0,0,0,0.18355587535393708,Low,29,5.3231203852641755,Low feature adoption,Product training / onboarding
C01150,Basic,Month-to-month,Credit Card,USA,Nonprofit,0.216,2,1,5.0,0,2,0.38060709609821547,Medium,29,11.037605786848248,Low engagement + Month-to-month contract + Low feature adoption,Increase product engagement + Product training / onboarding + Renewal / contract intervention
C01151,Basic,1-Year,ACH/Bank Transfer,USA,Manufacturing,0.02,4,3,4.24,2,6,0.8529250087184345,High,29,24.7348252528346,Low engagement + Billing friction + High support activity,Resolve billing issue + Increase product engagement + Priority support review
C01152,Pro,Month-to-month,Credit Card,Germany,Healthcare,0.867,5,0,2.72,0,13,0.2360357140609566,Low,79,18.646821410815573,Low satisfaction + Month-to-month contract,Customer success outreach + Renewal / contract intervention
C01153,Pro,2-Year,PayPal,India,Finance,0.865,5,0,3.57,1,25,0.2575721602669039,Low,79,20.348200661085407,Billing friction,Resolve billing issue
C01154,Basic,Month-to-month,ACH/Bank Transfer,USA,SaaS/Tech,0.563,4,2,4.35,0,1,0.29221569003519376,Low,29,8.474255011020619,Month-to-month contract,Renewal / contract intervention
C01155,Basic,2-Year,Credit Card,USA,Healthcare,0.216,4,2,4.54,2,17,0.7349907335376016,High,29,21.314731272590446,Low engagement + Billing friction,Resolve billing issue + Increase product engagement
C01156,Basic,Month-to-month,Credit Card,UK,SaaS/Tech,0.461,7,0,5.0,0,3,0.1010810647353524,Low,29,2.9313508773252197,Month-to-month contract,Renewal / contract intervention
C01157,Pro,1-Year,ACH/Bank Transfer,India,SaaS/Tech,0.7,3,1,5.0,1,9,0.273583630231113,Low,79,21.613106788257927,Billing friction,Resolve billing issue
C01158,Enterprise,2-Year,Credit Card,Germany,Nonprofit,0.534,4,2,4.31,0,15,0.19598198968691996,Low,199,39.00041594769707,No major warning signal,Standard customer success monitoring
C01159,Pro,2-Year,PayPal,UK,Healthcare,1.0,4,1,4.45,2,3,0.31458118149681724,Medium,79,24.85191333824856,Billing friction,Resolve billing issue
C01160,Enterprise,Month-to-month,ACH/Bank Transfer,USA,Healthcare,0.682,7,1,3.38,0,0,0.1898262045360444,Low,199,37.77541470267283,Month-to-month contract,Renewal / contract intervention
C01161,Pro,1-Year,Credit Card,UK,SaaS/Tech,0.391,4,0,5.0,2,12,0.537114441304638,Medium,79,42.432040863066405,Low engagement + Billing friction,Resolve billing issue + Increase product engagement
C01162,Pro,Month-to-month,Credit Card,Australia,Finance,0.202,3,0,3.72,1,6,0.7431477920460641,High,79,58.70867557163906,Low engagement + Billing friction + Month-to-month contract,Resolve billing issue + Increase product engagement + Renewal / contract intervention
C01163,Pro,1-Year,ACH/Bank Transfer,USA,SaaS/Tech,1.0,4,1,3.74,0,17,0.13422217555256621,Low,79,10.603551868652731,No major warning signal,Standard customer success monitoring
C01164,Enterprise,2-Year,Credit Card,Germany,Marketing/Agency,0.338,7,4,5.0,0,2,0.16003137981115395,Low,199,31.846244582419637,Low engagement + High support activity,Increase product engagement + Priority support review
C01165,Enterprise,2-Year,PayPal,UK,Education,0.529,6,0,5.0,1,17,0.16601470401415402,Low,199,33.03692609881665,Billing friction,Resolve billing issue
C01166,Basic,Month-to-month,PayPal,Australia,Marketing/Agency,1.0,6,0,2.75,2,17,0.6648928139186908,High,29,19.281891603642034,Low satisfaction + Billing friction + Month-to-month contract,Resolve billing issue + Customer success outreach + Renewal / contract intervention
C01167,Enterprise,1-Year,Credit Card,USA,E-commerce,0.624,2,1,3.44,0,12,0.33215523711086337,Medium,199,66.09889218506181,Low feature adoption,Product training / onboarding
C01168,Pro,1-Year,ACH/Bank Transfer,Germany,Nonprofit,0.631,1,1,2.93,1,11,0.680524414883813,High,79,53.76142877582122,Low satisfaction + Billing friction + Low feature adoption,Resolve billing issue + Customer success outreach + Product training / onboarding
C01169,Pro,2-Year,Credit Card,Australia,Education,0.473,4,0,3.5,1,14,0.4635554905142035,Medium,79,36.62088375062208,Billing friction,Resolve billing issue
C01170,Basic,2-Year,ACH/Bank Transfer,USA,Finance,0.25,5,0,5.0,1,3,0.2274436156235211,Low,29,6.595864853082112,Low engagement + Billing friction,Resolve billing issue + Increase product engagement
C01172,Basic,Month-to-month,Credit Card,India,Marketing/Agency,1.0,4,1,3.31,2,25,0.7568129397509695,High,29,21.947575252778115,Billing friction + Month-to-month contract,Resolve billing issue + Renewal / contract intervention
C01173,Enterprise,1-Year,Credit Card,India,E-commerce,0.722,4,2,4.25,0,5,0.16929353499012115,Low,199,33.68941346303411,No major warning signal,Standard customer success monitoring
C01174,Pro,Month-to-month,PayPal,Germany,SaaS/Tech,0.489,5,0,5.0,0,8,0.12574364963794823,Low,79,9.93374832139791,Month-to-month contract,Renewal / contract intervention
C01176,Pro,2-Year,PayPal,USA,E-commerce,0.309,3,0,3.97,0,8,0.22290962497826244,Low,79,17.609860373282732,Low engagement,Increase product engagement
C01178,Pro,Month-to-month,PayPal,USA,E-commerce,0.744,6,0,5.0,1,7,0.18118432077960886,Low,79,14.3135613415891,Billing friction + Month-to-month contract,Resolve billing issue + Renewal / contract intervention
C01179,Pro,1-Year,Manual Invoice,USA,Finance,1.0,3,1,4.48,0,7,0.06812505246683151,Low,79,5.381879144879689,No major warning signal,Standard customer success monitoring
C01180,Pro,Month-to-month,Credit Card,Australia,Healthcare,0.67,4,0,4.71,0,42,0.278056016855953,Low,79,21.966425331620286,Inactivity + Month-to-month contract,Launch re-engagement campaign + Renewal / contract intervention
C01181,Basic,Month-to-month,Credit Card,Australia,Healthcare,0.735,5,2,4.21,0,1,0.21850655278321898,Low,29,6.336690030713351,Month-to-month contract,Renewal / contract intervention
C01182,Basic,Month-to-month,Credit Card,Germany,Healthcare,0.694,5,0,5.0,0,22,0.11150538857423195,Low,29,3.2336562686527266,Month-to-month contract,Renewal / contract intervention
C01183,Enterprise,Month-to-month,Credit Card,USA,Marketing/Agency,0.802,2,2,5.0,0,3,0.20541758433141177,Low,199,40.878099281950945,Month-to-month contract + Low feature adoption,Product training / onboarding + Renewal / contract intervention
C01184,Basic,2-Year,PayPal,Germany,E-commerce,0.676,5,0,4.33,0,17,0.07796408659356435,Low,29,2.2609585112133663,No major warning signal,Standard customer success monitoring
C01185,Pro,1-Year,Credit Card,Canada,SaaS/Tech,0.365,8,0,3.82,0,2,0.11315404516543164,Low,79,8.939169568069099,Low engagement,Increase product engagement
C01186,Basic,Month-to-month,ACH/Bank Transfer,UK,SaaS/Tech,0.509,4,2,3.78,0,25,0.5374127202459383,Medium,29,15.584968887132211,Month-to-month contract,Renewal / contract intervention
C01187,Enterprise,1-Year,Credit Card,Canada,Manufacturing,0.502,2,4,5.0,1,0,0.5319297774807789,Medium,199,105.85402571867499,Billing friction + High support activity + Low feature adoption,Resolve billing issue + Product training / onboarding + Priority support review
C01188,Pro,Month-to-month,PayPal,Germany,Manufacturing,0.439,2,3,5.0,2,18,0.8294230802787618,High,79,65.52442334202217,Billing friction + High support activity + Month-to-month contract + Low feature adoption,Resolve billing issue + Product training / onboarding + Priority support review + Renewal / contract intervention
C01190,Basic,Month-to-month,Credit Card,India,Finance,0.981,5,1,3.71,0,2,0.15404659546813032,Low,29,4.467351268575779,Month-to-month contract,Renewal / contract intervention
C01191,Basic,1-Year,PayPal,USA,Marketing/Agency,0.551,2,1,3.57,1,0,0.5241921635558981,Medium,29,15.201572743121046,Billing friction + Low feature adoption,Resolve billing issue + Product training / onboarding
C01192,Pro,Month-to-month,Credit Card,Germany,Manufacturing,0.653,3,1,4.82,1,7,0.35436580447810834,Medium,79,27.994898553770557,Billing friction + Month-to-month contract,Resolve billing issue + Renewal / contract intervention
C01193,Pro,Month-to-month,Credit Card,India,Nonprofit,0.797,2,1,4.04,0,5,0.30924695093575444,Medium,79,24.4305091239246,Month-to-month contract + Low feature adoption,Product training / onboarding + Renewal / contract intervention
C01194,Enterprise,1-Year,PayPal,USA,E-commerce,0.505,5,1,2.48,0,9,0.3441121773729962,Medium,199,68.47832329722624,Low satisfaction,Customer success outreach
C01195,Basic,Month-to-month,ACH/Bank Transfer,USA,Marketing/Agency,0.408,8,0,5.0,2,3,0.43212218793249013,Medium,29,12.531543450042214,Billing friction + Month-to-month contract,Resolve billing issue + Renewal / contract intervention
C01197,Basic,Month-to-month,Credit Card,India,Nonprofit,0.377,6,2,3.61,0,17,0.45622922203881905,Medium,29,13.230647439125752,Low engagement + Month-to-month contract,Increase product engagement + Renewal / contract intervention
C01198,Enterprise,Month-to-month,PayPal,Canada,Healthcare,0.62,3,1,4.33,0,3,0.26374834210339493,Low,199,52.48592007857559,Month-to-month contract,Renewal / contract intervention
C01199,Pro,Month-to-month,ACH/Bank Transfer,Australia,E-commerce,0.866,2,0,3.23,0,8,0.3761713945389294,Medium,79,29.71754016857542,Month-to-month contract + Low feature adoption,Product training / onboarding + Renewal / contract intervention
C01200,Pro,1-Year,ACH/Bank Transfer,Australia,Finance,0.526,7,2,3.69,0,14,0.24475001516334977,Low,79,19.335251197904633,No major warning signal,Standard customer success monitoring
C01202,Pro,Month-to-month,Manual Invoice,India,Finance,0.591,6,2,4.59,0,0,0.15121650471887643,Low,79,11.946103872791237,Month-to-month contract,Renewal / contract intervention
C01203,Pro,2-Year,ACH/Bank Transfer,Germany,Healthcare,0.718,5,4,3.27,2,6,0.7378133935841099,High,79,58.287258093144686,Billing friction + High support activity,Resolve billing issue + Priority support review
C01204,Pro,Month-to-month,PayPal,Germany,Manufacturing,0.778,3,0,2.85,0,5,0.28139282050725767,Low,79,22.230032820073355,Low satisfaction + Month-to-month contract,Customer success outreach + Renewal / contract intervention
C01206,Pro,1-Year,ACH/Bank Transfer,Australia,Education,0.365,4,1,4.61,0,0,0.21471766026093475,Low,79,16.962695160613844,Low engagement,Increase product engagement
C01207,Basic,2-Year,ACH/Bank Transfer,Canada,Manufacturing,0.329,4,1,4.24,0,17,0.24444267933739977,Low,29,7.088837700784594,Low engagement,Increase product engagement
C01208,Pro,Month-to-month,Manual Invoice,Canada,E-commerce,0.328,5,0,2.3,1,3,0.7079083630311014,High,79,55.92476067945701,Low engagement + Low satisfaction + Billing friction + Month-to-month contract,Resolve billing issue + Customer success outreach + Increase product engagement + Renewal / contract intervention
C01209,Basic,Month-to-month,Credit Card,USA,Healthcare,0.515,2,1,4.48,2,1,0.7446184001796591,High,29,21.593933605210115,Billing friction + Month-to-month contract + Low feature adoption,Resolve billing issue + Product training / onboarding + Renewal / contract intervention
C01210,Basic,Month-to-month,Credit Card,Australia,SaaS/Tech,0.385,6,3,3.93,0,0,0.34977028193850745,Medium,29,10.143338176216716,Low engagement + High support activity + Month-to-month contract,Increase product engagement + Priority support review + Renewal / contract intervention
C01212,Enterprise,Month-to-month,Credit Card,Australia,Healthcare,0.321,2,4,4.3,0,1,0.6589784964909515,High,199,131.13672080169934,Low engagement + High support activity + Month-to-month contract + Low feature adoption,Increase product engagement + Product training / onboarding + Priority support review + Renewal / contract intervention
C01213,Enterprise,1-Year,Credit Card,USA,Education,0.369,5,1,2.84,0,5,0.34560024939985934,Medium,199,68.77444963057201,Low engagement + Low satisfaction,Customer success outreach + Increase product engagement
C01214,Enterprise,1-Year,Credit Card,UK,Nonprofit,0.851,0,1,4.3,2,5,0.6306930446510399,High,199,125.50791588555694,Billing friction + Low feature adoption,Resolve billing issue + Product training / onboarding
C01215,Enterprise,1-Year,ACH/Bank Transfer,India,Education,0.515,2,2,3.91,2,1,0.7875612121378273,High,199,156.72468121542764,Billing friction + Low feature adoption,Resolve billing issue + Product training / onboarding
C01216,Basic,2-Year,Credit Card,UK,E-commerce,0.742,8,3,3.03,0,14,0.2071859543588035,Low,29,6.008392676405301,High support activity,Priority support review
C01218,Pro,Month-to-month,ACH/Bank Transfer,USA,Manufacturing,0.695,5,0,3.57,1,28,0.48940739365051383,Medium,79,38.663184098390595,Billing friction + Month-to-month contract,Resolve billing issue + Renewal / contract intervention
C01219,Basic,1-Year,Credit Card,Australia,Manufacturing,0.989,5,0,3.71,0,8,0.07450836709098575,Low,29,2.160742645638587,No major warning signal,Standard customer success monitoring
C01221,Basic,Month-to-month,ACH/Bank Transfer,India,Nonprofit,0.491,3,0,4.1,0,1,0.30034385471609043,Medium,29,8.709971786766623,Month-to-month contract,Renewal / contract intervention
C01222,Enterprise,2-Year,ACH/Bank Transfer,Australia,SaaS/Tech,0.241,1,2,3.68,0,34,0.6810175648312341,High,199,135.5224954014156,Low engagement + Inactivity + Low feature adoption,Increase product engagement + Launch re-engagement campaign + Product training / onboarding
C01225,Enterprise,1-Year,Credit Card,Canada,Marketing/Agency,0.329,1,2,3.0,0,15,0.7034085672115248,High,199,139.97830487509344,Low engagement + Low feature adoption,Increase product engagement + Product training / onboarding
C01226,Basic,Month-to-month,Credit Card,UK,Nonprofit,0.274,6,1,3.6,2,0,0.8096964540887176,High,29,23.48119716857281,Low engagement + Billing friction + Month-to-month contract,Resolve billing issue + Increase product engagement + Renewal / contract intervention
C01227,Pro,Month-to-month,ACH/Bank Transfer,UK,Finance,0.785,1,3,2.85,2,0,0.9354410941403981,High,79,73.89984643709145,Low satisfaction + Billing friction + High support activity + Month-to-month contract + Low feature adoption,Resolve billing issue + Customer success outreach + Product training / onboarding + Priority support review + Renewal / contract intervention
C01230,Basic,1-Year,PayPal,India,Finance,0.685,3,3,4.29,2,12,0.706013974980112,High,29,20.474405274423248,Billing friction + High support activity,Resolve billing issue + Priority support review
C01231,Basic,Month-to-month,Credit Card,Canada,Healthcare,0.688,4,1,4.49,0,11,0.22293518932067924,Low,29,6.465120490299698,Month-to-month contract,Renewal / contract intervention
C01232,Basic,2-Year,Credit Card,India,Marketing/Agency,0.634,7,1,5.0,0,24,0.0749619243653378,Low,29,2.173895806594796,No major warning signal,Standard customer success monitoring
C01233,Basic,1-Year,PayPal,Australia,Healthcare,0.626,6,2,3.93,1,8,0.340778168291222,Medium,29,9.882566880445438,Billing friction,Resolve billing issue
C01234,Enterprise,Month-to-month,PayPal,UK,Finance,0.753,4,1,4.27,0,7,0.2166461588760683,Low,199,43.11258561633759,Month-to-month contract,Renewal / contract intervention
C01237,Basic,Month-to-month,Credit Card,India,Education,0.501,3,2,4.24,1,5,0.639248622558687,High,29,18.538210054201922,Billing friction + Month-to-month contract,Resolve billing issue + Renewal / contract intervention
C01238,Pro,Month-to-month,PayPal,USA,Manufacturing,0.48,6,2,4.95,1,29,0.4531220686772617,Medium,79,35.796643425503675,Billing friction + Month-to-month contract,Resolve billing issue + Renewal / contract intervention
C01239,Pro,2-Year,Credit Card,UK,Marketing/Agency,0.701,3,1,3.45,1,2,0.4617393541790094,Medium,79,36.477408980141746,Billing friction,Resolve billing issue
C01240,Pro,1-Year,Credit Card,UK,Manufacturing,0.504,0,1,3.6,0,7,0.4443784438698208,Medium,79,35.105897065715844,Low feature adoption,Product training / onboarding
C01241,Enterprise,1-Year,PayPal,USA,Education,0.718,4,1,5.0,0,25,0.11234027403090754,Low,199,22.3557145321506,No major warning signal,Standard customer success monitoring
C01242,Enterprise,Month-to-month,Credit Card,USA,Healthcare,0.76,0,3,3.68,0,1,0.5444734163866711,Medium,199,108.35020986094756,High support activity + Month-to-month contract + Low feature adoption,Product training / onboarding + Priority support review + Renewal / contract intervention
C01243,Basic,2-Year,Credit Card,USA,Nonprofit,0.733,1,1,4.49,1,4,0.3352366888313377,Medium,29,9.721863976108795,Billing friction + Low feature adoption,Resolve billing issue + Product training / onboarding
C01245,Pro,Month-to-month,PayPal,Canada,Manufacturing,0.424,4,0,2.49,0,13,0.5321240925347231,Medium,79,42.03780331024313,Low satisfaction + Month-to-month contract,Customer success outreach + Renewal / contract intervention
C01246,Basic,Month-to-month,Credit Card,Australia,Nonprofit,0.304,4,1,3.98,0,22,0.5195531852376267,Medium,29,15.067042371891175,Low engagement + Month-to-month contract,Increase product engagement + Renewal / contract intervention
C01247,Basic,1-Year,Credit Card,USA,Manufacturing,0.478,4,0,5.0,0,4,0.08554273922748921,Low,29,2.480739437597187,No major warning signal,Standard customer success monitoring
C01248,Basic,Month-to-month,Credit Card,UK,Nonprofit,0.591,3,1,3.89,0,100,0.7754829074792776,High,29,22.489004316899052,Inactivity + Month-to-month contract,Launch re-engagement campaign + Renewal / contract intervention
C01249,Basic,1-Year,Credit Card,Germany,E-commerce,0.866,1,1,3.47,0,5,0.2316926900814285,Low,29,6.719088012361427,Low feature adoption,Product training / onboarding
C01250,Basic,Month-to-month,Credit Card,Germany,Education,0.753,5,1,3.48,0,8,0.21276241854236017,Low,29,6.170110137728445,Month-to-month contract,Renewal / contract intervention
C01251,Enterprise,1-Year,PayPal,USA,Finance,0.557,6,0,4.12,0,23,0.11924071765061786,Low,199,23.728902812472953,No major warning signal,Standard customer success monitoring
C01252,Basic,1-Year,Credit Card,UK,Marketing/Agency,0.329,5,3,5.0,0,26,0.3388845458339849,Medium,29,9.827651829185562,Low engagement + High support activity,Increase product engagement + Priority support review
C01253,Basic,Month-to-month,Credit Card,Germany,Marketing/Agency,0.622,5,2,4.64,1,10,0.43449148284558736,Medium,29,12.600253002522033,Billing friction + Month-to-month contract,Resolve billing issue + Renewal / contract intervention
C01254,Enterprise,Month-to-month,PayPal,USA,Education,0.729,7,0,5.0,1,12,0.15818223650671687,Low,199,31.478265064836656,Billing friction + Month-to-month contract,Resolve billing issue + Renewal / contract intervention
C01255,Pro,Month-to-month,Credit Card,India,SaaS/Tech,0.317,6,1,4.44,0,2,0.24879294151638515,Low,79,19.654642379794428,Low engagement + Month-to-month contract,Increase product engagement + Renewal / contract intervention
C01256,Enterprise,Month-to-month,Credit Card,Australia,Finance,0.832,5,1,5.0,1,21,0.31454525799219557,Medium,199,62.59450634044692,Billing friction + Month-to-month contract,Resolve billing issue + Renewal / contract intervention
C01257,Basic,Month-to-month,Credit Card,USA,Manufacturing,0.733,3,2,4.12,2,0,0.7061902868909437,High,29,20.479518319837364,Billing friction + Month-to-month contract,Resolve billing issue + Renewal / contract intervention
C01258,Pro,2-Year,PayPal,Australia,Nonprofit,0.455,9,2,2.99,0,40,0.3141966214876608,Medium,79,24.821533097525204,Low satisfaction + Inactivity,Customer success outreach + Launch re-engagement campaign
C01260,Pro,2-Year,Credit Card,Germany,SaaS/Tech,0.538,5,2,5.0,1,1,0.20922687504065884,Low,79,16.52892312821205,Billing friction,Resolve billing issue
C01261,Enterprise,Month-to-month,PayPal,Germany,E-commerce,0.745,5,1,4.52,0,5,0.12994343462808758,Low,199,25.85874349098943,Month-to-month contract,Renewal / contract intervention
C01262,Basic,1-Year,Credit Card,India,Education,0.401,4,0,2.37,1,2,0.6105227039704033,High,29,17.705158415141696,Low satisfaction + Billing friction,Resolve billing issue + Customer success outreach
C01266,Enterprise,Month-to-month,Credit Card,USA,SaaS/Tech,0.739,3,1,3.4,1,18,0.6241475436978476,High,199,124.20536119587167,Billing friction + Month-to-month contract,Resolve billing issue + Renewal / contract intervention
C01268,Basic,2-Year,Credit Card,UK,Healthcare,0.513,6,2,4.41,0,37,0.2183514213866413,Low,29,6.332191220212597,Inactivity,Launch re-engagement campaign
C01269,Pro,2-Year,Credit Card,USA,Finance,0.391,3,2,4.21,0,4,0.28505667445499894,Low,79,22.519477281944916,Low engagement,Increase product engagement
C01272,Basic,Month-to-month,Credit Card,Germany,Healthcare,0.832,3,2,3.21,1,2,0.5730347181168179,Medium,29,16.61800682538772,Billing friction + Month-to-month contract,Resolve billing issue + Renewal / contract intervention
C01274,Basic,Month-to-month,ACH/Bank Transfer,Canada,Healthcare,0.02,3,2,4.64,2,3,0.9002775260721763,High,29,26.108048256093113,Low engagement + Billing friction + Month-to-month contract,Resolve billing issue + Increase product engagement + Renewal / contract intervention
C01275,Pro,2-Year,PayPal,Germany,E-commerce,0.742,4,1,3.69,0,1,0.12411073535230925,Low,79,9.804748092832432,No major warning signal,Standard customer success monitoring
C01276,Enterprise,Month-to-month,ACH/Bank Transfer,Australia,Healthcare,0.49,6,0,4.22,1,7,0.39608531668873603,Medium,199,78.82097802105847,Billing friction + Month-to-month contract,Resolve billing issue + Renewal / contract intervention
C01277,Basic,1-Year,Manual Invoice,Canada,SaaS/Tech,0.597,6,4,3.85,0,16,0.25314349251946866,Low,29,7.341161283064591,High support activity,Priority support review
C01278,Basic,Month-to-month,Credit Card,UK,Healthcare,1.0,4,1,3.99,0,6,0.16697845776288314,Low,29,4.8423752751236115,Month-to-month contract,Renewal / contract intervention
C01279,Pro,Month-to-month,PayPal,Canada,Education,0.679,6,3,2.04,1,2,0.7741929274030357,High,79,61.161241264839816,Low satisfaction + Billing friction + High support activity + Month-to-month contract,Resolve billing issue + Customer success outreach + Priority support review + Renewal / contract intervention
C01280,Basic,1-Year,Credit Card,USA,SaaS/Tech,0.729,3,1,4.43,1,24,0.3514257559588426,Medium,29,10.191346922806437,Billing friction,Resolve billing issue
C01281,Pro,2-Year,Manual Invoice,USA,E-commerce,0.474,3,0,4.36,0,29,0.1714567750278495,Low,79,13.545085227200111,No major warning signal,Standard customer success monitoring
C01282,Pro,Month-to-month,Credit Card,USA,Marketing/Agency,0.747,10,0,2.3,1,4,0.3483286682855056,Medium,79,27.517964794554945,Low satisfaction + Billing friction + Month-to-month contract,Resolve billing issue + Customer success outreach + Renewal / contract intervention
C01283,Enterprise,1-Year,PayPal,USA,E-commerce,0.467,5,0,4.44,2,9,0.4693840786804518,Medium,199,93.4074316574099,Billing friction,Resolve billing issue
C01286,Basic,Month-to-month,Credit Card,USA,SaaS/Tech,0.464,2,2,4.12,2,3,0.8503563042782958,High,29,24.66033282407058,Billing friction + Month-to-month contract + Low feature adoption,Resolve billing issue + Product training / onboarding + Renewal / contract intervention
C01287,Basic,Month-to-month,Credit Card,Australia,Education,0.518,3,1,3.88,0,5,0.40525308735654036,Medium,29,11.75233953333967,Month-to-month contract,Renewal / contract intervention
C01288,Pro,1-Year,Credit Card,Germany,SaaS/Tech,0.515,0,2,4.31,0,8,0.3658621921644004,Medium,79,28.90311318098763,Low feature adoption,Product training / onboarding
C01289,Basic,1-Year,PayPal,UK,Nonprofit,0.385,3,2,4.25,0,10,0.3453926324787331,Medium,29,10.01638634188326,Low engagement,Increase product engagement
C01290,Enterprise,Month-to-month,ACH/Bank Transfer,USA,Finance,0.403,3,1,3.63,0,19,0.5395783838469721,Medium,199,107.37609838554745,Month-to-month contract,Renewal / contract intervention
C01291,Basic,Month-to-month,Credit Card,Canada,SaaS/Tech,0.246,2,0,3.93,0,5,0.48702503775001155,Medium,29,14.123726094750335,Low engagement + Month-to-month contract + Low feature adoption,Increase product engagement + Product training / onboarding + Renewal / contract intervention
C01292,Basic,Month-to-month,Credit Card,Australia,Finance,0.892,4,1,4.79,0,1,0.13200625608667466,Low,29,3.828181426513565,Month-to-month contract,Renewal / contract intervention
C01293,Pro,2-Year,Credit Card,UK,Finance,0.519,3,0,4.3,0,0,0.15354301601775855,Low,79,12.129898265402925,No major warning signal,Standard customer success monitoring
C01294,Basic,2-Year,Credit Card,USA,Manufacturing,0.759,7,2,3.47,1,23,0.28901281706902326,Low,29,8.381371695001675,Billing friction,Resolve billing issue
C01295,Basic,Month-to-month,Credit Card,USA,SaaS/Tech,0.548,7,4,4.45,1,2,0.48726588124852654,Medium,29,14.13071055620727,Billing friction + High support activity + Month-to-month contract,Resolve billing issue + Priority support review + Renewal / contract intervention
C01297,Pro,Month-to-month,ACH/Bank Transfer,Germany,SaaS/Tech,0.376,7,1,3.36,0,2,0.29808616858933895,Low,79,23.548807318557778,Low engagement + Month-to-month contract,Increase product engagement + Renewal / contract intervention
C01298,Enterprise,Month-to-month,Credit Card,Germany,Nonprofit,0.755,1,1,5.0,1,32,0.5337043630302599,Medium,199,106.20716824302173,Billing friction + Inactivity + Month-to-month contract + Low feature adoption,Resolve billing issue + Launch re-engagement campaign + Product training / onboarding + Renewal / contract intervention
C01300,Basic,Month-to-month,Credit Card,Australia,Education,0.564,6,1,4.3,0,9,0.2146685306171735,Low,29,6.2253873878980315,Month-to-month contract,Renewal / contract intervention
C01301,Enterprise,1-Year,Credit Card,UK,Healthcare,0.545,3,1,4.62,0,8,0.18669692015063813,Low,199,37.15268710997699,No major warning signal,Standard customer success monitoring
C01302,Pro,2-Year,ACH/Bank Transfer,Australia,Marketing/Agency,0.611,1,0,3.09,0,0,0.35078389419955713,Medium,79,27.711927641765012,Low feature adoption,Product training / onboarding
C01303,Basic,1-Year,Credit Card,India,Nonprofit,0.463,1,1,3.39,0,3,0.42751012982749603,Medium,29,12.397793764997385,Low feature adoption,Product training / onboarding
C01304,Basic,Month-to-month,Credit Card,India,SaaS/Tech,0.37,5,2,3.5,2,3,0.8474998463685038,High,29,24.577495544686613,Low engagement + Billing friction + Month-to-month contract,Resolve billing issue + Increase product engagement + Renewal / contract intervention
C01305,Basic,1-Year,ACH/Bank Transfer,USA,E-commerce,0.695,3,1,3.29,0,12,0.29075431264064516,Low,29,8.43187506657871,No major warning signal,Standard customer success monitoring
C01307,Basic,Month-to-month,Credit Card,USA,Manufacturing,0.23,8,0,5.0,0,9,0.11364284662404488,Low,29,3.2956425520973016,Low engagement + Month-to-month contract,Increase product engagement + Renewal / contract intervention
C01308,Pro,1-Year,Credit Card,India,SaaS/Tech,0.693,2,0,3.73,2,1,0.6173355976012723,High,79,48.769512210500515,Billing friction + Low feature adoption,Resolve billing issue + Product training / onboarding
C01309,Enterprise,Month-to-month,Credit Card,Australia,Nonprofit,0.576,3,0,4.77,0,5,0.2185960907062494,Low,199,43.50062205054363,Month-to-month contract,Renewal / contract intervention
C01311,Pro,1-Year,Credit Card,Germany,Nonprofit,0.754,6,0,1.75,0,50,0.40500619258615783,Medium,79,31.99548921430647,Low satisfaction + Inactivity,Customer success outreach + Launch re-engagement campaign
C01312,Pro,1-Year,Credit Card,Canada,Finance,0.461,3,0,4.3,0,2,0.1958281003203938,Low,79,15.470419925311111,No major warning signal,Standard customer success monitoring
C01314,Enterprise,Month-to-month,Credit Card,USA,Education,0.712,3,1,3.68,1,5,0.5484520613004515,Medium,199,109.14196019878986,Billing friction + Month-to-month contract,Resolve billing issue + Renewal / contract intervention
C01315,Basic,1-Year,Credit Card,UK,Finance,0.732,3,1,4.82,0,19,0.15757146326781798,Low,29,4.569572434766721,No major warning signal,Standard customer success monitoring
C01316,Pro,Month-to-month,PayPal,India,Manufacturing,0.25,5,3,2.42,0,1,0.6961755766319856,High,79,54.99787055392686,Low engagement + Low satisfaction + High support activity + Month-to-month contract,Customer success outreach + Increase product engagement + Priority support review + Renewal / contract intervention
C01318,Pro,2-Year,PayPal,UK,Healthcare,0.615,4,0,4.57,1,2,0.19551972765209083,Low,79,15.446058484515175,Billing friction,Resolve billing issue
C01319,Enterprise,1-Year,Credit Card,USA,Manufacturing,0.764,3,0,5.0,2,3,0.3143923341479989,Medium,199,62.56407449545178,Billing friction,Resolve billing issue
C01321,Basic,Month-to-month,Credit Card,India,Marketing/Agency,0.501,6,0,4.43,1,37,0.4925197597216589,Medium,29,14.283073031928108,Billing friction + Inactivity + Month-to-month contract,Resolve billing issue + Launch re-engagement campaign + Renewal / contract intervention
C01324,Basic,1-Year,Credit Card,India,Marketing/Agency,0.775,3,2,3.71,1,14,0.5138683768563973,Medium,29,14.902182928835522,Billing friction,Resolve billing issue
C01325,Enterprise,Month-to-month,Credit Card,USA,Manufacturing,0.831,1,3,4.21,1,0,0.6014140014835077,High,199,119.68138629521802,Billing friction + High support activity + Month-to-month contract + Low feature adoption,Resolve billing issue + Product training / onboarding + Priority support review + Renewal / contract intervention
C01326,Basic,1-Year,PayPal,Australia,Manufacturing,0.348,3,1,3.19,0,17,0.44586690370584403,Medium,29,12.930140207469478,Low engagement,Increase product engagement
C01328,Basic,Month-to-month,Credit Card,UK,Nonprofit,0.748,1,2,4.15,0,57,0.6665731978450503,High,29,19.33062273750646,Inactivity + Month-to-month contract + Low feature adoption,Launch re-engagement campaign + Product training / onboarding + Renewal / contract intervention
C01329,Pro,1-Year,ACH/Bank Transfer,UK,Manufacturing,0.542,4,1,3.12,1,29,0.649354986353109,High,79,51.29904392189561,Billing friction,Resolve billing issue
C01330,Pro,Month-to-month,ACH/Bank Transfer,India,Education,0.559,1,1,4.34,0,2,0.4074364215181372,Medium,79,32.18747729993284,Month-to-month contract + Low feature adoption,Product training / onboarding + Renewal / contract intervention
C01333,Basic,2-Year,ACH/Bank Transfer,UK,Education,0.307,3,1,3.47,0,28,0.49083066568484035,Medium,29,14.23408930486037,Low engagement,Increase product engagement
C01334,Pro,Month-to-month,PayPal,Canada,Education,0.301,6,2,3.9,0,0,0.350302118264492,Medium,79,27.673867342894866,Low engagement + Month-to-month contract,Increase product engagement + Renewal / contract intervention
C01335,Enterprise,Month-to-month,ACH/Bank Transfer,India,Finance,0.424,2,1,3.62,0,8,0.5371543362781612,Medium,199,106.89371291935409,Month-to-month contract + Low feature adoption,Product training / onboarding + Renewal / contract intervention
C01336,Pro,1-Year,Credit Card,USA,E-commerce,0.529,5,1,3.99,0,2,0.1671441651178402,Low,79,13.204389044309375,No major warning signal,Standard customer success monitoring
C01338,Basic,1-Year,ACH/Bank Transfer,Germany,Nonprofit,0.415,4,1,4.81,0,7,0.15613437083318962,Low,29,4.527896754162499,No major warning signal,Standard customer success monitoring
C01339,Basic,1-Year,ACH/Bank Transfer,Canada,Manufacturing,0.698,2,1,4.36,0,1,0.17413566121731835,Low,29,5.049934175302233,Low feature adoption,Product training / onboarding
C01340,Pro,Month-to-month,Credit Card,USA,E-commerce,0.603,6,1,3.8,2,12,0.7038616885156267,High,79,55.60507339273451,Billing friction + Month-to-month contract,Resolve billing issue + Renewal / contract intervention
C01341,Pro,Month-to-month,Credit Card,India,Finance,0.461,4,3,4.25,1,3,0.6791744744147032,High,79,53.65478347876156,Billing friction + High support activity + Month-to-month contract,Resolve billing issue + Priority support review + Renewal / contract intervention
C01342,Basic,Month-to-month,ACH/Bank Transfer,UK,SaaS/Tech,0.409,4,1,4.34,0,13,0.37248583607387353,Medium,29,10.802089246142332,Month-to-month contract,Renewal / contract intervention
C01343,Basic,Month-to-month,Credit Card,Australia,Nonprofit,0.566,7,3,2.63,0,6,0.5117970614270742,Medium,29,14.84211478138515,Low satisfaction + High support activity + Month-to-month contract,Customer success outreach + Priority support review + Renewal / contract intervention
C01347,Basic,Month-to-month,ACH/Bank Transfer,Canada,Manufacturing,0.654,4,2,4.4,0,1,0.26231342427097026,Low,29,7.607089303858138,Month-to-month contract,Renewal / contract intervention
C01351,Basic,Month-to-month,Credit Card,USA,Education,0.457,5,1,4.51,0,13,0.2558507085164302,Low,29,7.4196705469764765,Month-to-month contract,Renewal / contract intervention
C01352,Pro,1-Year,Credit Card,USA,SaaS/Tech,0.491,4,2,5.0,2,8,0.5761263761897286,Medium,79,45.51398371898856,Billing friction,Resolve billing issue
C01353,Pro,2-Year,Credit Card,USA,SaaS/Tech,0.435,5,2,5.0,0,5,0.1271554343090206,Low,79,10.045279310412628,No major warning signal,Standard customer success monitoring
C01355,Basic,2-Year,Credit Card,UK,Marketing/Agency,0.351,5,2,5.0,0,17,0.20315549719185472,Low,29,5.891509418563786,Low engagement,Increase product engagement
C01356,Basic,1-Year,PayPal,USA,Healthcare,0.572,6,0,4.05,0,32,0.13424875156233013,Low,29,3.893213795307574,Inactivity,Launch re-engagement campaign
C01357,Enterprise,Month-to-month,PayPal,Australia,Finance,0.657,4,0,3.76,1,23,0.5442234834053828,Medium,199,108.30047319767118,Billing friction + Month-to-month contract,Resolve billing issue + Renewal / contract intervention
C01358,Pro,1-Year,Credit Card,UK,Education,0.446,4,1,3.89,1,35,0.625418230853224,High,79,49.4080402374047,Billing friction + Inactivity,Resolve billing issue + Launch re-engagement campaign
C01359,Pro,Month-to-month,Credit Card,USA,Education,0.737,4,2,5.0,2,22,0.6806754000043289,High,79,53.773356600341984,Billing friction + Month-to-month contract,Resolve billing issue + Renewal / contract intervention
C01360,Basic,Month-to-month,Credit Card,USA,SaaS/Tech,0.65,6,2,3.72,1,0,0.42517427786506556,Medium,29,12.330054058086901,Billing friction + Month-to-month contract,Resolve billing issue + Renewal / contract intervention
C01361,Pro,1-Year,Credit Card,Germany,Finance,0.534,6,2,4.76,1,3,0.2428260531516665,Low,79,19.183258198981655,Billing friction,Resolve billing issue
C01363,Pro,2-Year,PayPal,Australia,SaaS/Tech,0.02,4,0,4.42,0,25,0.31466486483976,Medium,79,24.858524322341037,Low engagement,Increase product engagement
C01364,Basic,Month-to-month,Credit Card,UK,Manufacturing,0.321,4,0,3.54,0,30,0.5045923040634238,Medium,29,14.63317681783929,Low engagement + Month-to-month contract,Increase product engagement + Renewal / contract intervention
C01365,Pro,Month-to-month,Credit Card,Germany,Manufacturing,0.171,4,3,4.81,0,22,0.5083475156950962,Medium,79,40.1594537399126,Low engagement + High support activity + Month-to-month contract,Increase product engagement + Priority support review + Renewal / contract intervention
C01367,Basic,2-Year,PayPal,UK,Manufacturing,0.664,2,0,5.0,0,5,0.08644891901495512,Low,29,2.5070186514336985,Low feature adoption,Product training / onboarding
C01368,Enterprise,Month-to-month,Credit Card,UK,Finance,0.407,2,2,4.88,1,12,0.6886554344186145,High,199,137.0424314493043,Billing friction + Month-to-month contract + Low feature adoption,Resolve billing issue + Product training / onboarding + Renewal / contract intervention
C01369,Pro,Month-to-month,PayPal,India,E-commerce,0.938,5,0,3.74,1,2,0.2748563280913668,Low,79,21.713649919217975,Billing friction + Month-to-month contract,Resolve billing issue + Renewal / contract intervention
C01370,Basic,1-Year,PayPal,USA,Finance,0.486,5,0,3.71,0,3,0.14469578688256537,Low,29,4.1961778195943955,No major warning signal,Standard customer success monitoring
C01371,Pro,1-Year,ACH/Bank Transfer,USA,Nonprofit,0.369,5,1,4.02,0,18,0.27463938814965577,Low,79,21.696511663822807,Low engagement,Increase product engagement
C01372,Basic,Month-to-month,PayPal,USA,E-commerce,0.553,6,3,4.85,0,20,0.2681612128718957,Low,29,7.776675173284976,High support activity + Month-to-month contract,Priority support review + Renewal / contract intervention
C01373,Basic,2-Year,Credit Card,USA,E-commerce,0.336,2,1,3.9,2,6,0.767618584556045,High,29,22.260938952125308,Low engagement + Billing friction + Low feature adoption,Resolve billing issue + Increase product engagement + Product training / onboarding
C01374,Basic,Month-to-month,ACH/Bank Transfer,Australia,Finance,0.688,3,0,5.0,1,4,0.34731082940251834,Medium,29,10.072014052673032,Billing friction + Month-to-month contract,Resolve billing issue + Renewal / contract intervention
C01375,Basic,Month-to-month,Credit Card,UK,Education,0.228,3,1,4.46,0,25,0.5419113547660044,Medium,29,15.715429288214127,Low engagement + Month-to-month contract,Increase product engagement + Renewal / contract intervention
C01376,Enterprise,Month-to-month,Credit Card,USA,Manufacturing,0.625,4,1,4.42,1,1,0.37562437889218125,Medium,199,74.74925139954406,Billing friction + Month-to-month contract,Resolve billing issue + Renewal / contract intervention
C01377,Basic,1-Year,PayPal,Australia,Finance,0.507,4,1,5.0,0,0,0.10526777591200401,Low,29,3.0527655014481163,No major warning signal,Standard customer success monitoring
C01379,Pro,1-Year,Credit Card,Australia,Healthcare,0.572,4,1,3.76,0,5,0.23147340128321994,Low,79,18.286398701374374,No major warning signal,Standard customer success monitoring
C01380,Basic,Month-to-month,Credit Card,Australia,Healthcare,0.766,7,1,3.4,0,24,0.25348618434787684,Low,29,7.351099346088429,Month-to-month contract,Renewal / contract intervention
C01381,Basic,Month-to-month,PayPal,USA,SaaS/Tech,0.381,5,2,3.86,1,0,0.5809937690732739,Medium,29,16.848819303124944,Low engagement + Billing friction + Month-to-month contract,Resolve billing issue + Increase product engagement + Renewal / contract intervention
C01382,Enterprise,Month-to-month,Credit Card,UK,Finance,0.217,2,3,4.32,0,7,0.6706506857879674,High,199,133.45948647180552,Low engagement + High support activity + Month-to-month contract + Low feature adoption,Increase product engagement + Product training / onboarding + Priority support review + Renewal / contract intervention
C01385,Enterprise,Month-to-month,ACH/Bank Transfer,Germany,Manufacturing,0.515,5,3,3.37,0,12,0.4732306406225078,Medium,199,94.17289748387905,High support activity + Month-to-month contract,Priority support review + Renewal / contract intervention
C01388,Pro,1-Year,Credit Card,Germany,Nonprofit,0.492,6,1,4.9,0,5,0.08751061765364836,Low,79,6.9133387946382205,No major warning signal,Standard customer success monitoring
C01389,Pro,1-Year,PayPal,Germany,Nonprofit,0.784,5,0,3.49,0,9,0.10420330453321383,Low,79,8.232061058123893,No major warning signal,Standard customer success monitoring
C01390,Enterprise,Month-to-month,Credit Card,USA,Manufacturing,0.306,4,3,5.0,0,35,0.48601413005693356,Medium,199,96.71681188132978,Low engagement + High support activity + Inactivity + Month-to-month contract,Increase product engagement + Launch re-engagement campaign + Priority support review + Renewal / contract intervention
C01391,Basic,Month-to-month,Credit Card,Australia,Finance,0.568,0,3,3.22,0,8,0.7618062465778631,High,29,22.09238115075803,High support activity + Month-to-month contract + Low feature adoption,Product training / onboarding + Priority support review + Renewal / contract intervention
C01392,Pro,1-Year,Credit Card,India,Marketing/Agency,0.631,5,0,2.91,1,19,0.49069530866133976,Medium,79,38.76492938424584,Low satisfaction + Billing friction,Resolve billing issue + Customer success outreach
C01393,Pro,1-Year,Credit Card,USA,Marketing/Agency,0.713,0,1,4.34,1,18,0.5518569363294179,Medium,79,43.59669797002402,Billing friction + Low feature adoption,Resolve billing issue + Product training / onboarding
C01394,Basic,2-Year,ACH/Bank Transfer,India,Education,0.534,6,1,3.45,0,0,0.1602402132583445,Low,29,4.6469661844919905,No major warning signal,Standard customer success monitoring
C01395,Pro,Month-to-month,PayPal,India,E-commerce,0.674,3,0,4.14,1,5,0.4389426080970886,Medium,79,34.676466039670004,Billing friction + Month-to-month contract,Resolve billing issue + Renewal / contract intervention
C01396,Pro,2-Year,Credit Card,Australia,E-commerce,1.0,1,0,3.07,0,9,0.2223441264482827,Low,79,17.56518598941433,Low feature adoption,Product training / onboarding
C01397,Pro,Month-to-month,Credit Card,Australia,Finance,0.427,4,2,4.92,0,27,0.4303168772757772,Medium,79,33.9950333047864,Month-to-month contract,Renewal / contract intervention
C01398,Enterprise,Month-to-month,PayPal,India,Education,0.447,1,2,4.68,0,2,0.43386270752879375,Medium,199,86.33867879822995,Month-to-month contract + Low feature adoption,Product training / onboarding + Renewal / contract intervention
C01400,Basic,Month-to-month,Manual Invoice,USA,SaaS/Tech,0.696,4,1,4.64,0,0,0.1183229211457132,Low,29,3.431364713225683,Month-to-month contract,Renewal / contract intervention
C01401,Basic,1-Year,Credit Card,USA,Education,0.29,1,1,4.49,1,7,0.5775994204871507,Medium,29,16.750383194127373,Low engagement + Billing friction + Low feature adoption,Resolve billing issue + Increase product engagement + Product training / onboarding
C01402,Basic,2-Year,Credit Card,USA,E-commerce,0.515,2,3,3.12,1,1,0.697799527775146,High,29,20.236186305479233,Billing friction + High support activity + Low feature adoption,Resolve billing issue + Product training / onboarding + Priority support review
C01403,Enterprise,1-Year,Credit Card,UK,Marketing/Agency,0.423,2,2,3.76,0,0,0.43885122083613354,Medium,199,87.33139294639058,Low feature adoption,Product training / onboarding
C01406,Pro,2-Year,PayPal,Germany,Education,0.641,4,2,2.57,0,1,0.3022901323873428,Medium,79,23.880920458600084,Low satisfaction,Customer success outreach
C01407,Pro,Month-to-month,Credit Card,Canada,Education,0.791,4,0,3.43,0,11,0.2699428785911667,Low,79,21.32548740870217,Month-to-month contract,Renewal / contract intervention
C01408,Enterprise,Month-to-month,PayPal,UK,E-commerce,0.656,5,1,5.0,1,3,0.3001421668421835,Medium,199,59.72829120159451,Billing friction + Month-to-month contract,Resolve billing issue + Renewal / contract intervention
C01410,Enterprise,Month-to-month,Credit Card,USA,SaaS/Tech,0.818,1,0,5.0,0,2,0.14806458989259963,Low,199,29.464853388627326,Month-to-month contract + Low feature adoption,Product training / onboarding + Renewal / contract intervention
C01412,Pro,2-Year,Credit Card,USA,Finance,0.374,5,1,5.0,2,12,0.492959967561912,Medium,79,38.943837437391046,Low engagement + Billing friction,Resolve billing issue + Increase product engagement
C01413,Pro,1-Year,PayPal,UK,Manufacturing,0.749,4,1,3.86,0,2,0.14245460974796487,Low,79,11.253914170089224,No major warning signal,Standard customer success monitoring
C01415,Basic,Month-to-month,Credit Card,UK,Healthcare,0.562,4,0,4.45,0,4,0.1913126455212202,Low,29,5.548066720115386,Month-to-month contract,Renewal / contract intervention
C01417,Basic,Month-to-month,ACH/Bank Transfer,USA,Finance,0.514,4,0,5.0,1,9,0.3528433095956418,Medium,29,10.232455978273613,Billing friction + Month-to-month contract,Resolve billing issue + Renewal / contract intervention
C01419,Basic,Month-to-month,Credit Card,India,E-commerce,0.661,7,2,5.0,0,19,0.1560534364473761,Low,29,4.525549656973907,Month-to-month contract,Renewal / contract intervention
C01420,Basic,Month-to-month,Credit Card,USA,Manufacturing,0.62,4,0,4.61,1,14,0.34078162399103773,Medium,29,9.882667095740095,Billing friction + Month-to-month contract,Resolve billing issue + Renewal / contract intervention
C01422,Pro,Month-to-month,PayPal,Australia,Nonprofit,1.0,4,1,3.36,1,10,0.47579856811132465,Medium,79,37.58808688079465,Billing friction + Month-to-month contract,Resolve billing issue + Renewal / contract intervention
C01424,Basic,Month-to-month,Credit Card,Canada,E-commerce,0.497,2,4,5.0,0,2,0.49205138104592466,Medium,29,14.269490050331815,High support activity + Month-to-month contract + Low feature adoption,Product training / onboarding + Priority support review + Renewal / contract intervention
C01425,Basic,2-Year,PayPal,USA,Marketing/Agency,0.807,6,0,4.78,0,50,0.0832751991689524,Low,29,2.4149807758996196,Inactivity,Launch re-engagement campaign
C01426,Basic,Month-to-month,Credit Card,Germany,Education,0.412,5,1,4.04,0,22,0.33603403963008244,Medium,29,9.74498714927239,Month-to-month contract,Renewal / contract intervention
C01428,Pro,2-Year,Credit Card,Germany,SaaS/Tech,0.572,3,2,4.51,0,29,0.24103329915326868,Low,79,19.041630633108227,No major warning signal,Standard customer success monitoring
C01430,Pro,2-Year,Credit Card,UK,Marketing/Agency,0.793,5,1,4.79,0,6,0.08165466481039257,Low,79,6.450718520021013,No major warning signal,Standard customer success monitoring
C01431,Basic,1-Year,Credit Card,Canada,Nonprofit,1.0,5,2,5.0,0,2,0.060681181276017494,Low,29,1.7597542570045073,No major warning signal,Standard customer success monitoring
C01432,Basic,Month-to-month,ACH/Bank Transfer,India,SaaS/Tech,1.0,4,1,3.96,2,26,0.6658444554370987,High,29,19.309489207675863,Billing friction + Month-to-month contract,Resolve billing issue + Renewal / contract intervention
C01433,Pro,Month-to-month,PayPal,USA,Healthcare,0.843,4,2,4.44,1,15,0.42167566198168166,Medium,79,33.31237729655285,Billing friction + Month-to-month contract,Resolve billing issue + Renewal / contract intervention
C01434,Enterprise,Month-to-month,Credit Card,USA,SaaS/Tech,1.0,4,3,3.68,2,5,0.7155933234423354,High,199,142.40307136502474,Billing friction + High support activity + Month-to-month contract,Resolve billing issue + Priority support review + Renewal / contract intervention
C01436,Basic,Month-to-month,Credit Card,UK,Manufacturing,0.68,4,1,4.8,0,0,0.155594223303119,Low,29,4.5122324757904515,Month-to-month contract,Renewal / contract intervention
C01437,Basic,Month-to-month,Credit Card,Canada,Nonprofit,0.571,3,0,2.45,1,0,0.7097206888694496,High,29,20.58189997721404,Low satisfaction + Billing friction + Month-to-month contract,Resolve billing issue + Customer success outreach + Renewal / contract intervention
C01439,Basic,2-Year,Credit Card,USA,Manufacturing,0.495,3,1,4.25,2,0,0.549746312384132,Medium,29,15.942643059139828,Billing friction,Resolve billing issue
C01441,Basic,Month-to-month,ACH/Bank Transfer,Canada,SaaS/Tech,0.605,8,2,3.28,0,2,0.26840244963916693,Low,29,7.783671039535841,Month-to-month contract,Renewal / contract intervention
C01442,Enterprise,1-Year,Credit Card,India,Education,0.182,4,1,4.8,0,3,0.18314160524709996,Low,199,36.445179444172894,Low engagement,Increase product engagement
C01443,Enterprise,2-Year,Credit Card,Germany,Finance,0.385,11,3,5.0,0,17,0.0642846531754634,Low,199,12.792645981917218,Low engagement + High support activity,Increase product engagement + Priority support review
C01444,Basic,2-Year,Manual Invoice,Canada,SaaS/Tech,0.313,3,1,2.67,0,10,0.4102164436297731,Medium,29,11.89627686526342,Low engagement + Low satisfaction,Customer success outreach + Increase product engagement
C01446,Basic,2-Year,ACH/Bank Transfer,USA,Education,0.117,2,1,3.89,0,9,0.4446157302038203,Medium,29,12.893856175910788,Low engagement + Low feature adoption,Increase product engagement + Product training / onboarding
C01447,Basic,2-Year,Credit Card,USA,Finance,0.428,4,3,3.91,0,16,0.3538503459009239,Medium,29,10.261660031126793,High support activity,Priority support review
C01448,Basic,1-Year,ACH/Bank Transfer,India,Marketing/Agency,0.188,3,2,3.86,1,30,0.8031139177004859,High,29,23.29030361331409,Low engagement + Billing friction,Resolve billing issue + Increase product engagement
C01452,Pro,Month-to-month,Credit Card,UK,Marketing/Agency,0.546,5,0,3.62,0,33,0.4282386555786032,Medium,79,33.830853790709654,Inactivity + Month-to-month contract,Launch re-engagement campaign + Renewal / contract intervention
C01454,Enterprise,2-Year,Credit Card,USA,SaaS/Tech,0.22,3,1,3.29,1,38,0.7564047082964666,High,199,150.52453695099683,Low engagement + Billing friction + Inactivity,Resolve billing issue + Increase product engagement + Launch re-engagement campaign
C01455,Enterprise,Month-to-month,PayPal,India,Manufacturing,0.373,3,0,5.0,0,3,0.1961843842275789,Low,199,39.0406924612882,Low engagement + Month-to-month contract,Increase product engagement + Renewal / contract intervention
C01456,Basic,2-Year,PayPal,Germany,E-commerce,0.27,4,1,4.48,0,1,0.1647545430951798,Low,29,4.777881749760215,Low engagement,Increase product engagement
C01457,Enterprise,Month-to-month,ACH/Bank Transfer,USA,E-commerce,0.544,1,0,3.04,0,3,0.5271707923512757,Medium,199,104.90698767790387,Month-to-month contract + Low feature adoption,Product training / onboarding + Renewal / contract intervention
C01458,Basic,2-Year,Credit Card,India,Nonprofit,0.778,2,0,3.97,0,30,0.1990259530737114,Low,29,5.771752639137631,Low feature adoption,Product training / onboarding
C01460,Pro,1-Year,PayPal,UK,E-commerce,0.589,7,0,3.76,0,12,0.11656088154828242,Low,79,9.208309642314312,No major warning signal,Standard customer success monitoring
C01461,Pro,Month-to-month,Credit Card,India,SaaS/Tech,0.541,4,1,5.0,0,5,0.19867413171533066,Low,79,15.695256405511122,Month-to-month contract,Renewal / contract intervention
C01462,Enterprise,1-Year,Manual Invoice,USA,E-commerce,0.43,2,2,4.82,1,5,0.40542840824522947,Medium,199,80.68025324080067,Billing friction + Low feature adoption,Resolve billing issue + Product training / onboarding
C01463,Basic,1-Year,Credit Card,Canada,SaaS/Tech,0.312,6,1,5.0,1,2,0.25358081844154934,Low,29,7.353843734804931,Low engagement + Billing friction,Resolve billing issue + Increase product engagement
C01464,Basic,2-Year,ACH/Bank Transfer,UK,E-commerce,1.0,6,0,5.0,1,6,0.0711142571927316,Low,29,2.0623134585892164,Billing friction,Resolve billing issue
C01465,Basic,1-Year,PayPal,Australia,Marketing/Agency,0.891,8,2,4.3,0,10,0.0724035883437939,Low,29,2.099704061970023,No major warning signal,Standard customer success monitoring
C01466,Pro,2-Year,Manual Invoice,USA,Finance,0.657,2,0,3.65,1,1,0.2980003438105819,Low,79,23.542027161035968,Billing friction + Low feature adoption,Resolve billing issue + Product training / onboarding
C01469,Enterprise,Month-to-month,Credit Card,UK,Healthcare,0.329,3,3,3.06,0,7,0.7291895263508191,High,199,145.108715743813,Low engagement + High support activity + Month-to-month contract,Increase product engagement + Priority support review + Renewal / contract intervention
C01471,Basic,Month-to-month,ACH/Bank Transfer,USA,Nonprofit,0.402,7,0,4.49,1,12,0.3281372224480844,Medium,29,9.515979450994449,Billing friction + Month-to-month contract,Resolve billing issue + Renewal / contract intervention
C01474,Pro,Month-to-month,Credit Card,Germany,Nonprofit,0.559,3,0,5.0,0,6,0.17284697652119077,Low,79,13.65491114517407,Month-to-month contract,Renewal / contract intervention
C01475,Basic,2-Year,Credit Card,Australia,Marketing/Agency,0.567,0,2,4.37,1,13,0.6411797073012785,High,29,18.594211511737075,Billing friction + Low feature adoption,Resolve billing issue + Product training / onboarding
C01476,Enterprise,Month-to-month,Credit Card,Canada,Nonprofit,0.661,3,0,3.81,1,1,0.49781248114782917,Medium,199,99.064683748418,Billing friction + Month-to-month contract,Resolve billing issue + Renewal / contract intervention
C01477,Pro,Month-to-month,Credit Card,Canada,SaaS/Tech,0.526,6,1,4.04,1,1,0.43461890518231794,Medium,79,34.334893509403116,Billing friction + Month-to-month contract,Resolve billing issue + Renewal / contract intervention
C01478,Pro,1-Year,PayPal,UK,E-commerce,0.574,2,2,4.61,0,5,0.23798676086845763,Low,79,18.800954108608153,Low feature adoption,Product training / onboarding
C01479,Pro,1-Year,Credit Card,India,Healthcare,0.672,3,0,4.53,2,6,0.4746780484192886,Medium,79,37.4995658251238,Billing friction,Resolve billing issue
C01480,Enterprise,Month-to-month,ACH/Bank Transfer,Canada,Healthcare,0.732,9,2,3.2,0,3,0.20243383235376938,Low,199,40.28433263840011,Month-to-month contract,Renewal / contract intervention
C01482,Pro,2-Year,PayPal,Canada,SaaS/Tech,0.926,2,1,3.06,2,0,0.6374680392196566,High,79,50.35997509835287,Billing friction + Low feature adoption,Resolve billing issue + Product training / onboarding
C01484,Basic,Month-to-month,Credit Card,Germany,Healthcare,0.823,3,4,4.08,1,6,0.6054284199596374,High,29,17.557424178829482,Billing friction + High support activity + Month-to-month contract,Resolve billing issue + Priority support review + Renewal / contract intervention
C01485,Enterprise,Month-to-month,Credit Card,UK,SaaS/Tech,0.954,0,2,4.48,0,12,0.36436113915574775,Medium,199,72.5078666919938,Month-to-month contract + Low feature adoption,Product training / onboarding + Renewal / contract intervention
C01487,Basic,1-Year,Credit Card,India,Nonprofit,0.653,4,4,4.23,0,0,0.26782986648332585,Low,29,7.76706612801645,High support activity,Priority support review
C01488,Basic,1-Year,ACH/Bank Transfer,USA,E-commerce,0.756,9,0,5.0,0,7,0.025352051175475728,Low,29,0.7352094840887962,No major warning signal,Standard customer success monitoring
C01489,Enterprise,2-Year,Credit Card,Australia,Marketing/Agency,0.721,4,3,2.65,1,5,0.6591678561331527,High,199,131.17440337049737,Low satisfaction + Billing friction + High support activity,Resolve billing issue + Customer success outreach + Priority support review
C01490,Basic,Month-to-month,ACH/Bank Transfer,India,Manufacturing,0.368,1,6,5.0,0,0,0.6755681782090682,High,29,19.59147716806298,Low engagement + High support activity + Month-to-month contract + Low feature adoption,Increase product engagement + Product training / onboarding + Priority support review + Renewal / contract intervention
C01492,Enterprise,Month-to-month,Manual Invoice,USA,Manufacturing,0.471,3,0,3.25,1,1,0.5219683767044739,Medium,199,103.87170696419031,Billing friction + Month-to-month contract,Resolve billing issue + Renewal / contract intervention
C01493,Basic,2-Year,Credit Card,USA,Finance,0.445,5,0,4.71,1,4,0.19347609726233397,Low,29,5.610806820607685,Billing friction,Resolve billing issue
C01495,Basic,2-Year,Credit Card,Australia,Finance,0.432,3,5,5.0,0,2,0.35305394912995247,Medium,29,10.238564524768622,High support activity,Priority support review
C01496,Basic,1-Year,Manual Invoice,UK,SaaS/Tech,0.759,12,2,3.67,0,4,0.03664672770255807,Low,29,1.062755103374184,No major warning signal,Standard customer success monitoring
C01497,Pro,Month-to-month,ACH/Bank Transfer,USA,Healthcare,0.925,1,1,4.35,0,28,0.33938200992725814,Medium,79,26.811178784253393,Month-to-month contract + Low feature adoption,Product training / onboarding + Renewal / contract intervention
C01498,Enterprise,Month-to-month,Credit Card,India,Finance,0.731,6,1,3.36,0,6,0.23804134081920172,Low,199,47.37022682302114,Month-to-month contract,Renewal / contract intervention
C01500,Pro,Month-to-month,Credit Card,USA,E-commerce,0.464,3,0,3.54,2,1,0.8043632258020728,High,79,63.544694838363746,Billing friction + Month-to-month contract,Resolve billing issue + Renewal / contract intervention
C01501,Basic,1-Year,ACH/Bank Transfer,Canada,SaaS/Tech,0.614,2,0,4.45,0,5,0.17161422089147843,Low,29,4.976812405852875,Low feature adoption,Product training / onboarding
C01502,Pro,2-Year,Credit Card,Germany,Healthcare,0.865,7,0,4.57,0,36,0.04742182601178759,Low,79,3.7463242549312197,Inactivity,Launch re-engagement campaign
C01503,Enterprise,Month-to-month,Credit Card,India,E-commerce,0.408,1,2,3.32,0,1,0.6590499650910947,High,199,131.15094305312783,Month-to-month contract + Low feature adoption,Product training / onboarding + Renewal / contract intervention
C01504,Basic,1-Year,Credit Card,Canada,E-commerce,0.713,4,0,3.57,0,3,0.15633293821259248,Low,29,4.5336552081651815,No major warning signal,Standard customer success monitoring
C01505,Pro,Month-to-month,ACH/Bank Transfer,USA,Education,0.304,4,0,3.98,1,10,0.6195093362998256,High,79,48.94123756768622,Low engagement + Billing friction + Month-to-month contract,Resolve billing issue + Increase product engagement + Renewal / contract intervention
C01506,Basic,Month-to-month,Credit Card,USA,SaaS/Tech,0.81,4,0,4.01,0,17,0.18665515082182052,Low,29,5.412999373832795,Month-to-month contract,Renewal / contract intervention
C01507,Enterprise,2-Year,Credit Card,Canada,Marketing/Agency,0.307,1,2,3.18,0,8,0.6205888966178363,High,199,123.49719042694943,Low engagement + Low feature adoption,Increase product engagement + Product training / onboarding
C01508,Pro,Month-to-month,ACH/Bank Transfer,Germany,Manufacturing,0.377,3,1,3.2,1,25,0.7951363134610553,High,79,62.81576876342337,Low engagement + Billing friction + Month-to-month contract,Resolve billing issue + Increase product engagement + Renewal / contract intervention
C01509,Enterprise,Month-to-month,ACH/Bank Transfer,Germany,Manufacturing,0.819,5,1,3.17,0,0,0.2074922850500273,Low,199,41.29096472495543,Month-to-month contract,Renewal / contract intervention
C01512,Pro,1-Year,ACH/Bank Transfer,India,Healthcare,0.226,3,1,1.84,0,14,0.7112753478304294,High,79,56.190752478603926,Low engagement + Low satisfaction,Customer success outreach + Increase product engagement
C01513,Pro,1-Year,ACH/Bank Transfer,USA,Healthcare,0.429,6,1,2.44,0,10,0.35994822443839525,Medium,79,28.435909730633224,Low satisfaction,Customer success outreach
C01514,Pro,1-Year,PayPal,USA,Manufacturing,0.752,2,3,3.64,1,20,0.5718686570043562,Medium,79,45.17762390334414,Billing friction + High support activity + Low feature adoption,Resolve billing issue + Product training / onboarding + Priority support review
C01516,Basic,2-Year,Credit Card,India,Manufacturing,0.154,1,1,3.81,0,8,0.4513544224043427,Medium,29,13.089278249725938,Low engagement + Low feature adoption,Increase product engagement + Product training / onboarding
C01518,Basic,1-Year,ACH/Bank Transfer,USA,SaaS/Tech,0.361,1,3,5.0,2,21,0.8421092539105656,High,29,24.4211683634064,Low engagement + Billing friction + High support activity + Low feature adoption,Resolve billing issue + Increase product engagement + Product training / onboarding + Priority support review
C01519,Pro,Month-to-month,Manual Invoice,India,SaaS/Tech,0.63,5,3,3.27,1,19,0.6733568602870743,High,79,53.19519196267887,Billing friction + High support activity + Month-to-month contract,Resolve billing issue + Priority support review + Renewal / contract intervention
C01520,Pro,2-Year,PayPal,USA,Manufacturing,0.556,2,0,5.0,0,9,0.10225327966126592,Low,79,8.078009093240007,Low feature adoption,Product training / onboarding
C01521,Pro,Month-to-month,ACH/Bank Transfer,USA,Finance,0.388,4,0,3.07,0,57,0.6870913299811209,High,79,54.28021506850855,Low engagement + Inactivity + Month-to-month contract,Increase product engagement + Launch re-engagement campaign + Renewal / contract intervention
C01522,Enterprise,1-Year,ACH/Bank Transfer,India,Finance,0.592,6,2,4.64,0,38,0.21043745614830986,Low,199,41.87705377351366,Inactivity,Launch re-engagement campaign
C01523,Enterprise,Month-to-month,Credit Card,Germany,Healthcare,0.609,1,1,3.86,2,38,0.8894686739479607,High,199,177.00426611564419,Billing friction + Inactivity + Month-to-month contract + Low feature adoption,Resolve billing issue + Launch re-engagement campaign + Product training / onboarding + Renewal / contract intervention
C01524,Basic,Month-to-month,Credit Card,Germany,SaaS/Tech,1.0,4,2,2.02,0,12,0.4375597685473996,Medium,29,12.689233287874588,Low satisfaction + Month-to-month contract,Customer success outreach + Renewal / contract intervention
C01528,Basic,Month-to-month,Credit Card,USA,Manufacturing,0.363,5,1,4.76,2,25,0.7235879297248765,High,29,20.98404996202142,Low engagement + Billing friction + Month-to-month contract,Resolve billing issue + Increase product engagement + Renewal / contract intervention
C01531,Pro,2-Year,ACH/Bank Transfer,India,Finance,0.674,2,1,2.24,0,10,0.45697609291970787,Medium,79,36.10111134065692,Low satisfaction + Low feature adoption,Customer success outreach + Product training / onboarding
C01532,Enterprise,Month-to-month,Manual Invoice,USA,SaaS/Tech,0.21,8,1,3.45,1,3,0.4542779325646721,Medium,199,90.40130858036974,Low engagement + Billing friction + Month-to-month contract,Resolve billing issue + Increase product engagement + Renewal / contract intervention
C01535,Pro,Month-to-month,Credit Card,Germany,Education,0.444,4,1,4.56,0,1,0.24479909993929932,Low,79,19.339128895204645,Month-to-month contract,Renewal / contract intervention
C01536,Enterprise,2-Year,PayPal,Canada,Education,0.374,3,0,4.22,0,10,0.2024751388256275,Low,199,40.29255262629987,Low engagement,Increase product engagement
C01538,Enterprise,Month-to-month,Credit Card,Germany,Marketing/Agency,0.642,5,0,4.92,0,29,0.1528015356499995,Low,199,30.4075055943499,Month-to-month contract,Renewal / contract intervention
C01539,Basic,1-Year,Manual Invoice,UK,Finance,0.699,4,1,4.75,1,19,0.23944668377090453,Low,29,6.943953829356231,Billing friction,Resolve billing issue
C01540,Pro,Month-to-month,PayPal,Canada,Marketing/Agency,0.373,0,0,5.0,0,0,0.38041645336057595,Medium,79,30.0528998154855,Low engagement + Month-to-month contract + Low feature adoption,Increase product engagement + Product training / onboarding + Renewal / contract intervention
C01541,Basic,Month-to-month,Credit Card,Australia,SaaS/Tech,0.303,6,0,4.07,0,19,0.31510086697781486,Medium,29,9.13792514235663,Low engagement + Month-to-month contract,Increase product engagement + Renewal / contract intervention
C01542,Enterprise,2-Year,Credit Card,India,E-commerce,0.657,7,1,4.95,1,3,0.11786520040172116,Low,199,23.45517487994251,Billing friction,Resolve billing issue
C01544,Basic,Month-to-month,ACH/Bank Transfer,Germany,Manufacturing,0.534,4,4,4.8,0,5,0.34260468039542197,Medium,29,9.935535731467237,High support activity + Month-to-month contract,Priority support review + Renewal / contract intervention
C01545,Pro,Month-to-month,PayPal,USA,Nonprofit,0.684,1,2,5.0,1,8,0.54492767990279,Medium,79,43.04928671232041,Billing friction + Month-to-month contract + Low feature adoption,Resolve billing issue + Product training / onboarding + Renewal / contract intervention
C01546,Pro,Month-to-month,Credit Card,India,Marketing/Agency,0.617,3,1,4.91,1,16,0.5117558673543011,Medium,79,40.42871352098979,Billing friction + Month-to-month contract,Resolve billing issue + Renewal / contract intervention
C01547,Pro,Month-to-month,Credit Card,Australia,Manufacturing,0.483,7,0,3.79,1,7,0.393142976153972,Medium,79,31.058295116163787,Billing friction + Month-to-month contract,Resolve billing issue + Renewal / contract intervention
C01548,Enterprise,1-Year,PayPal,UK,Healthcare,0.851,3,0,3.69,1,6,0.28727740838561094,Low,199,57.16820426873658,Billing friction,Resolve billing issue
C01549,Basic,2-Year,Credit Card,USA,E-commerce,0.565,5,1,4.05,0,9,0.1405675213723286,Low,29,4.07645811979753,No major warning signal,Standard customer success monitoring
C01550,Pro,1-Year,Credit Card,India,Education,0.785,1,3,5.0,0,3,0.2195217618194219,Low,79,17.34221918373433,High support activity + Low feature adoption,Product training / onboarding + Priority support review
C01551,Enterprise,Month-to-month,Credit Card,Germany,Finance,0.26,9,2,4.74,1,16,0.38696176696158957,Medium,199,77.00539162535632,Low engagement + Billing friction + Month-to-month contract,Resolve billing issue + Increase product engagement + Renewal / contract intervention
C01552,Pro,1-Year,Credit Card,USA,Education,0.453,2,2,4.11,0,11,0.37894007544149055,Medium,79,29.936265959877755,Low feature adoption,Product training / onboarding
C01553,Pro,1-Year,Credit Card,UK,Healthcare,0.863,3,0,3.82,0,6,0.13697733741618615,Low,79,10.821209655878706,No major warning signal,Standard customer success monitoring
C01555,Pro,1-Year,PayPal,Germany,Manufacturing,0.517,7,2,3.81,1,15,0.3247656914013348,Medium,79,25.65648962070545,Billing friction,Resolve billing issue
C01556,Basic,1-Year,Credit Card,Australia,Nonprofit,0.497,5,2,4.84,0,0,0.15273292367981253,Low,29,4.429254786714563,No major warning signal,Standard customer success monitoring
C01557,Pro,2-Year,PayPal,India,SaaS/Tech,0.265,6,1,3.7,1,4,0.39408637528303014,Medium,79,31.13282364735938,Low engagement + Billing friction,Resolve billing issue + Increase product engagement
C01558,Enterprise,Month-to-month,Credit Card,Canada,Manufacturing,0.692,5,1,5.0,1,3,0.2633147701123101,Low,199,52.39963925234971,Billing friction + Month-to-month contract,Resolve billing issue + Renewal / contract intervention
C01559,Basic,1-Year,PayPal,Germany,Education,0.6,4,0,5.0,0,23,0.09275882277136299,Low,29,2.690005860369527,No major warning signal,Standard customer success monitoring
C01560,Basic,Month-to-month,Manual Invoice,Germany,Education,0.453,7,3,2.37,0,8,0.46428293833402334,Medium,29,13.464205211686677,Low satisfaction + High support activity + Month-to-month contract,Customer success outreach + Priority support review + Renewal / contract intervention
C01561,Pro,Month-to-month,Credit Card,Australia,Healthcare,0.026,7,1,4.34,0,1,0.34536914655680145,Medium,79,27.284162577987313,Low engagement + Month-to-month contract,Increase product engagement + Renewal / contract intervention
C01562,Pro,Month-to-month,Credit Card,India,Education,0.494,6,1,4.98,0,9,0.17157794726361406,Low,79,13.55465783382551,Month-to-month contract,Renewal / contract intervention
C01563,Basic,1-Year,Credit Card,Australia,Finance,0.749,7,1,3.68,2,5,0.454275857421232,Medium,29,13.173999865215729,Billing friction,Resolve billing issue
C01564,Basic,Month-to-month,Credit Card,UK,Marketing/Agency,0.371,6,0,4.27,0,18,0.2849216594685943,Low,29,8.262728124589236,Low engagement + Month-to-month contract,Increase product engagement + Renewal / contract intervention
C01565,Pro,Month-to-month,Credit Card,Canada,E-commerce,0.524,8,1,4.5,0,3,0.14527341556376258,Low,79,11.476599829537244,Month-to-month contract,Renewal / contract intervention
C01567,Basic,Month-to-month,PayPal,USA,Nonprofit,0.283,5,2,5.0,1,27,0.5963238875299048,Medium,29,17.293392738367242,Low engagement + Billing friction + Month-to-month contract,Resolve billing issue + Increase product engagement + Renewal / contract intervention
C01568,Basic,1-Year,Credit Card,UK,Finance,0.792,8,1,2.96,0,21,0.15829440425864594,Low,29,4.5905377235007325,Low satisfaction,Customer success outreach
C01569,Basic,1-Year,Credit Card,India,SaaS/Tech,0.601,4,0,3.2,0,4,0.19948597379563926,Low,29,5.785093240073539,No major warning signal,Standard customer success monitoring
C01570,Pro,Month-to-month,Manual Invoice,India,Manufacturing,0.791,7,1,5.0,0,0,0.0476434909528729,Low,79,3.7638357852769593,Month-to-month contract,Renewal / contract intervention
C01571,Basic,1-Year,Credit Card,Australia,Healthcare,0.505,7,1,4.19,1,16,0.29438499324165857,Low,29,8.537164804008098,Billing friction,Resolve billing issue
C01573,Basic,Month-to-month,PayPal,UK,Marketing/Agency,0.78,5,1,4.64,0,0,0.14258164113132,Low,29,4.13486759280828,Month-to-month contract,Renewal / contract intervention
C01574,Pro,2-Year,ACH/Bank Transfer,USA,E-commerce,0.701,5,1,5.0,1,7,0.1721173598275109,Low,79,13.59727142637336,Billing friction,Resolve billing issue
C01576,Pro,Month-to-month,Credit Card,USA,Marketing/Agency,0.547,3,1,4.14,2,1,0.7798817434227648,High,79,61.61065773039842,Billing friction + Month-to-month contract,Resolve billing issue + Renewal / contract intervention
C01578,Basic,1-Year,Manual Invoice,Germany,Manufacturing,0.099,3,0,3.27,0,0,0.2783870800809839,Low,29,8.073225322348533,Low engagement,Increase product engagement
C01579,Enterprise,Month-to-month,PayPal,UK,Finance,0.742,4,1,3.32,1,8,0.5693446103440407,Medium,199,113.2995774584641,Billing friction + Month-to-month contract,Resolve billing issue + Renewal / contract intervention
C01580,Basic,Month-to-month,ACH/Bank Transfer,Australia,Marketing/Agency,0.698,8,0,4.74,0,14,0.09791516024844402,Low,29,2.8395396472048766,Month-to-month contract,Renewal / contract intervention
C01581,Pro,Month-to-month,Credit Card,UK,Manufacturing,0.517,3,1,4.0,0,7,0.3787845825959993,Medium,79,29.923982025083944,Month-to-month contract,Renewal / contract intervention
C01582,Pro,Month-to-month,Manual Invoice,India,Marketing/Agency,0.538,1,3,3.4,0,0,0.6209836957623909,High,79,49.057711965228876,High support activity + Month-to-month contract + Low feature adoption,Product training / onboarding + Priority support review + Renewal / contract intervention
C01583,Basic,1-Year,PayPal,Australia,Manufacturing,0.887,5,0,4.84,0,2,0.040281708146195486,Low,29,1.1681695362396691,No major warning signal,Standard customer success monitoring
C01584,Pro,Month-to-month,ACH/Bank Transfer,India,Finance,0.548,6,3,2.47,0,3,0.5802092179637058,Medium,79,45.83652821913276,Low satisfaction + High support activity + Month-to-month contract,Customer success outreach + Priority support review + Renewal / contract intervention
C01585,Basic,Month-to-month,Credit Card,Germany,Finance,0.721,5,1,3.7,0,15,0.24345436843189688,Low,29,7.060176684525009,Month-to-month contract,Renewal / contract intervention
C01587,Enterprise,1-Year,Credit Card,USA,Finance,0.473,3,3,3.12,2,35,0.9177347025962884,High,199,182.6292058166614,Billing friction + High support activity + Inactivity,Resolve billing issue + Launch re-engagement campaign + Priority support review
C01588,Basic,2-Year,Manual Invoice,USA,Marketing/Agency,0.62,3,0,3.83,1,9,0.2844871937480499,Low,29,8.250128618693449,Billing friction,Resolve billing issue
C01589,Pro,1-Year,ACH/Bank Transfer,UK,Education,0.79,12,3,3.93,0,12,0.06557415278193689,Low,79,5.180358069773014,High support activity,Priority support review
C01590,Basic,1-Year,Manual Invoice,India,Nonprofit,0.28,5,2,4.69,0,5,0.17300379646159098,Low,29,5.017110097386138,Low engagement,Increase product engagement
C01591,Enterprise,Month-to-month,PayPal,USA,SaaS/Tech,0.416,9,2,4.26,0,8,0.17079533602054875,Low,199,33.9882718680892,Month-to-month contract,Renewal / contract intervention
C01592,Enterprise,Month-to-month,Credit Card,UK,Nonprofit,0.256,2,1,3.72,0,11,0.5780615544528076,Medium,199,115.03424933610872,Low engagement + Month-to-month contract + Low feature adoption,Increase product engagement + Product training / onboarding + Renewal / contract intervention
C01593,Pro,1-Year,Manual Invoice,Canada,Nonprofit,0.822,4,2,3.12,0,4,0.21603933278155144,Low,79,17.067107289742562,No major warning signal,Standard customer success monitoring
C01594,Enterprise,Month-to-month,ACH/Bank Transfer,USA,Education,0.787,5,2,4.11,1,13,0.47029041823935713,Medium,199,93.58779322963207,Billing friction + Month-to-month contract,Resolve billing issue + Renewal / contract intervention
C01596,Pro,Month-to-month,ACH/Bank Transfer,Australia,Healthcare,1.0,5,2,5.0,0,7,0.11833182194894303,Low,79,9.348213933966498,Month-to-month contract,Renewal / contract intervention
C01597,Basic,Month-to-month,Credit Card,USA,SaaS/Tech,0.539,4,0,5.0,1,7,0.3143854714268932,Medium,29,9.117178671379904,Billing friction + Month-to-month contract,Resolve billing issue + Renewal / contract intervention
C01600,Pro,2-Year,PayPal,India,Healthcare,0.733,0,2,4.28,1,2,0.465766119211944,Medium,79,36.795523417743574,Billing friction + Low feature adoption,Resolve billing issue + Product training / onboarding
C01602,Basic,Month-to-month,Credit Card,UK,E-commerce,0.316,6,3,4.62,0,3,0.37059677727131124,Medium,29,10.747306540868026,Low engagement + High support activity + Month-to-month contract,Increase product engagement + Priority support review + Renewal / contract intervention
C01603,Basic,1-Year,Manual Invoice,USA,Finance,0.769,3,1,3.34,0,5,0.16981977391445016,Low,29,4.924773443519054,No major warning signal,Standard customer success monitoring
C01604,Pro,Month-to-month,Credit Card,USA,E-commerce,0.499,3,1,3.99,0,5,0.37838187365297893,Medium,79,29.892168018585334,Month-to-month contract,Renewal / contract intervention
C01606,Basic,1-Year,Credit Card,USA,Marketing/Agency,0.586,8,2,3.37,2,16,0.6239231111687595,High,29,18.093770223894026,Billing friction,Resolve billing issue
C01608,Pro,Month-to-month,Credit Card,USA,Nonprofit,0.891,9,0,5.0,1,23,0.1148619056082895,Low,79,9.07409054305487,Billing friction + Month-to-month contract,Resolve billing issue + Renewal / contract intervention
C01609,Enterprise,Month-to-month,ACH/Bank Transfer,Germany,Finance,1.0,8,1,4.57,0,2,0.045315770868287905,Low,199,9.017838402789293,Month-to-month contract,Renewal / contract intervention
C01610,Basic,2-Year,Credit Card,Australia,Nonprofit,0.394,5,2,5.0,1,4,0.3146345738859902,Medium,29,9.124402642693715,Low engagement + Billing friction,Resolve billing issue + Increase product engagement
C01611,Basic,2-Year,Credit Card,UK,Nonprofit,0.377,4,1,4.21,0,41,0.35205356901034507,Medium,29,10.209553501300007,Low engagement + Inactivity,Increase product engagement + Launch re-engagement campaign
C01612,Basic,1-Year,ACH/Bank Transfer,UK,Finance,0.772,3,1,5.0,2,1,0.4479121617371166,Medium,29,12.989452690376382,Billing friction,Resolve billing issue
C01613,Enterprise,Month-to-month,PayPal,India,E-commerce,0.376,5,2,5.0,0,60,0.48297661242306444,Medium,199,96.11234587218982,Low engagement + Inactivity + Month-to-month contract,Increase product engagement + Launch re-engagement campaign + Renewal / contract intervention
C01614,Enterprise,Month-to-month,ACH/Bank Transfer,Canada,Education,0.484,2,2,4.42,0,3,0.46433983425962033,Medium,199,92.40362701766445,Month-to-month contract + Low feature adoption,Product training / onboarding + Renewal / contract intervention
C01615,Basic,2-Year,Credit Card,USA,Marketing/Agency,0.603,5,1,4.63,0,8,0.10325018785119319,Low,29,2.9942554476846026,No major warning signal,Standard customer success monitoring
C01616,Pro,1-Year,Credit Card,USA,Education,0.663,7,3,4.2,0,15,0.15740466319463958,Low,79,12.434968392376527,High support activity,Priority support review
C01617,Enterprise,1-Year,Credit Card,USA,Education,0.099,3,2,3.02,0,6,0.6143925022201036,High,199,122.2641079418006,Low engagement,Increase product engagement
C01618,Basic,Month-to-month,PayPal,USA,SaaS/Tech,0.586,4,0,3.21,0,4,0.2927858673072871,Low,29,8.490790151911327,Month-to-month contract,Renewal / contract intervention
C01619,Basic,Month-to-month,Credit Card,UK,Education,0.898,4,2,3.89,2,0,0.6908931049122048,High,29,20.03590004245394,Billing friction + Month-to-month contract,Resolve billing issue + Renewal / contract intervention
C01620,Basic,Month-to-month,Credit Card,UK,E-commerce,0.488,7,0,2.75,0,4,0.3189980914444341,Medium,29,9.250944651888588,Low satisfaction + Month-to-month contract,Customer success outreach + Renewal / contract intervention
C01621,Basic,Month-to-month,ACH/Bank Transfer,India,Education,1.0,7,2,4.99,1,6,0.17151666841094612,Low,29,4.973983383917438,Billing friction + Month-to-month contract,Resolve billing issue + Renewal / contract intervention
C01622,Basic,Month-to-month,Credit Card,USA,Marketing/Agency,0.715,3,0,4.98,0,5,0.14870384728988842,Low,29,4.312411571406765,Month-to-month contract,Renewal / contract intervention
C01623,Pro,1-Year,Credit Card,Germany,Healthcare,0.731,4,3,1.86,0,30,0.6002638804341887,High,79,47.4208465543009,Low satisfaction + High support activity,Customer success outreach + Priority support review
C01626,Basic,Month-to-month,Credit Card,Germany,Finance,0.681,7,3,4.24,0,44,0.33041445785194207,Medium,29,9.58201927770632,High support activity + Inactivity + Month-to-month contract,Launch re-engagement campaign + Priority support review + Renewal / contract intervention
C01627,Enterprise,2-Year,Credit Card,UK,Healthcare,0.49,7,1,2.99,1,0,0.36140127779233805,Medium,199,71.91885428067528,Low satisfaction + Billing friction,Resolve billing issue + Customer success outreach
C01628,Pro,1-Year,PayPal,USA,Education,0.336,3,3,3.49,0,29,0.6019625328742683,High,79,47.55504009706719,Low engagement + High support activity,Increase product engagement + Priority support review
C01629,Pro,Month-to-month,Credit Card,UK,Nonprofit,0.662,5,3,4.21,0,2,0.3276593606465006,Medium,79,25.885089491073547,High support activity + Month-to-month contract,Priority support review + Renewal / contract intervention
C01630,Basic,2-Year,Credit Card,USA,Education,0.562,5,0,3.8,1,0,0.24019098768991992,Low,29,6.965538643007678,Billing friction,Resolve billing issue
C01632,Pro,2-Year,Credit Card,Canada,Marketing/Agency,0.563,4,2,5.0,0,14,0.17623038917261777,Low,79,13.922200744636804,No major warning signal,Standard customer success monitoring
C01633,Pro,Month-to-month,Credit Card,India,Marketing/Agency,0.691,2,1,3.96,0,9,0.39854069039776685,Medium,79,31.484714541423582,Month-to-month contract + Low feature adoption,Product training / onboarding + Renewal / contract intervention
C01634,Enterprise,2-Year,Credit Card,USA,Manufacturing,0.4,6,0,3.49,2,16,0.5641358091545875,Medium,199,112.26302602176291,Billing friction,Resolve billing issue
C01635,Basic,Month-to-month,Manual Invoice,Canada,Manufacturing,0.505,8,2,3.78,0,6,0.17805515442186215,Low,29,5.163599478234002,Month-to-month contract,Renewal / contract intervention
C01636,Pro,Month-to-month,Credit Card,USA,E-commerce,0.523,3,2,5.0,0,1,0.28382908804254914,Low,79,22.422497955361383,Month-to-month contract,Renewal / contract intervention
C01637,Basic,2-Year,Credit Card,Australia,Finance,0.476,4,0,3.63,0,5,0.20001023478815685,Low,29,5.800296808856549,No major warning signal,Standard customer success monitoring
C01638,Pro,1-Year,Credit Card,Canada,Nonprofit,0.314,5,0,4.29,1,9,0.38767420238033773,Medium,79,30.626261988046682,Low engagement + Billing friction,Resolve billing issue + Increase product engagement
C01639,Basic,Month-to-month,ACH/Bank Transfer,Germany,Finance,0.568,4,1,3.21,2,1,0.7968748693059649,High,29,23.109371209872982,Billing friction + Month-to-month contract,Resolve billing issue + Renewal / contract intervention
C01640,Basic,Month-to-month,ACH/Bank Transfer,Canada,Healthcare,0.703,3,0,3.29,0,7,0.32492802378255914,Medium,29,9.422912689694215,Month-to-month contract,Renewal / contract intervention
C01641,Basic,1-Year,Credit Card,USA,Healthcare,0.494,5,2,3.84,0,3,0.213569540994211,Low,29,6.193516688832119,No major warning signal,Standard customer success monitoring
C01645,Basic,1-Year,PayPal,Australia,Marketing/Agency,0.701,1,3,4.17,0,7,0.3814289487975206,Medium,29,11.061439515128097,High support activity + Low feature adoption,Product training / onboarding + Priority support review
C01648,Basic,Month-to-month,Credit Card,USA,Healthcare,0.704,1,3,4.05,1,8,0.7200661217771478,High,29,20.881917531537287,Billing friction + High support activity + Month-to-month contract + Low feature adoption,Resolve billing issue + Product training / onboarding + Priority support review + Renewal / contract intervention
C01651,Basic,1-Year,Credit Card,UK,Finance,0.647,2,1,4.56,0,7,0.20105491414407323,Low,29,5.830592510178124,Low feature adoption,Product training / onboarding
C01652,Basic,1-Year,Credit Card,India,SaaS/Tech,0.579,4,2,4.07,1,17,0.46952242808484046,Medium,29,13.616150414460373,Billing friction,Resolve billing issue
C01653,Enterprise,Month-to-month,Credit Card,USA,Healthcare,0.501,5,1,4.48,0,9,0.22121100564474708,Low,199,44.02099012330467,Month-to-month contract,Renewal / contract intervention
C01654,Enterprise,Month-to-month,Manual Invoice,UK,SaaS/Tech,0.616,3,0,4.28,0,8,0.19613459697443478,Low,199,39.030784797912524,Month-to-month contract,Renewal / contract intervention
C01655,Basic,1-Year,ACH/Bank Transfer,USA,Finance,0.652,3,2,5.0,1,4,0.31731088506056443,Medium,29,9.202015666756369,Billing friction,Resolve billing issue
C01656,Pro,1-Year,Credit Card,India,Manufacturing,0.542,4,1,3.69,1,0,0.39395003103257936,Medium,79,31.12205245157377,Billing friction,Resolve billing issue
C01657,Basic,Month-to-month,PayPal,Australia,Nonprofit,0.693,2,1,4.24,0,7,0.32089352238240154,Medium,29,9.305912149089645,Month-to-month contract + Low feature adoption,Product training / onboarding + Renewal / contract intervention
C01658,Pro,1-Year,Credit Card,Canada,SaaS/Tech,0.611,4,3,4.11,1,34,0.6354401735022888,High,79,50.199773706680816,Billing friction + High support activity + Inactivity,Resolve billing issue + Launch re-engagement campaign + Priority support review
C01660,Enterprise,1-Year,Credit Card,USA,Marketing/Agency,0.36,2,1,4.81,0,2,0.23890782298378552,Low,199,47.54265677377332,Low engagement + Low feature adoption,Increase product engagement + Product training / onboarding
C01661,Enterprise,1-Year,ACH/Bank Transfer,India,Marketing/Agency,0.18,5,0,4.48,1,11,0.4336545038866629,Medium,199,86.29724627344591,Low engagement + Billing friction,Resolve billing issue + Increase product engagement
C01662,Pro,Month-to-month,Credit Card,USA,SaaS/Tech,0.624,6,1,5.0,2,0,0.4564720046761631,Medium,79,36.061288369416886,Billing friction + Month-to-month contract,Resolve billing issue + Renewal / contract intervention
C01663,Pro,1-Year,PayPal,USA,Nonprofit,0.666,4,2,2.93,0,5,0.3204219470815295,Medium,79,25.313333819440828,Low satisfaction,Customer success outreach
C01664,Basic,1-Year,PayPal,Australia,Finance,0.481,4,2,4.6,0,0,0.19502281787657802,Low,29,5.655661718420762,No major warning signal,Standard customer success monitoring
C01665,Pro,1-Year,Credit Card,India,Manufacturing,0.938,2,1,3.7,0,3,0.16007880973429633,Low,79,12.64622596900941,Low feature adoption,Product training / onboarding
C01666,Basic,Month-to-month,PayPal,India,E-commerce,0.397,2,4,4.39,0,5,0.6061438277878763,High,29,17.578171005848414,Low engagement + High support activity + Month-to-month contract + Low feature adoption,Increase product engagement + Product training / onboarding + Priority support review + Renewal / contract intervention
C01669,Enterprise,1-Year,ACH/Bank Transfer,USA,Marketing/Agency,0.611,2,3,3.19,0,16,0.5640777314394534,Medium,199,112.25146855645123,High support activity + Low feature adoption,Product training / onboarding + Priority support review
C01670,Basic,1-Year,Credit Card,USA,Nonprofit,0.622,5,3,4.5,1,5,0.3589571223361154,Medium,29,10.409756547747346,Billing friction + High support activity,Resolve billing issue + Priority support review
C01671,Basic,1-Year,ACH/Bank Transfer,Canada,SaaS/Tech,0.357,2,0,3.81,0,8,0.3378065460305128,Medium,29,9.796389834884872,Low engagement + Low feature adoption,Increase product engagement + Product training / onboarding
C01672,Enterprise,Month-to-month,ACH/Bank Transfer,USA,Marketing/Agency,0.31,4,1,2.54,0,14,0.6775690499677178,High,199,134.83624094357586,Low engagement + Low satisfaction + Month-to-month contract,Customer success outreach + Increase product engagement + Renewal / contract intervention
C01673,Basic,Month-to-month,ACH/Bank Transfer,Germany,Nonprofit,0.684,4,1,4.16,1,5,0.37696544172994906,Medium,29,10.931997810168523,Billing friction + Month-to-month contract,Resolve billing issue + Renewal / contract intervention
C01675,Pro,2-Year,Credit Card,USA,SaaS/Tech,0.625,7,0,3.15,0,18,0.12560976882802746,Low,79,9.923171737414169,No major warning signal,Standard customer success monitoring
C01676,Basic,Month-to-month,Credit Card,Germany,Education,0.847,5,0,5.0,0,4,0.06640686267301861,Low,29,1.9257990175175397,Month-to-month contract,Renewal / contract intervention
C01677,Enterprise,2-Year,ACH/Bank Transfer,Germany,Education,0.707,3,1,4.5,2,11,0.48646908357565327,Medium,199,96.807347631555,Billing friction,Resolve billing issue
C01678,Enterprise,1-Year,Credit Card,India,Education,0.687,4,1,4.08,1,42,0.46879373422801623,Medium,199,93.28995311137523,Billing friction + Inactivity,Resolve billing issue + Launch re-engagement campaign
C01679,Basic,1-Year,Credit Card,Canada,Education,0.477,4,1,4.78,2,9,0.5793523055313248,Medium,29,16.801216860408417,Billing friction,Resolve billing issue
C01680,Pro,1-Year,Credit Card,India,SaaS/Tech,0.601,2,2,3.83,0,11,0.32160385499218064,Medium,79,25.406704544382272,Low feature adoption,Product training / onboarding
C01682,Basic,Month-to-month,Credit Card,Australia,E-commerce,0.573,5,1,4.03,0,1,0.2638706796950665,Low,29,7.652249711156928,Month-to-month contract,Renewal / contract intervention
C01685,Enterprise,Month-to-month,ACH/Bank Transfer,USA,Nonprofit,0.308,3,1,4.02,0,1,0.4373933486897892,Medium,199,87.04127638926805,Low engagement + Month-to-month contract,Increase product engagement + Renewal / contract intervention
C01686,Pro,1-Year,Manual Invoice,USA,Marketing/Agency,0.49,3,0,3.81,0,20,0.2320424002784019,Low,79,18.33134962199375,No major warning signal,Standard customer success monitoring
C01688,Basic,Month-to-month,Credit Card,Australia,Nonprofit,0.352,1,2,2.74,0,2,0.7811116724909433,High,29,22.652238502237356,Low engagement + Low satisfaction + Month-to-month contract + Low feature adoption,Customer success outreach + Increase product engagement + Product training / onboarding + Renewal / contract intervention
C01689,Basic,1-Year,PayPal,Canada,Healthcare,0.26,1,0,5.0,0,0,0.2133861962558392,Low,29,6.188199691419337,Low engagement + Low feature adoption,Increase product engagement + Product training / onboarding
C01690,Enterprise,Month-to-month,ACH/Bank Transfer,UK,Healthcare,0.541,5,2,2.16,0,22,0.6880210986241116,High,199,136.91619862619822,Low satisfaction + Month-to-month contract,Customer success outreach + Renewal / contract intervention
C01692,Pro,Month-to-month,Credit Card,USA,Education,0.551,3,2,4.23,0,16,0.4356654714224475,Medium,79,34.41757224237335,Month-to-month contract,Renewal / contract intervention
C01693,Pro,2-Year,PayPal,USA,Healthcare,0.516,3,1,4.05,2,0,0.5920457603797215,Medium,79,46.77161506999799,Billing friction,Resolve billing issue
C01694,Pro,1-Year,Manual Invoice,India,Manufacturing,0.336,8,2,5.0,1,20,0.20870714805910046,Low,79,16.487864696668936,Low engagement + Billing friction,Resolve billing issue + Increase product engagement
C01695,Basic,1-Year,Manual Invoice,India,SaaS/Tech,0.555,1,0,4.39,0,9,0.1644581410734083,Low,29,4.769286091128841,Low feature adoption,Product training / onboarding
C01696,Enterprise,Month-to-month,PayPal,USA,Manufacturing,0.717,4,1,4.32,2,46,0.7504513472270895,High,199,149.33981809819082,Billing friction + Inactivity + Month-to-month contract,Resolve billing issue + Launch re-engagement campaign + Renewal / contract intervention
C01697,Enterprise,1-Year,Credit Card,USA,Nonprofit,0.39,3,2,3.45,0,10,0.4391048214139285,Medium,199,87.38185946137176,Low engagement,Increase product engagement
C01698,Pro,Month-to-month,Credit Card,India,SaaS/Tech,0.948,4,0,4.83,0,5,0.09045641574491046,Low,79,7.146056843847926,Month-to-month contract,Renewal / contract intervention
C01701,Pro,1-Year,PayPal,USA,Finance,0.349,4,0,4.7,1,0,0.2800631973963297,Low,79,22.124992594310044,Low engagement + Billing friction,Resolve billing issue + Increase product engagement
C01702,Basic,Month-to-month,Credit Card,USA,Marketing/Agency,0.789,5,0,2.1,0,8,0.3775092583566731,Medium,29,10.94776849234352,Low satisfaction + Month-to-month contract,Customer success outreach + Renewal / contract intervention
C01703,Basic,Month-to-month,PayPal,India,Healthcare,0.307,8,1,2.04,0,4,0.4552863418128047,Medium,29,13.203303912571336,Low engagement + Low satisfaction + Month-to-month contract,Customer success outreach + Increase product engagement + Renewal / contract intervention
C01705,Basic,Month-to-month,PayPal,Canada,SaaS/Tech,0.88,7,2,4.53,0,4,0.10602160170254572,Low,29,3.074626449373826,Month-to-month contract,Renewal / contract intervention
C01706,Basic,1-Year,ACH/Bank Transfer,UK,E-commerce,0.782,3,2,5.0,0,5,0.14503845726980213,Low,29,4.206115260824262,No major warning signal,Standard customer success monitoring
C01707,Basic,1-Year,PayPal,UK,Finance,0.48,5,2,5.0,1,14,0.322406866023032,Medium,29,9.349799114667928,Billing friction,Resolve billing issue
C01708,Basic,Month-to-month,Credit Card,Germany,Nonprofit,0.495,1,0,4.09,2,2,0.7814270390239009,High,29,22.661384131693126,Billing friction + Month-to-month contract + Low feature adoption,Resolve billing issue + Product training / onboarding + Renewal / contract intervention
C01711,Basic,Month-to-month,ACH/Bank Transfer,UK,Finance,0.522,5,0,5.0,0,17,0.183705884911294,Low,29,5.327470662427526,Month-to-month contract,Renewal / contract intervention
C01712,Enterprise,Month-to-month,Credit Card,India,Manufacturing,0.551,5,1,3.77,2,9,0.7254958103675544,High,199,144.37366626314332,Billing friction + Month-to-month contract,Resolve billing issue + Renewal / contract intervention
C01713,Basic,1-Year,ACH/Bank Transfer,India,Education,0.453,7,2,4.4,0,17,0.17814834419826925,Low,29,5.166301981749808,No major warning signal,Standard customer success monitoring
C01714,Enterprise,1-Year,Credit Card,Canada,Finance,0.585,7,0,2.76,0,34,0.2554051361219798,Low,199,50.82562208827398,Low satisfaction + Inactivity,Customer success outreach + Launch re-engagement campaign
C01715,Pro,2-Year,Credit Card,Canada,Education,0.512,4,0,2.01,1,0,0.5889308524846262,Medium,79,46.52553734628547,Low satisfaction + Billing friction,Resolve billing issue + Customer success outreach
C01716,Pro,Month-to-month,ACH/Bank Transfer,USA,Nonprofit,0.647,4,1,5.0,0,44,0.31296817824762163,Medium,79,24.72448608156211,Inactivity + Month-to-month contract,Launch re-engagement campaign + Renewal / contract intervention
C01718,Enterprise,Month-to-month,Manual Invoice,USA,Manufacturing,0.558,8,1,5.0,2,5,0.2975765804421539,Low,199,59.217739507988625,Billing friction + Month-to-month contract,Resolve billing issue + Renewal / contract intervention
C01720,Pro,1-Year,PayPal,USA,Manufacturing,0.149,1,3,3.78,1,3,0.777457313287972,High,79,61.419127749749784,Low engagement + Billing friction + High support activity + Low feature adoption,Resolve billing issue + Increase product engagement + Product training / onboarding + Priority support review
C01722,Pro,1-Year,Credit Card,India,SaaS/Tech,0.545,3,1,4.77,1,7,0.3396199482119084,Medium,79,26.829975908740764,Billing friction,Resolve billing issue
C01723,Enterprise,1-Year,Credit Card,India,SaaS/Tech,0.494,2,1,3.56,0,9,0.35398718956812436,Medium,199,70.44345072405675,Low feature adoption,Product training / onboarding
C01724,Basic,2-Year,PayPal,Canada,Manufacturing,0.868,5,2,3.33,1,12,0.320602935658151,Medium,29,9.29748513408638,Billing friction,Resolve billing issue
C01726,Basic,1-Year,Credit Card,USA,SaaS/Tech,0.278,4,0,3.58,0,3,0.25396992997147116,Low,29,7.365127969172664,Low engagement,Increase product engagement
C01727,Pro,2-Year,Manual Invoice,UK,Marketing/Agency,0.775,2,1,4.0,0,16,0.1874563617497037,Low,79,14.809052578226593,Low feature adoption,Product training / onboarding
C01728,Pro,Month-to-month,Manual Invoice,Canada,SaaS/Tech,0.727,7,1,5.0,0,19,0.08790469923236066,Low,79,6.944471239356492,Month-to-month contract,Renewal / contract intervention
C01729,Enterprise,1-Year,Credit Card,Germany,Nonprofit,0.657,6,2,4.52,1,7,0.2206846847083357,Low,199,43.9162522569588,Billing friction,Resolve billing issue
C01730,Pro,1-Year,PayPal,USA,SaaS/Tech,0.306,4,3,3.5,1,5,0.6811524568528686,High,79,53.81104409137662,Low engagement + Billing friction + High support activity,Resolve billing issue + Increase product engagement + Priority support review
C01733,Pro,1-Year,Credit Card,Australia,Manufacturing,0.253,4,0,4.25,1,17,0.4816760781784798,Medium,79,38.052410176099905,Low engagement + Billing friction,Resolve billing issue + Increase product engagement
C01734,Enterprise,1-Year,Credit Card,UK,Nonprofit,0.866,4,0,2.45,2,3,0.6563574422278606,High,199,130.61513100334426,Low satisfaction + Billing friction,Resolve billing issue + Customer success outreach
C01735,Pro,1-Year,Credit Card,UK,Marketing/Agency,0.58,4,1,5.0,1,2,0.28222514925887054,Low,79,22.295786791450773,Billing friction,Resolve billing issue
C01736,Pro,Month-to-month,PayPal,Canada,Nonprofit,0.54,8,1,4.69,2,4,0.4859016721500577,Medium,79,38.38623209985456,Billing friction + Month-to-month contract,Resolve billing issue + Renewal / contract intervention
C01738,Basic,2-Year,Credit Card,Australia,Healthcare,0.806,4,3,5.0,0,10,0.12268465319780408,Low,29,3.557854942736318,High support activity,Priority support review
C01739,Pro,1-Year,Credit Card,Australia,Nonprofit,0.58,6,1,4.16,0,5,0.1437546060526186,Low,79,11.356613878156871,No major warning signal,Standard customer success monitoring
C01740,Pro,2-Year,Manual Invoice,Germany,Marketing/Agency,0.511,3,1,4.56,1,3,0.2628239341387892,Low,79,20.763090796964345,Billing friction,Resolve billing issue
C01742,Pro,Month-to-month,Credit Card,USA,Nonprofit,0.195,5,1,3.1,1,0,0.7419318342748539,High,79,58.61261490771346,Low engagement + Billing friction + Month-to-month contract,Resolve billing issue + Increase product engagement + Renewal / contract intervention
C01743,Basic,Month-to-month,Manual Invoice,India,Finance,0.83,6,3,2.83,1,0,0.5047273039577305,Medium,29,14.637091814774184,Low satisfaction + Billing friction + High support activity + Month-to-month contract,Resolve billing issue + Customer success outreach + Priority support review + Renewal / contract intervention
C01744,Pro,Month-to-month,PayPal,India,Nonprofit,0.966,10,1,2.56,1,2,0.2594042330928794,Low,79,20.492934414337473,Low satisfaction + Billing friction + Month-to-month contract,Resolve billing issue + Customer success outreach + Renewal / contract intervention
C01745,Basic,Month-to-month,Credit Card,Germany,E-commerce,0.436,0,1,4.06,2,5,0.8751807576840726,High,29,25.380241972838103,Billing friction + Month-to-month contract + Low feature adoption,Resolve billing issue + Product training / onboarding + Renewal / contract intervention
C01747,Basic,1-Year,Credit Card,USA,Marketing/Agency,0.622,4,1,2.67,2,0,0.7549038422148122,High,29,21.892211424229554,Low satisfaction + Billing friction,Resolve billing issue + Customer success outreach
C01748,Basic,2-Year,ACH/Bank Transfer,Canada,Education,0.773,5,3,4.52,0,11,0.1533411474489259,Low,29,4.4468932760188515,High support activity,Priority support review
C01749,Basic,1-Year,Manual Invoice,Germany,Healthcare,0.707,2,2,3.94,1,3,0.3542655418870379,Medium,29,10.273700714724098,Billing friction + Low feature adoption,Resolve billing issue + Product training / onboarding
C01750,Enterprise,Month-to-month,Credit Card,USA,Nonprofit,0.451,2,2,3.59,1,15,0.8024950977169567,High,199,159.69652444567438,Billing friction + Month-to-month contract + Low feature adoption,Resolve billing issue + Product training / onboarding + Renewal / contract intervention
C01751,Enterprise,1-Year,Credit Card,UK,Marketing/Agency,0.728,7,1,3.6,0,11,0.14168496261611688,Low,199,28.195307560607258,No major warning signal,Standard customer success monitoring
C01752,Basic,Month-to-month,ACH/Bank Transfer,India,Manufacturing,0.661,6,1,3.78,0,4,0.19359358676335592,Low,29,5.614214016137321,Month-to-month contract,Renewal / contract intervention
C01753,Enterprise,1-Year,ACH/Bank Transfer,Germany,SaaS/Tech,0.402,2,2,4.22,0,46,0.5039096231827119,Medium,199,100.27801501335968,Inactivity + Low feature adoption,Launch re-engagement campaign + Product training / onboarding
C01754,Basic,Month-to-month,Credit Card,Australia,Manufacturing,0.783,2,1,3.84,1,8,0.5605551796389692,Medium,29,16.256100209530107,Billing friction + Month-to-month contract + Low feature adoption,Resolve billing issue + Product training / onboarding + Renewal / contract intervention
C01755,Enterprise,Month-to-month,ACH/Bank Transfer,Canada,Manufacturing,0.754,0,2,3.58,1,16,0.7864736244166031,High,199,156.508251258904,Billing friction + Month-to-month contract + Low feature adoption,Resolve billing issue + Product training / onboarding + Renewal / contract intervention
C01756,Basic,2-Year,Credit Card,India,Education,0.697,5,1,5.0,1,3,0.13335133263707188,Low,29,3.8671886464750846,Billing friction,Resolve billing issue
C01757,Basic,2-Year,PayPal,India,SaaS/Tech,0.198,7,3,2.36,0,0,0.43349422398331156,Medium,29,12.571332495516035,Low engagement + Low satisfaction + High support activity,Customer success outreach + Increase product engagement + Priority support review
C01758,Enterprise,Month-to-month,ACH/Bank Transfer,USA,Manufacturing,1.0,4,1,4.46,1,16,0.29481434629809505,Low,199,58.668054913320915,Billing friction + Month-to-month contract,Resolve billing issue + Renewal / contract intervention
C01759,Pro,2-Year,PayPal,USA,Manufacturing,0.518,2,2,2.99,0,23,0.48199344084567347,Medium,79,38.0774818268082,Low satisfaction + Low feature adoption,Customer success outreach + Product training / onboarding
C01760,Enterprise,Month-to-month,Credit Card,Australia,Nonprofit,0.419,2,0,2.28,0,28,0.7570055107267203,High,199,150.64409663461734,Low satisfaction + Month-to-month contract + Low feature adoption,Customer success outreach + Product training / onboarding + Renewal / contract intervention
C01762,Pro,Month-to-month,Credit Card,UK,Marketing/Agency,0.742,2,0,3.63,0,0,0.34297525577004745,Medium,79,27.09504520583375,Month-to-month contract + Low feature adoption,Product training / onboarding + Renewal / contract intervention
C01763,Pro,Month-to-month,Credit Card,India,E-commerce,0.299,6,3,3.02,1,6,0.8090726205600614,High,79,63.916737024244846,Low engagement + Billing friction + High support activity + Month-to-month contract,Resolve billing issue + Increase product engagement + Priority support review + Renewal / contract intervention
C01764,Basic,2-Year,Credit Card,UK,Finance,0.329,5,2,4.2,0,25,0.32119061497612533,Medium,29,9.314527834307635,Low engagement,Increase product engagement
C01765,Pro,1-Year,Credit Card,Australia,E-commerce,0.571,6,1,5.0,0,19,0.1151837353655444,Low,79,9.099515093878008,No major warning signal,Standard customer success monitoring
C01766,Pro,1-Year,Manual Invoice,USA,SaaS/Tech,0.543,7,1,4.13,0,8,0.07730420637707684,Low,79,6.107032303789071,No major warning signal,Standard customer success monitoring
C01772,Basic,Month-to-month,Credit Card,Australia,E-commerce,0.838,7,0,5.0,0,4,0.060750770115134696,Low,29,1.7617723333389061,Month-to-month contract,Renewal / contract intervention
C01773,Pro,Month-to-month,Credit Card,Germany,SaaS/Tech,0.337,0,1,4.71,0,0,0.43437197228858626,Medium,79,34.31538581079831,Low engagement + Month-to-month contract + Low feature adoption,Increase product engagement + Product training / onboarding + Renewal / contract intervention
C01775,Pro,2-Year,Credit Card,USA,Healthcare,0.69,5,3,3.68,0,9,0.21504249350856217,Low,79,16.98835698717641,High support activity,Priority support review
C01776,Enterprise,Month-to-month,Credit Card,India,Healthcare,0.345,7,0,4.31,1,1,0.30235757859182094,Medium,199,60.169158139772364,Low engagement + Billing friction + Month-to-month contract,Resolve billing issue + Increase product engagement + Renewal / contract intervention
C01777,Pro,1-Year,ACH/Bank Transfer,India,Nonprofit,0.668,5,2,2.42,0,15,0.4193877912133232,Medium,79,33.131635505852536,Low satisfaction,Customer success outreach
C01778,Basic,Month-to-month,Manual Invoice,Germany,SaaS/Tech,0.612,6,1,3.51,0,10,0.18341056869810485,Low,29,5.31890649224504,Month-to-month contract,Renewal / contract intervention
C01779,Basic,1-Year,Manual Invoice,Canada,Manufacturing,0.751,2,3,4.58,0,13,0.1995781400810036,Low,29,5.787766062349105,High support activity + Low feature adoption,Product training / onboarding + Priority support review
C01782,Pro,Month-to-month,Credit Card,India,Finance,0.514,0,1,3.06,0,12,0.6973272755559775,High,79,55.088854768922225,Month-to-month contract + Low feature adoption,Product training / onboarding + Renewal / contract intervention
C01784,Pro,1-Year,Credit Card,UK,E-commerce,0.67,5,2,5.0,1,12,0.2906489572442739,Low,79,22.96126762229764,Billing friction,Resolve billing issue
C01785,Basic,Month-to-month,Credit Card,USA,E-commerce,0.788,8,2,3.11,0,6,0.21705087257093866,Low,29,6.2944753045572215,Month-to-month contract,Renewal / contract intervention
C01786,Basic,2-Year,PayPal,Germany,Finance,0.722,5,1,5.0,2,1,0.24833986542712097,Low,29,7.201856097386508,Billing friction,Resolve billing issue
C01787,Basic,Month-to-month,Credit Card,India,SaaS/Tech,0.674,4,2,4.64,1,0,0.4180066734022883,Medium,29,12.122193528666362,Billing friction + Month-to-month contract,Resolve billing issue + Renewal / contract intervention
C01788,Basic,1-Year,Credit Card,USA,Marketing/Agency,0.085,4,0,4.92,0,5,0.2067943959178945,Low,29,5.997037481618941,Low engagement,Increase product engagement
C01790,Basic,Month-to-month,Credit Card,Australia,E-commerce,0.554,2,2,4.4,0,14,0.48123974771529177,Medium,29,13.955952683743462,Month-to-month contract + Low feature adoption,Product training / onboarding + Renewal / contract intervention
C01792,Basic,Month-to-month,Credit Card,Canada,Manufacturing,0.316,8,1,4.59,2,3,0.5623240281665647,Medium,29,16.307396816830376,Low engagement + Billing friction + Month-to-month contract,Resolve billing issue + Increase product engagement + Renewal / contract intervention
C01793,Basic,Month-to-month,ACH/Bank Transfer,India,E-commerce,0.407,7,1,3.42,1,16,0.6032400792630259,High,29,17.49396229862775,Billing friction + Month-to-month contract,Resolve billing issue + Renewal / contract intervention
C01794,Basic,Month-to-month,Credit Card,Germany,Marketing/Agency,0.173,5,0,4.04,2,20,0.7891027383144062,High,29,22.88397941111778,Low engagement + Billing friction + Month-to-month contract,Resolve billing issue + Increase product engagement + Renewal / contract intervention
C01795,Pro,Month-to-month,ACH/Bank Transfer,Canada,Manufacturing,0.505,7,1,5.0,1,1,0.27015921936283827,Low,79,21.342578329664224,Billing friction + Month-to-month contract,Resolve billing issue + Renewal / contract intervention
C01796,Basic,1-Year,Credit Card,Canada,Nonprofit,0.589,6,1,3.79,0,15,0.18208172482111282,Low,29,5.280370019812271,No major warning signal,Standard customer success monitoring
C01798,Pro,Month-to-month,PayPal,USA,E-commerce,0.376,5,0,4.45,2,20,0.711536660089573,High,79,56.211396147076265,Low engagement + Billing friction + Month-to-month contract,Resolve billing issue + Increase product engagement + Renewal / contract intervention
C01799,Enterprise,Month-to-month,Credit Card,Australia,Healthcare,0.684,1,0,2.68,1,18,0.7873213194158685,High,199,156.67694256375782,Low satisfaction + Billing friction + Month-to-month contract + Low feature adoption,Resolve billing issue + Customer success outreach + Product training / onboarding + Renewal / contract intervention
C01800,Pro,Month-to-month,PayPal,India,Healthcare,0.152,4,0,3.05,0,14,0.5735380970645881,Medium,79,45.309509668102464,Low engagement + Month-to-month contract,Increase product engagement + Renewal / contract intervention
C01801,Enterprise,Month-to-month,Manual Invoice,USA,Nonprofit,0.833,6,3,5.0,2,12,0.46909537996576217,Medium,199,93.34998061318667,Billing friction + High support activity + Month-to-month contract,Resolve billing issue + Priority support review + Renewal / contract intervention
C01802,Basic,2-Year,Credit Card,India,Education,0.841,3,1,5.0,0,24,0.10381725891388835,Low,29,3.010700508502762,No major warning signal,Standard customer success monitoring
C01803,Enterprise,2-Year,Credit Card,USA,Marketing/Agency,0.457,3,3,4.75,0,3,0.2571081153414284,Low,199,51.16451495294425,High support activity,Priority support review
C01804,Basic,Month-to-month,Credit Card,UK,Education,0.624,3,4,5.0,1,8,0.639457859567955,High,29,18.544277927470695,Billing friction + High support activity + Month-to-month contract,Resolve billing issue + Priority support review + Renewal / contract intervention
C01805,Pro,Month-to-month,ACH/Bank Transfer,India,SaaS/Tech,0.672,3,2,4.47,1,0,0.5291279871651059,Medium,79,41.80111098604337,Billing friction + Month-to-month contract,Resolve billing issue + Renewal / contract intervention
C01806,Basic,Month-to-month,Credit Card,USA,Nonprofit,0.196,3,0,5.0,0,18,0.3450713116469763,Medium,29,10.007068037762313,Low engagement + Month-to-month contract,Increase product engagement + Renewal / contract intervention
C01807,Basic,Month-to-month,Manual Invoice,Australia,Healthcare,0.717,4,0,4.1,0,3,0.14224557215791386,Low,29,4.125121592579502,Month-to-month contract,Renewal / contract intervention
C01808,Enterprise,Month-to-month,ACH/Bank Transfer,USA,SaaS/Tech,0.973,3,0,4.34,0,1,0.12116129671924546,Low,199,24.111098047129847,Month-to-month contract,Renewal / contract intervention
C01809,Pro,Month-to-month,ACH/Bank Transfer,Germany,Education,0.614,5,0,3.32,0,14,0.29350266484075294,Low,79,23.18671052241948,Month-to-month contract,Renewal / contract intervention
C01810,Enterprise,Month-to-month,ACH/Bank Transfer,USA,Education,0.547,6,2,2.92,0,26,0.5273786576723019,Medium,199,104.94835287678806,Low satisfaction + Month-to-month contract,Customer success outreach + Renewal / contract intervention
C01811,Pro,1-Year,Manual Invoice,Canada,Education,0.8,8,2,4.16,1,8,0.15601950003785256,Low,79,12.325540502990352,Billing friction,Resolve billing issue
C01812,Basic,1-Year,ACH/Bank Transfer,India,Nonprofit,0.738,4,2,2.62,1,1,0.5704358110498283,Medium,29,16.54263852044502,Low satisfaction + Billing friction,Resolve billing issue + Customer success outreach
C01815,Pro,2-Year,PayPal,India,SaaS/Tech,0.546,1,1,5.0,0,3,0.1624665180066913,Low,79,12.834854922528612,Low feature adoption,Product training / onboarding
C01817,Basic,2-Year,Manual Invoice,UK,Manufacturing,0.344,3,1,4.81,0,6,0.13800538113411695,Low,29,4.002156052889392,Low engagement,Increase product engagement
C01818,Pro,Month-to-month,Manual Invoice,India,Education,0.353,3,1,5.0,1,5,0.4575104494252756,Medium,79,36.143325504596774,Low engagement + Billing friction + Month-to-month contract,Resolve billing issue + Increase product engagement + Renewal / contract intervention
C01819,Pro,Month-to-month,Credit Card,Australia,Education,0.583,6,2,4.23,1,37,0.6375551044044887,High,79,50.36685324795461,Billing friction + Inactivity + Month-to-month contract,Resolve billing issue + Launch re-engagement campaign + Renewal / contract intervention
C01820,Enterprise,1-Year,Credit Card,UK,Marketing/Agency,0.524,5,0,5.0,0,0,0.087803509577043,Low,199,17.472898405831558,No major warning signal,Standard customer success monitoring
C01821,Pro,1-Year,Credit Card,USA,SaaS/Tech,0.761,4,1,5.0,0,8,0.08298407951745658,Low,79,6.55574228187907,No major warning signal,Standard customer success monitoring
C01822,Pro,1-Year,ACH/Bank Transfer,Germany,Nonprofit,0.33,7,0,4.59,1,0,0.19741082467826587,Low,79,15.595455149583003,Low engagement + Billing friction,Resolve billing issue + Increase product engagement
C01823,Basic,Month-to-month,ACH/Bank Transfer,India,Education,0.513,5,5,4.38,0,1,0.47854734121838294,Medium,29,13.877872895333105,High support activity + Month-to-month contract,Priority support review + Renewal / contract intervention
C01824,Basic,Month-to-month,PayPal,USA,Education,0.717,1,3,4.22,1,57,0.8480488367303556,High,29,24.593416265180313,Billing friction + High support activity + Inactivity + Month-to-month contract + Low feature adoption,Resolve billing issue + Launch re-engagement campaign + Product training / onboarding + Priority support review + Renewal / contract intervention
C01826,Basic,Month-to-month,Credit Card,USA,E-commerce,0.472,6,1,3.95,1,7,0.44927624470629335,Medium,29,13.029011096482508,Billing friction + Month-to-month contract,Resolve billing issue + Renewal / contract intervention
C01827,Pro,1-Year,ACH/Bank Transfer,India,Finance,0.579,7,1,3.46,1,42,0.5023675560656503,Medium,79,39.68703692918638,Billing friction + Inactivity,Resolve billing issue + Launch re-engagement campaign
C01830,Basic,1-Year,Credit Card,USA,Finance,0.63,3,1,3.0,0,0,0.2882279719930585,Low,29,8.358611187798697,No major warning signal,Standard customer success monitoring
C01831,Basic,Month-to-month,Credit Card,UK,SaaS/Tech,0.641,3,0,2.71,0,3,0.4294848570366818,Medium,29,12.455060854063772,Low satisfaction + Month-to-month contract,Customer success outreach + Renewal / contract intervention
C01835,Basic,1-Year,Manual Invoice,Canada,Nonprofit,0.893,4,1,4.61,1,7,0.16137539156181382,Low,29,4.679886355292601,Billing friction,Resolve billing issue
C01836,Enterprise,1-Year,Credit Card,Canada,Education,0.53,5,1,2.38,1,4,0.6019695566241171,High,199,119.79194176819931,Low satisfaction + Billing friction,Resolve billing issue + Customer success outreach
C01837,Basic,Month-to-month,Manual Invoice,UK,Finance,0.729,5,3,3.88,0,26,0.36207431285422437,Medium,29,10.500155072772507,High support activity + Month-to-month contract,Priority support review + Renewal / contract intervention
C01838,Pro,Month-to-month,Credit Card,USA,E-commerce,0.241,6,0,2.04,1,0,0.7557232762955728,High,79,59.702138827350254,Low engagement + Low satisfaction + Billing friction + Month-to-month contract,Resolve billing issue + Customer success outreach + Increase product engagement + Renewal / contract intervention
C01840,Enterprise,Month-to-month,PayPal,India,Healthcare,0.605,9,2,2.72,0,0,0.2420385227068154,Low,199,48.16566601865626,Low satisfaction + Month-to-month contract,Customer success outreach + Renewal / contract intervention
C01841,Pro,1-Year,Credit Card,UK,Marketing/Agency,0.726,4,2,3.04,0,9,0.3670284330708322,Medium,79,28.995246212595745,No major warning signal,Standard customer success monitoring
C01842,Pro,Month-to-month,ACH/Bank Transfer,USA,E-commerce,0.591,5,0,3.2,0,11,0.33370156297881426,Medium,79,26.362423475326327,Month-to-month contract,Renewal / contract intervention
C01843,Pro,Month-to-month,ACH/Bank Transfer,Australia,E-commerce,0.433,3,1,5.0,0,11,0.3497271588386245,Medium,79,27.628445548251335,Month-to-month contract,Renewal / contract intervention
C01844,Basic,1-Year,Credit Card,Canada,SaaS/Tech,0.41,2,2,3.47,1,12,0.7261276926821668,High,29,21.057703087782837,Billing friction + Low feature adoption,Resolve billing issue + Product training / onboarding
C01845,Basic,2-Year,PayPal,USA,E-commerce,0.67,3,1,4.88,0,30,0.13995764514397344,Low,29,4.05877170917523,No major warning signal,Standard customer success monitoring
C01847,Enterprise,Month-to-month,Credit Card,USA,Nonprofit,0.687,5,6,3.72,0,1,0.5485985687263946,Medium,199,109.17111517655252,High support activity + Month-to-month contract,Priority support review + Renewal / contract intervention
C01848,Pro,Month-to-month,Manual Invoice,UK,Manufacturing,0.62,3,1,4.3,1,11,0.45359648734306,Medium,79,35.83412250010174,Billing friction + Month-to-month contract,Resolve billing issue + Renewal / contract intervention
C01849,Pro,2-Year,Manual Invoice,USA,Marketing/Agency,0.393,9,2,4.39,0,4,0.07264998591611871,Low,79,5.739348887373378,Low engagement,Increase product engagement
C01850,Pro,1-Year,PayPal,USA,Education,0.518,4,1,5.0,1,8,0.26904191264422195,Low,79,21.254311098893535,Billing friction,Resolve billing issue
C01851,Basic,Month-to-month,Credit Card,India,Education,0.623,5,2,3.56,1,0,0.5620298945462676,Medium,29,16.298866941841762,Billing friction + Month-to-month contract,Resolve billing issue + Renewal / contract intervention
C01852,Basic,2-Year,ACH/Bank Transfer,USA,Education,0.648,3,0,4.37,0,2,0.10139925832428238,Low,29,2.9405784914041893,No major warning signal,Standard customer success monitoring
C01855,Basic,Month-to-month,Credit Card,UK,E-commerce,0.252,4,0,3.93,0,33,0.5230340164412014,Medium,29,15.167986476794841,Low engagement + Inactivity + Month-to-month contract,Increase product engagement + Launch re-engagement campaign + Renewal / contract intervention
C01856,Pro,1-Year,Credit Card,USA,SaaS/Tech,0.517,3,0,5.0,2,14,0.4932670169942764,Medium,79,38.968094342547836,Billing friction,Resolve billing issue
C01857,Pro,1-Year,Credit Card,USA,Healthcare,0.709,3,0,3.55,0,24,0.22810416624555385,Low,79,18.020229133398754,No major warning signal,Standard customer success monitoring
C01858,Pro,2-Year,ACH/Bank Transfer,Germany,SaaS/Tech,0.845,2,1,2.51,0,8,0.30456276608348876,Medium,79,24.060458520595613,Low satisfaction + Low feature adoption,Customer success outreach + Product training / onboarding
C01859,Pro,Month-to-month,Credit Card,USA,Education,0.106,7,1,3.58,1,0,0.6254798618272667,High,79,49.41290908435407,Low engagement + Billing friction + Month-to-month contract,Resolve billing issue + Increase product engagement + Renewal / contract intervention
C01860,Basic,Month-to-month,Credit Card,UK,Healthcare,0.175,6,1,4.24,0,1,0.3246347420092586,Medium,29,9.4144075182685,Low engagement + Month-to-month contract,Increase product engagement + Renewal / contract intervention
C01862,Pro,Month-to-month,Credit Card,India,Education,0.71,4,0,4.36,0,4,0.16921674747883964,Low,79,13.36812305082833,Month-to-month contract,Renewal / contract intervention
C01863,Enterprise,Month-to-month,Credit Card,India,E-commerce,0.433,2,2,3.59,0,24,0.6701771431552055,High,199,133.3652514878859,Month-to-month contract + Low feature adoption,Product training / onboarding + Renewal / contract intervention
C01865,Basic,1-Year,Credit Card,Australia,Marketing/Agency,0.491,4,3,2.87,0,28,0.6391702142616841,High,29,18.535936213588837,Low satisfaction + High support activity,Customer success outreach + Priority support review
C01866,Pro,1-Year,Credit Card,UK,Healthcare,0.481,4,5,5.0,0,25,0.4253736288617112,Medium,79,33.604516680075186,High support activity,Priority support review
C01867,Basic,1-Year,ACH/Bank Transfer,USA,E-commerce,0.557,4,0,4.49,0,3,0.11852028690924928,Low,29,3.437088320368229,No major warning signal,Standard customer success monitoring
C01868,Pro,2-Year,Manual Invoice,USA,SaaS/Tech,0.375,7,0,3.29,0,12,0.12355864131699229,Low,79,9.76113266404239,Low engagement,Increase product engagement
C01870,Basic,2-Year,Credit Card,Germany,Finance,0.526,3,3,3.24,0,45,0.5623035708736455,Medium,29,16.30680355533572,High support activity + Inactivity,Launch re-engagement campaign + Priority support review
C01872,Pro,1-Year,Credit Card,USA,Manufacturing,0.663,8,2,3.85,0,13,0.11346295438802961,Low,79,8.96357339665434,No major warning signal,Standard customer success monitoring
C01874,Basic,Month-to-month,ACH/Bank Transfer,India,Marketing/Agency,0.168,6,2,4.04,0,9,0.4881353302303246,Medium,29,14.155924576679414,Low engagement + Month-to-month contract,Increase product engagement + Renewal / contract intervention
C01875,Pro,Month-to-month,Credit Card,UK,Nonprofit,0.719,8,0,2.4,0,22,0.31027925587929944,Medium,79,24.512061214464655,Low satisfaction + Month-to-month contract,Customer success outreach + Renewal / contract intervention
C01877,Basic,1-Year,ACH/Bank Transfer,India,Manufacturing,0.818,4,0,5.0,2,12,0.3080410352471262,Medium,29,8.933190022166661,Billing friction,Resolve billing issue
C01879,Pro,Month-to-month,Manual Invoice,Australia,E-commerce,0.629,3,2,2.1,0,2,0.6177146760442349,High,79,48.79945940749456,Low satisfaction + Month-to-month contract,Customer success outreach + Renewal / contract intervention
C01880,Pro,1-Year,Credit Card,USA,Manufacturing,0.744,9,0,3.15,0,3,0.06115656877838649,Low,79,4.8313689334925325,No major warning signal,Standard customer success monitoring
C01881,Basic,Month-to-month,ACH/Bank Transfer,USA,Education,0.48,4,5,3.37,0,3,0.6830537385715105,High,29,19.808558418573806,High support activity + Month-to-month contract,Priority support review + Renewal / contract intervention
C01882,Enterprise,Month-to-month,Credit Card,USA,Manufacturing,0.591,4,1,5.0,2,0,0.5366788965704362,Medium,199,106.79910041751681,Billing friction + Month-to-month contract,Resolve billing issue + Renewal / contract intervention
C01883,Pro,1-Year,PayPal,UK,E-commerce,0.457,2,1,3.52,0,6,0.399493063949335,Medium,79,31.559952051997463,Low feature adoption,Product training / onboarding
C01884,Enterprise,Month-to-month,Credit Card,UK,Manufacturing,0.52,5,1,3.96,1,2,0.48133809733114935,Medium,199,95.78628136889873,Billing friction + Month-to-month contract,Resolve billing issue + Renewal / contract intervention
C01886,Pro,2-Year,Credit Card,USA,SaaS/Tech,0.692,7,1,5.0,1,8,0.11051140158035491,Low,79,8.730400724848039,Billing friction,Resolve billing issue
C01887,Pro,1-Year,Credit Card,UK,Education,0.535,3,1,3.82,0,5,0.28689053590307495,Low,79,22.664352336342922,No major warning signal,Standard customer success monitoring
C01888,Pro,1-Year,Credit Card,India,E-commerce,0.317,5,1,5.0,1,17,0.36557152469834253,Medium,79,28.88015045116906,Low engagement + Billing friction,Resolve billing issue + Increase product engagement
C01889,Pro,Month-to-month,PayPal,USA,Healthcare,0.767,1,2,4.43,0,26,0.4210504117019922,Medium,79,33.262982524457385,Month-to-month contract + Low feature adoption,Product training / onboarding + Renewal / contract intervention
C01890,Enterprise,1-Year,PayPal,USA,SaaS/Tech,0.473,3,2,4.7,0,54,0.3860556305233087,Medium,199,76.82507047413843,Inactivity,Launch re-engagement campaign
C01892,Enterprise,1-Year,Credit Card,USA,SaaS/Tech,0.599,2,0,3.53,2,4,0.6645335408682383,High,199,132.24217463277944,Billing friction + Low feature adoption,Resolve billing issue + Product training / onboarding
C01893,Basic,Month-to-month,Credit Card,Australia,Education,0.437,3,2,4.08,0,2,0.4704887895714062,Medium,29,13.64417489757078,Month-to-month contract,Renewal / contract intervention
C01894,Basic,1-Year,Credit Card,India,Finance,0.56,7,1,3.9,1,0,0.24555526832640626,Low,29,7.1211027814657815,Billing friction,Resolve billing issue
C01895,Enterprise,1-Year,Credit Card,India,Manufacturing,0.292,7,0,5.0,0,5,0.07168617724610483,Low,199,14.265549271974862,Low engagement,Increase product engagement
C01896,Enterprise,Month-to-month,Credit Card,USA,Education,0.671,3,0,3.7,0,0,0.2540652326998928,Low,199,50.558981307278664,Month-to-month contract,Renewal / contract intervention
C01897,Pro,Month-to-month,ACH/Bank Transfer,India,Education,0.681,4,0,4.54,0,3,0.17193112438753488,Low,79,13.582558826615255,Month-to-month contract,Renewal / contract intervention
C01898,Basic,1-Year,Credit Card,Australia,Education,0.663,3,2,3.09,0,15,0.4250725380207236,Medium,29,12.327103602600983,No major warning signal,Standard customer success monitoring
C01899,Pro,1-Year,Credit Card,USA,SaaS/Tech,0.287,0,1,4.35,0,4,0.40919366377455096,Medium,79,32.32629943818953,Low engagement + Low feature adoption,Increase product engagement + Product training / onboarding
C01900,Enterprise,Month-to-month,PayPal,USA,Manufacturing,0.691,5,2,2.52,1,0,0.623645075870954,High,199,124.10537009831984,Low satisfaction + Billing friction + Month-to-month contract,Resolve billing issue + Customer success outreach + Renewal / contract intervention
C01901,Enterprise,Month-to-month,Credit Card,UK,Healthcare,0.828,0,2,4.51,0,10,0.3771287472822313,Medium,199,75.04862070916403,Month-to-month contract + Low feature adoption,Product training / onboarding + Renewal / contract intervention
C01902,Pro,Month-to-month,ACH/Bank Transfer,UK,SaaS/Tech,0.397,2,3,3.3,0,0,0.7206997073894598,High,79,56.93527688376732,Low engagement + High support activity + Month-to-month contract + Low feature adoption,Increase product engagement + Product training / onboarding + Priority support review + Renewal / contract intervention
C01903,Enterprise,Month-to-month,Credit Card,Australia,Healthcare,0.21,6,3,3.56,1,22,0.8242999292118184,High,199,164.03568591315187,Low engagement + Billing friction + High support activity + Month-to-month contract,Resolve billing issue + Increase product engagement + Priority support review + Renewal / contract intervention
C01905,Basic,1-Year,Credit Card,Australia,Nonprofit,0.201,4,0,4.15,1,15,0.5273763975943948,Medium,29,15.293915530237449,Low engagement + Billing friction,Resolve billing issue + Increase product engagement
C01909,Enterprise,1-Year,ACH/Bank Transfer,India,Nonprofit,0.318,6,2,3.62,0,6,0.3070006800924972,Medium,199,61.093135338406945,Low engagement,Increase product engagement
C01910,Enterprise,1-Year,Credit Card,UK,Education,0.688,1,0,3.68,2,1,0.6914323554169218,High,199,137.59503872796745,Billing friction + Low feature adoption,Resolve billing issue + Product training / onboarding
C01913,Enterprise,Month-to-month,ACH/Bank Transfer,USA,Marketing/Agency,0.592,5,0,3.87,0,12,0.25631975313588595,Low,199,51.007630874041304,Month-to-month contract,Renewal / contract intervention
C01914,Pro,2-Year,ACH/Bank Transfer,USA,E-commerce,0.298,0,0,4.42,0,1,0.31050105357173685,Medium,79,24.529583232167212,Low engagement + Low feature adoption,Increase product engagement + Product training / onboarding
C01915,Enterprise,1-Year,Manual Invoice,USA,Healthcare,0.484,4,2,3.58,0,15,0.26603695376395803,Low,199,52.941353799027645,No major warning signal,Standard customer success monitoring
C01916,Basic,Month-to-month,Credit Card,UK,Finance,0.765,4,1,2.33,0,3,0.45447953731605184,Medium,29,13.179906582165504,Low satisfaction + Month-to-month contract,Customer success outreach + Renewal / contract intervention
C01917,Enterprise,2-Year,ACH/Bank Transfer,USA,Manufacturing,0.562,5,2,4.43,2,1,0.48863015722386355,Medium,199,97.23740128754885,Billing friction,Resolve billing issue
C01918,Enterprise,Month-to-month,Credit Card,Canada,E-commerce,0.5,1,3,5.0,1,1,0.6865051723565955,High,199,136.6145292989625,Billing friction + High support activity + Month-to-month contract + Low feature adoption,Resolve billing issue + Product training / onboarding + Priority support review + Renewal / contract intervention
C01919,Enterprise,Month-to-month,Credit Card,India,Nonprofit,0.617,3,1,4.47,0,0,0.252291161269942,Low,199,50.205941092718454,Month-to-month contract,Renewal / contract intervention
C01920,Basic,1-Year,Credit Card,India,Healthcare,0.578,4,1,3.71,0,25,0.27092269168792926,Low,29,7.856758058949948,No major warning signal,Standard customer success monitoring
C01921,Pro,1-Year,Credit Card,USA,Marketing/Agency,0.543,5,1,4.33,0,7,0.1602178891565465,Low,79,12.657213243367174,No major warning signal,Standard customer success monitoring
C01924,Basic,1-Year,PayPal,UK,Nonprofit,0.42,5,1,3.76,1,10,0.4595292693866291,Medium,29,13.326348812212244,Billing friction,Resolve billing issue
C01926,Basic,1-Year,Credit Card,India,Marketing/Agency,0.544,3,1,3.85,0,0,0.24962381360890623,Low,29,7.239090594658281,No major warning signal,Standard customer success monitoring
C01927,Pro,Month-to-month,Credit Card,Germany,Marketing/Agency,0.126,5,1,4.62,1,6,0.591746201215161,Medium,79,46.747949895997714,Low engagement + Billing friction + Month-to-month contract,Resolve billing issue + Increase product engagement + Renewal / contract intervention
C01929,Enterprise,Month-to-month,Credit Card,Australia,Marketing/Agency,0.415,6,2,3.95,0,6,0.39405053770493015,Medium,199,78.4160570032811,Month-to-month contract,Renewal / contract intervention
C01930,Pro,1-Year,PayPal,Germany,Healthcare,0.82,2,2,3.57,0,73,0.5187094485681706,Medium,79,40.97804643688548,Inactivity + Low feature adoption,Launch re-engagement campaign + Product training / onboarding
C01931,Pro,Month-to-month,Credit Card,India,Finance,0.919,2,4,3.17,1,3,0.7767989001053761,High,79,61.367113108324716,Billing friction + High support activity + Month-to-month contract + Low feature adoption,Resolve billing issue + Product training / onboarding + Priority support review + Renewal / contract intervention
C01932,Pro,Month-to-month,Manual Invoice,USA,Marketing/Agency,0.401,4,0,3.17,0,19,0.42780527975071275,Medium,79,33.79661710030631,Month-to-month contract,Renewal / contract intervention
C01934,Enterprise,1-Year,Credit Card,India,E-commerce,0.354,6,1,5.0,2,10,0.4856283476729241,Medium,199,96.6400411869119,Low engagement + Billing friction,Resolve billing issue + Increase product engagement
C01935,Pro,2-Year,ACH/Bank Transfer,UK,Nonprofit,0.57,8,0,3.8,2,26,0.3704567887213698,Medium,79,29.266086308988214,Billing friction,Resolve billing issue
C01936,Enterprise,Month-to-month,Credit Card,Germany,Nonprofit,0.793,5,0,3.84,0,1,0.13239329088033996,Low,199,26.346264885187654,Month-to-month contract,Renewal / contract intervention
C01937,Basic,1-Year,Credit Card,USA,SaaS/Tech,0.606,2,2,4.43,0,1,0.22127636675527773,Low,29,6.417014635903055,Low feature adoption,Product training / onboarding
C01938,Basic,1-Year,Credit Card,Canada,SaaS/Tech,0.644,2,1,4.48,0,14,0.22042026830184464,Low,29,6.392187780753495,Low feature adoption,Product training / onboarding
C01939,Basic,2-Year,PayPal,Canada,E-commerce,0.625,2,3,2.07,0,1,0.5807284135896478,Medium,29,16.841123994099785,Low satisfaction + High support activity + Low feature adoption,Customer success outreach + Product training / onboarding + Priority support review
C01940,Basic,1-Year,PayPal,Germany,Healthcare,0.72,2,2,3.26,0,36,0.413186588625675,Medium,29,11.982411070144574,Inactivity + Low feature adoption,Launch re-engagement campaign + Product training / onboarding
C01941,Basic,Month-to-month,Credit Card,Canada,Finance,0.624,2,2,2.84,0,4,0.6192160662526076,High,29,17.95726592132562,Low satisfaction + Month-to-month contract + Low feature adoption,Customer success outreach + Product training / onboarding + Renewal / contract intervention
C01942,Basic,1-Year,Credit Card,Canada,SaaS/Tech,0.261,4,0,3.09,2,2,0.7808301410000139,High,29,22.644074089000405,Low engagement + Billing friction,Resolve billing issue + Increase product engagement
C01943,Pro,Month-to-month,Manual Invoice,India,SaaS/Tech,0.368,6,2,5.0,0,17,0.21438107727269923,Low,79,16.936105104543238,Low engagement + Month-to-month contract,Increase product engagement + Renewal / contract intervention
C01944,Enterprise,1-Year,PayPal,UK,Education,0.503,4,0,3.4,0,1,0.2159700467276703,Low,199,42.978039298806394,No major warning signal,Standard customer success monitoring
C01945,Basic,Month-to-month,Credit Card,UK,Manufacturing,0.535,6,1,5.0,0,4,0.13436235418351494,Low,29,3.8965082713219332,Month-to-month contract,Renewal / contract intervention
C01946,Basic,Month-to-month,Credit Card,Australia,Education,0.259,5,0,3.75,0,26,0.4640009530244147,Medium,29,13.456027637708026,Low engagement + Month-to-month contract,Increase product engagement + Renewal / contract intervention
C01948,Basic,Month-to-month,Credit Card,USA,Education,0.763,4,1,3.63,0,5,0.25107429579551,Low,29,7.28115457806979,Month-to-month contract,Renewal / contract intervention
C01949,Enterprise,Month-to-month,Credit Card,UK,E-commerce,0.749,1,0,3.58,1,4,0.6139300072445049,High,199,122.17207144165647,Billing friction + Month-to-month contract + Low feature adoption,Resolve billing issue + Product training / onboarding + Renewal / contract intervention
C01950,Pro,Month-to-month,Credit Card,Australia,Finance,0.562,3,4,4.22,0,16,0.6057247532363581,High,79,47.85225550567229,High support activity + Month-to-month contract,Priority support review + Renewal / contract intervention
C01951,Pro,Month-to-month,Credit Card,USA,Manufacturing,0.716,3,2,5.0,1,12,0.43372125759516983,Medium,79,34.26397935001842,Billing friction + Month-to-month contract,Resolve billing issue + Renewal / contract intervention
C01952,Pro,1-Year,PayPal,USA,Education,0.639,4,0,3.35,2,41,0.740338120214823,High,79,58.48671149697102,Billing friction + Inactivity,Resolve billing issue + Launch re-engagement campaign
C01953,Basic,Month-to-month,Manual Invoice,India,Education,0.48,6,1,5.0,0,4,0.11115976902103153,Low,29,3.2236333016099143,Month-to-month contract,Renewal / contract intervention
C01955,Basic,1-Year,Credit Card,India,Finance,0.575,6,1,4.01,2,3,0.5017536196034598,Medium,29,14.550854968500333,Billing friction,Resolve billing issue
C01956,Basic,1-Year,ACH/Bank Transfer,Canada,Nonprofit,0.452,3,0,4.34,0,9,0.21161529800208762,Low,29,6.136843642060541,No major warning signal,Standard customer success monitoring
C01957,Enterprise,Month-to-month,ACH/Bank Transfer,UK,Marketing/Agency,1.0,8,3,4.81,1,9,0.23097769366886248,Low,199,45.96456104010363,Billing friction + High support activity + Month-to-month contract,Resolve billing issue + Priority support review + Renewal / contract intervention
C01958,Pro,Month-to-month,PayPal,Australia,Marketing/Agency,0.855,8,2,3.37,0,15,0.2361557106945219,Low,79,18.656301144867232,Month-to-month contract,Renewal / contract intervention
C01959,Pro,Month-to-month,Credit Card,UK,Finance,0.342,7,0,4.24,1,1,0.3920610628322608,Medium,79,30.972823963748603,Low engagement + Billing friction + Month-to-month contract,Resolve billing issue + Increase product engagement + Renewal / contract intervention
C01960,Basic,Month-to-month,Credit Card,Australia,Finance,0.688,5,2,4.0,1,0,0.49330689901752883,Medium,29,14.305900071508336,Billing friction + Month-to-month contract,Resolve billing issue + Renewal / contract intervention
C01961,Pro,Month-to-month,Credit Card,India,SaaS/Tech,0.634,5,0,5.0,0,18,0.14205112044173973,Low,79,11.222038514897438,Month-to-month contract,Renewal / contract intervention
C01962,Basic,Month-to-month,PayPal,USA,E-commerce,0.561,5,1,3.58,1,3,0.4942856006955963,Medium,29,14.334282420172293,Billing friction + Month-to-month contract,Resolve billing issue + Renewal / contract intervention
C01963,Pro,1-Year,PayPal,Canada,Education,0.571,4,2,4.99,0,23,0.20137994626375003,Low,79,15.909015754836252,No major warning signal,Standard customer success monitoring
C01965,Basic,Month-to-month,Credit Card,Canada,E-commerce,0.628,3,0,4.0,1,33,0.6272381934959831,High,29,18.18990761138351,Billing friction + Inactivity + Month-to-month contract,Resolve billing issue + Launch re-engagement campaign + Renewal / contract intervention
C01967,Basic,2-Year,Credit Card,USA,Healthcare,0.45,3,0,3.77,1,5,0.36832137607963744,Medium,29,10.681319906309486,Billing friction,Resolve billing issue
C01968,Basic,Month-to-month,Credit Card,Canada,E-commerce,0.261,7,1,3.48,1,12,0.6440863431548501,High,29,18.678503951490654,Low engagement + Billing friction + Month-to-month contract,Resolve billing issue + Increase product engagement + Renewal / contract intervention
C01969,Basic,Month-to-month,ACH/Bank Transfer,India,Marketing/Agency,0.612,3,1,2.93,2,5,0.8802761697962735,High,29,25.52800892409193,Low satisfaction + Billing friction + Month-to-month contract,Resolve billing issue + Customer success outreach + Renewal / contract intervention
C01970,Basic,Month-to-month,Credit Card,UK,SaaS/Tech,0.894,2,1,3.81,1,10,0.541187563400857,Medium,29,15.694439338624855,Billing friction + Month-to-month contract + Low feature adoption,Resolve billing issue + Product training / onboarding + Renewal / contract intervention
C01971,Pro,2-Year,Manual Invoice,USA,Education,0.686,5,3,4.05,1,13,0.3293575544973931,Medium,79,26.019246805294056,Billing friction + High support activity,Resolve billing issue + Priority support review
C01972,Enterprise,1-Year,ACH/Bank Transfer,USA,Manufacturing,0.265,5,1,2.28,0,8,0.4675940745876343,Medium,199,93.05122084293923,Low engagement + Low satisfaction,Customer success outreach + Increase product engagement
C01973,Basic,Month-to-month,PayPal,USA,E-commerce,0.619,2,1,3.93,0,14,0.39400009748622145,Medium,29,11.426002827100422,Month-to-month contract + Low feature adoption,Product training / onboarding + Renewal / contract intervention
C01974,Enterprise,Month-to-month,Manual Invoice,India,Healthcare,0.442,6,2,4.92,0,35,0.24194590578610778,Low,199,48.14723525143545,Inactivity + Month-to-month contract,Launch re-engagement campaign + Renewal / contract intervention
C01975,Pro,Month-to-month,Credit Card,UK,E-commerce,0.359,2,1,3.7,0,0,0.5484094987906896,Medium,79,43.324350404464475,Low engagement + Month-to-month contract + Low feature adoption,Increase product engagement + Product training / onboarding + Renewal / contract intervention
C01976,Enterprise,Month-to-month,ACH/Bank Transfer,Australia,Nonprofit,0.55,3,2,4.9,0,55,0.5596448520071513,Medium,199,111.36932554942311,Inactivity + Month-to-month contract,Launch re-engagement campaign + Renewal / contract intervention
C01979,Basic,1-Year,ACH/Bank Transfer,USA,Education,0.343,0,4,2.61,0,12,0.8289627577188617,High,29,24.03991997384699,Low engagement + Low satisfaction + High support activity + Low feature adoption,Customer success outreach + Increase product engagement + Product training / onboarding + Priority support review
C01981,Basic,1-Year,PayPal,India,Healthcare,0.302,6,1,5.0,0,18,0.1326311559617124,Low,29,3.84630352288966,Low engagement,Increase product engagement
C01982,Enterprise,Month-to-month,Credit Card,UK,Marketing/Agency,0.174,4,0,3.61,0,10,0.5293782178668729,Medium,199,105.34626535550771,Low engagement + Month-to-month contract,Increase product engagement + Renewal / contract intervention
C01983,Basic,1-Year,PayPal,Canada,Nonprofit,0.979,7,1,5.0,0,16,0.037294011115002815,Low,29,1.0815263223350817,No major warning signal,Standard customer success monitoring
C01984,Enterprise,1-Year,Credit Card,USA,Manufacturing,0.495,6,2,5.0,1,4,0.2156748549471014,Low,199,42.91929613447318,Billing friction,Resolve billing issue
C01985,Pro,Month-to-month,Credit Card,USA,Finance,0.771,4,3,4.04,1,2,0.5378673030131547,Medium,79,42.49151693803922,Billing friction + High support activity + Month-to-month contract,Resolve billing issue + Priority support review + Renewal / contract intervention
C01986,Pro,Month-to-month,ACH/Bank Transfer,USA,Healthcare,0.251,4,4,4.38,0,19,0.6504726830349633,High,79,51.387341959762104,Low engagement + High support activity + Month-to-month contract,Increase product engagement + Priority support review + Renewal / contract intervention
C01988,Basic,Month-to-month,Credit Card,Australia,Nonprofit,0.704,5,0,5.0,0,20,0.14255636026344157,Low,29,4.134134447639806,Month-to-month contract,Renewal / contract intervention
C01989,Basic,Month-to-month,Credit Card,UK,Marketing/Agency,0.928,3,2,4.84,0,12,0.2311216005459316,Low,29,6.702526415832016,Month-to-month contract,Renewal / contract intervention
C01990,Basic,Month-to-month,Credit Card,USA,E-commerce,0.549,1,0,5.0,0,17,0.29122264588252955,Low,29,8.445456730593357,Month-to-month contract + Low feature adoption,Product training / onboarding + Renewal / contract intervention
C01991,Pro,1-Year,PayPal,Australia,Finance,0.566,1,0,2.99,0,31,0.523105065723051,Medium,79,41.325300192121034,Low satisfaction + Inactivity + Low feature adoption,Customer success outreach + Launch re-engagement campaign + Product training / onboarding
C01992,Pro,1-Year,Manual Invoice,USA,E-commerce,0.592,2,0,3.4,2,11,0.6762531688652712,High,79,53.42400034035642,Billing friction + Low feature adoption,Resolve billing issue + Product training / onboarding
C01993,Basic,Month-to-month,ACH/Bank Transfer,UK,Education,0.587,6,3,3.67,0,15,0.4496721172932174,Medium,29,13.040491401503305,High support activity + Month-to-month contract,Priority support review + Renewal / contract intervention
C01994,Basic,Month-to-month,Credit Card,India,E-commerce,0.526,3,2,5.0,0,12,0.3226917038472648,Medium,29,9.358059411570679,Month-to-month contract,Renewal / contract intervention
C01995,Pro,2-Year,PayPal,USA,Marketing/Agency,0.403,5,3,5.0,0,11,0.199047839433561,Low,79,15.724779315251318,High support activity,Priority support review
C01996,Basic,Month-to-month,Credit Card,Canada,Manufacturing,0.68,7,3,3.43,1,5,0.5217817252511519,Medium,29,15.131670032283404,Billing friction + High support activity + Month-to-month contract,Resolve billing issue + Priority support review + Renewal / contract intervention
C01997,Basic,Month-to-month,ACH/Bank Transfer,UK,Education,0.377,5,2,3.7,0,11,0.5000153047828438,Medium,29,14.500443838702472,Low engagement + Month-to-month contract,Increase product engagement + Renewal / contract intervention
C01998,Basic,Month-to-month,Credit Card,USA,Nonprofit,0.452,1,0,2.63,0,0,0.5920832916461253,Medium,29,17.170415457737633,Low satisfaction + Month-to-month contract + Low feature adoption,Customer success outreach + Product training / onboarding + Renewal / contract intervention
C02001,Pro,Month-to-month,Credit Card,Germany,Nonprofit,0.518,3,1,3.46,1,5,0.651273117122101,High,79,51.45057625264598,Billing friction + Month-to-month contract,Resolve billing issue + Renewal / contract intervention
C02002,Pro,1-Year,Credit Card,Canada,SaaS/Tech,0.485,4,1,4.54,0,2,0.1719217249040914,Low,79,13.581816267423221,No major warning signal,Standard customer success monitoring
C02003,Basic,Month-to-month,Credit Card,Australia,Finance,0.922,5,1,4.33,2,6,0.5332173968820567,Medium,29,15.463304509579645,Billing friction + Month-to-month contract,Resolve billing issue + Renewal / contract intervention
C02004,Basic,2-Year,Credit Card,Germany,Healthcare,0.216,2,1,3.76,0,14,0.38595639112720737,Medium,29,11.192735342689014,Low engagement + Low feature adoption,Increase product engagement + Product training / onboarding
C02005,Basic,Month-to-month,Credit Card,UK,SaaS/Tech,0.752,3,2,4.02,0,10,0.3593613180195249,Medium,29,10.421478222566222,Month-to-month contract,Renewal / contract intervention
C02007,Basic,1-Year,Credit Card,Australia,Healthcare,0.429,7,2,4.75,0,0,0.11664372112912064,Low,29,3.3826679127444983,No major warning signal,Standard customer success monitoring
C02008,Pro,Month-to-month,PayPal,USA,Education,0.808,5,4,2.96,0,31,0.5922877672748593,Medium,79,46.790733614713886,Low satisfaction + High support activity + Inactivity + Month-to-month contract,Customer success outreach + Launch re-engagement campaign + Priority support review + Renewal / contract intervention
C02009,Pro,Month-to-month,Credit Card,Germany,Manufacturing,0.268,3,0,5.0,0,8,0.24211975604883168,Low,79,19.127460727857702,Low engagement + Month-to-month contract,Increase product engagement + Renewal / contract intervention
C02011,Basic,2-Year,Credit Card,UK,E-commerce,0.426,3,2,3.86,1,5,0.548646483726287,Medium,29,15.910748028062322,Billing friction,Resolve billing issue
C02012,Basic,Month-to-month,Credit Card,India,Marketing/Agency,0.392,4,1,2.88,0,7,0.5706071651137532,Medium,29,16.547607788298844,Low engagement + Low satisfaction + Month-to-month contract,Customer success outreach + Increase product engagement + Renewal / contract intervention
C02014,Basic,2-Year,PayPal,Australia,Education,0.76,6,0,4.38,1,23,0.17462859326454985,Low,29,5.064229204671946,Billing friction,Resolve billing issue
C02015,Enterprise,1-Year,Credit Card,Germany,Finance,0.535,1,1,2.75,0,0,0.43592558601445347,Medium,199,86.74919161687625,Low satisfaction + Low feature adoption,Customer success outreach + Product training / onboarding
C02016,Basic,Month-to-month,ACH/Bank Transfer,UK,E-commerce,0.109,3,1,4.8,2,4,0.8584011013848676,High,29,24.89363194016116,Low engagement + Billing friction + Month-to-month contract,Resolve billing issue + Increase product engagement + Renewal / contract intervention
C02018,Basic,1-Year,Credit Card,UK,Healthcare,0.216,4,1,4.68,0,2,0.22495734233477413,Low,29,6.52376292770845,Low engagement,Increase product engagement
C02019,Pro,2-Year,PayPal,Australia,Healthcare,0.818,7,3,4.8,1,28,0.23417898872681975,Low,79,18.50014010941876,Billing friction + High support activity,Resolve billing issue + Priority support review
C02020,Pro,1-Year,Credit Card,USA,Healthcare,0.621,2,1,2.84,0,3,0.37248370640013984,Medium,79,29.426212805611048,Low satisfaction + Low feature adoption,Customer success outreach + Product training / onboarding
C02021,Pro,1-Year,PayPal,India,SaaS/Tech,0.747,2,1,3.64,1,33,0.5603038031591282,Medium,79,44.26400044957113,Billing friction + Inactivity + Low feature adoption,Resolve billing issue + Launch re-engagement campaign + Product training / onboarding
C02023,Enterprise,Month-to-month,ACH/Bank Transfer,Canada,Marketing/Agency,0.283,6,1,4.13,0,10,0.383107221225194,Medium,199,76.2383370238136,Low engagement + Month-to-month contract,Increase product engagement + Renewal / contract intervention
C02025,Basic,Month-to-month,Manual Invoice,Australia,Marketing/Agency,0.217,5,1,4.42,2,2,0.7470649643460796,High,29,21.66488396603631,Low engagement + Billing friction + Month-to-month contract,Resolve billing issue + Increase product engagement + Renewal / contract intervention
C02026,Pro,1-Year,Credit Card,USA,Manufacturing,0.544,3,1,4.25,2,3,0.6021519825223868,High,79,47.570006619268554,Billing friction,Resolve billing issue
C02027,Basic,Month-to-month,ACH/Bank Transfer,Germany,Marketing/Agency,0.845,1,0,4.35,1,2,0.41742986318646097,Medium,29,12.105466032407367,Billing friction + Month-to-month contract + Low feature adoption,Resolve billing issue + Product training / onboarding + Renewal / contract intervention
C02028,Basic,2-Year,Credit Card,Canada,Manufacturing,0.154,5,3,4.43,0,44,0.47648791894286985,Medium,29,13.818149649343226,Low engagement + High support activity + Inactivity,Increase product engagement + Launch re-engagement campaign + Priority support review
C02029,Basic,2-Year,Manual Invoice,Germany,Manufacturing,0.344,3,2,4.64,0,9,0.16284993847283408,Low,29,4.722648215712188,Low engagement,Increase product engagement
C02030,Basic,Month-to-month,Credit Card,USA,Healthcare,0.495,7,1,3.62,2,0,0.644547981129418,High,29,18.691891452753122,Billing friction + Month-to-month contract,Resolve billing issue + Renewal / contract intervention
C02031,Basic,2-Year,Credit Card,India,Manufacturing,0.656,4,1,3.87,1,22,0.3628360377490586,Medium,29,10.522245094722699,Billing friction,Resolve billing issue
C02032,Pro,Month-to-month,Credit Card,India,SaaS/Tech,0.629,5,1,3.84,0,32,0.36426292346555866,Medium,79,28.776770953779135,Inactivity + Month-to-month contract,Launch re-engagement campaign + Renewal / contract intervention
C02033,Pro,1-Year,Credit Card,India,Healthcare,0.221,3,0,3.82,0,2,0.3046348889505721,Medium,79,24.066156227095195,Low engagement,Increase product engagement
C02034,Basic,Month-to-month,ACH/Bank Transfer,Canada,Healthcare,0.641,3,1,3.58,1,11,0.6490682526870479,High,29,18.82297932792439,Billing friction + Month-to-month contract,Resolve billing issue + Renewal / contract intervention
C02035,Basic,Month-to-month,ACH/Bank Transfer,Germany,Finance,0.448,5,1,4.24,0,6,0.2482289004795372,Low,29,7.198638113906578,Month-to-month contract,Renewal / contract intervention
C02036,Pro,1-Year,PayPal,Australia,Education,0.591,5,0,3.9,1,1,0.2843674995047008,Low,79,22.465032460871363,Billing friction,Resolve billing issue
C02037,Basic,2-Year,ACH/Bank Transfer,UK,SaaS/Tech,1.0,4,0,3.4,0,9,0.10574539835043155,Low,29,3.066616552162515,No major warning signal,Standard customer success monitoring
C02038,Basic,1-Year,Credit Card,Australia,Education,0.539,3,2,2.82,1,2,0.687410794270411,High,29,19.93491303384192,Low satisfaction + Billing friction,Resolve billing issue + Customer success outreach
C02040,Basic,Month-to-month,Manual Invoice,Germany,Finance,0.367,6,0,4.83,2,5,0.4419244957281217,Medium,29,12.815810376115529,Low engagement + Billing friction + Month-to-month contract,Resolve billing issue + Increase product engagement + Renewal / contract intervention
C02041,Basic,1-Year,Credit Card,USA,SaaS/Tech,0.234,4,2,3.89,1,13,0.6252692383303627,High,29,18.13280791158052,Low engagement + Billing friction,Resolve billing issue + Increase product engagement
C02044,Enterprise,Month-to-month,Credit Card,Canada,SaaS/Tech,0.821,5,2,4.24,1,7,0.4108225014019689,Medium,199,81.75367777899181,Billing friction + Month-to-month contract,Resolve billing issue + Renewal / contract intervention
C02048,Pro,Month-to-month,ACH/Bank Transfer,UK,SaaS/Tech,0.552,3,1,4.63,0,12,0.3313195229442428,Medium,79,26.17424231259518,Month-to-month contract,Renewal / contract intervention
C02049,Basic,Month-to-month,PayPal,Germany,Finance,0.605,5,1,4.33,0,31,0.253862965229773,Low,29,7.362025991663416,Inactivity + Month-to-month contract,Launch re-engagement campaign + Renewal / contract intervention
C02050,Pro,1-Year,PayPal,India,Marketing/Agency,0.323,5,1,2.73,0,19,0.4790014451260984,Medium,79,37.84111416496177,Low engagement + Low satisfaction,Customer success outreach + Increase product engagement
C02051,Pro,Month-to-month,Credit Card,Canada,Finance,0.54,4,0,3.1,0,6,0.40720710358203205,Medium,79,32.16936118298053,Month-to-month contract,Renewal / contract intervention
C02052,Pro,Month-to-month,ACH/Bank Transfer,UK,SaaS/Tech,0.753,3,1,5.0,0,13,0.22015083822632775,Low,79,17.391916219879892,Month-to-month contract,Renewal / contract intervention
C02053,Basic,Month-to-month,ACH/Bank Transfer,USA,Finance,0.614,6,4,4.74,0,1,0.2674268336969097,Low,29,7.755378177210382,High support activity + Month-to-month contract,Priority support review + Renewal / contract intervention
C02054,Pro,1-Year,Credit Card,USA,Manufacturing,0.927,2,3,3.98,0,15,0.2545790212851316,Low,79,20.111742681525396,High support activity + Low feature adoption,Product training / onboarding + Priority support review
C02055,Enterprise,1-Year,Manual Invoice,Australia,E-commerce,0.293,4,1,5.0,0,18,0.1850116402671994,Low,199,36.817316413172684,Low engagement,Increase product engagement
C02056,Basic,2-Year,Credit Card,USA,Marketing/Agency,0.058,2,1,3.9,1,4,0.6886508161508833,High,29,19.970873668375617,Low engagement + Billing friction + Low feature adoption,Resolve billing issue + Increase product engagement + Product training / onboarding
C02058,Pro,1-Year,PayPal,Germany,Education,0.117,4,3,5.0,1,2,0.5211688948234646,Medium,79,41.17234269105371,Low engagement + Billing friction + High support activity,Resolve billing issue + Increase product engagement + Priority support review
C02059,Enterprise,1-Year,Credit Card,USA,Manufacturing,0.435,5,2,2.48,0,20,0.46844840083432115,Medium,199,93.22123176602992,Low satisfaction,Customer success outreach
C02060,Basic,Month-to-month,Credit Card,USA,E-commerce,0.536,2,1,3.93,0,18,0.4668654764666321,Medium,29,13.53909881753233,Month-to-month contract + Low feature adoption,Product training / onboarding + Renewal / contract intervention
C02061,Pro,1-Year,Credit Card,USA,Marketing/Agency,0.341,6,0,4.52,2,2,0.48001093748037377,Medium,79,37.920864060949526,Low engagement + Billing friction,Resolve billing issue + Increase product engagement
C02062,Pro,Month-to-month,PayPal,India,Finance,0.641,5,0,4.27,1,22,0.4061994038783162,Medium,79,32.089752906386984,Billing friction + Month-to-month contract,Resolve billing issue + Renewal / contract intervention
C02063,Basic,1-Year,PayPal,India,Manufacturing,0.554,6,0,2.74,0,14,0.19463856447889902,Low,29,5.644518369888072,Low satisfaction,Customer success outreach
C02064,Basic,1-Year,PayPal,Australia,Education,0.126,3,0,3.69,0,14,0.3993277496486655,Medium,29,11.5805047398113,Low engagement,Increase product engagement
C02065,Pro,Month-to-month,ACH/Bank Transfer,UK,Education,0.241,6,1,4.19,0,0,0.34308528097232,Medium,79,27.10373719681328,Low engagement + Month-to-month contract,Increase product engagement + Renewal / contract intervention
C02066,Enterprise,Month-to-month,Credit Card,Canada,Education,0.478,4,3,4.05,1,6,0.7122033937172544,High,199,141.72847534973363,Billing friction + High support activity + Month-to-month contract,Resolve billing issue + Priority support review + Renewal / contract intervention
C02068,Pro,Month-to-month,ACH/Bank Transfer,India,Healthcare,0.584,3,3,5.0,0,25,0.4306061329655977,Medium,79,34.017884504282215,High support activity + Month-to-month contract,Priority support review + Renewal / contract intervention
C02069,Pro,Month-to-month,ACH/Bank Transfer,USA,E-commerce,0.571,3,1,4.31,2,5,0.7644929015823817,High,79,60.39493922500815,Billing friction + Month-to-month contract,Resolve billing issue + Renewal / contract intervention
C02071,Basic,1-Year,Credit Card,Australia,Nonprofit,0.735,3,1,1.89,0,38,0.6041448945151571,High,29,17.520201940939554,Low satisfaction + Inactivity,Customer success outreach + Launch re-engagement campaign
C02073,Enterprise,Month-to-month,Credit Card,USA,Education,0.778,2,1,3.94,0,12,0.3289895054741027,Medium,199,65.46891158934645,Month-to-month contract + Low feature adoption,Product training / onboarding + Renewal / contract intervention
C02074,Basic,1-Year,Credit Card,USA,Nonprofit,0.276,5,1,4.97,0,8,0.15737005361369727,Low,29,4.56373155479722,Low engagement,Increase product engagement
C02075,Enterprise,2-Year,Credit Card,USA,Manufacturing,0.641,3,2,2.1,0,9,0.44062323038215734,Medium,199,87.68402284604932,Low satisfaction,Customer success outreach
C02077,Enterprise,Month-to-month,PayPal,Australia,Nonprofit,0.487,2,0,3.18,0,3,0.4864498006429488,Medium,199,96.80351032794681,Month-to-month contract + Low feature adoption,Product training / onboarding + Renewal / contract intervention
C02079,Pro,Month-to-month,Credit Card,USA,Education,0.267,5,0,3.85,0,26,0.4229766437154882,Medium,79,33.41515485352357,Low engagement + Month-to-month contract,Increase product engagement + Renewal / contract intervention
C02080,Basic,Month-to-month,Manual Invoice,Germany,SaaS/Tech,0.238,3,1,3.81,0,27,0.4887840686903634,Medium,29,14.174737992020539,Low engagement + Month-to-month contract,Increase product engagement + Renewal / contract intervention
C02081,Pro,2-Year,Credit Card,UK,Healthcare,0.401,5,4,3.78,0,28,0.48971670332850636,Medium,79,38.687619562952,High support activity,Priority support review
C02082,Basic,Month-to-month,Manual Invoice,Australia,SaaS/Tech,0.821,2,2,4.87,0,2,0.18628943488029523,Low,29,5.402393611528562,Month-to-month contract + Low feature adoption,Product training / onboarding + Renewal / contract intervention
C02083,Enterprise,Month-to-month,ACH/Bank Transfer,UK,Finance,0.559,5,3,4.05,2,9,0.8370507135419459,High,199,166.57309199484723,Billing friction + High support activity + Month-to-month contract,Resolve billing issue + Priority support review + Renewal / contract intervention
C02084,Pro,1-Year,Credit Card,Australia,Nonprofit,0.688,4,0,2.72,0,19,0.32065524041258836,Medium,79,25.33176399259448,Low satisfaction,Customer success outreach
C02085,Basic,Month-to-month,Credit Card,USA,Marketing/Agency,0.719,2,1,4.26,0,14,0.33630501667469814,Medium,29,9.752845483566245,Month-to-month contract + Low feature adoption,Product training / onboarding + Renewal / contract intervention
C02086,Basic,2-Year,ACH/Bank Transfer,India,Finance,0.647,4,0,3.48,0,19,0.18620070387241244,Low,29,5.3998204122999605,No major warning signal,Standard customer success monitoring
C02087,Basic,Month-to-month,Credit Card,India,Healthcare,0.448,4,1,3.77,1,6,0.6017483151870708,High,29,17.450701140425053,Billing friction + Month-to-month contract,Resolve billing issue + Renewal / contract intervention
C02090,Pro,Month-to-month,PayPal,Germany,E-commerce,0.499,4,2,4.5,0,7,0.3019438993824753,Medium,79,23.853568051215547,Month-to-month contract,Renewal / contract intervention
C02091,Enterprise,Month-to-month,Credit Card,USA,Finance,0.65,9,0,4.16,0,20,0.10218926735390695,Low,199,20.33566420342748,Month-to-month contract,Renewal / contract intervention
C02092,Enterprise,Month-to-month,Credit Card,Australia,E-commerce,0.357,5,1,4.23,0,9,0.355976931109294,Medium,199,70.83940929074951,Low engagement + Month-to-month contract,Increase product engagement + Renewal / contract intervention
C02094,Enterprise,Month-to-month,Credit Card,USA,SaaS/Tech,0.677,6,4,4.13,0,10,0.33272409604118736,Medium,199,66.21209511219628,High support activity + Month-to-month contract,Priority support review + Renewal / contract intervention
C02095,Pro,Month-to-month,Manual Invoice,USA,Finance,0.095,5,3,4.42,0,25,0.5365284823455042,Medium,79,42.38575010529483,Low engagement + High support activity + Month-to-month contract,Increase product engagement + Priority support review + Renewal / contract intervention
C02097,Pro,Month-to-month,ACH/Bank Transfer,Canada,Nonprofit,0.345,2,0,5.0,0,6,0.3334823981322529,Medium,79,26.34510945244798,Low engagement + Month-to-month contract + Low feature adoption,Increase product engagement + Product training / onboarding + Renewal / contract intervention
C02098,Basic,1-Year,ACH/Bank Transfer,Canada,Nonprofit,0.41,3,2,3.13,2,11,0.8843168116443053,High,29,25.645187537684855,Billing friction,Resolve billing issue
C02099,Basic,Month-to-month,Credit Card,Germany,Nonprofit,0.519,2,1,5.0,2,3,0.6851301447858539,High,29,19.86877419878976,Billing friction + Month-to-month contract + Low feature adoption,Resolve billing issue + Product training / onboarding + Renewal / contract intervention
C02100,Pro,Month-to-month,Credit Card,UK,Nonprofit,0.686,4,1,1.73,0,2,0.6020132314836253,High,79,47.559045287206395,Low satisfaction + Month-to-month contract,Customer success outreach + Renewal / contract intervention
C02101,Basic,1-Year,PayPal,UK,Marketing/Agency,0.82,4,1,3.1,0,17,0.2600391762511447,Low,29,7.541136111283196,No major warning signal,Standard customer success monitoring
C02102,Pro,Month-to-month,PayPal,Germany,Manufacturing,0.63,5,0,4.23,2,1,0.4913396352345572,Medium,79,38.81583118353002,Billing friction + Month-to-month contract,Resolve billing issue + Renewal / contract intervention
C02103,Basic,Month-to-month,ACH/Bank Transfer,India,SaaS/Tech,0.426,6,3,3.41,0,30,0.596722051493039,Medium,29,17.304939493298132,High support activity + Month-to-month contract,Priority support review + Renewal / contract intervention
C02104,Enterprise,Month-to-month,Credit Card,India,Education,0.539,4,1,4.0,1,28,0.6434027459174257,High,199,128.0371464375677,Billing friction + Month-to-month contract,Resolve billing issue + Renewal / contract intervention
C02105,Basic,Month-to-month,Credit Card,UK,Nonprofit,0.542,5,3,3.41,1,17,0.7658715883591224,High,29,22.21027606241455,Billing friction + High support activity + Month-to-month contract,Resolve billing issue + Priority support review + Renewal / contract intervention
C02106,Basic,Month-to-month,Credit Card,India,Education,0.28,7,1,4.97,2,9,0.6145364234986244,High,29,17.821556281460108,Low engagement + Billing friction + Month-to-month contract,Resolve billing issue + Increase product engagement + Renewal / contract intervention
C02107,Enterprise,Month-to-month,Credit Card,UK,SaaS/Tech,0.152,7,1,4.33,0,2,0.2792774043094839,Low,199,55.5762034575873,Low engagement + Month-to-month contract,Increase product engagement + Renewal / contract intervention
C02108,Pro,2-Year,Manual Invoice,Canada,Manufacturing,0.818,4,2,4.71,0,11,0.08176854570462568,Low,79,6.459715110665428,No major warning signal,Standard customer success monitoring
C02109,Pro,1-Year,ACH/Bank Transfer,Australia,E-commerce,0.665,3,3,3.39,1,1,0.658546678793177,High,79,52.02518762466098,Billing friction + High support activity,Resolve billing issue + Priority support review
C02110,Enterprise,2-Year,Credit Card,India,Manufacturing,0.269,9,0,3.12,0,1,0.11527128158628906,Low,199,22.938985035671525,Low engagement,Increase product engagement
C02112,Pro,1-Year,PayPal,USA,Healthcare,0.546,4,1,4.8,1,2,0.24998268417699718,Low,79,19.748632049982778,Billing friction,Resolve billing issue
C02113,Pro,2-Year,PayPal,Australia,Manufacturing,0.4,2,0,4.14,2,0,0.6335589799914938,High,79,50.05115941932801,Billing friction + Low feature adoption,Resolve billing issue + Product training / onboarding
C02114,Basic,1-Year,Manual Invoice,Germany,Healthcare,0.23,2,2,3.04,0,11,0.49643637104312494,Medium,29,14.396654760250623,Low engagement + Low feature adoption,Increase product engagement + Product training / onboarding
C02115,Pro,Month-to-month,Credit Card,Australia,Manufacturing,0.391,2,0,4.08,1,12,0.641674792930107,High,79,50.692308641478455,Low engagement + Billing friction + Month-to-month contract + Low feature adoption,Resolve billing issue + Increase product engagement + Product training / onboarding + Renewal / contract intervention
C02116,Basic,Month-to-month,Credit Card,Australia,Nonprofit,0.65,2,3,4.62,0,37,0.5752710628993004,Medium,29,16.68286082407971,High support activity + Inactivity + Month-to-month contract + Low feature adoption,Launch re-engagement campaign + Product training / onboarding + Priority support review + Renewal / contract intervention
C02118,Basic,Month-to-month,ACH/Bank Transfer,Australia,Education,0.592,5,1,3.25,0,54,0.6026581301641262,High,29,17.477085774759658,Inactivity + Month-to-month contract,Launch re-engagement campaign + Renewal / contract intervention
C02119,Pro,2-Year,Credit Card,UK,SaaS/Tech,0.796,4,1,4.55,1,27,0.2934336995320856,Low,79,23.18126226303476,Billing friction,Resolve billing issue
C02120,Pro,Month-to-month,Manual Invoice,USA,Marketing/Agency,0.65,7,0,4.64,0,17,0.09166591753519227,Low,79,7.241607485280189,Month-to-month contract,Renewal / contract intervention
C02121,Basic,Month-to-month,Credit Card,USA,Marketing/Agency,0.68,3,2,4.36,2,5,0.7634707725678942,High,29,22.14065240446893,Billing friction + Month-to-month contract,Resolve billing issue + Renewal / contract intervention
C02122,Pro,2-Year,Credit Card,UK,Manufacturing,0.57,5,3,2.77,0,14,0.4171577038172752,Medium,79,32.955458601564736,Low satisfaction + High support activity,Customer success outreach + Priority support review
C02123,Basic,Month-to-month,PayPal,Germany,Nonprofit,0.819,2,3,2.53,1,6,0.7879648916035406,High,29,22.850981856502678,Low satisfaction + Billing friction + High support activity + Month-to-month contract + Low feature adoption,Resolve billing issue + Customer success outreach + Product training / onboarding + Priority support review + Renewal / contract intervention
C02124,Basic,Month-to-month,Credit Card,Germany,E-commerce,0.254,7,0,3.79,0,15,0.2674656904201902,Low,29,7.756505022185515,Low engagement + Month-to-month contract,Increase product engagement + Renewal / contract intervention
C02125,Pro,Month-to-month,Manual Invoice,USA,Finance,0.404,8,0,4.24,0,40,0.1872858207539006,Low,79,14.795579839558147,Inactivity + Month-to-month contract,Launch re-engagement campaign + Renewal / contract intervention
C02126,Enterprise,Month-to-month,ACH/Bank Transfer,USA,SaaS/Tech,0.527,3,1,5.0,1,5,0.44191004718289884,Medium,199,87.94009938939686,Billing friction + Month-to-month contract,Resolve billing issue + Renewal / contract intervention
C02127,Pro,1-Year,Credit Card,India,Education,0.863,7,1,4.69,1,12,0.13365798267775356,Low,79,10.55898063154253,Billing friction,Resolve billing issue
C02128,Basic,Month-to-month,Credit Card,Australia,SaaS/Tech,0.548,4,2,4.49,0,14,0.3558183418044956,Medium,29,10.318731912330373,Month-to-month contract,Renewal / contract intervention
C02129,Basic,Month-to-month,Credit Card,Canada,SaaS/Tech,0.568,5,1,3.58,0,25,0.3982814511360922,Medium,29,11.550162082946674,Month-to-month contract,Renewal / contract intervention
C02130,Basic,2-Year,Credit Card,Australia,Finance,0.561,4,1,3.84,1,5,0.3908969021824919,Medium,29,11.336010163292265,Billing friction,Resolve billing issue
C02131,Pro,Month-to-month,Credit Card,Canada,Education,0.651,6,3,4.72,0,2,0.2299253788991155,Low,79,18.164104933030124,High support activity + Month-to-month contract,Priority support review + Renewal / contract intervention
C02133,Pro,Month-to-month,PayPal,India,Marketing/Agency,0.498,1,2,4.01,1,6,0.7772400844835226,High,79,61.401966674198285,Billing friction + Month-to-month contract + Low feature adoption,Resolve billing issue + Product training / onboarding + Renewal / contract intervention
C02134,Enterprise,1-Year,Credit Card,Germany,Nonprofit,0.871,3,1,4.25,1,14,0.2755131478391318,Low,199,54.82711641998722,Billing friction,Resolve billing issue
C02135,Basic,1-Year,Credit Card,Australia,Healthcare,0.66,4,1,5.0,1,10,0.2469472913225318,Low,29,7.161471448353422,Billing friction,Resolve billing issue
C02137,Basic,1-Year,PayPal,Germany,Nonprofit,0.507,7,2,5.0,0,25,0.10581511204459733,Low,29,3.0686382492933224,No major warning signal,Standard customer success monitoring
C02139,Basic,Month-to-month,PayPal,UK,Healthcare,0.493,2,1,4.98,2,11,0.7493617263102355,High,29,21.731490062996826,Billing friction + Month-to-month contract + Low feature adoption,Resolve billing issue + Product training / onboarding + Renewal / contract intervention
C02140,Enterprise,Month-to-month,ACH/Bank Transfer,India,E-commerce,0.476,4,2,4.44,0,2,0.34671647739883793,Medium,199,68.99657900236875,Month-to-month contract,Renewal / contract intervention
C02142,Basic,1-Year,Credit Card,Canada,Healthcare,0.557,5,2,3.78,0,1,0.21810646879111875,Low,29,6.325087594942444,No major warning signal,Standard customer success monitoring
C02144,Basic,1-Year,PayPal,USA,Nonprofit,0.697,1,2,3.69,0,23,0.4016456048490299,Medium,29,11.647722540621867,Low feature adoption,Product training / onboarding
C02145,Enterprise,Month-to-month,Credit Card,India,E-commerce,0.447,6,1,5.0,0,7,0.1719323429270543,Low,199,34.21453624248381,Month-to-month contract,Renewal / contract intervention
C02146,Pro,1-Year,Credit Card,Canada,Marketing/Agency,0.667,3,4,4.9,0,4,0.2905924891804925,Low,79,22.956806645258908,High support activity,Priority support review
C02148,Enterprise,Month-to-month,Credit Card,India,Healthcare,0.569,3,2,1.85,0,4,0.697964302771937,High,199,138.89489625161545,Low satisfaction + Month-to-month contract,Customer success outreach + Renewal / contract intervention
C02149,Basic,2-Year,Credit Card,India,Healthcare,0.598,6,1,5.0,0,12,0.0685777361067265,Low,29,1.9887543470950686,No major warning signal,Standard customer success monitoring
C02150,Basic,Month-to-month,Credit Card,UK,Finance,1.0,2,0,3.29,0,39,0.40492055852220066,Medium,29,11.742696197143818,Inactivity + Month-to-month contract + Low feature adoption,Launch re-engagement campaign + Product training / onboarding + Renewal / contract intervention
C02151,Pro,Month-to-month,ACH/Bank Transfer,Germany,Education,0.532,6,1,4.3,0,22,0.2460916980718714,Low,79,19.44124414767784,Month-to-month contract,Renewal / contract intervention
C02153,Enterprise,2-Year,Credit Card,Australia,Nonprofit,0.341,3,3,3.9,0,8,0.45227953774562246,Medium,199,90.00362801137886,Low engagement + High support activity,Increase product engagement + Priority support review
C02154,Basic,Month-to-month,Manual Invoice,UK,Education,0.867,5,1,2.76,1,29,0.5732233456374568,Medium,29,16.62347702348625,Low satisfaction + Billing friction + Month-to-month contract,Resolve billing issue + Customer success outreach + Renewal / contract intervention
C02155,Enterprise,1-Year,ACH/Bank Transfer,UK,E-commerce,0.308,6,0,5.0,2,27,0.46445841932214765,Medium,199,92.42722544510738,Low engagement + Billing friction,Resolve billing issue + Increase product engagement
C02157,Enterprise,1-Year,ACH/Bank Transfer,Australia,Nonprofit,0.563,5,0,3.66,0,11,0.19343729556897932,Low,199,38.494021818226884,No major warning signal,Standard customer success monitoring
C02158,Pro,1-Year,ACH/Bank Transfer,USA,Nonprofit,0.708,6,1,5.0,0,2,0.06335008290782448,Low,79,5.004656549718134,No major warning signal,Standard customer success monitoring
C02159,Basic,1-Year,PayPal,USA,Education,0.887,1,2,2.72,0,1,0.356786709655662,Medium,29,10.346814580014199,Low satisfaction + Low feature adoption,Customer success outreach + Product training / onboarding
C02161,Basic,Month-to-month,Credit Card,India,Marketing/Agency,0.374,5,0,2.85,0,16,0.5014205690753362,Medium,29,14.541196503184748,Low engagement + Low satisfaction + Month-to-month contract,Customer success outreach + Increase product engagement + Renewal / contract intervention
C02162,Pro,Month-to-month,Credit Card,USA,Education,0.704,8,4,4.57,1,2,0.37587310750341457,Medium,79,29.693975492769752,Billing friction + High support activity + Month-to-month contract,Resolve billing issue + Priority support review + Renewal / contract intervention
C02164,Basic,Month-to-month,Credit Card,USA,Finance,0.517,5,1,3.08,0,2,0.36910885084357137,Medium,29,10.704156674463569,Month-to-month contract,Renewal / contract intervention
C02166,Pro,1-Year,ACH/Bank Transfer,Canada,Manufacturing,0.559,2,2,4.91,0,11,0.24045410772970063,Low,79,18.99587451064635,Low feature adoption,Product training / onboarding
C02168,Basic,2-Year,ACH/Bank Transfer,USA,Manufacturing,0.491,3,1,4.09,1,20,0.4250215554108503,Medium,29,12.325625106914659,Billing friction,Resolve billing issue
C02169,Enterprise,2-Year,Credit Card,Germany,Marketing/Agency,0.674,3,0,5.0,1,19,0.21248112697756408,Low,199,42.28374426853525,Billing friction,Resolve billing issue
C02170,Basic,1-Year,ACH/Bank Transfer,India,Nonprofit,0.459,2,2,5.0,0,12,0.2793650862953313,Low,29,8.101587502564607,Low feature adoption,Product training / onboarding
C02171,Pro,2-Year,PayPal,Germany,Nonprofit,0.303,5,0,2.11,0,5,0.350469398847812,Medium,79,27.687082508977145,Low engagement + Low satisfaction,Customer success outreach + Increase product engagement
C02172,Pro,Month-to-month,Credit Card,Canada,Manufacturing,0.6,4,1,3.8,0,11,0.33257112546925904,Medium,79,26.273118912071464,Month-to-month contract,Renewal / contract intervention
C02173,Pro,1-Year,ACH/Bank Transfer,USA,Manufacturing,0.091,7,0,4.17,0,8,0.17215188215847957,Low,79,13.599998690519886,Low engagement,Increase product engagement
C02174,Basic,1-Year,PayPal,UK,Marketing/Agency,0.394,8,2,5.0,0,2,0.09787022848073522,Low,29,2.838236625941321,Low engagement,Increase product engagement
C02175,Enterprise,2-Year,ACH/Bank Transfer,USA,SaaS/Tech,0.669,3,1,3.15,0,1,0.23583844618492064,Low,199,46.93185079079921,No major warning signal,Standard customer success monitoring
C02176,Enterprise,Month-to-month,Credit Card,USA,E-commerce,0.24,6,2,3.37,0,0,0.47188465148758396,Medium,199,93.90504564602921,Low engagement + Month-to-month contract,Increase product engagement + Renewal / contract intervention
C02177,Basic,Month-to-month,Credit Card,USA,Manufacturing,0.843,4,0,4.03,0,1,0.12558107136228996,Low,29,3.641851069506409,Month-to-month contract,Renewal / contract intervention
C02178,Pro,2-Year,Manual Invoice,USA,Education,0.623,11,1,5.0,0,5,0.016881318298957587,Low,79,1.3336241456176494,No major warning signal,Standard customer success monitoring
C02179,Enterprise,2-Year,ACH/Bank Transfer,USA,E-commerce,0.471,6,1,4.14,2,0,0.46202846941131864,Medium,199,91.94366541285241,Billing friction,Resolve billing issue
C02180,Basic,Month-to-month,Credit Card,India,Healthcare,0.467,5,1,3.59,1,4,0.5575556396051627,Medium,29,16.16911354854972,Billing friction + Month-to-month contract,Resolve billing issue + Renewal / contract intervention
C02183,Pro,1-Year,Manual Invoice,Canada,Finance,0.58,7,0,3.76,0,0,0.06430591253931058,Low,79,5.080167090605536,No major warning signal,Standard customer success monitoring
C02184,Pro,1-Year,PayPal,India,Healthcare,0.245,6,0,1.89,0,2,0.398102791736809,Medium,79,31.450120547207913,Low engagement + Low satisfaction,Customer success outreach + Increase product engagement
C02185,Basic,Month-to-month,Credit Card,USA,Finance,0.661,6,2,5.0,0,29,0.20402171030780872,Low,29,5.916629598926453,Month-to-month contract,Renewal / contract intervention
C02186,Enterprise,Month-to-month,Credit Card,UK,Healthcare,0.633,7,0,4.68,0,18,0.11872422994360222,Low,199,23.626121758776844,Month-to-month contract,Renewal / contract intervention
C02187,Enterprise,Month-to-month,ACH/Bank Transfer,UK,Healthcare,0.489,7,0,5.0,0,2,0.10305193993119716,Low,199,20.507336046308232,Month-to-month contract,Renewal / contract intervention
C02188,Basic,Month-to-month,Credit Card,USA,Marketing/Agency,0.36,3,0,3.91,0,26,0.4823077314390543,Medium,29,13.986924211732575,Low engagement + Month-to-month contract,Increase product engagement + Renewal / contract intervention
C02189,Basic,Month-to-month,Credit Card,Germany,E-commerce,0.467,3,1,5.0,1,10,0.46438395961067735,Medium,29,13.467134828709643,Billing friction + Month-to-month contract,Resolve billing issue + Renewal / contract intervention
C02190,Basic,Month-to-month,Credit Card,USA,Nonprofit,0.618,4,1,3.83,0,8,0.30493130023866927,Medium,29,8.843007706921409,Month-to-month contract,Renewal / contract intervention
C02191,Pro,2-Year,Manual Invoice,USA,Marketing/Agency,0.989,10,3,3.74,0,24,0.05873688429869559,Low,79,4.640213859596952,High support activity,Priority support review
C02192,Pro,1-Year,PayPal,India,Marketing/Agency,0.501,6,3,3.72,0,7,0.291216577903673,Low,79,23.006109654390166,High support activity,Priority support review
C02194,Pro,Month-to-month,Credit Card,USA,Healthcare,0.373,6,1,4.2,1,14,0.5101912063938708,Medium,79,40.305105305115795,Low engagement + Billing friction + Month-to-month contract,Resolve billing issue + Increase product engagement + Renewal / contract intervention
C02195,Basic,1-Year,Credit Card,UK,Marketing/Agency,0.24,5,1,4.24,1,86,0.81055016482049,High,29,23.505954779794212,Low engagement + Billing friction + Inactivity,Resolve billing issue + Increase product engagement + Launch re-engagement campaign
C02196,Basic,1-Year,Credit Card,Germany,Healthcare,0.514,6,0,3.5,0,20,0.15364599917277005,Low,29,4.455733976010332,No major warning signal,Standard customer success monitoring
C02197,Basic,Month-to-month,ACH/Bank Transfer,UK,Manufacturing,0.802,2,2,3.85,0,27,0.46889530405048796,Medium,29,13.597963817464152,Month-to-month contract + Low feature adoption,Product training / onboarding + Renewal / contract intervention
C02198,Pro,Month-to-month,Credit Card,India,Finance,0.436,3,0,3.6,1,16,0.6872798986266857,High,79,54.29511199150817,Billing friction + Month-to-month contract,Resolve billing issue + Renewal / contract intervention
C02199,Basic,2-Year,Credit Card,USA,E-commerce,0.513,1,1,2.85,0,1,0.40611351627667625,Medium,29,11.777291972023612,Low satisfaction + Low feature adoption,Customer success outreach + Product training / onboarding
C02200,Basic,1-Year,Manual Invoice,India,SaaS/Tech,0.604,7,1,5.0,0,3,0.041012896597883146,Low,29,1.1893740013386112,No major warning signal,Standard customer success monitoring
C02201,Basic,2-Year,Credit Card,India,E-commerce,0.334,3,1,4.3,0,15,0.2782035978487748,Low,29,8.067904337614468,Low engagement,Increase product engagement
C02202,Basic,1-Year,ACH/Bank Transfer,UK,Marketing/Agency,1.0,7,1,3.86,0,1,0.06992008025612649,Low,29,2.027682327427668,No major warning signal,Standard customer success monitoring
C02203,Basic,Month-to-month,Credit Card,India,Manufacturing,0.596,4,2,2.73,0,18,0.5582500633778888,Medium,29,16.18925183795878,Low satisfaction + Month-to-month contract,Customer success outreach + Renewal / contract intervention
C02206,Enterprise,1-Year,Credit Card,India,SaaS/Tech,0.192,4,3,2.6,0,5,0.6479786772488919,High,199,128.9477567725295,Low engagement + Low satisfaction + High support activity,Customer success outreach + Increase product engagement + Priority support review
C02207,Basic,Month-to-month,PayPal,Australia,Marketing/Agency,0.057,2,2,3.28,0,0,0.7657934458491986,High,29,22.20800992962676,Low engagement + Month-to-month contract + Low feature adoption,Increase product engagement + Product training / onboarding + Renewal / contract intervention
C02208,Enterprise,2-Year,Credit Card,USA,SaaS/Tech,0.642,4,1,4.95,1,1,0.17575316910592384,Low,199,34.974880652078845,Billing friction,Resolve billing issue
C02209,Basic,1-Year,Credit Card,India,SaaS/Tech,0.666,1,0,3.98,0,2,0.19605393476887334,Low,29,5.685564108297327,Low feature adoption,Product training / onboarding
C02210,Basic,1-Year,PayPal,Australia,Nonprofit,1.0,2,3,5.0,0,12,0.15643910059347252,Low,29,4.536733917210703,High support activity + Low feature adoption,Product training / onboarding + Priority support review
C02211,Pro,2-Year,Credit Card,Germany,Healthcare,0.279,4,3,4.08,0,1,0.30971833385375575,Medium,79,24.467748374446703,Low engagement + High support activity,Increase product engagement + Priority support review
C02212,Pro,1-Year,Credit Card,UK,SaaS/Tech,0.867,2,1,2.41,0,6,0.3778864299765598,Medium,79,29.853027968148226,Low satisfaction + Low feature adoption,Customer success outreach + Product training / onboarding
C02213,Basic,Month-to-month,Credit Card,India,Finance,0.908,6,0,4.56,2,11,0.3653856111513394,Medium,29,10.596182723388843,Billing friction + Month-to-month contract,Resolve billing issue + Renewal / contract intervention
C02214,Pro,Month-to-month,Credit Card,India,Nonprofit,0.461,2,2,2.41,0,6,0.7441768282721517,High,79,58.789969433499984,Low satisfaction + Month-to-month contract + Low feature adoption,Customer success outreach + Product training / onboarding + Renewal / contract intervention
C02215,Pro,Month-to-month,PayPal,USA,Manufacturing,0.495,2,3,3.56,0,1,0.565547434669849,Medium,79,44.67824733891807,High support activity + Month-to-month contract + Low feature adoption,Product training / onboarding + Priority support review + Renewal / contract intervention
C02217,Pro,1-Year,ACH/Bank Transfer,Germany,Nonprofit,0.599,5,5,5.0,1,8,0.45323029892006095,Medium,79,35.80519361468482,Billing friction + High support activity,Resolve billing issue + Priority support review
C02219,Basic,Month-to-month,Credit Card,USA,Nonprofit,0.101,5,1,4.35,0,2,0.3682754535643259,Medium,29,10.679988153365452,Low engagement + Month-to-month contract,Increase product engagement + Renewal / contract intervention
C02220,Enterprise,2-Year,Manual Invoice,India,Finance,0.448,4,0,4.31,1,0,0.2112847367114036,Low,199,42.04566260556932,Billing friction,Resolve billing issue
C02221,Basic,1-Year,Credit Card,Australia,Education,0.567,4,3,4.3,1,31,0.6179008590699189,High,29,17.919124913027648,Billing friction + High support activity + Inactivity,Resolve billing issue + Launch re-engagement campaign + Priority support review
C02222,Basic,Month-to-month,Credit Card,USA,Education,0.427,4,0,5.0,0,1,0.16821036607116588,Low,29,4.8781006160638105,Month-to-month contract,Renewal / contract intervention
C02223,Basic,Month-to-month,ACH/Bank Transfer,Germany,Nonprofit,0.293,6,1,3.75,0,6,0.3389666814594605,Medium,29,9.830033762324355,Low engagement + Month-to-month contract,Increase product engagement + Renewal / contract intervention
C02224,Basic,1-Year,Credit Card,India,E-commerce,0.831,6,1,3.27,0,2,0.12409846273048634,Low,29,3.598855419184104,No major warning signal,Standard customer success monitoring
C02225,Pro,1-Year,Credit Card,UK,E-commerce,0.873,4,2,4.25,1,4,0.3195127779361044,Medium,79,25.241509456952247,Billing friction,Resolve billing issue
C02226,Basic,Month-to-month,Credit Card,Germany,Healthcare,0.439,3,2,3.85,0,14,0.47807698774512647,Medium,29,13.864232644608668,Month-to-month contract,Renewal / contract intervention
C02227,Pro,2-Year,Credit Card,USA,SaaS/Tech,0.545,2,1,4.3,0,22,0.24853141050625244,Low,79,19.63398142999394,Low feature adoption,Product training / onboarding
C02228,Pro,2-Year,ACH/Bank Transfer,Canada,Finance,0.571,3,1,2.21,0,3,0.46046570573180046,Medium,79,36.376790752812234,Low satisfaction,Customer success outreach
C02229,Basic,Month-to-month,Manual Invoice,Canada,Nonprofit,0.032,6,1,4.06,0,1,0.34093622218676983,Medium,29,9.887150443416326,Low engagement + Month-to-month contract,Increase product engagement + Renewal / contract intervention
C02230,Enterprise,Month-to-month,Credit Card,Australia,Education,0.367,4,1,3.87,0,5,0.4270228345210838,Medium,199,84.97754406969568,Low engagement + Month-to-month contract,Increase product engagement + Renewal / contract intervention
C02231,Pro,Month-to-month,Credit Card,India,E-commerce,0.421,7,3,5.0,0,63,0.4799104462850948,Medium,79,37.91292525652249,High support activity + Inactivity + Month-to-month contract,Launch re-engagement campaign + Priority support review + Renewal / contract intervention
C02233,Basic,1-Year,ACH/Bank Transfer,Germany,E-commerce,0.579,8,2,2.08,0,0,0.2647016252574872,Low,29,7.676347132467129,Low satisfaction,Customer success outreach
C02234,Pro,Month-to-month,ACH/Bank Transfer,USA,E-commerce,0.556,6,3,3.89,0,18,0.43113754809346627,Medium,79,34.059866299383835,High support activity + Month-to-month contract,Priority support review + Renewal / contract intervention
C02237,Basic,Month-to-month,Credit Card,Germany,Education,0.706,4,1,3.51,0,9,0.28644601437305495,Low,29,8.306934416818594,Month-to-month contract,Renewal / contract intervention
C02238,Basic,1-Year,ACH/Bank Transfer,India,SaaS/Tech,0.244,5,0,4.56,0,20,0.18797914907485605,Low,29,5.451395323170826,Low engagement,Increase product engagement
C02239,Basic,Month-to-month,Credit Card,UK,Manufacturing,0.382,3,3,3.88,0,10,0.5950420810935254,Medium,29,17.256220351712237,Low engagement + High support activity + Month-to-month contract,Increase product engagement + Priority support review + Renewal / contract intervention
C02240,Pro,1-Year,Credit Card,India,Finance,0.564,7,1,2.96,0,11,0.21867212930908145,Low,79,17.275098215417433,Low satisfaction,Customer success outreach
C02242,Basic,Month-to-month,Credit Card,USA,Manufacturing,0.656,8,2,4.47,0,2,0.11139053318885521,Low,29,3.230325462476801,Month-to-month contract,Renewal / contract intervention
C02243,Basic,1-Year,ACH/Bank Transfer,USA,SaaS/Tech,0.556,2,1,2.96,0,4,0.39107370362801097,Medium,29,11.341137405212319,Low satisfaction + Low feature adoption,Customer success outreach + Product training / onboarding
C02244,Pro,Month-to-month,PayPal,Canada,Nonprofit,0.489,4,2,4.22,0,2,0.37203486790246504,Medium,79,29.39075456429474,Month-to-month contract,Renewal / contract intervention
C02246,Basic,1-Year,Credit Card,UK,Healthcare,1.0,2,1,3.43,0,5,0.18918507831093564,Low,29,5.486367271017134,Low feature adoption,Product training / onboarding
C02247,Pro,1-Year,Manual Invoice,Australia,Education,0.805,2,1,3.64,0,2,0.18722055125270023,Low,79,14.790423548963318,Low feature adoption,Product training / onboarding
C02249,Basic,Month-to-month,Credit Card,India,Manufacturing,0.876,4,2,2.76,0,8,0.38243282409620466,Medium,29,11.090551898789935,Low satisfaction + Month-to-month contract,Customer success outreach + Renewal / contract intervention
C02250,Enterprise,1-Year,Credit Card,UK,E-commerce,0.236,1,1,4.69,0,7,0.3838449478195313,Medium,199,76.38514461608673,Low engagement + Low feature adoption,Increase product engagement + Product training / onboarding
C02251,Pro,2-Year,PayPal,India,Marketing/Agency,0.578,6,3,4.02,1,2,0.3800593749199042,Medium,79,30.024690618672434,Billing friction + High support activity,Resolve billing issue + Priority support review
C02252,Enterprise,1-Year,Credit Card,USA,Finance,0.537,3,3,5.0,2,4,0.6517038195864429,High,199,129.68906009770214,Billing friction + High support activity,Resolve billing issue + Priority support review
C02254,Basic,1-Year,Credit Card,USA,Finance,0.431,5,0,4.95,0,2,0.0861768761631318,Low,29,2.499129408730822,No major warning signal,Standard customer success monitoring
C02255,Enterprise,Month-to-month,ACH/Bank Transfer,Germany,Finance,0.636,3,0,4.85,0,0,0.14908111426407958,Low,199,29.667141738551837,Month-to-month contract,Renewal / contract intervention
C02256,Basic,Month-to-month,Credit Card,UK,Manufacturing,0.632,5,2,4.61,2,17,0.6981307173357361,High,29,20.245790802736344,Billing friction + Month-to-month contract,Resolve billing issue + Renewal / contract intervention
C02257,Pro,Month-to-month,Credit Card,India,SaaS/Tech,0.645,5,0,3.78,2,1,0.6258238732362797,High,79,49.4400859856661,Billing friction + Month-to-month contract,Resolve billing issue + Renewal / contract intervention
C02258,Basic,Month-to-month,Credit Card,USA,Manufacturing,0.563,4,3,4.83,0,18,0.3239789693787295,Medium,29,9.395390111983156,High support activity + Month-to-month contract,Priority support review + Renewal / contract intervention
C02259,Basic,Month-to-month,Manual Invoice,USA,E-commerce,0.282,3,0,3.63,0,0,0.3444256482096151,Medium,29,9.988343798078837,Low engagement + Month-to-month contract,Increase product engagement + Renewal / contract intervention
C02260,Enterprise,1-Year,ACH/Bank Transfer,Germany,SaaS/Tech,0.43,5,1,4.96,1,1,0.2265111047709329,Low,199,45.075709849415645,Billing friction,Resolve billing issue
C02261,Pro,2-Year,Manual Invoice,Australia,Healthcare,0.545,3,0,4.32,2,37,0.6139170768762577,High,79,48.49944907322436,Billing friction + Inactivity,Resolve billing issue + Launch re-engagement campaign
C02262,Pro,2-Year,Manual Invoice,Australia,Nonprofit,0.485,2,0,4.26,0,4,0.16318489152611987,Low,79,12.891606430563469,Low feature adoption,Product training / onboarding
C02263,Basic,2-Year,ACH/Bank Transfer,Germany,Education,0.558,9,1,3.2,0,35,0.14638085887713398,Low,29,4.245044907436886,Inactivity,Launch re-engagement campaign
C02264,Basic,2-Year,Manual Invoice,USA,E-commerce,0.733,3,0,2.38,0,0,0.18548336177796987,Low,29,5.379017491561126,Low satisfaction,Customer success outreach
C02265,Pro,Month-to-month,Manual Invoice,India,Marketing/Agency,0.669,1,3,1.05,0,6,0.8546007062866984,High,79,67.51345579664917,Low satisfaction + High support activity + Month-to-month contract + Low feature adoption,Customer success outreach + Product training / onboarding + Priority support review + Renewal / contract intervention
C02266,Pro,Month-to-month,Manual Invoice,Germany,E-commerce,0.579,3,2,5.0,0,3,0.19264072922655825,Low,79,15.218617608898102,Month-to-month contract,Renewal / contract intervention
C02269,Basic,1-Year,Credit Card,USA,Manufacturing,0.377,2,1,4.32,0,5,0.25579291766606777,Low,29,7.417994612315965,Low engagement + Low feature adoption,Increase product engagement + Product training / onboarding
C02273,Basic,Month-to-month,Manual Invoice,India,Finance,0.614,1,2,4.89,1,4,0.5119488198710724,Medium,29,14.8465157762611,Billing friction + Month-to-month contract + Low feature adoption,Resolve billing issue + Product training / onboarding + Renewal / contract intervention
C02274,Enterprise,2-Year,Credit Card,UK,SaaS/Tech,0.585,2,3,3.55,0,2,0.4029290877513284,Medium,199,80.18288846251436,High support activity + Low feature adoption,Product training / onboarding + Priority support review
C02275,Basic,Month-to-month,Credit Card,Germany,SaaS/Tech,0.531,3,0,4.33,0,0,0.20624277767837348,Low,29,5.981040552672831,Month-to-month contract,Renewal / contract intervention
C02276,Pro,1-Year,Manual Invoice,Germany,Marketing/Agency,0.539,4,3,3.32,0,3,0.31400389651118565,Medium,79,24.806307824383666,High support activity,Priority support review
C02278,Enterprise,2-Year,Credit Card,Australia,SaaS/Tech,0.775,2,2,4.1,1,18,0.4731077515330825,Medium,199,94.14844255508342,Billing friction + Low feature adoption,Resolve billing issue + Product training / onboarding
C02281,Basic,2-Year,ACH/Bank Transfer,UK,Manufacturing,0.478,4,1,3.53,2,1,0.6704057627220533,High,29,19.441767118939545,Billing friction,Resolve billing issue
C02282,Enterprise,1-Year,ACH/Bank Transfer,India,Finance,0.997,1,0,3.83,0,10,0.16393508839154916,Low,199,32.62308258991828,Low feature adoption,Product training / onboarding
C02283,Pro,Month-to-month,Credit Card,India,Nonprofit,0.796,3,0,3.73,0,18,0.295075308574995,Low,79,23.310949377424603,Month-to-month contract,Renewal / contract intervention
C02284,Pro,1-Year,Credit Card,Australia,Manufacturing,0.523,3,3,3.2,1,27,0.7843592533730341,High,79,61.964381016469694,Billing friction + High support activity,Resolve billing issue + Priority support review
C02285,Basic,Month-to-month,Manual Invoice,UK,Nonprofit,0.37,4,1,3.57,1,10,0.6448490778139488,High,29,18.700623256604516,Low engagement + Billing friction + Month-to-month contract,Resolve billing issue + Increase product engagement + Renewal / contract intervention
C02286,Pro,1-Year,PayPal,USA,E-commerce,0.764,4,1,5.0,0,8,0.08435530682400164,Low,79,6.664069239096129,No major warning signal,Standard customer success monitoring
C02290,Pro,2-Year,PayPal,India,Healthcare,0.449,3,0,4.94,0,10,0.11818932951808027,Low,79,9.33695703192834,No major warning signal,Standard customer success monitoring
C02291,Pro,2-Year,Credit Card,USA,Nonprofit,0.668,7,2,4.5,1,0,0.1773807870337643,Low,79,14.01308217566738,Billing friction,Resolve billing issue
C02292,Pro,Month-to-month,PayPal,Canada,SaaS/Tech,0.658,1,0,4.88,0,2,0.2258096755429641,Low,79,17.838964367894164,Month-to-month contract + Low feature adoption,Product training / onboarding + Renewal / contract intervention
C02293,Basic,1-Year,Manual Invoice,Germany,Nonprofit,0.548,5,0,4.39,0,26,0.0990365674739055,Low,29,2.8720604567432595,No major warning signal,Standard customer success monitoring
C02294,Basic,1-Year,Credit Card,India,SaaS/Tech,0.379,3,4,5.0,0,5,0.33383377570150713,Medium,29,9.681179495343708,Low engagement + High support activity,Increase product engagement + Priority support review
C02295,Pro,1-Year,Credit Card,USA,Marketing/Agency,0.637,3,1,4.88,0,3,0.13903238013950903,Low,79,10.983558031021213,No major warning signal,Standard customer success monitoring
C02296,Basic,Month-to-month,ACH/Bank Transfer,USA,Manufacturing,0.246,4,0,3.61,1,6,0.631428004029123,High,29,18.31141211684457,Low engagement + Billing friction + Month-to-month contract,Resolve billing issue + Increase product engagement + Renewal / contract intervention
C02297,Basic,1-Year,ACH/Bank Transfer,UK,Manufacturing,0.184,3,1,4.71,0,9,0.29722365547219676,Low,29,8.619486008693706,Low engagement,Increase product engagement
C02298,Enterprise,2-Year,Credit Card,Australia,Nonprofit,0.495,6,2,3.92,1,4,0.3810628900272624,Medium,199,75.83151511542522,Billing friction,Resolve billing issue
C02299,Basic,Month-to-month,PayPal,USA,Manufacturing,0.48,3,1,4.69,0,63,0.47595589091861895,Medium,29,13.80272083663995,Inactivity + Month-to-month contract,Launch re-engagement campaign + Renewal / contract intervention
C02300,Pro,Month-to-month,PayPal,India,Education,0.344,4,1,4.04,2,1,0.7974360472114812,High,79,62.99744772970701,Low engagement + Billing friction + Month-to-month contract,Resolve billing issue + Increase product engagement + Renewal / contract intervention
C02301,Pro,Month-to-month,ACH/Bank Transfer,Canada,Nonprofit,0.909,10,2,4.38,2,7,0.379929205503885,Medium,79,30.014407234806914,Billing friction + Month-to-month contract,Resolve billing issue + Renewal / contract intervention
C02302,Enterprise,Month-to-month,Credit Card,India,Finance,0.438,5,1,2.94,1,7,0.6951051213736681,High,199,138.32591915335996,Low satisfaction + Billing friction + Month-to-month contract,Resolve billing issue + Customer success outreach + Renewal / contract intervention
C02303,Pro,Month-to-month,ACH/Bank Transfer,India,Healthcare,1.0,3,0,5.0,0,5,0.09504310816572394,Low,79,7.508405545092191,Month-to-month contract,Renewal / contract intervention
C02304,Pro,1-Year,PayPal,UK,Marketing/Agency,0.837,5,4,4.36,0,18,0.25183337169261993,Low,79,19.894836363716976,High support activity,Priority support review
C02305,Basic,Month-to-month,Credit Card,Germany,Finance,0.658,1,2,4.85,0,2,0.29973722466850267,Low,29,8.692379515386577,Month-to-month contract + Low feature adoption,Product training / onboarding + Renewal / contract intervention
C02306,Pro,Month-to-month,Credit Card,USA,Healthcare,0.992,6,5,4.95,0,13,0.1981329224909158,Low,79,15.652500876782348,High support activity + Month-to-month contract,Priority support review + Renewal / contract intervention
C02307,Pro,1-Year,Credit Card,UK,Healthcare,0.591,1,0,3.58,0,3,0.2974472164263268,Low,79,23.49833009767982,Low feature adoption,Product training / onboarding
C02308,Pro,Month-to-month,Credit Card,India,Manufacturing,0.477,7,1,4.8,1,19,0.3434676770327449,Medium,79,27.133946485586847,Billing friction + Month-to-month contract,Resolve billing issue + Renewal / contract intervention
C02309,Pro,2-Year,PayPal,Australia,Nonprofit,0.271,3,1,4.08,0,3,0.2989185522845298,Low,79,23.614565630477852,Low engagement,Increase product engagement
C02310,Enterprise,Month-to-month,Credit Card,India,Healthcare,0.842,3,2,4.24,0,23,0.32171548356953317,Medium,199,64.0213812303371,Month-to-month contract,Renewal / contract intervention
C02311,Basic,2-Year,Manual Invoice,Germany,Education,0.573,0,2,3.45,0,26,0.4273504546696463,Medium,29,12.393163185419741,Low feature adoption,Product training / onboarding
C02312,Enterprise,Month-to-month,Credit Card,India,Education,0.685,3,3,5.0,0,4,0.2856997211743972,Low,199,56.85424451370504,High support activity + Month-to-month contract,Priority support review + Renewal / contract intervention
C02317,Basic,1-Year,Credit Card,India,Education,0.67,1,1,3.27,1,15,0.6256554754921373,High,29,18.144008789271982,Billing friction + Low feature adoption,Resolve billing issue + Product training / onboarding
C02318,Basic,Month-to-month,ACH/Bank Transfer,Canada,Manufacturing,0.723,4,1,3.44,1,15,0.5856938477376947,Medium,29,16.98512158439315,Billing friction + Month-to-month contract,Resolve billing issue + Renewal / contract intervention
C02319,Pro,Month-to-month,Credit Card,USA,Finance,0.681,1,1,4.7,1,8,0.5373082375547701,Medium,79,42.44735076682684,Billing friction + Month-to-month contract + Low feature adoption,Resolve billing issue + Product training / onboarding + Renewal / contract intervention
C02321,Basic,Month-to-month,PayPal,India,Manufacturing,0.623,1,0,5.0,0,6,0.18553881235692335,Low,29,5.380625558350777,Month-to-month contract + Low feature adoption,Product training / onboarding + Renewal / contract intervention
C02322,Pro,Month-to-month,Credit Card,India,Healthcare,0.247,5,1,3.55,0,15,0.4909172488829079,Medium,79,38.782462661749726,Low engagement + Month-to-month contract,Increase product engagement + Renewal / contract intervention
C02324,Basic,2-Year,PayPal,USA,SaaS/Tech,0.35,8,1,3.71,0,4,0.11415241471768954,Low,29,3.310420026812997,Low engagement,Increase product engagement
C02325,Basic,Month-to-month,PayPal,USA,Education,0.762,4,0,3.08,1,0,0.45163860131861855,Medium,29,13.097519438239939,Billing friction + Month-to-month contract,Resolve billing issue + Renewal / contract intervention
C02327,Enterprise,Month-to-month,Manual Invoice,Canada,Education,0.56,5,1,4.58,0,4,0.16130011103647104,Low,199,32.09872209625774,Month-to-month contract,Renewal / contract intervention
C02328,Basic,1-Year,ACH/Bank Transfer,UK,SaaS/Tech,0.968,8,2,4.53,0,2,0.04824193513604452,Low,29,1.3990161189452912,No major warning signal,Standard customer success monitoring
C02329,Basic,Month-to-month,Credit Card,India,Finance,0.326,8,1,4.98,0,19,0.17282838855605662,Low,29,5.012023268125642,Low engagement + Month-to-month contract,Increase product engagement + Renewal / contract intervention
C02331,Pro,2-Year,Credit Card,Australia,Healthcare,0.275,8,2,3.55,1,5,0.41751072223918234,Medium,79,32.983347056895404,Low engagement + Billing friction,Resolve billing issue + Increase product engagement
C02332,Basic,Month-to-month,PayPal,UK,Healthcare,0.923,4,0,4.05,2,16,0.5652846653898327,Medium,29,16.39325529630515,Billing friction + Month-to-month contract,Resolve billing issue + Renewal / contract intervention
C02333,Basic,1-Year,Manual Invoice,India,Healthcare,0.455,2,2,4.68,2,12,0.6534827147472606,High,29,18.95099872767056,Billing friction + Low feature adoption,Resolve billing issue + Product training / onboarding
C02334,Pro,1-Year,Credit Card,Germany,Education,0.394,5,2,3.79,1,16,0.5288374000866292,Medium,79,41.77815460684371,Low engagement + Billing friction,Resolve billing issue + Increase product engagement
C02335,Basic,Month-to-month,Manual Invoice,Australia,Marketing/Agency,0.798,2,2,4.19,1,2,0.518827933891802,Medium,29,15.04601008286226,Billing friction + Month-to-month contract + Low feature adoption,Resolve billing issue + Product training / onboarding + Renewal / contract intervention
C02336,Enterprise,Month-to-month,Credit Card,USA,E-commerce,0.514,4,1,5.0,2,0,0.6073703526381445,High,199,120.86670017499077,Billing friction + Month-to-month contract,Resolve billing issue + Renewal / contract intervention
C02337,Enterprise,2-Year,ACH/Bank Transfer,Germany,SaaS/Tech,0.559,4,1,3.72,1,6,0.3587934442794629,Medium,199,71.39989541161312,Billing friction,Resolve billing issue
C02338,Pro,2-Year,Manual Invoice,USA,Finance,0.773,3,2,4.72,1,15,0.2505917425047563,Low,79,19.79674765787575,Billing friction,Resolve billing issue
C02339,Enterprise,Month-to-month,Credit Card,USA,Marketing/Agency,0.543,1,2,3.49,0,3,0.5786417885373081,Medium,199,115.1497159189243,Month-to-month contract + Low feature adoption,Product training / onboarding + Renewal / contract intervention
C02340,Enterprise,Month-to-month,PayPal,USA,Nonprofit,0.632,6,1,4.19,0,22,0.21701837049239622,Low,199,43.186655727986846,Month-to-month contract,Renewal / contract intervention
C02341,Enterprise,2-Year,Credit Card,Australia,Healthcare,0.647,2,1,4.61,1,23,0.4028630714861932,Medium,199,80.16975122575245,Billing friction + Low feature adoption,Resolve billing issue + Product training / onboarding
C02342,Pro,Month-to-month,ACH/Bank Transfer,USA,Healthcare,0.527,6,1,4.93,0,8,0.15818145969490705,Low,79,12.496335315897657,Month-to-month contract,Renewal / contract intervention
C02343,Pro,1-Year,ACH/Bank Transfer,Germany,Healthcare,0.202,5,1,1.92,2,0,0.8810157574298496,High,79,69.60024483695813,Low engagement + Low satisfaction + Billing friction,Resolve billing issue + Customer success outreach + Increase product engagement
C02344,Enterprise,2-Year,Credit Card,Germany,Finance,0.728,5,2,2.8,1,2,0.4141277983946136,Medium,199,82.41143188052811,Low satisfaction + Billing friction,Resolve billing issue + Customer success outreach
C02345,Basic,Month-to-month,Manual Invoice,UK,Nonprofit,0.256,10,2,2.39,0,4,0.37516063294513097,Medium,29,10.879658355408798,Low engagement + Low satisfaction + Month-to-month contract,Customer success outreach + Increase product engagement + Renewal / contract intervention
C02346,Basic,1-Year,Credit Card,USA,Marketing/Agency,0.669,2,0,2.6,0,4,0.34215818547793164,Medium,29,9.922587378860017,Low satisfaction + Low feature adoption,Customer success outreach + Product training / onboarding
C02347,Basic,Month-to-month,PayPal,India,Marketing/Agency,0.204,3,2,2.82,0,6,0.7438221806464151,High,29,21.57084323874604,Low engagement + Low satisfaction + Month-to-month contract,Customer success outreach + Increase product engagement + Renewal / contract intervention
C02348,Basic,Month-to-month,PayPal,UK,Marketing/Agency,0.65,3,1,4.04,2,8,0.7789749663348907,High,29,22.59027402371183,Billing friction + Month-to-month contract,Resolve billing issue + Renewal / contract intervention
C02350,Basic,1-Year,Credit Card,USA,SaaS/Tech,0.299,4,1,4.76,0,1,0.16879222068223088,Low,29,4.8949743997846955,Low engagement,Increase product engagement
C02351,Enterprise,1-Year,Credit Card,Canada,Finance,0.352,3,0,3.61,0,5,0.3068373265424023,Medium,199,61.06062798193806,Low engagement,Increase product engagement
C02353,Basic,1-Year,Credit Card,India,Healthcare,0.831,6,0,3.68,0,4,0.0741677867370994,Low,29,2.1508658153758824,No major warning signal,Standard customer success monitoring
C02354,Pro,1-Year,Credit Card,USA,Finance,0.47,4,1,3.95,0,1,0.21426442061042109,Low,79,16.926889228223267,No major warning signal,Standard customer success monitoring
C02355,Basic,Month-to-month,Credit Card,USA,Education,0.463,4,0,4.34,0,6,0.23101873156287042,Low,29,6.699543215323242,Month-to-month contract,Renewal / contract intervention
C02356,Enterprise,1-Year,PayPal,Germany,Education,0.636,1,0,4.53,0,15,0.16579641653484406,Low,199,32.99348689043397,Low feature adoption,Product training / onboarding
C02357,Enterprise,1-Year,Credit Card,India,Education,0.853,4,1,3.58,0,24,0.20425052790546402,Low,199,40.64585505318734,No major warning signal,Standard customer success monitoring
C02358,Pro,1-Year,Credit Card,USA,Manufacturing,0.466,6,0,3.95,1,8,0.26310779854902,Low,79,20.78551608537258,Billing friction,Resolve billing issue
C02361,Basic,Month-to-month,PayPal,India,Manufacturing,0.438,3,0,3.72,2,13,0.7892053921909696,High,29,22.88695637353812,Billing friction + Month-to-month contract,Resolve billing issue + Renewal / contract intervention
C02362,Pro,1-Year,Credit Card,India,Education,0.528,2,1,4.43,0,0,0.2224786624003212,Low,79,17.575814329625373,Low feature adoption,Product training / onboarding
C02363,Basic,1-Year,Credit Card,UK,Healthcare,0.304,5,1,3.92,0,10,0.26998202085520784,Low,29,7.829478604801027,Low engagement,Increase product engagement
C02364,Basic,1-Year,Credit Card,Australia,Marketing/Agency,0.971,11,2,4.83,1,1,0.05368320359775355,Low,29,1.5568129043348529,Billing friction,Resolve billing issue
C02366,Enterprise,Month-to-month,Credit Card,Germany,SaaS/Tech,0.622,4,1,4.94,1,5,0.32017059566451933,Medium,199,63.71394853723935,Billing friction + Month-to-month contract,Resolve billing issue + Renewal / contract intervention
C02367,Pro,1-Year,Credit Card,UK,Marketing/Agency,0.969,4,0,4.71,1,12,0.172156904799492,Low,79,13.600395479159868,Billing friction,Resolve billing issue
C02368,Pro,1-Year,PayPal,USA,Healthcare,0.178,3,4,4.23,1,22,0.7889770457347368,High,79,62.32918661304421,Low engagement + Billing friction + High support activity,Resolve billing issue + Increase product engagement + Priority support review
C02369,Basic,Month-to-month,ACH/Bank Transfer,UK,Marketing/Agency,0.525,4,3,4.55,1,1,0.6449159982062626,High,29,18.702563947981613,Billing friction + High support activity + Month-to-month contract,Resolve billing issue + Priority support review + Renewal / contract intervention
C02370,Pro,Month-to-month,ACH/Bank Transfer,USA,Manufacturing,0.02,2,3,5.0,0,0,0.5956311242562278,Medium,79,47.054858816241996,Low engagement + High support activity + Month-to-month contract + Low feature adoption,Increase product engagement + Product training / onboarding + Priority support review + Renewal / contract intervention
C02371,Pro,Month-to-month,Credit Card,Australia,Finance,0.677,4,0,4.73,0,6,0.17060201181250817,Low,79,13.477558933188146,Month-to-month contract,Renewal / contract intervention
C02372,Enterprise,Month-to-month,Credit Card,India,E-commerce,0.893,2,2,4.63,1,2,0.4464639290891485,Medium,199,88.84632188874055,Billing friction + Month-to-month contract + Low feature adoption,Resolve billing issue + Product training / onboarding + Renewal / contract intervention
C02373,Basic,Month-to-month,Credit Card,India,Marketing/Agency,0.367,3,1,5.0,0,0,0.286745304532963,Low,29,8.315613831455927,Low engagement + Month-to-month contract,Increase product engagement + Renewal / contract intervention
C02374,Pro,Month-to-month,Credit Card,Australia,SaaS/Tech,0.208,3,2,3.71,0,3,0.6368936506621538,High,79,50.314598402310146,Low engagement + Month-to-month contract,Increase product engagement + Renewal / contract intervention
C02375,Enterprise,Month-to-month,Credit Card,USA,Healthcare,0.35,7,4,4.51,0,3,0.3359396164161003,Medium,199,66.85198366680396,Low engagement + High support activity + Month-to-month contract,Increase product engagement + Priority support review + Renewal / contract intervention
C02376,Pro,Month-to-month,Credit Card,Australia,Healthcare,0.475,4,1,3.51,0,5,0.43228207770070287,Medium,79,34.150284138355524,Month-to-month contract,Renewal / contract intervention
C02378,Basic,1-Year,Credit Card,Canada,Manufacturing,0.27,6,0,4.84,0,10,0.11217202695781962,Low,29,3.252988781776769,Low engagement,Increase product engagement
C02379,Pro,1-Year,ACH/Bank Transfer,India,Healthcare,0.672,5,1,4.74,0,18,0.12045275926656164,Low,79,9.51576798205837,No major warning signal,Standard customer success monitoring
C02380,Pro,Month-to-month,Credit Card,India,SaaS/Tech,0.351,8,3,2.59,0,2,0.5219679142975339,Medium,79,41.235465229505174,Low engagement + Low satisfaction + High support activity + Month-to-month contract,Customer success outreach + Increase product engagement + Priority support review + Renewal / contract intervention
C02382,Pro,Month-to-month,Credit Card,USA,E-commerce,0.669,5,1,4.13,0,23,0.27638934853365926,Low,79,21.834758534159082,Month-to-month contract,Renewal / contract intervention
C02384,Pro,Month-to-month,Manual Invoice,Germany,E-commerce,0.542,6,2,3.87,0,0,0.20435947425775464,Low,79,16.144398466362617,Month-to-month contract,Renewal / contract intervention
C02385,Pro,Month-to-month,Credit Card,Germany,Manufacturing,0.275,6,1,4.15,0,7,0.2620899710919206,Low,79,20.70510771626173,Low engagement + Month-to-month contract,Increase product engagement + Renewal / contract intervention
C02387,Enterprise,1-Year,Credit Card,Canada,SaaS/Tech,0.549,3,0,3.86,0,36,0.302196158502673,Medium,199,60.13703554203193,Inactivity,Launch re-engagement campaign
C02388,Basic,1-Year,Manual Invoice,USA,Healthcare,0.761,7,0,5.0,0,7,0.023664939482948892,Low,29,0.6862832450055179,No major warning signal,Standard customer success monitoring
C02389,Enterprise,Month-to-month,Manual Invoice,Canada,Finance,0.423,3,2,2.65,0,34,0.7306163806326175,High,199,145.39265974589088,Low satisfaction + Inactivity + Month-to-month contract,Customer success outreach + Launch re-engagement campaign + Renewal / contract intervention
C02390,Basic,1-Year,ACH/Bank Transfer,Germany,Marketing/Agency,0.104,3,1,3.5,0,42,0.6419095850084029,High,29,18.615377965243685,Low engagement + Inactivity,Increase product engagement + Launch re-engagement campaign
C02391,Pro,Month-to-month,ACH/Bank Transfer,UK,E-commerce,0.211,5,1,3.7,0,43,0.6738581232415745,High,79,53.23479173608438,Low engagement + Inactivity + Month-to-month contract,Increase product engagement + Launch re-engagement campaign + Renewal / contract intervention
C02392,Pro,Month-to-month,Credit Card,USA,Healthcare,0.497,6,2,5.0,0,5,0.18103391938462515,Low,79,14.301679631385387,Month-to-month contract,Renewal / contract intervention
C02394,Basic,Month-to-month,Credit Card,Germany,E-commerce,0.44,2,1,5.0,1,0,0.4779323116006203,Medium,29,13.860037036417989,Billing friction + Month-to-month contract + Low feature adoption,Resolve billing issue + Product training / onboarding + Renewal / contract intervention
C02395,Basic,2-Year,ACH/Bank Transfer,Germany,Marketing/Agency,0.603,5,2,2.6,1,19,0.6153143247834273,High,29,17.84411541871939,Low satisfaction + Billing friction,Resolve billing issue + Customer success outreach
C02396,Basic,1-Year,ACH/Bank Transfer,USA,Nonprofit,0.836,5,2,4.95,1,13,0.21319929401206422,Low,29,6.182779526349862,Billing friction,Resolve billing issue
C02397,Pro,Month-to-month,Credit Card,India,SaaS/Tech,0.661,3,2,4.17,0,36,0.4875672732454709,Medium,79,38.5178145863922,Inactivity + Month-to-month contract,Launch re-engagement campaign + Renewal / contract intervention
C02398,Enterprise,Month-to-month,PayPal,USA,Healthcare,0.508,5,1,4.17,0,6,0.22749700079652335,Low,199,45.271903158508145,Month-to-month contract,Renewal / contract intervention
C02399,Basic,Month-to-month,PayPal,Australia,Marketing/Agency,0.728,3,1,3.79,0,28,0.43761877169501356,Medium,29,12.690944379155393,Month-to-month contract,Renewal / contract intervention
C02400,Basic,2-Year,Credit Card,Australia,Nonprofit,0.729,7,1,3.87,0,4,0.0877988344379138,Low,29,2.5461661986995,No major warning signal,Standard customer success monitoring
C02401,Basic,1-Year,Credit Card,Australia,Education,0.326,5,0,4.14,1,0,0.34368499912294453,Medium,29,9.966864974565391,Low engagement + Billing friction,Resolve billing issue + Increase product engagement
C02402,Basic,2-Year,Manual Invoice,Canada,Marketing/Agency,0.664,4,0,3.57,0,0,0.1141055971922209,Low,29,3.309062318574406,No major warning signal,Standard customer success monitoring
C02403,Basic,Month-to-month,Credit Card,USA,SaaS/Tech,0.578,5,3,3.41,0,10,0.45944548293503856,Medium,29,13.32391900511612,High support activity + Month-to-month contract,Priority support review + Renewal / contract intervention
C02404,Enterprise,2-Year,ACH/Bank Transfer,Australia,Marketing/Agency,0.463,4,0,5.0,0,14,0.13406400594768567,Low,199,26.678737183589448,No major warning signal,Standard customer success monitoring
C02407,Pro,Month-to-month,PayPal,UK,Marketing/Agency,0.661,3,3,5.0,0,0,0.3173945205036391,Medium,79,25.07416711978749,High support activity + Month-to-month contract,Priority support review + Renewal / contract intervention
C02408,Basic,Month-to-month,Manual Invoice,Germany,E-commerce,0.733,5,0,4.38,0,5,0.08619275692467189,Low,29,2.499589950815485,Month-to-month contract,Renewal / contract intervention
C02409,Pro,1-Year,ACH/Bank Transfer,UK,E-commerce,0.615,4,1,5.0,0,1,0.12388225319414292,Low,79,9.78669800233729,No major warning signal,Standard customer success monitoring
C02410,Basic,Month-to-month,Credit Card,USA,Manufacturing,0.666,6,1,4.72,1,0,0.2281121613270182,Low,29,6.615252678483528,Billing friction + Month-to-month contract,Resolve billing issue + Renewal / contract intervention
C02413,Basic,2-Year,ACH/Bank Transfer,Germany,Marketing/Agency,0.158,5,1,2.67,1,13,0.6948623205352479,High,29,20.151007295522188,Low engagement + Low satisfaction + Billing friction,Resolve billing issue + Customer success outreach + Increase product engagement
C02414,Pro,Month-to-month,Credit Card,India,Nonprofit,0.2,1,2,2.35,0,3,0.8503129101211445,High,79,67.17471989957042,Low engagement + Low satisfaction + Month-to-month contract + Low feature adoption,Customer success outreach + Increase product engagement + Product training / onboarding + Renewal / contract intervention
C02415,Pro,1-Year,Credit Card,Australia,E-commerce,0.509,5,4,4.87,0,24,0.33764492447289585,Medium,79,26.67394903335877,High support activity,Priority support review
C02416,Pro,1-Year,ACH/Bank Transfer,USA,Manufacturing,0.748,5,1,4.02,1,11,0.270859182872394,Low,79,21.397875446919127,Billing friction,Resolve billing issue
C02417,Basic,1-Year,Credit Card,India,SaaS/Tech,0.557,4,1,4.5,1,3,0.28840576383214245,Low,29,8.36376715113213,Billing friction,Resolve billing issue
C02418,Basic,Month-to-month,Credit Card,USA,SaaS/Tech,0.271,3,0,4.23,0,21,0.4192772042803438,Medium,29,12.159038924129971,Low engagement + Month-to-month contract,Increase product engagement + Renewal / contract intervention
C02419,Enterprise,Month-to-month,Credit Card,UK,SaaS/Tech,0.318,1,2,4.04,0,4,0.6233542018378824,High,199,124.04748616573859,Low engagement + Month-to-month contract + Low feature adoption,Increase product engagement + Product training / onboarding + Renewal / contract intervention
C02420,Basic,Month-to-month,Credit Card,Germany,Healthcare,0.539,3,3,3.37,1,7,0.7528250857751522,High,29,21.831927487479412,Billing friction + High support activity + Month-to-month contract,Resolve billing issue + Priority support review + Renewal / contract intervention
C02424,Basic,1-Year,Manual Invoice,Canada,Manufacturing,0.519,3,2,3.93,0,2,0.21994819706311725,Low,29,6.3784977148304005,No major warning signal,Standard customer success monitoring
C02425,Enterprise,Month-to-month,PayPal,USA,Marketing/Agency,0.885,5,3,2.81,1,1,0.6250809200549576,High,199,124.39110309093657,Low satisfaction + Billing friction + High support activity + Month-to-month contract,Resolve billing issue + Customer success outreach + Priority support review + Renewal / contract intervention
C02426,Pro,Month-to-month,Manual Invoice,India,Finance,0.408,4,1,2.89,0,4,0.4558726209968494,Medium,79,36.013937058751104,Low satisfaction + Month-to-month contract,Customer success outreach + Renewal / contract intervention
C02427,Pro,Month-to-month,Credit Card,India,Healthcare,0.757,3,2,3.44,0,0,0.3848744857945253,Medium,79,30.4050843777675,Month-to-month contract,Renewal / contract intervention
C02428,Pro,Month-to-month,Credit Card,USA,Education,0.453,0,3,3.74,0,29,0.7865829744122225,High,79,62.14005497856557,High support activity + Month-to-month contract + Low feature adoption,Product training / onboarding + Priority support review + Renewal / contract intervention
C02429,Pro,1-Year,PayPal,Canada,E-commerce,0.398,5,5,4.82,2,0,0.7712230152691347,High,79,60.926618206261644,Low engagement + Billing friction + High support activity,Resolve billing issue + Increase product engagement + Priority support review
C02431,Basic,2-Year,Manual Invoice,UK,E-commerce,0.523,2,1,5.0,2,9,0.5129191486872485,Medium,29,14.874655311930207,Billing friction + Low feature adoption,Resolve billing issue + Product training / onboarding
C02432,Pro,1-Year,Credit Card,Canada,E-commerce,0.477,7,2,4.51,0,52,0.2905890058518703,Low,79,22.956531462297754,Inactivity,Launch re-engagement campaign
C02434,Basic,Month-to-month,Credit Card,Germany,Education,0.304,8,2,3.26,1,3,0.5733658857966494,Medium,29,16.62761068810283,Low engagement + Billing friction + Month-to-month contract,Resolve billing issue + Increase product engagement + Renewal / contract intervention
C02436,Basic,Month-to-month,Manual Invoice,India,Education,1.0,6,3,3.76,0,40,0.2609260190018672,Low,29,7.566854551054148,High support activity + Inactivity + Month-to-month contract,Launch re-engagement campaign + Priority support review + Renewal / contract intervention
C02437,Basic,Month-to-month,PayPal,Canada,SaaS/Tech,0.857,4,0,3.48,2,2,0.6144053180799446,High,29,17.817754224318392,Billing friction + Month-to-month contract,Resolve billing issue + Renewal / contract intervention
C02438,Basic,Month-to-month,PayPal,UK,E-commerce,0.269,3,1,3.52,2,15,0.9120206467826,High,29,26.4485987566954,Low engagement + Billing friction + Month-to-month contract,Resolve billing issue + Increase product engagement + Renewal / contract intervention
C02441,Enterprise,1-Year,Credit Card,UK,Healthcare,0.527,7,1,3.76,2,17,0.5818173527219818,Medium,199,115.78165319167437,Billing friction,Resolve billing issue
C02442,Basic,Month-to-month,Credit Card,USA,Marketing/Agency,0.574,5,0,4.79,1,1,0.27525878862695524,Low,29,7.982504870181702,Billing friction + Month-to-month contract,Resolve billing issue + Renewal / contract intervention
C02443,Enterprise,Month-to-month,PayPal,Canada,SaaS/Tech,0.659,4,1,4.66,0,6,0.1901978220143251,Low,199,37.8493665808507,Month-to-month contract,Renewal / contract intervention
C02444,Pro,1-Year,Credit Card,Canada,E-commerce,0.761,3,0,4.06,0,0,0.12841075880382413,Low,79,10.144449945502107,No major warning signal,Standard customer success monitoring
C02445,Basic,Month-to-month,Credit Card,UK,Marketing/Agency,0.17,5,2,3.53,2,6,0.9143998852368455,High,29,26.517596671868517,Low engagement + Billing friction + Month-to-month contract,Resolve billing issue + Increase product engagement + Renewal / contract intervention
C02446,Basic,1-Year,ACH/Bank Transfer,Australia,Nonprofit,0.543,7,3,4.17,0,6,0.2038323475597882,Low,29,5.911138079233858,High support activity,Priority support review
C02447,Pro,Month-to-month,Credit Card,UK,Marketing/Agency,0.544,3,3,5.0,1,13,0.6741880742321684,High,79,53.260857864341304,Billing friction + High support activity + Month-to-month contract,Resolve billing issue + Priority support review + Renewal / contract intervention
C02448,Basic,2-Year,Credit Card,USA,Nonprofit,0.628,3,2,4.55,0,22,0.2150704072984281,Low,29,6.237041811654415,No major warning signal,Standard customer success monitoring
C02449,Basic,Month-to-month,ACH/Bank Transfer,Canada,E-commerce,0.635,6,0,2.87,0,3,0.2923768883169373,Low,29,8.478929761191182,Low satisfaction + Month-to-month contract,Customer success outreach + Renewal / contract intervention
C02451,Basic,Month-to-month,Manual Invoice,India,Nonprofit,0.608,4,1,5.0,0,9,0.14451736408145646,Low,29,4.191003558362238,Month-to-month contract,Renewal / contract intervention
C02452,Basic,Month-to-month,Credit Card,USA,E-commerce,0.878,6,0,3.18,1,25,0.41781537572975913,Medium,29,12.116645896163014,Billing friction + Month-to-month contract,Resolve billing issue + Renewal / contract intervention
C02453,Pro,Month-to-month,Credit Card,USA,Manufacturing,0.685,6,1,3.31,0,1,0.21661450658700576,Low,79,17.112546020373454,Month-to-month contract,Renewal / contract intervention
C02454,Basic,Month-to-month,Credit Card,Germany,Healthcare,0.552,3,0,3.94,0,10,0.2669721411732276,Low,29,7.742192094023601,Month-to-month contract,Renewal / contract intervention
C02455,Basic,1-Year,Credit Card,USA,Nonprofit,0.641,4,1,4.35,0,27,0.19367731327112397,Low,29,5.616642084862595,No major warning signal,Standard customer success monitoring
C02456,Basic,1-Year,Credit Card,USA,Manufacturing,0.762,7,2,5.0,1,60,0.27219142482957664,Low,29,7.893551320057723,Billing friction + Inactivity,Resolve billing issue + Launch re-engagement campaign
C02458,Enterprise,1-Year,Credit Card,USA,Nonprofit,0.23,6,2,4.23,0,11,0.26704020459657557,Low,199,53.14100071471854,Low engagement,Increase product engagement
C02459,Basic,Month-to-month,PayPal,USA,Finance,0.333,4,3,5.0,0,4,0.3351364999407419,Medium,29,9.718958498281514,Low engagement + High support activity + Month-to-month contract,Increase product engagement + Priority support review + Renewal / contract intervention
C02460,Basic,Month-to-month,PayPal,Australia,Education,0.335,7,4,4.57,0,24,0.4625765478443425,Medium,29,13.414719887485932,Low engagement + High support activity + Month-to-month contract,Increase product engagement + Priority support review + Renewal / contract intervention
C02461,Basic,Month-to-month,ACH/Bank Transfer,India,Marketing/Agency,0.437,6,1,4.81,0,0,0.19169253272548561,Low,29,5.559083449039083,Month-to-month contract,Renewal / contract intervention
C02462,Enterprise,2-Year,Manual Invoice,Germany,Healthcare,0.424,2,2,5.0,0,12,0.15538137362690785,Low,199,30.92089335175466,Low feature adoption,Product training / onboarding
C02463,Pro,2-Year,Credit Card,USA,Finance,0.259,2,3,4.8,0,13,0.4030271872831374,Medium,79,31.839147795367854,Low engagement + High support activity + Low feature adoption,Increase product engagement + Product training / onboarding + Priority support review
C02465,Pro,1-Year,Credit Card,USA,Marketing/Agency,0.312,2,2,3.16,0,16,0.6270776710007696,High,79,49.5391360090608,Low engagement + Low feature adoption,Increase product engagement + Product training / onboarding
C02466,Pro,1-Year,Credit Card,Germany,Manufacturing,1.0,2,2,5.0,1,2,0.18708916548725452,Low,79,14.780044073493107,Billing friction + Low feature adoption,Resolve billing issue + Product training / onboarding
C02468,Pro,Month-to-month,Manual Invoice,UK,SaaS/Tech,0.885,6,0,4.4,0,2,0.0672913427407613,Low,79,5.316016076520143,Month-to-month contract,Renewal / contract intervention
C02469,Pro,1-Year,Credit Card,Germany,Healthcare,0.188,4,1,5.0,2,3,0.595012265799859,Medium,79,47.00596899818886,Low engagement + Billing friction,Resolve billing issue + Increase product engagement
C02470,Pro,1-Year,Credit Card,USA,Marketing/Agency,0.343,5,2,4.04,2,14,0.7689444810660624,High,79,60.74661400421893,Low engagement + Billing friction,Resolve billing issue + Increase product engagement
C02471,Pro,Month-to-month,ACH/Bank Transfer,Australia,SaaS/Tech,0.02,6,2,3.91,0,12,0.5983446176265441,Medium,79,47.269224792496985,Low engagement + Month-to-month contract,Increase product engagement + Renewal / contract intervention
C02472,Pro,Month-to-month,Manual Invoice,Canada,Marketing/Agency,0.747,5,0,4.63,0,21,0.13791202470594122,Low,79,10.895049951769357,Month-to-month contract,Renewal / contract intervention
C02473,Basic,1-Year,PayPal,USA,Finance,0.498,2,3,3.76,1,0,0.6335825677139888,High,29,18.373894463705675,Billing friction + High support activity + Low feature adoption,Resolve billing issue + Product training / onboarding + Priority support review
C02474,Pro,Month-to-month,PayPal,UK,Finance,0.217,5,1,4.94,0,9,0.3093863804686681,Medium,79,24.441524057024782,Low engagement + Month-to-month contract,Increase product engagement + Renewal / contract intervention
C02475,Basic,Month-to-month,Credit Card,Canada,Healthcare,0.66,5,0,4.64,1,31,0.38999501419748395,Medium,29,11.309855411727035,Billing friction + Inactivity + Month-to-month contract,Resolve billing issue + Launch re-engagement campaign + Renewal / contract intervention
C02476,Basic,Month-to-month,Credit Card,USA,Manufacturing,0.436,4,0,4.0,0,4,0.24876784600734406,Low,29,7.214267534212977,Month-to-month contract,Renewal / contract intervention
C02477,Basic,Month-to-month,PayPal,Germany,E-commerce,0.539,8,2,4.97,0,9,0.11416265499461783,Low,29,3.3107169948439172,Month-to-month contract,Renewal / contract intervention
C02478,Pro,Month-to-month,Credit Card,India,Marketing/Agency,0.299,5,0,5.0,0,13,0.24456862935448068,Low,79,19.320921719003973,Low engagement + Month-to-month contract,Increase product engagement + Renewal / contract intervention
C02479,Pro,Month-to-month,Credit Card,India,Manufacturing,0.418,4,0,2.68,0,11,0.493740896747557,Medium,79,39.005530843057,Low satisfaction + Month-to-month contract,Customer success outreach + Renewal / contract intervention
C02480,Basic,2-Year,Manual Invoice,USA,Marketing/Agency,0.66,5,2,4.11,0,16,0.13616741825120518,Low,29,3.9488551292849503,No major warning signal,Standard customer success monitoring
C02481,Basic,Month-to-month,Credit Card,Canada,Education,0.687,3,3,3.61,0,10,0.5210695819734987,Medium,29,15.111017877231463,High support activity + Month-to-month contract,Priority support review + Renewal / contract intervention
C02482,Enterprise,Month-to-month,ACH/Bank Transfer,USA,SaaS/Tech,0.56,8,2,5.0,0,5,0.1192133521567752,Low,199,23.723457079198266,Month-to-month contract,Renewal / contract intervention
C02483,Basic,1-Year,Credit Card,USA,Manufacturing,0.059,6,0,2.87,0,25,0.41122439391671467,Medium,29,11.925507423584726,Low engagement + Low satisfaction,Customer success outreach + Increase product engagement
C02484,Pro,Month-to-month,Credit Card,USA,SaaS/Tech,0.777,4,0,2.5,0,1,0.28270419657702234,Low,79,22.333631529584764,Low satisfaction + Month-to-month contract,Customer success outreach + Renewal / contract intervention
C02486,Pro,Month-to-month,Credit Card,USA,Nonprofit,0.55,7,2,5.0,0,4,0.14581493309303695,Low,79,11.519379714349919,Month-to-month contract,Renewal / contract intervention
C02487,Basic,Month-to-month,Credit Card,Canada,SaaS/Tech,0.374,5,0,4.23,0,19,0.2997027899342509,Low,29,8.691380908093278,Low engagement + Month-to-month contract,Increase product engagement + Renewal / contract intervention
C02488,Basic,Month-to-month,Credit Card,India,Manufacturing,0.286,7,3,3.83,1,44,0.7785106237641738,High,29,22.57680808916104,Low engagement + Billing friction + High support activity + Inactivity + Month-to-month contract,Resolve billing issue + Increase product engagement + Launch re-engagement campaign + Priority support review + Renewal / contract intervention
C02489,Enterprise,2-Year,PayPal,India,Manufacturing,0.417,3,0,3.25,2,0,0.6596865156028671,High,199,131.27761660497055,Billing friction,Resolve billing issue
C02490,Pro,2-Year,Credit Card,USA,SaaS/Tech,0.827,8,1,3.79,0,23,0.07202720170832343,Low,79,5.690148934957551,No major warning signal,Standard customer success monitoring
C02491,Basic,Month-to-month,ACH/Bank Transfer,USA,SaaS/Tech,0.272,2,1,2.95,0,18,0.7199766424874942,High,29,20.87932263213733,Low engagement + Low satisfaction + Month-to-month contract + Low feature adoption,Customer success outreach + Increase product engagement + Product training / onboarding + Renewal / contract intervention
C02492,Pro,1-Year,ACH/Bank Transfer,USA,E-commerce,0.703,6,2,4.27,2,19,0.5669390300875146,Medium,79,44.78818337691365,Billing friction,Resolve billing issue
C02493,Basic,2-Year,ACH/Bank Transfer,USA,Healthcare,0.303,4,0,1.72,1,5,0.7049744924134582,High,29,20.44426027999029,Low engagement + Low satisfaction + Billing friction,Resolve billing issue + Customer success outreach + Increase product engagement
C02495,Enterprise,Month-to-month,Manual Invoice,India,Nonprofit,0.574,7,1,4.88,2,4,0.3991852393364608,Medium,199,79.4378626279557,Billing friction + Month-to-month contract,Resolve billing issue + Renewal / contract intervention
C02496,Enterprise,1-Year,Credit Card,Germany,SaaS/Tech,0.672,9,1,4.27,0,9,0.04960924842529922,Low,199,9.872240436634545,No major warning signal,Standard customer success monitoring
C02497,Basic,1-Year,Manual Invoice,India,Marketing/Agency,0.712,2,5,4.45,1,6,0.5764093827558243,Medium,29,16.715872099918904,Billing friction + High support activity + Low feature adoption,Resolve billing issue + Product training / onboarding + Priority support review
C02498,Basic,1-Year,Manual Invoice,Canada,Manufacturing,0.671,3,0,3.72,0,6,0.12819421201575765,Low,29,3.7176321484569717,No major warning signal,Standard customer success monitoring
C02502,Basic,2-Year,ACH/Bank Transfer,India,SaaS/Tech,0.55,4,2,4.41,2,24,0.67493388015107,High,29,19.573082524381032,Billing friction,Resolve billing issue
C02503,Pro,Month-to-month,Credit Card,Germany,Marketing/Agency,0.381,6,0,4.2,0,0,0.19613650152291284,Low,79,15.494783620310114,Low engagement + Month-to-month contract,Increase product engagement + Renewal / contract intervention
C02504,Basic,1-Year,ACH/Bank Transfer,USA,Marketing/Agency,0.221,0,3,4.59,0,7,0.59263517004999,Medium,29,17.18641993144971,Low engagement + High support activity + Low feature adoption,Increase product engagement + Product training / onboarding + Priority support review
C02505,Pro,1-Year,PayPal,UK,E-commerce,0.607,6,3,3.63,2,20,0.7614689178347275,High,79,60.156044508943474,Billing friction + High support activity,Resolve billing issue + Priority support review
C02506,Pro,1-Year,Credit Card,India,Education,0.688,4,1,4.17,0,1,0.1424253907020201,Low,79,11.251605865459588,No major warning signal,Standard customer success monitoring
C02507,Enterprise,Month-to-month,PayPal,Canada,Finance,0.237,3,0,4.08,1,17,0.6978636026231128,High,199,138.87485692199945,Low engagement + Billing friction + Month-to-month contract,Resolve billing issue + Increase product engagement + Renewal / contract intervention
C02508,Basic,Month-to-month,PayPal,India,E-commerce,0.514,7,2,5.0,0,33,0.22507274125905127,Low,29,6.5271094965124865,Inactivity + Month-to-month contract,Launch re-engagement campaign + Renewal / contract intervention
C02509,Pro,1-Year,Credit Card,Germany,Nonprofit,0.515,4,0,4.61,0,13,0.12595044573099015,Low,79,9.950085212748222,No major warning signal,Standard customer success monitoring
C02512,Pro,1-Year,Credit Card,India,E-commerce,0.02,2,0,3.64,1,2,0.7113238024343631,High,79,56.194580392314684,Low engagement + Billing friction + Low feature adoption,Resolve billing issue + Increase product engagement + Product training / onboarding
C02514,Pro,1-Year,ACH/Bank Transfer,India,Healthcare,0.538,2,3,3.35,2,5,0.8763729795640223,High,79,69.23346538555776,Billing friction + High support activity + Low feature adoption,Resolve billing issue + Product training / onboarding + Priority support review
C02515,Basic,Month-to-month,Credit Card,USA,SaaS/Tech,0.814,5,4,3.22,1,3,0.6516242853533217,High,29,18.89710427524633,Billing friction + High support activity + Month-to-month contract,Resolve billing issue + Priority support review + Renewal / contract intervention
C02516,Basic,Month-to-month,Credit Card,Germany,Education,0.382,5,2,4.49,0,3,0.2833542519705271,Low,29,8.217273307145286,Low engagement + Month-to-month contract,Increase product engagement + Renewal / contract intervention
C02517,Pro,Month-to-month,Credit Card,USA,Marketing/Agency,0.761,3,3,4.56,0,13,0.3713587534399447,Medium,79,29.33734152175563,High support activity + Month-to-month contract,Priority support review + Renewal / contract intervention
C02520,Basic,2-Year,PayPal,Canada,SaaS/Tech,1.0,3,3,3.58,0,8,0.2014915129609355,Low,29,5.84325387586713,High support activity,Priority support review
C02522,Pro,Month-to-month,Manual Invoice,India,Nonprofit,0.669,7,3,4.97,0,40,0.21619517076043973,Low,79,17.07941849007474,High support activity + Inactivity + Month-to-month contract,Launch re-engagement campaign + Priority support review + Renewal / contract intervention
C02523,Pro,Month-to-month,Credit Card,Germany,SaaS/Tech,0.748,6,3,2.8,0,30,0.49785057201909527,Medium,79,39.33019518950853,Low satisfaction + High support activity + Month-to-month contract,Customer success outreach + Priority support review + Renewal / contract intervention
C02524,Basic,2-Year,Credit Card,USA,Finance,0.552,5,3,5.0,1,20,0.3453218730504781,Medium,29,10.014334318463865,Billing friction + High support activity,Resolve billing issue + Priority support review
C02528,Pro,Month-to-month,Credit Card,Australia,Healthcare,0.854,2,1,4.78,0,2,0.2008639884152244,Low,79,15.868255084802728,Month-to-month contract + Low feature adoption,Product training / onboarding + Renewal / contract intervention
C02529,Pro,Month-to-month,Credit Card,UK,E-commerce,0.653,4,2,3.03,0,8,0.5237294771192921,Medium,79,41.374628692424075,Month-to-month contract,Renewal / contract intervention
C02530,Pro,1-Year,Credit Card,Australia,Manufacturing,0.563,9,0,2.56,1,28,0.3806909795961682,Medium,79,30.07458738809729,Low satisfaction + Billing friction,Resolve billing issue + Customer success outreach
C02531,Basic,Month-to-month,Credit Card,Germany,Education,0.775,4,1,3.71,0,29,0.3154783297163987,Medium,29,9.148871561775563,Month-to-month contract,Renewal / contract intervention
C02532,Pro,Month-to-month,Credit Card,USA,Healthcare,0.789,2,0,4.0,0,0,0.2192956908125981,Low,79,17.32435957419525,Month-to-month contract + Low feature adoption,Product training / onboarding + Renewal / contract intervention
C02536,Basic,Month-to-month,Credit Card,India,E-commerce,1.0,7,0,3.95,2,1,0.34218960716298696,Medium,29,9.923498607726621,Billing friction + Month-to-month contract,Resolve billing issue + Renewal / contract intervention
C02538,Basic,1-Year,ACH/Bank Transfer,India,E-commerce,0.02,2,2,5.0,2,3,0.8312764945909246,High,29,24.10701834313681,Low engagement + Billing friction + Low feature adoption,Resolve billing issue + Increase product engagement + Product training / onboarding
C02539,Pro,1-Year,ACH/Bank Transfer,Canada,Manufacturing,0.281,3,0,5.0,1,1,0.3448420726344844,Medium,79,27.24252373812427,Low engagement + Billing friction,Resolve billing issue + Increase product engagement
C02540,Basic,Month-to-month,ACH/Bank Transfer,USA,Nonprofit,0.609,0,2,3.52,0,2,0.6015397957711648,High,29,17.44465407736378,Month-to-month contract + Low feature adoption,Product training / onboarding + Renewal / contract intervention
C02541,Basic,Month-to-month,Credit Card,UK,E-commerce,0.36,5,0,2.71,0,5,0.4791482330703198,Medium,29,13.895298759039274,Low engagement + Low satisfaction + Month-to-month contract,Customer success outreach + Increase product engagement + Renewal / contract intervention
C02542,Basic,1-Year,Credit Card,Germany,Marketing/Agency,0.828,3,1,3.37,2,33,0.737210923391189,High,29,21.379116778344482,Billing friction + Inactivity,Resolve billing issue + Launch re-engagement campaign
C02543,Pro,1-Year,Manual Invoice,UK,SaaS/Tech,0.681,3,0,4.83,1,26,0.20889835963671485,Low,79,16.502970411300474,Billing friction,Resolve billing issue
C02544,Basic,Month-to-month,Credit Card,UK,Manufacturing,0.392,4,1,4.25,1,21,0.6312035126102185,High,29,18.304901865696337,Low engagement + Billing friction + Month-to-month contract,Resolve billing issue + Increase product engagement + Renewal / contract intervention
C02545,Basic,1-Year,PayPal,India,SaaS/Tech,0.371,3,2,2.95,1,2,0.6942022037512082,High,29,20.13186390878504,Low engagement + Low satisfaction + Billing friction,Resolve billing issue + Customer success outreach + Increase product engagement
C02546,Basic,1-Year,ACH/Bank Transfer,USA,Nonprofit,1.0,8,1,3.68,0,5,0.054512294379906505,Low,29,1.5808565370172887,No major warning signal,Standard customer success monitoring
C02547,Pro,2-Year,Manual Invoice,India,Healthcare,0.77,2,0,2.99,1,2,0.3363602383838408,Medium,79,26.572458832323424,Low satisfaction + Billing friction + Low feature adoption,Resolve billing issue + Customer success outreach + Product training / onboarding
C02548,Basic,Month-to-month,PayPal,Canada,Nonprofit,0.934,3,1,4.93,0,3,0.12994232017109675,Low,29,3.7683272849618055,Month-to-month contract,Renewal / contract intervention
C02549,Basic,Month-to-month,Credit Card,Canada,Healthcare,0.602,4,1,3.2,1,13,0.6644332801936585,High,29,19.2685651256161,Billing friction + Month-to-month contract,Resolve billing issue + Renewal / contract intervention
C02551,Pro,1-Year,ACH/Bank Transfer,Canada,Healthcare,0.401,3,3,5.0,2,9,0.7575677172130166,High,79,59.84784965982831,Billing friction + High support activity,Resolve billing issue + Priority support review
C02552,Basic,2-Year,Credit Card,Australia,E-commerce,0.617,4,2,4.17,1,19,0.45554940890924495,Medium,29,13.210932858368103,Billing friction,Resolve billing issue
C02553,Pro,2-Year,Credit Card,Canada,SaaS/Tech,0.995,3,0,3.66,0,8,0.10742219920957183,Low,79,8.486353737556174,No major warning signal,Standard customer success monitoring
C02555,Pro,1-Year,ACH/Bank Transfer,India,Nonprofit,0.612,5,1,2.44,1,51,0.751075390698084,High,79,59.334955865148636,Low satisfaction + Billing friction + Inactivity,Resolve billing issue + Customer success outreach + Launch re-engagement campaign
C02556,Basic,1-Year,Manual Invoice,Canada,Healthcare,0.686,5,0,3.98,0,2,0.07533915650228803,Low,29,2.184835538566353,No major warning signal,Standard customer success monitoring
C02557,Pro,Month-to-month,Credit Card,USA,Finance,0.503,3,1,4.62,0,2,0.27986967959130066,Low,79,22.109704687712753,Month-to-month contract,Renewal / contract intervention
C02558,Enterprise,Month-to-month,PayPal,India,Healthcare,0.647,3,0,3.28,0,6,0.31857367210939047,Medium,199,63.396160749768704,Month-to-month contract,Renewal / contract intervention
C02559,Basic,2-Year,ACH/Bank Transfer,Canada,Nonprofit,0.495,4,0,3.33,0,5,0.022321283458376865,Low,29,0.647317220292929,No major warning signal,Standard customer success monitoring
C02560,Enterprise,Month-to-month,Credit Card,Australia,Healthcare,0.268,4,0,4.66,0,3,0.2760939962150579,Low,199,54.94270524679653,Low engagement + Month-to-month contract,Increase product engagement + Renewal / contract intervention
C02561,Basic,1-Year,PayPal,USA,Healthcare,0.804,3,0,2.86,0,44,0.3202066521650088,Medium,29,9.285992912785256,Low satisfaction + Inactivity,Customer success outreach + Launch re-engagement campaign
C02562,Pro,Month-to-month,Credit Card,USA,Nonprofit,0.727,1,2,3.08,0,0,0.5593629438933044,Medium,79,44.18967256757105,Month-to-month contract + Low feature adoption,Product training / onboarding + Renewal / contract intervention
C02563,Pro,1-Year,Credit Card,USA,SaaS/Tech,0.431,6,2,2.87,0,1,0.321017790732964,Medium,79,25.360405467904155,Low satisfaction,Customer success outreach
C02564,Basic,2-Year,Manual Invoice,UK,Education,0.22,4,1,5.0,0,2,0.13438860702929217,Low,29,3.897269603849473,Low engagement,Increase product engagement
C02565,Basic,Month-to-month,Credit Card,Australia,Finance,0.667,6,2,4.22,1,4,0.4400776790812064,Medium,29,12.762252693354984,Billing friction + Month-to-month contract,Resolve billing issue + Renewal / contract intervention
C02566,Basic,1-Year,Credit Card,Canada,Healthcare,0.9,4,2,2.22,0,2,0.31935741056233835,Medium,29,9.261364906307811,Low satisfaction,Customer success outreach
C02567,Pro,Month-to-month,Manual Invoice,UK,SaaS/Tech,0.494,4,2,3.83,0,3,0.359883497577344,Medium,79,28.430796308610176,Month-to-month contract,Renewal / contract intervention
C02568,Basic,Month-to-month,ACH/Bank Transfer,Australia,Finance,0.422,8,2,3.52,1,8,0.586820620207987,Medium,29,17.01779798603162,Billing friction + Month-to-month contract,Resolve billing issue + Renewal / contract intervention
C02569,Basic,2-Year,Credit Card,USA,Marketing/Agency,0.67,2,1,2.75,0,6,0.3117670034363475,Medium,29,9.041243099654077,Low satisfaction + Low feature adoption,Customer success outreach + Product training / onboarding
C02570,Enterprise,Month-to-month,Credit Card,USA,Manufacturing,0.866,4,0,5.0,0,9,0.08434028099307628,Low,199,16.783715917622178,Month-to-month contract,Renewal / contract intervention
C02571,Pro,Month-to-month,Credit Card,USA,Education,0.515,4,1,3.69,0,0,0.33635548396724874,Medium,79,26.57208323341265,Month-to-month contract,Renewal / contract intervention
C02572,Pro,Month-to-month,Credit Card,Australia,E-commerce,0.455,2,4,3.96,0,13,0.7263085852153162,High,79,57.37837823200998,High support activity + Month-to-month contract + Low feature adoption,Product training / onboarding + Priority support review + Renewal / contract intervention
C02573,Pro,Month-to-month,Credit Card,USA,Finance,0.493,6,2,3.89,1,19,0.6099885317943975,High,79,48.189094011757405,Billing friction + Month-to-month contract,Resolve billing issue + Renewal / contract intervention
C02574,Basic,2-Year,Credit Card,Canada,Nonprofit,0.404,4,1,4.06,0,4,0.21924756873460294,Low,29,6.358179493303485,No major warning signal,Standard customer success monitoring
C02575,Pro,Month-to-month,ACH/Bank Transfer,USA,Healthcare,0.751,5,1,4.17,0,9,0.19381125098828383,Low,79,15.311088828074423,Month-to-month contract,Renewal / contract intervention
C02576,Basic,2-Year,ACH/Bank Transfer,UK,E-commerce,0.399,4,0,2.89,0,67,0.6002685889719334,High,29,17.407789080186067,Low engagement + Low satisfaction + Inactivity,Customer success outreach + Increase product engagement + Launch re-engagement campaign
C02577,Basic,Month-to-month,Credit Card,Canada,Education,0.695,0,1,5.0,0,48,0.5008292692444535,Medium,29,14.524048808089152,Inactivity + Month-to-month contract + Low feature adoption,Launch re-engagement campaign + Product training / onboarding + Renewal / contract intervention
C02578,Pro,Month-to-month,Credit Card,USA,Healthcare,0.626,7,3,5.0,0,2,0.1501536623403974,Low,79,11.862139324891395,High support activity + Month-to-month contract,Priority support review + Renewal / contract intervention
C02580,Pro,Month-to-month,Manual Invoice,Germany,Finance,0.806,5,0,2.8,1,1,0.355395730757582,Medium,79,28.07626272984898,Low satisfaction + Billing friction + Month-to-month contract,Resolve billing issue + Customer success outreach + Renewal / contract intervention
C02581,Enterprise,Month-to-month,Credit Card,UK,Marketing/Agency,0.862,2,1,4.06,0,24,0.3770614970920107,Medium,199,75.03523792131013,Month-to-month contract + Low feature adoption,Product training / onboarding + Renewal / contract intervention
C02582,Basic,2-Year,PayPal,Canada,Manufacturing,0.71,4,1,1.98,0,3,0.30590634591434074,Medium,29,8.87128403151588,Low satisfaction,Customer success outreach
C02583,Enterprise,Month-to-month,PayPal,India,Finance,0.679,4,3,3.4,1,9,0.6968505224636913,High,199,138.67325397027457,Billing friction + High support activity + Month-to-month contract,Resolve billing issue + Priority support review + Renewal / contract intervention
C02585,Basic,2-Year,Credit Card,Canada,Marketing/Agency,0.694,4,0,3.52,1,14,0.3682179585016408,Medium,29,10.678320796547583,Billing friction,Resolve billing issue
C02586,Enterprise,2-Year,Credit Card,Canada,SaaS/Tech,0.367,4,2,4.33,0,5,0.24428346956804056,Low,199,48.61241044404007,Low engagement,Increase product engagement
C02590,Enterprise,Month-to-month,Manual Invoice,Germany,Nonprofit,0.204,4,1,5.0,0,25,0.29630036998843634,Low,199,58.963773627698835,Low engagement + Month-to-month contract,Increase product engagement + Renewal / contract intervention
C02591,Pro,Month-to-month,Manual Invoice,Canada,SaaS/Tech,0.568,7,0,3.94,1,19,0.32230733533633,Medium,79,25.46227949157007,Billing friction + Month-to-month contract,Resolve billing issue + Renewal / contract intervention
C02592,Pro,1-Year,Credit Card,India,Finance,0.384,7,1,4.34,0,5,0.1349678365623019,Low,79,10.662459088421851,Low engagement,Increase product engagement
C02593,Basic,Month-to-month,PayPal,India,Manufacturing,0.235,2,1,5.0,0,28,0.4461446275582343,Medium,29,12.938194199188795,Low engagement + Month-to-month contract + Low feature adoption,Increase product engagement + Product training / onboarding + Renewal / contract intervention
C02594,Enterprise,1-Year,PayPal,India,Finance,0.721,3,3,4.28,0,9,0.2482746585479281,Low,199,49.40665705103769,High support activity,Priority support review
C02598,Pro,2-Year,ACH/Bank Transfer,India,Marketing/Agency,0.608,7,2,3.7,0,33,0.25144111355014187,Low,79,19.863847970461208,Inactivity,Launch re-engagement campaign
C02601,Enterprise,1-Year,Credit Card,USA,E-commerce,0.79,7,1,4.22,1,1,0.14623481419608642,Low,199,29.100728025021198,Billing friction,Resolve billing issue
C02602,Pro,Month-to-month,Credit Card,UK,Marketing/Agency,0.431,6,0,4.16,0,7,0.24056817683735454,Low,79,19.004885970151008,Month-to-month contract,Renewal / contract intervention
C02603,Enterprise,Month-to-month,Credit Card,Germany,Education,0.549,6,0,4.42,0,1,0.12042862589040719,Low,199,23.96529655219103,Month-to-month contract,Renewal / contract intervention
C02605,Basic,1-Year,Credit Card,UK,Nonprofit,0.831,2,1,3.73,1,2,0.41384240802795236,Medium,29,12.001429832810619,Billing friction + Low feature adoption,Resolve billing issue + Product training / onboarding
C02606,Basic,1-Year,Credit Card,UK,Manufacturing,0.074,4,0,3.89,0,9,0.328546808030963,Medium,29,9.527857432897926,Low engagement,Increase product engagement
C02608,Basic,1-Year,PayPal,USA,SaaS/Tech,0.871,0,1,3.67,1,2,0.43991705240318757,Medium,29,12.75759451969244,Billing friction + Low feature adoption,Resolve billing issue + Product training / onboarding
C02609,Basic,1-Year,ACH/Bank Transfer,Germany,E-commerce,0.184,7,2,4.15,0,31,0.3165450949292757,Medium,29,9.179807752948994,Low engagement + Inactivity,Increase product engagement + Launch re-engagement campaign
C02610,Enterprise,Month-to-month,ACH/Bank Transfer,India,Education,0.59,2,2,3.0,0,1,0.5973480028204927,Medium,199,118.87225256127805,Month-to-month contract + Low feature adoption,Product training / onboarding + Renewal / contract intervention
C02611,Basic,1-Year,ACH/Bank Transfer,USA,Education,0.689,4,1,4.06,0,12,0.16665266945261228,Low,29,4.8329274141257565,No major warning signal,Standard customer success monitoring
C02612,Basic,Month-to-month,ACH/Bank Transfer,USA,Manufacturing,0.553,2,1,4.11,0,8,0.3679898504896989,Medium,29,10.671705664201268,Month-to-month contract + Low feature adoption,Product training / onboarding + Renewal / contract intervention
C02613,Pro,2-Year,ACH/Bank Transfer,USA,Manufacturing,0.075,7,1,4.56,1,21,0.3844334174911783,Medium,79,30.37023998180309,Low engagement + Billing friction,Resolve billing issue + Increase product engagement
C02614,Pro,Month-to-month,ACH/Bank Transfer,India,Nonprofit,0.539,4,1,3.42,0,5,0.42304773517623767,Medium,79,33.420771078922776,Month-to-month contract,Renewal / contract intervention
C02616,Enterprise,1-Year,Credit Card,USA,Marketing/Agency,0.714,6,1,3.11,0,3,0.16865663919665327,Low,199,33.562671200134,No major warning signal,Standard customer success monitoring
C02617,Basic,Month-to-month,Manual Invoice,India,Finance,0.092,3,1,4.94,0,0,0.321312302365097,Medium,29,9.318056768587812,Low engagement + Month-to-month contract,Increase product engagement + Renewal / contract intervention
C02618,Pro,1-Year,Credit Card,India,Education,0.44,4,0,4.71,0,11,0.14881774053268332,Low,79,11.756601502081983,No major warning signal,Standard customer success monitoring
C02619,Basic,2-Year,ACH/Bank Transfer,India,Nonprofit,0.968,6,2,5.0,0,13,0.05299204718923382,Low,29,1.5367693684877808,No major warning signal,Standard customer success monitoring
C02620,Basic,1-Year,Credit Card,India,Finance,0.787,5,1,5.0,0,9,0.0697627436375889,Low,29,2.023119565490078,No major warning signal,Standard customer success monitoring
C02621,Pro,1-Year,Credit Card,India,Nonprofit,0.57,4,1,3.6,0,0,0.22234430515409284,Low,79,17.565200107173336,No major warning signal,Standard customer success monitoring
C02622,Basic,Month-to-month,Credit Card,USA,Finance,0.497,5,3,4.74,0,7,0.3057051531991471,Medium,29,8.865449442775265,High support activity + Month-to-month contract,Priority support review + Renewal / contract intervention
C02623,Basic,1-Year,Manual Invoice,UK,Nonprofit,0.239,8,1,4.08,0,21,0.1637582184703093,Low,29,4.74898833563897,Low engagement,Increase product engagement
C02624,Basic,Month-to-month,PayPal,Australia,Marketing/Agency,0.144,6,4,3.89,0,1,0.6211791979957995,High,29,18.014196741878184,Low engagement + High support activity + Month-to-month contract,Increase product engagement + Priority support review + Renewal / contract intervention
C02625,Pro,1-Year,ACH/Bank Transfer,USA,E-commerce,1.0,2,0,3.44,0,6,0.16034960222097275,Low,79,12.667618575456848,Low feature adoption,Product training / onboarding
C02626,Basic,Month-to-month,Credit Card,India,Healthcare,0.348,3,2,5.0,0,11,0.37049709858468105,Medium,29,10.744415858955751,Low engagement + Month-to-month contract,Increase product engagement + Renewal / contract intervention
C02627,Enterprise,1-Year,Credit Card,UK,E-commerce,0.502,6,2,5.0,0,0,0.11621133794502875,Low,199,23.12605625106072,No major warning signal,Standard customer success monitoring
C02628,Basic,Month-to-month,PayPal,USA,Nonprofit,0.463,5,4,3.03,1,4,0.7976240272437076,High,29,23.13109679006752,Billing friction + High support activity + Month-to-month contract,Resolve billing issue + Priority support review + Renewal / contract intervention
C02630,Pro,Month-to-month,Credit Card,Canada,Marketing/Agency,0.588,1,1,4.22,1,13,0.7204208546966121,High,79,56.91324752103235,Billing friction + Month-to-month contract + Low feature adoption,Resolve billing issue + Product training / onboarding + Renewal / contract intervention
C02631,Pro,Month-to-month,ACH/Bank Transfer,USA,Marketing/Agency,0.207,6,0,4.16,0,6,0.3098208409875703,Medium,79,24.475846438018053,Low engagement + Month-to-month contract,Increase product engagement + Renewal / contract intervention
C02633,Basic,Month-to-month,ACH/Bank Transfer,Australia,SaaS/Tech,0.287,5,1,4.09,0,9,0.40083016633104535,Medium,29,11.624074823600315,Low engagement + Month-to-month contract,Increase product engagement + Renewal / contract intervention
C02635,Pro,Month-to-month,Credit Card,USA,E-commerce,0.716,6,2,3.43,0,9,0.3087590292482925,Medium,79,24.391963310615107,Month-to-month contract,Renewal / contract intervention
C02637,Basic,1-Year,Credit Card,USA,SaaS/Tech,0.543,3,1,3.96,2,9,0.6708445480206505,High,29,19.454491892598867,Billing friction,Resolve billing issue
C02638,Basic,2-Year,Credit Card,UK,Education,0.632,3,1,3.42,1,13,0.5059580176063645,Medium,29,14.67278251058457,Billing friction,Resolve billing issue
C02639,Basic,1-Year,ACH/Bank Transfer,Germany,Healthcare,0.545,5,1,4.62,2,56,0.6732795957280061,High,29,19.525108276112178,Billing friction + Inactivity,Resolve billing issue + Launch re-engagement campaign
C02641,Basic,2-Year,PayPal,UK,Marketing/Agency,0.109,4,3,4.29,1,19,0.7243231278616269,High,29,21.00537070798718,Low engagement + Billing friction + High support activity,Resolve billing issue + Increase product engagement + Priority support review
C02643,Basic,2-Year,Credit Card,India,E-commerce,1.0,7,1,2.69,0,9,0.10381391504542997,Low,29,3.0106035363174692,Low satisfaction,Customer success outreach
C02644,Enterprise,Month-to-month,Credit Card,India,Finance,0.611,2,1,4.46,0,39,0.45947439897402925,Medium,199,91.43540539583182,Inactivity + Month-to-month contract + Low feature adoption,Launch re-engagement campaign + Product training / onboarding + Renewal / contract intervention
C02646,Basic,Month-to-month,Credit Card,Canada,SaaS/Tech,0.607,3,1,3.36,0,21,0.49263601872870955,Medium,29,14.286444543132577,Month-to-month contract,Renewal / contract intervention
C02647,Basic,Month-to-month,Credit Card,Australia,Manufacturing,0.58,6,1,3.62,0,22,0.31549119401800085,Medium,29,9.149244626522025,Month-to-month contract,Renewal / contract intervention
C02648,Basic,1-Year,ACH/Bank Transfer,USA,E-commerce,0.399,5,3,4.51,1,1,0.4572107812401166,Medium,29,13.259112655963381,Low engagement + Billing friction + High support activity,Resolve billing issue + Increase product engagement + Priority support review
C02650,Pro,Month-to-month,ACH/Bank Transfer,USA,E-commerce,0.757,5,0,3.78,0,2,0.1808685120821386,Low,79,14.28861245448895,Month-to-month contract,Renewal / contract intervention
C02651,Enterprise,1-Year,Credit Card,Germany,Finance,0.605,1,1,3.53,0,1,0.3034113516218832,Medium,199,60.378858972754756,Low feature adoption,Product training / onboarding
C02653,Basic,1-Year,Credit Card,USA,Finance,0.301,6,0,5.0,0,11,0.10115487213473216,Low,29,2.9334912919072327,Low engagement,Increase product engagement
C02654,Basic,2-Year,Credit Card,Canada,Marketing/Agency,0.858,4,2,4.63,1,2,0.2382266624566215,Low,29,6.9085732112420235,Billing friction,Resolve billing issue
C02655,Basic,Month-to-month,Credit Card,Australia,Finance,0.489,1,3,3.33,0,3,0.7205477587708897,High,29,20.8958850043558,High support activity + Month-to-month contract + Low feature adoption,Product training / onboarding + Priority support review + Renewal / contract intervention
C02656,Pro,Month-to-month,Manual Invoice,USA,Marketing/Agency,0.828,2,1,4.85,1,4,0.33281917373299386,Medium,79,26.292714724906514,Billing friction + Month-to-month contract + Low feature adoption,Resolve billing issue + Product training / onboarding + Renewal / contract intervention
C02657,Basic,Month-to-month,Credit Card,Australia,Finance,0.363,4,1,5.0,0,12,0.3007063729696554,Medium,29,8.720484816120006,Low engagement + Month-to-month contract,Increase product engagement + Renewal / contract intervention
C02658,Basic,Month-to-month,Credit Card,USA,Education,0.311,6,1,2.92,0,14,0.4922059145468142,Medium,29,14.273971521857613,Low engagement + Low satisfaction + Month-to-month contract,Customer success outreach + Increase product engagement + Renewal / contract intervention
C02659,Enterprise,Month-to-month,Credit Card,USA,Finance,0.554,5,1,4.45,0,18,0.2485052514659449,Low,199,49.452545041723035,Month-to-month contract,Renewal / contract intervention
C02660,Basic,Month-to-month,PayPal,USA,E-commerce,0.358,6,0,3.94,0,6,0.22834549195620893,Low,29,6.622019266730059,Low engagement + Month-to-month contract,Increase product engagement + Renewal / contract intervention
C02661,Basic,Month-to-month,Credit Card,Germany,Nonprofit,0.111,6,0,5.0,0,6,0.1899128917337169,Low,29,5.5074738602777895,Low engagement + Month-to-month contract,Increase product engagement + Renewal / contract intervention
C02662,Basic,Month-to-month,Credit Card,Canada,Marketing/Agency,0.945,5,1,3.07,0,10,0.2846467411710072,Low,29,8.254755493959209,Month-to-month contract,Renewal / contract intervention
C02663,Basic,Month-to-month,Credit Card,Canada,Marketing/Agency,0.31,3,2,4.38,2,18,0.899912035040366,High,29,26.097449016170614,Low engagement + Billing friction + Month-to-month contract,Resolve billing issue + Increase product engagement + Renewal / contract intervention
C02664,Basic,Month-to-month,ACH/Bank Transfer,Germany,SaaS/Tech,0.671,5,0,3.53,0,11,0.21454127758454078,Low,29,6.221697049951683,Month-to-month contract,Renewal / contract intervention
C02665,Enterprise,Month-to-month,ACH/Bank Transfer,USA,Nonprofit,0.692,1,1,5.0,0,46,0.4333875589847654,Medium,199,86.24412423796831,Inactivity + Month-to-month contract + Low feature adoption,Launch re-engagement campaign + Product training / onboarding + Renewal / contract intervention
C02666,Basic,Month-to-month,Credit Card,UK,Marketing/Agency,0.681,4,2,3.82,0,8,0.3960121152349002,Medium,29,11.484351341812106,Month-to-month contract,Renewal / contract intervention
C02667,Basic,1-Year,Credit Card,USA,Healthcare,0.442,4,1,5.0,0,5,0.12510214508439016,Low,29,3.6279622074473146,No major warning signal,Standard customer success monitoring
C02668,Basic,2-Year,Credit Card,Germany,Healthcare,0.913,6,1,4.44,0,10,0.044888921623430895,Low,29,1.301778727079496,No major warning signal,Standard customer success monitoring
C02669,Pro,Month-to-month,PayPal,India,Marketing/Agency,0.647,7,3,5.0,0,0,0.16105183858896496,Low,79,12.723095248528232,High support activity + Month-to-month contract,Priority support review + Renewal / contract intervention
C02670,Enterprise,Month-to-month,ACH/Bank Transfer,Canada,Manufacturing,0.409,3,1,4.54,0,1,0.32221764306215506,Medium,199,64.12131096936885,Month-to-month contract,Renewal / contract intervention
C02671,Pro,Month-to-month,Credit Card,UK,SaaS/Tech,0.589,5,1,3.71,2,8,0.7620559332941477,High,79,60.20241873023767,Billing friction + Month-to-month contract,Resolve billing issue + Renewal / contract intervention
C02672,Basic,Month-to-month,Credit Card,Germany,Nonprofit,0.43,7,0,4.79,2,5,0.4360434617041057,Medium,29,12.645260389419064,Billing friction + Month-to-month contract,Resolve billing issue + Renewal / contract intervention
C02673,Pro,1-Year,Credit Card,India,Education,0.375,4,0,4.45,2,11,0.6099940528332155,High,79,48.189530173824025,Low engagement + Billing friction,Resolve billing issue + Increase product engagement
C02674,Pro,Month-to-month,Credit Card,USA,Nonprofit,0.612,4,1,4.84,0,12,0.21721320752497972,Low,79,17.1598433944734,Month-to-month contract,Renewal / contract intervention
C02675,Pro,Month-to-month,ACH/Bank Transfer,USA,Marketing/Agency,0.547,3,1,3.77,0,0,0.40606967774472535,Medium,79,32.0795045418333,Month-to-month contract,Renewal / contract intervention
C02676,Pro,1-Year,ACH/Bank Transfer,USA,E-commerce,0.594,4,3,4.09,0,0,0.2639287909178493,Low,79,20.850374482510098,High support activity,Priority support review
C02677,Enterprise,Month-to-month,Manual Invoice,Canada,Healthcare,0.435,8,1,5.0,2,22,0.47425186755481724,Medium,199,94.37612164340864,Billing friction + Month-to-month contract,Resolve billing issue + Renewal / contract intervention
C02678,Enterprise,Month-to-month,Credit Card,USA,Manufacturing,0.632,5,0,5.0,1,0,0.20306216504827193,Low,199,40.409370844606116,Billing friction + Month-to-month contract,Resolve billing issue + Renewal / contract intervention
C02679,Pro,Month-to-month,Credit Card,UK,Manufacturing,0.756,5,1,3.77,0,4,0.2208789809330151,Low,79,17.449439493708194,Month-to-month contract,Renewal / contract intervention
C02680,Pro,Month-to-month,ACH/Bank Transfer,UK,Manufacturing,0.515,3,1,3.92,1,27,0.7192656678668149,High,79,56.821987761478375,Billing friction + Month-to-month contract,Resolve billing issue + Renewal / contract intervention
C02683,Basic,1-Year,Credit Card,USA,Marketing/Agency,0.237,5,3,4.24,1,1,0.5659645034432923,Medium,29,16.412970599855477,Low engagement + Billing friction + High support activity,Resolve billing issue + Increase product engagement + Priority support review
C02685,Basic,Month-to-month,Credit Card,UK,Marketing/Agency,0.433,3,1,4.8,0,33,0.45132195445501894,Medium,29,13.08833667919555,Inactivity + Month-to-month contract,Launch re-engagement campaign + Renewal / contract intervention
C02689,Enterprise,Month-to-month,PayPal,Germany,SaaS/Tech,0.712,5,1,3.09,1,0,0.4564748362091072,Medium,199,90.83849240561234,Billing friction + Month-to-month contract,Resolve billing issue + Renewal / contract intervention
C02690,Basic,Month-to-month,Credit Card,Australia,Marketing/Agency,0.657,6,1,4.43,1,1,0.35722108796586594,Medium,29,10.359411551010112,Billing friction + Month-to-month contract,Resolve billing issue + Renewal / contract intervention
C02693,Enterprise,Month-to-month,Manual Invoice,Germany,Marketing/Agency,0.624,5,2,5.0,1,5,0.2905446463746469,Low,199,57.81838462855473,Billing friction + Month-to-month contract,Resolve billing issue + Renewal / contract intervention
C02694,Enterprise,1-Year,ACH/Bank Transfer,Germany,Manufacturing,0.34,3,1,4.49,1,37,0.554309810230463,Medium,199,110.30765223586214,Low engagement + Billing friction + Inactivity,Resolve billing issue + Increase product engagement + Launch re-engagement campaign
C02695,Enterprise,2-Year,Credit Card,India,Manufacturing,0.209,2,0,3.24,0,19,0.4385515404398855,Medium,199,87.27175654753721,Low engagement + Low feature adoption,Increase product engagement + Product training / onboarding
C02696,Basic,Month-to-month,Credit Card,India,Nonprofit,0.58,4,1,4.63,0,6,0.2202762159641986,Low,29,6.3880102629617594,Month-to-month contract,Renewal / contract intervention
C02697,Enterprise,1-Year,PayPal,USA,Marketing/Agency,0.78,8,0,5.0,0,9,0.029110483781932275,Low,199,5.792986272604523,No major warning signal,Standard customer success monitoring
C02698,Basic,1-Year,Credit Card,Germany,Nonprofit,0.472,5,2,3.26,0,4,0.2852713779751229,Low,29,8.272869961278564,No major warning signal,Standard customer success monitoring
C02699,Pro,Month-to-month,Credit Card,Germany,E-commerce,0.613,3,1,4.54,0,7,0.24914300367359887,Low,79,19.68229729021431,Month-to-month contract,Renewal / contract intervention
C02700,Pro,1-Year,Credit Card,Canada,Nonprofit,0.526,10,0,4.25,0,0,0.04839519789964399,Low,79,3.8232206340718755,No major warning signal,Standard customer success monitoring
C02701,Basic,Month-to-month,Credit Card,India,Healthcare,0.514,4,4,3.72,0,5,0.5460389899584095,Medium,29,15.835130708793875,High support activity + Month-to-month contract,Priority support review + Renewal / contract intervention
C02704,Pro,Month-to-month,PayPal,USA,Healthcare,0.725,5,2,4.54,1,3,0.357780321096797,Medium,79,28.264645366646967,Billing friction + Month-to-month contract,Resolve billing issue + Renewal / contract intervention
C02705,Enterprise,1-Year,ACH/Bank Transfer,Germany,Manufacturing,0.042,1,3,4.07,0,9,0.6219263712949539,High,199,123.76334788769582,Low engagement + High support activity + Low feature adoption,Increase product engagement + Product training / onboarding + Priority support review
C02706,Basic,2-Year,Credit Card,Germany,Nonprofit,0.364,4,5,3.38,0,26,0.6237189914071057,High,29,18.087850750806066,Low engagement + High support activity,Increase product engagement + Priority support review
C02707,Pro,2-Year,Credit Card,Canada,Manufacturing,0.55,3,0,3.9,0,6,0.17163271894323961,Low,79,13.55898479651593,No major warning signal,Standard customer success monitoring
C02708,Pro,1-Year,Credit Card,USA,SaaS/Tech,0.807,3,2,2.59,0,5,0.3539909478340536,Medium,79,27.965284878890234,Low satisfaction,Customer success outreach
C02709,Pro,1-Year,Credit Card,USA,Healthcare,0.656,3,4,4.23,0,0,0.30063091421865656,Medium,79,23.74984222327387,High support activity,Priority support review
C02710,Basic,1-Year,Credit Card,India,Finance,0.523,2,1,4.42,0,18,0.2758676060345509,Low,29,8.000160575001976,Low feature adoption,Product training / onboarding
C02711,Basic,Month-to-month,Credit Card,India,SaaS/Tech,0.648,5,0,3.72,0,1,0.18592980976182122,Low,29,5.391964483092815,Month-to-month contract,Renewal / contract intervention
C02712,Pro,Month-to-month,Credit Card,UK,Finance,0.438,10,3,3.12,2,12,0.8083977897413978,High,79,63.86342538957042,Billing friction + High support activity + Month-to-month contract,Resolve billing issue + Priority support review + Renewal / contract intervention
C02713,Basic,Month-to-month,PayPal,UK,E-commerce,0.437,2,1,3.16,1,34,0.8622613098733283,High,29,25.00557798632652,Billing friction + Inactivity + Month-to-month contract + Low feature adoption,Resolve billing issue + Launch re-engagement campaign + Product training / onboarding + Renewal / contract intervention
C02714,Pro,1-Year,PayPal,USA,Healthcare,0.411,3,1,5.0,0,4,0.15369151294525057,Low,79,12.141629522674796,No major warning signal,Standard customer success monitoring
C02715,Pro,Month-to-month,PayPal,India,Marketing/Agency,0.581,3,1,4.71,0,11,0.28822756995740245,Low,79,22.769978026634792,Month-to-month contract,Renewal / contract intervention
C02716,Enterprise,Month-to-month,ACH/Bank Transfer,USA,SaaS/Tech,0.56,9,0,4.22,1,5,0.20657750415182224,Low,199,41.108923326212626,Billing friction + Month-to-month contract,Resolve billing issue + Renewal / contract intervention
C02717,Pro,Month-to-month,Credit Card,Germany,Finance,0.957,5,1,3.9,0,7,0.1450671916783375,Low,79,11.460308142588664,Month-to-month contract,Renewal / contract intervention
C02718,Basic,Month-to-month,Credit Card,USA,Manufacturing,0.48,0,0,5.0,2,1,0.7083117934745167,High,29,20.541042010760982,Billing friction + Month-to-month contract + Low feature adoption,Resolve billing issue + Product training / onboarding + Renewal / contract intervention
C02719,Pro,2-Year,Credit Card,India,Finance,0.29,2,1,2.17,0,7,0.6255775797136827,High,79,49.42062879738093,Low engagement + Low satisfaction + Low feature adoption,Customer success outreach + Increase product engagement + Product training / onboarding
C02720,Basic,1-Year,Credit Card,USA,Manufacturing,0.713,4,2,5.0,0,8,0.10349795691245625,Low,29,3.0014407504612315,No major warning signal,Standard customer success monitoring
C02721,Pro,Month-to-month,Credit Card,Germany,Healthcare,0.461,5,1,5.0,0,5,0.1602001488538005,Low,79,12.65581175945024,Month-to-month contract,Renewal / contract intervention
C02722,Enterprise,1-Year,ACH/Bank Transfer,USA,Education,0.692,5,1,5.0,1,10,0.1928919842676476,Low,199,38.38550486926187,Billing friction,Resolve billing issue
C02723,Pro,Month-to-month,ACH/Bank Transfer,USA,Education,0.804,4,1,5.0,0,1,0.1321160997063643,Low,79,10.437171876802779,Month-to-month contract,Renewal / contract intervention
C02724,Pro,Month-to-month,ACH/Bank Transfer,Australia,Finance,0.81,4,3,4.47,2,0,0.7415044023184533,High,79,58.578847783157805,Billing friction + High support activity + Month-to-month contract,Resolve billing issue + Priority support review + Renewal / contract intervention
C02725,Pro,Month-to-month,PayPal,UK,E-commerce,0.308,6,2,5.0,1,10,0.5152727930890458,Medium,79,40.70655065403462,Low engagement + Billing friction + Month-to-month contract,Resolve billing issue + Increase product engagement + Renewal / contract intervention
C02726,Enterprise,2-Year,Credit Card,UK,Manufacturing,0.556,5,0,4.22,0,9,0.10315097901007313,Low,199,20.52704482300455,No major warning signal,Standard customer success monitoring
C02727,Enterprise,Month-to-month,PayPal,UK,Healthcare,0.624,4,1,3.16,0,1,0.3611170689622029,Medium,199,71.86229672347838,Month-to-month contract,Renewal / contract intervention
C02730,Enterprise,2-Year,PayPal,USA,Education,0.295,4,2,4.36,1,14,0.49231443661521346,Medium,199,97.97057288642748,Low engagement + Billing friction,Resolve billing issue + Increase product engagement
C02731,Pro,Month-to-month,Credit Card,UK,Marketing/Agency,0.716,8,1,3.84,2,15,0.6213785233669982,High,79,49.088903345992854,Billing friction + Month-to-month contract,Resolve billing issue + Renewal / contract intervention
C02732,Basic,Month-to-month,PayPal,USA,Nonprofit,0.552,0,1,4.34,0,8,0.4348701973818307,Medium,29,12.61123572407309,Month-to-month contract + Low feature adoption,Product training / onboarding + Renewal / contract intervention
C02733,Basic,Month-to-month,PayPal,Australia,SaaS/Tech,0.704,1,3,4.72,1,22,0.7117449937488363,High,29,20.640604818716252,Billing friction + High support activity + Month-to-month contract + Low feature adoption,Resolve billing issue + Product training / onboarding + Priority support review + Renewal / contract intervention
C02734,Enterprise,1-Year,ACH/Bank Transfer,UK,SaaS/Tech,0.631,2,2,3.53,0,32,0.5062331211557526,Medium,199,100.74039110999476,Inactivity + Low feature adoption,Launch re-engagement campaign + Product training / onboarding
C02735,Basic,1-Year,PayPal,UK,Manufacturing,0.536,3,2,4.52,0,0,0.1953847088773631,Low,29,5.6661565574435295,No major warning signal,Standard customer success monitoring
C02736,Enterprise,1-Year,Credit Card,USA,SaaS/Tech,0.45,0,0,2.91,1,57,0.8466244285331378,High,199,168.4782612780944,Low satisfaction + Billing friction + Inactivity + Low feature adoption,Resolve billing issue + Customer success outreach + Launch re-engagement campaign + Product training / onboarding
C02737,Basic,Month-to-month,PayPal,USA,Marketing/Agency,0.486,2,0,3.42,0,31,0.5545221646005861,Medium,29,16.081142773416996,Inactivity + Month-to-month contract + Low feature adoption,Launch re-engagement campaign + Product training / onboarding + Renewal / contract intervention
C02738,Pro,1-Year,PayPal,Germany,Healthcare,0.812,5,0,2.72,1,5,0.29247331290112355,Low,79,23.10539171918876,Low satisfaction + Billing friction,Resolve billing issue + Customer success outreach
C02739,Basic,1-Year,Credit Card,India,Marketing/Agency,0.375,6,1,3.44,0,1,0.18755635737485882,Low,29,5.439134363870906,Low engagement,Increase product engagement
C02740,Basic,Month-to-month,Credit Card,Canada,SaaS/Tech,0.692,2,2,3.56,1,18,0.7507329639952459,High,29,21.77125595586213,Billing friction + Month-to-month contract + Low feature adoption,Resolve billing issue + Product training / onboarding + Renewal / contract intervention
C02741,Pro,Month-to-month,Credit Card,Australia,Healthcare,0.287,2,1,4.08,0,83,0.8293455620141944,High,79,65.51829939912136,Low engagement + Inactivity + Month-to-month contract + Low feature adoption,Increase product engagement + Launch re-engagement campaign + Product training / onboarding + Renewal / contract intervention
C02742,Enterprise,Month-to-month,ACH/Bank Transfer,USA,Manufacturing,0.783,4,0,3.51,1,1,0.38679593307900173,Medium,199,76.97239068272134,Billing friction + Month-to-month contract,Resolve billing issue + Renewal / contract intervention
C02743,Basic,Month-to-month,PayPal,India,SaaS/Tech,0.372,2,2,3.66,0,20,0.6379080013932289,High,29,18.499332040403637,Low engagement + Month-to-month contract + Low feature adoption,Increase product engagement + Product training / onboarding + Renewal / contract intervention
C02744,Pro,Month-to-month,Credit Card,Australia,Nonprofit,0.801,6,1,4.01,1,26,0.45921272699697496,Medium,79,36.27780543276102,Billing friction + Month-to-month contract,Resolve billing issue + Renewal / contract intervention
C02745,Basic,Month-to-month,Credit Card,India,Healthcare,0.795,11,4,3.18,0,16,0.22364232000633766,Low,29,6.485627280183792,High support activity + Month-to-month contract,Priority support review + Renewal / contract intervention
C02746,Basic,Month-to-month,ACH/Bank Transfer,UK,SaaS/Tech,0.754,2,0,5.0,0,38,0.28144840885239875,Low,29,8.162003856719563,Inactivity + Month-to-month contract + Low feature adoption,Launch re-engagement campaign + Product training / onboarding + Renewal / contract intervention
C02747,Pro,1-Year,Credit Card,Germany,Marketing/Agency,0.601,6,3,5.0,2,6,0.4920126678353666,Medium,79,38.86900075899396,Billing friction + High support activity,Resolve billing issue + Priority support review
C02748,Pro,Month-to-month,Credit Card,USA,E-commerce,0.533,4,1,5.0,0,4,0.20186311599551185,Low,79,15.947186163645435,Month-to-month contract,Renewal / contract intervention
C02750,Pro,Month-to-month,Credit Card,India,Education,0.308,3,0,5.0,0,25,0.350965866522931,Medium,79,27.726303455311548,Low engagement + Month-to-month contract,Increase product engagement + Renewal / contract intervention
C02752,Enterprise,1-Year,Credit Card,Australia,E-commerce,0.658,4,1,4.86,0,2,0.11446708667147529,Low,199,22.778950247623584,No major warning signal,Standard customer success monitoring
C02753,Pro,Month-to-month,PayPal,UK,SaaS/Tech,0.649,0,0,3.27,1,6,0.7326208195566393,High,79,57.877044744974505,Billing friction + Month-to-month contract + Low feature adoption,Resolve billing issue + Product training / onboarding + Renewal / contract intervention
C02754,Basic,Month-to-month,Credit Card,India,SaaS/Tech,0.66,6,1,4.34,1,15,0.3674692225713034,Medium,29,10.656607454567798,Billing friction + Month-to-month contract,Resolve billing issue + Renewal / contract intervention
C02755,Enterprise,1-Year,Manual Invoice,India,Manufacturing,0.628,5,1,4.43,1,6,0.1835884209441805,Low,199,36.53409576789192,Billing friction,Resolve billing issue
C02756,Basic,1-Year,Credit Card,UK,Marketing/Agency,0.767,5,2,4.75,0,7,0.12134638175815946,Low,29,3.5190450709866243,No major warning signal,Standard customer success monitoring
C02759,Basic,Month-to-month,Manual Invoice,India,E-commerce,0.191,5,1,4.07,0,4,0.32553868421047777,Medium,29,9.440621842103855,Low engagement + Month-to-month contract,Increase product engagement + Renewal / contract intervention
C02760,Basic,Month-to-month,Credit Card,Canada,Finance,0.469,6,1,3.44,0,0,0.3171204261713169,Medium,29,9.196492358968191,Month-to-month contract,Renewal / contract intervention
C02761,Pro,Month-to-month,PayPal,Canada,Education,0.731,2,1,4.47,0,12,0.30495782051373926,Medium,79,24.091667820585403,Month-to-month contract + Low feature adoption,Product training / onboarding + Renewal / contract intervention
C02762,Basic,Month-to-month,Credit Card,India,Nonprofit,0.502,3,2,3.1,0,7,0.5827058739427602,Medium,29,16.898470344340044,Month-to-month contract,Renewal / contract intervention
C02763,Basic,Month-to-month,Credit Card,Canada,Healthcare,0.268,2,1,4.26,1,2,0.7039367737255143,High,29,20.414166438039917,Low engagement + Billing friction + Month-to-month contract + Low feature adoption,Resolve billing issue + Increase product engagement + Product training / onboarding + Renewal / contract intervention
C02764,Basic,Month-to-month,PayPal,USA,Finance,0.459,3,2,3.25,0,2,0.5258986461428643,Medium,29,15.251060738143064,Month-to-month contract,Renewal / contract intervention
C02765,Pro,2-Year,Credit Card,India,Marketing/Agency,0.613,2,0,5.0,0,14,0.13835764377934337,Low,79,10.930253858568125,Low feature adoption,Product training / onboarding
C02766,Enterprise,Month-to-month,Credit Card,USA,Nonprofit,0.426,3,0,3.14,0,28,0.5560253674039369,Medium,199,110.64904811338344,Month-to-month contract,Renewal / contract intervention
C02768,Pro,1-Year,Credit Card,Australia,Education,0.456,8,1,3.83,0,1,0.13458092584674902,Low,79,10.631893141893173,No major warning signal,Standard customer success monitoring
C02769,Pro,Month-to-month,ACH/Bank Transfer,USA,Manufacturing,0.675,2,0,5.0,0,2,0.16452881824619997,Low,79,12.997776641449798,Month-to-month contract + Low feature adoption,Product training / onboarding + Renewal / contract intervention
C02771,Pro,2-Year,ACH/Bank Transfer,USA,Healthcare,0.823,0,1,4.74,1,6,0.33121659596113645,Medium,79,26.16611108092978,Billing friction + Low feature adoption,Resolve billing issue + Product training / onboarding
C02773,Pro,Month-to-month,Credit Card,Canada,Manufacturing,0.628,4,3,4.21,0,7,0.3769424194957102,Medium,79,29.778451140161106,High support activity + Month-to-month contract,Priority support review + Renewal / contract intervention
C02774,Basic,Month-to-month,PayPal,Germany,SaaS/Tech,0.457,4,2,3.48,0,20,0.4857595088731157,Medium,29,14.087025757320355,Month-to-month contract,Renewal / contract intervention
C02775,Enterprise,1-Year,Credit Card,USA,Education,0.58,4,1,4.07,0,8,0.1772416882837781,Low,199,35.27109596847184,No major warning signal,Standard customer success monitoring
C02776,Basic,2-Year,Credit Card,USA,Nonprofit,0.534,5,2,4.65,0,4,0.12434384264240042,Low,29,3.6059714366296123,No major warning signal,Standard customer success monitoring
C02778,Pro,1-Year,Credit Card,USA,Education,0.876,2,1,4.72,0,7,0.12091683563118252,Low,79,9.55243001486342,Low feature adoption,Product training / onboarding
C02779,Basic,Month-to-month,Credit Card,UK,Education,0.485,5,0,4.18,0,4,0.22825204770114751,Low,29,6.619309383333278,Month-to-month contract,Renewal / contract intervention
C02780,Basic,1-Year,Credit Card,UK,Education,0.93,5,1,4.4,0,36,0.12905799843623755,Low,29,3.742681954650889,Inactivity,Launch re-engagement campaign
C02781,Enterprise,2-Year,ACH/Bank Transfer,Germany,Finance,0.541,3,1,3.93,0,2,0.19085055655978173,Low,199,37.97926075539657,No major warning signal,Standard customer success monitoring
C02783,Pro,Month-to-month,Credit Card,UK,Healthcare,0.314,0,1,3.96,0,12,0.6663099725024108,High,79,52.63848782769045,Low engagement + Month-to-month contract + Low feature adoption,Increase product engagement + Product training / onboarding + Renewal / contract intervention
C02784,Basic,2-Year,PayPal,India,E-commerce,0.729,5,0,4.17,0,7,0.07558000739205943,Low,29,2.1918202143697236,No major warning signal,Standard customer success monitoring
C02785,Enterprise,1-Year,Credit Card,India,SaaS/Tech,0.617,5,2,5.0,0,0,0.0999174033134942,Low,199,19.883563259385348,No major warning signal,Standard customer success monitoring
C02788,Basic,Month-to-month,Credit Card,USA,Nonprofit,0.543,5,3,4.55,2,7,0.7556034085745928,High,29,21.912498848663194,Billing friction + High support activity + Month-to-month contract,Resolve billing issue + Priority support review + Renewal / contract intervention
C02789,Pro,Month-to-month,Credit Card,USA,Marketing/Agency,0.882,5,0,5.0,0,11,0.09020390161789925,Low,79,7.126108227814041,Month-to-month contract,Renewal / contract intervention
C02791,Basic,1-Year,PayPal,India,Nonprofit,0.947,4,0,3.35,1,12,0.26459086510592017,Low,29,7.673135088071685,Billing friction,Resolve billing issue
C02792,Pro,1-Year,Manual Invoice,USA,Finance,0.854,3,0,5.0,0,4,0.0484364782022836,Low,79,3.8264817779804043,No major warning signal,Standard customer success monitoring
C02795,Basic,Month-to-month,ACH/Bank Transfer,India,Healthcare,0.85,5,1,4.13,0,19,0.19855762928159715,Low,29,5.758171249166317,Month-to-month contract,Renewal / contract intervention
C02797,Pro,1-Year,Manual Invoice,Australia,SaaS/Tech,0.739,4,1,3.47,1,4,0.33097406998219236,Medium,79,26.146951528593195,Billing friction,Resolve billing issue
C02798,Enterprise,Month-to-month,Credit Card,USA,Finance,0.494,4,0,3.88,0,7,0.2824529764098423,Low,199,56.20814230555862,Month-to-month contract,Renewal / contract intervention
C02799,Pro,1-Year,Credit Card,UK,E-commerce,0.638,2,0,3.18,1,4,0.5421167175646742,Medium,79,42.82722068760926,Billing friction + Low feature adoption,Resolve billing issue + Product training / onboarding
C02800,Basic,1-Year,ACH/Bank Transfer,Germany,Finance,0.313,2,2,4.59,0,21,0.3942499512377825,Medium,29,11.433248585895692,Low engagement + Low feature adoption,Increase product engagement + Product training / onboarding
C02801,Basic,Month-to-month,Manual Invoice,UK,Education,0.611,5,2,4.12,0,4,0.23471961244612474,Low,29,6.8068687609376175,Month-to-month contract,Renewal / contract intervention
C02804,Basic,Month-to-month,Credit Card,USA,Healthcare,0.794,5,0,3.26,2,8,0.6313395207327406,High,29,18.308846101249475,Billing friction + Month-to-month contract,Resolve billing issue + Renewal / contract intervention
C02805,Pro,Month-to-month,ACH/Bank Transfer,India,SaaS/Tech,0.559,3,1,3.61,1,19,0.7126274630548262,High,79,56.29756958133127,Billing friction + Month-to-month contract,Resolve billing issue + Renewal / contract intervention
C02806,Pro,2-Year,ACH/Bank Transfer,Australia,Healthcare,0.533,5,0,3.79,2,1,0.5284539038257905,Medium,79,41.74785840223745,Billing friction,Resolve billing issue
C02807,Basic,Month-to-month,Manual Invoice,Canada,E-commerce,0.383,5,2,4.98,0,15,0.24449973716822027,Low,29,7.0904923778783875,Low engagement + Month-to-month contract,Increase product engagement + Renewal / contract intervention
C02808,Basic,Month-to-month,Credit Card,UK,Manufacturing,0.645,4,1,4.64,0,26,0.2628691970697038,Low,29,7.62320671502141,Month-to-month contract,Renewal / contract intervention
C02809,Basic,1-Year,Credit Card,USA,Healthcare,0.931,3,3,2.71,1,32,0.6796892887402227,High,29,19.710989373466457,Low satisfaction + Billing friction + High support activity + Inactivity,Resolve billing issue + Customer success outreach + Launch re-engagement campaign + Priority support review
C02810,Pro,2-Year,Credit Card,India,Manufacturing,0.492,3,1,4.55,0,7,0.16499955767556468,Low,79,13.03496505636961,No major warning signal,Standard customer success monitoring
C02811,Basic,Month-to-month,Credit Card,Canada,Education,0.924,1,0,3.02,2,18,0.8388420749337353,High,29,24.326420173078326,Billing friction + Month-to-month contract + Low feature adoption,Resolve billing issue + Product training / onboarding + Renewal / contract intervention
C02813,Pro,Month-to-month,ACH/Bank Transfer,UK,Finance,0.534,6,1,4.13,0,3,0.2354891009769052,Low,79,18.60363897717551,Month-to-month contract,Renewal / contract intervention
C02814,Basic,Month-to-month,Credit Card,India,Healthcare,0.801,5,1,4.34,1,0,0.29065777092924705,Low,29,8.429075356948164,Billing friction + Month-to-month contract,Resolve billing issue + Renewal / contract intervention
C02815,Basic,1-Year,Credit Card,UK,Healthcare,0.776,5,1,3.42,0,2,0.1523798121532651,Low,29,4.419014552444688,No major warning signal,Standard customer success monitoring
C02817,Basic,2-Year,Credit Card,Germany,Manufacturing,0.685,7,1,2.44,0,5,0.14025056656462723,Low,29,4.06726643037419,Low satisfaction,Customer success outreach
C02818,Enterprise,Month-to-month,Credit Card,Canada,E-commerce,0.524,2,1,4.32,2,15,0.8368741423512771,High,199,166.53795432790415,Billing friction + Month-to-month contract + Low feature adoption,Resolve billing issue + Product training / onboarding + Renewal / contract intervention
C02819,Pro,Month-to-month,Credit Card,USA,Education,0.533,1,0,3.05,1,12,0.769665410298351,High,79,60.80356741356973,Billing friction + Month-to-month contract + Low feature adoption,Resolve billing issue + Product training / onboarding + Renewal / contract intervention
C02821,Basic,Month-to-month,ACH/Bank Transfer,India,Finance,0.285,4,1,4.31,2,10,0.8264885536715711,High,29,23.968168056475562,Low engagement + Billing friction + Month-to-month contract,Resolve billing issue + Increase product engagement + Renewal / contract intervention
C02823,Pro,2-Year,Credit Card,Canada,Marketing/Agency,0.498,7,2,4.48,0,22,0.17539041365074456,Low,79,13.85584267840882,No major warning signal,Standard customer success monitoring
C02825,Pro,2-Year,ACH/Bank Transfer,USA,E-commerce,0.827,5,1,3.23,0,5,0.15012379892766964,Low,79,11.8597801152859,No major warning signal,Standard customer success monitoring
C02827,Basic,1-Year,Credit Card,USA,Education,0.512,1,0,4.42,1,1,0.3937416846742942,Medium,29,11.418508855554531,Billing friction + Low feature adoption,Resolve billing issue + Product training / onboarding
C02828,Pro,2-Year,PayPal,Australia,Nonprofit,0.691,4,0,3.94,0,1,0.11566064863388194,Low,79,9.137191242076673,No major warning signal,Standard customer success monitoring
C02829,Pro,Month-to-month,Credit Card,India,Education,0.733,1,0,4.34,2,0,0.7027321648220436,High,79,55.515841020941444,Billing friction + Month-to-month contract + Low feature adoption,Resolve billing issue + Product training / onboarding + Renewal / contract intervention
C02831,Enterprise,2-Year,PayPal,USA,Finance,0.231,5,1,3.16,1,13,0.5670514878814029,Medium,199,112.84324608839918,Low engagement + Billing friction,Resolve billing issue + Increase product engagement
C02832,Basic,1-Year,Credit Card,UK,Nonprofit,0.432,7,0,5.0,0,2,0.061531323368053024,Low,29,1.7844083776735378,No major warning signal,Standard customer success monitoring
C02834,Basic,Month-to-month,Credit Card,India,E-commerce,0.7,5,3,4.4,0,6,0.28142741314432923,Low,29,8.161394981185548,High support activity + Month-to-month contract,Priority support review + Renewal / contract intervention
C02835,Enterprise,1-Year,Manual Invoice,USA,Finance,0.887,7,3,3.63,1,21,0.2672266949185554,Low,199,53.17811228879252,Billing friction + High support activity,Resolve billing issue + Priority support review
C02836,Basic,Month-to-month,Credit Card,Canada,SaaS/Tech,0.685,7,3,4.21,0,9,0.24141591501575316,Low,29,7.0010615354568415,High support activity + Month-to-month contract,Priority support review + Renewal / contract intervention
C02837,Pro,1-Year,Credit Card,Germany,Healthcare,0.494,1,1,2.44,0,16,0.5696960903099444,Medium,79,45.005991134485605,Low satisfaction + Low feature adoption,Customer success outreach + Product training / onboarding
C02838,Enterprise,Month-to-month,Credit Card,USA,Marketing/Agency,0.381,7,1,4.39,0,18,0.25719879724191813,Low,199,51.182560651141706,Low engagement + Month-to-month contract,Increase product engagement + Renewal / contract intervention
C02839,Enterprise,2-Year,Credit Card,Germany,SaaS/Tech,0.212,6,3,3.74,2,1,0.7324857509277357,High,199,145.76466443461942,Low engagement + Billing friction + High support activity,Resolve billing issue + Increase product engagement + Priority support review
C02840,Basic,Month-to-month,PayPal,Germany,Nonprofit,0.436,8,3,3.63,0,0,0.2753537573994332,Low,29,7.985258964583562,High support activity + Month-to-month contract,Priority support review + Renewal / contract intervention
C02841,Basic,Month-to-month,Manual Invoice,Canada,Finance,0.771,2,2,5.0,0,0,0.1865124416162477,Low,29,5.408860806871183,Month-to-month contract + Low feature adoption,Product training / onboarding + Renewal / contract intervention
C02842,Basic,Month-to-month,Credit Card,Germany,Marketing/Agency,0.777,8,1,3.11,0,6,0.1731082912235869,Low,29,5.02014044548402,Month-to-month contract,Renewal / contract intervention
C02843,Basic,Month-to-month,Manual Invoice,Australia,Finance,0.505,8,1,2.81,0,27,0.3369666709716608,Medium,29,9.772033458178162,Low satisfaction + Month-to-month contract,Customer success outreach + Renewal / contract intervention
C02844,Enterprise,2-Year,Manual Invoice,USA,Finance,0.52,2,3,2.82,0,2,0.4351552145764915,Medium,199,86.5958877007218,Low satisfaction + High support activity + Low feature adoption,Customer success outreach + Product training / onboarding + Priority support review
C02845,Basic,Month-to-month,Credit Card,UK,E-commerce,0.579,3,4,3.0,0,27,0.785755964372508,High,29,22.786922966802734,High support activity + Month-to-month contract,Priority support review + Renewal / contract intervention
C02846,Pro,1-Year,Credit Card,USA,E-commerce,0.516,7,1,4.21,2,5,0.4649578677755761,Medium,79,36.73167155427051,Billing friction,Resolve billing issue
C02847,Pro,1-Year,ACH/Bank Transfer,India,SaaS/Tech,0.442,2,3,3.77,0,25,0.5841000079299414,Medium,79,46.143900626465374,High support activity + Low feature adoption,Product training / onboarding + Priority support review
C02850,Basic,1-Year,Credit Card,India,SaaS/Tech,0.934,1,0,4.91,0,6,0.08656301006935918,Low,29,2.510327292011416,Low feature adoption,Product training / onboarding
C02851,Basic,Month-to-month,PayPal,India,Marketing/Agency,0.733,4,4,2.23,0,7,0.6927736229862348,High,29,20.090435066600808,Low satisfaction + High support activity + Month-to-month contract,Customer success outreach + Priority support review + Renewal / contract intervention
C02852,Pro,1-Year,PayPal,Germany,Education,0.84,4,2,3.63,0,2,0.1586180515371406,Low,79,12.530826071434106,No major warning signal,Standard customer success monitoring
C02853,Pro,1-Year,Credit Card,Canada,Manufacturing,0.808,3,2,3.44,0,34,0.3732687077695473,Medium,79,29.488227913794237,Inactivity,Launch re-engagement campaign
C02855,Basic,Month-to-month,Credit Card,Canada,Healthcare,0.362,6,2,2.63,1,6,0.7700540010708067,High,29,22.331566031053395,Low engagement + Low satisfaction + Billing friction + Month-to-month contract,Resolve billing issue + Customer success outreach + Increase product engagement + Renewal / contract intervention
C02856,Pro,Month-to-month,PayPal,USA,Marketing/Agency,0.644,1,1,5.0,0,3,0.2761223537039793,Low,79,21.813665942614364,Month-to-month contract + Low feature adoption,Product training / onboarding + Renewal / contract intervention
C02857,Basic,Month-to-month,Credit Card,India,Education,0.767,4,2,4.27,0,2,0.2368279771217928,Low,29,6.868011336531991,Month-to-month contract,Renewal / contract intervention
C02858,Basic,Month-to-month,Credit Card,USA,E-commerce,0.717,3,1,3.96,1,5,0.49609089749760094,Medium,29,14.386636027430427,Billing friction + Month-to-month contract,Resolve billing issue + Renewal / contract intervention
C02861,Basic,1-Year,Credit Card,Australia,Healthcare,0.374,2,0,2.9,0,0,0.41507083820617663,Medium,29,12.037054307979123,Low engagement + Low satisfaction + Low feature adoption,Customer success outreach + Increase product engagement + Product training / onboarding
C02864,Enterprise,Month-to-month,ACH/Bank Transfer,USA,Manufacturing,0.618,4,2,3.65,0,2,0.3485199513424108,Medium,199,69.35547031713975,Month-to-month contract,Renewal / contract intervention
C02865,Pro,Month-to-month,Credit Card,Australia,Healthcare,0.332,4,4,2.42,0,1,0.8027565639557342,High,79,63.417768552503006,Low engagement + Low satisfaction + High support activity + Month-to-month contract,Customer success outreach + Increase product engagement + Priority support review + Renewal / contract intervention
C02866,Pro,Month-to-month,Credit Card,Germany,Education,0.629,2,1,4.45,0,12,0.31373738184486444,Medium,79,24.78525316574429,Month-to-month contract + Low feature adoption,Product training / onboarding + Renewal / contract intervention
C02867,Pro,Month-to-month,ACH/Bank Transfer,Canada,E-commerce,0.444,4,0,4.52,0,6,0.2595333610349837,Low,79,20.503135521763713,Month-to-month contract,Renewal / contract intervention
C02868,Enterprise,1-Year,Credit Card,USA,SaaS/Tech,0.44,4,1,4.33,0,1,0.17268759657263658,Low,199,34.36483171795468,No major warning signal,Standard customer success monitoring
C02869,Pro,1-Year,ACH/Bank Transfer,Germany,Manufacturing,0.606,1,2,5.0,1,19,0.45763633094410855,Medium,79,36.153270144584575,Billing friction + Low feature adoption,Resolve billing issue + Product training / onboarding
C02870,Pro,2-Year,Credit Card,USA,Healthcare,0.597,4,0,4.49,0,20,0.11822019410613789,Low,79,9.339395334384893,No major warning signal,Standard customer success monitoring
C02871,Basic,Month-to-month,Manual Invoice,UK,Nonprofit,0.424,2,0,4.34,1,0,0.49735021215070185,Medium,29,14.423156152370353,Billing friction + Month-to-month contract + Low feature adoption,Resolve billing issue + Product training / onboarding + Renewal / contract intervention
C02872,Basic,1-Year,PayPal,USA,E-commerce,1.0,5,3,3.31,1,11,0.37661845177758985,Medium,29,10.921935101550105,Billing friction + High support activity,Resolve billing issue + Priority support review
C02873,Pro,1-Year,Manual Invoice,Germany,SaaS/Tech,0.492,4,0,4.38,0,56,0.2012895887919121,Low,79,15.901877514561058,Inactivity,Launch re-engagement campaign
C02874,Pro,1-Year,Credit Card,USA,Healthcare,0.633,6,2,4.17,0,1,0.12667105319385732,Low,79,10.00701320231473,No major warning signal,Standard customer success monitoring
C02875,Pro,2-Year,ACH/Bank Transfer,India,Healthcare,0.472,4,3,3.25,0,48,0.6010478065631554,High,79,47.482776718489276,High support activity + Inactivity,Launch re-engagement campaign + Priority support review
C02877,Basic,Month-to-month,Credit Card,Germany,Education,0.437,3,2,3.06,0,0,0.5464866056301853,Medium,29,15.848111563275372,Month-to-month contract,Renewal / contract intervention
C02878,Pro,1-Year,Credit Card,Australia,Finance,0.539,2,0,3.38,0,0,0.3091050867253255,Medium,79,24.419301851300713,Low feature adoption,Product training / onboarding
C02879,Basic,Month-to-month,Credit Card,USA,Finance,0.407,3,0,5.0,2,21,0.7148478769055351,High,29,20.730588430260518,Billing friction + Month-to-month contract,Resolve billing issue + Renewal / contract intervention
C02880,Enterprise,Month-to-month,ACH/Bank Transfer,UK,SaaS/Tech,0.792,2,1,4.6,1,0,0.44395352349637607,Medium,199,88.34675117577883,Billing friction + Month-to-month contract + Low feature adoption,Resolve billing issue + Product training / onboarding + Renewal / contract intervention
C02881,Basic,1-Year,Credit Card,USA,Education,0.638,3,4,3.56,0,18,0.481509704741109,Medium,29,13.96378143749216,High support activity,Priority support review
C02882,Pro,Month-to-month,Credit Card,USA,Finance,0.804,7,1,3.64,0,21,0.20100017050068433,Low,79,15.879013469554062,Month-to-month contract,Renewal / contract intervention
C02883,Basic,1-Year,Credit Card,Germany,Marketing/Agency,0.551,6,1,3.5,0,0,0.15499625000928835,Low,29,4.4948912502693625,No major warning signal,Standard customer success monitoring
C02884,Pro,Month-to-month,ACH/Bank Transfer,Germany,Nonprofit,0.966,2,0,5.0,2,6,0.46694894172873386,Medium,79,36.88896639656998,Billing friction + Month-to-month contract + Low feature adoption,Resolve billing issue + Product training / onboarding + Renewal / contract intervention
C02885,Enterprise,1-Year,Credit Card,India,Marketing/Agency,0.386,8,1,3.7,1,4,0.3283004910536872,Medium,199,65.33179771968375,Low engagement + Billing friction,Resolve billing issue + Increase product engagement
C02886,Pro,Month-to-month,PayPal,India,Education,0.38,5,2,2.87,0,12,0.5924668230011229,Medium,79,46.80487901708871,Low engagement + Low satisfaction + Month-to-month contract,Customer success outreach + Increase product engagement + Renewal / contract intervention
C02887,Basic,Month-to-month,Credit Card,Germany,SaaS/Tech,0.602,7,1,4.78,0,21,0.1294732948054578,Low,29,3.7547255493582763,Month-to-month contract,Renewal / contract intervention
C02888,Basic,Month-to-month,Credit Card,USA,E-commerce,0.647,1,0,3.95,2,3,0.7712125260432708,High,29,22.365163255254853,Billing friction + Month-to-month contract + Low feature adoption,Resolve billing issue + Product training / onboarding + Renewal / contract intervention
C02891,Pro,Month-to-month,Credit Card,Canada,SaaS/Tech,0.708,3,3,4.87,0,2,0.3051042820227137,Medium,79,24.103238279794382,High support activity + Month-to-month contract,Priority support review + Renewal / contract intervention
C02894,Basic,Month-to-month,ACH/Bank Transfer,USA,Marketing/Agency,1.0,2,1,2.63,0,19,0.4896359675065158,Medium,29,14.199443057688958,Low satisfaction + Month-to-month contract + Low feature adoption,Customer success outreach + Product training / onboarding + Renewal / contract intervention
C02895,Basic,2-Year,Credit Card,Australia,Marketing/Agency,0.088,2,1,4.11,0,9,0.47592286977909487,Medium,29,13.80176322359375,Low engagement + Low feature adoption,Increase product engagement + Product training / onboarding
C02896,Basic,1-Year,Credit Card,India,Education,0.602,3,1,3.12,1,15,0.5877841572455283,Medium,29,17.045740560120322,Billing friction,Resolve billing issue
C02897,Pro,1-Year,Credit Card,Germany,Marketing/Agency,0.077,7,1,5.0,0,10,0.160312065377817,Low,79,12.664653164847543,Low engagement,Increase product engagement
C02898,Basic,Month-to-month,PayPal,Australia,Manufacturing,0.675,9,1,3.21,1,21,0.39116728708875553,Medium,29,11.34385132557391,Billing friction + Month-to-month contract,Resolve billing issue + Renewal / contract intervention
C02899,Pro,Month-to-month,Credit Card,USA,Education,0.576,3,0,4.41,1,11,0.47365443190142265,Medium,79,37.41870012021239,Billing friction + Month-to-month contract,Resolve billing issue + Renewal / contract intervention
C02900,Pro,Month-to-month,Credit Card,USA,SaaS/Tech,0.618,3,1,5.0,0,24,0.26226655250372377,Low,79,20.719057647794177,Month-to-month contract,Renewal / contract intervention
C02902,Enterprise,Month-to-month,Credit Card,Australia,Education,0.805,8,0,3.86,2,12,0.44089097499638397,Medium,199,87.7373040242804,Billing friction + Month-to-month contract,Resolve billing issue + Renewal / contract intervention
C02904,Pro,Month-to-month,Credit Card,USA,Finance,0.82,4,1,4.13,0,8,0.2079826302255053,Low,79,16.43062778781492,Month-to-month contract,Renewal / contract intervention
C02905,Basic,Month-to-month,Credit Card,Australia,Marketing/Agency,0.329,4,2,5.0,0,1,0.3491716798758233,Medium,29,10.125978716398876,Low engagement + Month-to-month contract,Increase product engagement + Renewal / contract intervention
C02906,Basic,Month-to-month,ACH/Bank Transfer,Australia,Marketing/Agency,0.668,6,2,3.92,1,4,0.5239383718903531,Medium,29,15.19421278482024,Billing friction + Month-to-month contract,Resolve billing issue + Renewal / contract intervention
C02908,Basic,1-Year,PayPal,USA,Education,0.464,3,5,4.33,1,0,0.6351365134258208,High,29,18.418958889348804,Billing friction + High support activity,Resolve billing issue + Priority support review
C02909,Enterprise,2-Year,ACH/Bank Transfer,India,Healthcare,0.529,3,2,5.0,0,28,0.22790506026422075,Low,199,45.35310699257993,No major warning signal,Standard customer success monitoring
C02910,Enterprise,Month-to-month,PayPal,USA,Manufacturing,0.552,4,2,4.88,0,19,0.25901457932537997,Low,199,51.543901285750614,Month-to-month contract,Renewal / contract intervention
C02911,Pro,Month-to-month,Manual Invoice,India,Healthcare,0.651,6,1,3.89,0,22,0.20447126524455111,Low,79,16.15322995431954,Month-to-month contract,Renewal / contract intervention
C02912,Basic,1-Year,Credit Card,Germany,Manufacturing,0.605,6,3,2.87,1,6,0.48684336648648047,Medium,29,14.118457628107933,Low satisfaction + Billing friction + High support activity,Resolve billing issue + Customer success outreach + Priority support review
C02913,Basic,1-Year,Credit Card,India,Marketing/Agency,0.104,4,0,4.43,0,4,0.24206543243729792,Low,29,7.019897540681639,Low engagement,Increase product engagement
C02914,Pro,Month-to-month,ACH/Bank Transfer,USA,Marketing/Agency,0.546,4,0,3.13,1,17,0.6783356211349582,High,79,53.58851406966169,Billing friction + Month-to-month contract,Resolve billing issue + Renewal / contract intervention
C02915,Pro,Month-to-month,Credit Card,Canada,Manufacturing,0.261,8,1,3.26,0,3,0.3329362393684074,Medium,79,26.301962910104184,Low engagement + Month-to-month contract,Increase product engagement + Renewal / contract intervention
C02916,Basic,1-Year,PayPal,USA,Nonprofit,0.606,11,2,2.7,1,40,0.40113062804502336,Medium,29,11.632788213305677,Low satisfaction + Billing friction + Inactivity,Resolve billing issue + Customer success outreach + Launch re-engagement campaign
C02917,Basic,Month-to-month,ACH/Bank Transfer,Australia,Nonprofit,0.763,1,2,3.12,1,28,0.8479195602562976,High,29,24.58966724743263,Billing friction + Month-to-month contract + Low feature adoption,Resolve billing issue + Product training / onboarding + Renewal / contract intervention
C02918,Basic,Month-to-month,ACH/Bank Transfer,Canada,Education,0.675,1,1,3.81,0,5,0.4528402806054026,Medium,29,13.132368137556675,Month-to-month contract + Low feature adoption,Product training / onboarding + Renewal / contract intervention
C02919,Enterprise,Month-to-month,Credit Card,USA,Education,0.465,5,1,4.26,0,1,0.236162559967591,Low,199,46.99634943355061,Month-to-month contract,Renewal / contract intervention
C02920,Pro,Month-to-month,Credit Card,USA,Nonprofit,0.612,9,0,3.8,2,39,0.6098142135763404,High,79,48.17532287253089,Billing friction + Inactivity + Month-to-month contract,Resolve billing issue + Launch re-engagement campaign + Renewal / contract intervention
C02922,Basic,2-Year,Credit Card,Canada,Marketing/Agency,0.608,3,2,4.0,0,6,0.2666632762777063,Low,29,7.733235012053483,No major warning signal,Standard customer success monitoring
C02923,Basic,Month-to-month,Credit Card,India,Education,0.738,7,0,3.58,1,12,0.3173328918849585,Medium,29,9.202653864663796,Billing friction + Month-to-month contract,Resolve billing issue + Renewal / contract intervention
C02924,Basic,2-Year,ACH/Bank Transfer,USA,Finance,0.635,5,3,2.98,0,0,0.29608468273785854,Low,29,8.586455799397898,Low satisfaction + High support activity,Customer success outreach + Priority support review
C02925,Enterprise,1-Year,PayPal,USA,E-commerce,0.564,4,0,5.0,1,20,0.23261694300951688,Low,199,46.29077165889386,Billing friction,Resolve billing issue
C02926,Basic,Month-to-month,Manual Invoice,UK,Nonprofit,0.578,3,2,5.0,1,9,0.4585311406674343,Medium,29,13.297403079355593,Billing friction + Month-to-month contract,Resolve billing issue + Renewal / contract intervention
C02927,Pro,2-Year,ACH/Bank Transfer,Canada,Nonprofit,0.694,3,1,5.0,0,32,0.18007396177987184,Low,79,14.225842980609876,Inactivity,Launch re-engagement campaign
C02928,Basic,Month-to-month,Credit Card,UK,E-commerce,0.475,4,1,4.37,0,19,0.36575500594532734,Medium,29,10.606895172414493,Month-to-month contract,Renewal / contract intervention
C02929,Pro,1-Year,Credit Card,India,Manufacturing,0.726,2,0,2.9,0,11,0.28369433692486234,Low,79,22.411852617064124,Low satisfaction + Low feature adoption,Customer success outreach + Product training / onboarding
C02930,Basic,2-Year,ACH/Bank Transfer,Canada,Healthcare,0.593,0,0,3.98,0,9,0.27878521162561526,Low,29,8.084771137142843,Low feature adoption,Product training / onboarding
C02932,Pro,1-Year,Credit Card,Canada,Manufacturing,0.378,4,2,4.45,1,6,0.47452746633858967,Medium,79,37.48766984074858,Low engagement + Billing friction,Resolve billing issue + Increase product engagement
C02933,Enterprise,2-Year,Credit Card,USA,Finance,0.67,3,2,4.41,0,6,0.1693904051486928,Low,199,33.70869062458987,No major warning signal,Standard customer success monitoring
C02934,Enterprise,Month-to-month,Credit Card,Germany,Marketing/Agency,0.123,0,2,5.0,0,7,0.6153174273556269,High,199,122.44816804376975,Low engagement + Month-to-month contract + Low feature adoption,Increase product engagement + Product training / onboarding + Renewal / contract intervention
C02935,Basic,Month-to-month,Credit Card,USA,Finance,0.455,4,0,4.28,0,8,0.25253525001792765,Low,29,7.323522250519902,Month-to-month contract,Renewal / contract intervention
C02936,Pro,1-Year,Credit Card,USA,Marketing/Agency,0.784,6,0,3.58,0,1,0.09436167419091752,Low,79,7.454572261082484,No major warning signal,Standard customer success monitoring
C02937,Pro,Month-to-month,Credit Card,USA,Marketing/Agency,0.592,3,2,3.89,1,26,0.7283784191143368,High,79,57.541895110032605,Billing friction + Month-to-month contract,Resolve billing issue + Renewal / contract intervention
C02938,Pro,Month-to-month,Manual Invoice,UK,E-commerce,1.0,5,1,1.54,0,20,0.43784729941688605,Medium,79,34.589936653934,Low satisfaction + Month-to-month contract,Customer success outreach + Renewal / contract intervention
C02939,Basic,1-Year,ACH/Bank Transfer,UK,Finance,0.91,6,2,3.5,0,22,0.19255480348042936,Low,29,5.584089300932451,No major warning signal,Standard customer success monitoring
C02940,Enterprise,Month-to-month,Manual Invoice,UK,SaaS/Tech,0.782,7,2,4.45,0,6,0.1084491293430998,Low,199,21.581376739276863,Month-to-month contract,Renewal / contract intervention
C02941,Pro,Month-to-month,PayPal,Canada,Healthcare,0.639,5,3,5.0,0,37,0.34881545336293623,Medium,79,27.556420815671963,High support activity + Inactivity + Month-to-month contract,Launch re-engagement campaign + Priority support review + Renewal / contract intervention
C02942,Basic,Month-to-month,Credit Card,Canada,Finance,0.535,1,0,3.57,2,2,0.8498363330554187,High,29,24.645253658607142,Billing friction + Month-to-month contract + Low feature adoption,Resolve billing issue + Product training / onboarding + Renewal / contract intervention
C02943,Basic,Month-to-month,Credit Card,USA,Education,0.531,3,0,3.01,2,3,0.8251453863438266,High,29,23.92921620397097,Billing friction + Month-to-month contract,Resolve billing issue + Renewal / contract intervention
C02946,Enterprise,Month-to-month,Credit Card,UK,Healthcare,0.543,4,0,4.91,1,20,0.4092786331011551,Medium,199,81.44644798712986,Billing friction + Month-to-month contract,Resolve billing issue + Renewal / contract intervention
C02947,Basic,Month-to-month,ACH/Bank Transfer,UK,Manufacturing,0.505,5,2,2.84,0,5,0.5150261697803331,Medium,29,14.93575892362966,Low satisfaction + Month-to-month contract,Customer success outreach + Renewal / contract intervention
C02948,Pro,1-Year,PayPal,India,Nonprofit,0.615,2,2,5.0,0,38,0.3063219174717834,Medium,79,24.19943148027089,Inactivity + Low feature adoption,Launch re-engagement campaign + Product training / onboarding
C02949,Basic,1-Year,ACH/Bank Transfer,Australia,Healthcare,0.514,2,0,5.0,0,0,0.13806587839545828,Low,29,4.00391047346829,Low feature adoption,Product training / onboarding
C02950,Pro,Month-to-month,Credit Card,USA,Education,0.701,5,1,3.4,1,1,0.4862147118081844,Medium,79,38.410962232846565,Billing friction + Month-to-month contract,Resolve billing issue + Renewal / contract intervention
C02951,Pro,Month-to-month,Credit Card,UK,Finance,0.45,5,1,3.98,1,6,0.5573524329140864,Medium,79,44.03084220021283,Billing friction + Month-to-month contract,Resolve billing issue + Renewal / contract intervention
C02952,Basic,Month-to-month,Credit Card,USA,Finance,0.36,3,0,3.45,1,5,0.6651285559329685,High,29,19.288728122056085,Low engagement + Billing friction + Month-to-month contract,Resolve billing issue + Increase product engagement + Renewal / contract intervention
C02953,Basic,Month-to-month,Manual Invoice,Germany,Manufacturing,0.694,6,1,2.8,2,6,0.6330665182991216,High,29,18.358929030674528,Low satisfaction + Billing friction + Month-to-month contract,Resolve billing issue + Customer success outreach + Renewal / contract intervention
C02954,Basic,Month-to-month,Credit Card,India,Manufacturing,0.985,3,0,4.53,0,22,0.13374041843682455,Low,29,3.878472134667912,Month-to-month contract,Renewal / contract intervention
C02955,Pro,Month-to-month,Credit Card,UK,Finance,0.502,7,0,5.0,0,16,0.13292775434592125,Low,79,10.50129259332778,Month-to-month contract,Renewal / contract intervention
C02958,Basic,1-Year,Credit Card,Canada,Healthcare,0.681,1,2,4.08,0,2,0.29257429249757383,Low,29,8.48465448242964,Low feature adoption,Product training / onboarding
C02962,Enterprise,2-Year,Credit Card,USA,Marketing/Agency,0.29,4,4,4.18,1,13,0.6904018128993694,High,199,137.38996076697453,Low engagement + Billing friction + High support activity,Resolve billing issue + Increase product engagement + Priority support review
C02963,Pro,1-Year,Credit Card,Australia,Education,0.784,2,1,2.83,1,6,0.6034623387093957,High,79,47.67352475804226,Low satisfaction + Billing friction + Low feature adoption,Resolve billing issue + Customer success outreach + Product training / onboarding
C02965,Basic,2-Year,ACH/Bank Transfer,Canada,Marketing/Agency,0.325,4,2,4.75,1,1,0.4491526387908017,Medium,29,13.025426524933248,Low engagement + Billing friction,Resolve billing issue + Increase product engagement
C02966,Basic,1-Year,Credit Card,UK,Manufacturing,0.743,5,1,4.69,0,3,0.07792041247214694,Low,29,2.2596919616922615,No major warning signal,Standard customer success monitoring
C02967,Pro,Month-to-month,Credit Card,UK,Manufacturing,0.637,6,1,4.85,0,4,0.12827480691908807,Low,79,10.133709746607957,Month-to-month contract,Renewal / contract intervention
C02968,Basic,Month-to-month,Credit Card,India,E-commerce,0.362,3,2,2.17,0,10,0.763905054627999,High,29,22.15324658421197,Low engagement + Low satisfaction + Month-to-month contract,Customer success outreach + Increase product engagement + Renewal / contract intervention
C02969,Basic,Month-to-month,ACH/Bank Transfer,USA,Marketing/Agency,0.476,1,1,4.98,0,39,0.5230607533618011,Medium,29,15.168761847492233,Inactivity + Month-to-month contract + Low feature adoption,Launch re-engagement campaign + Product training / onboarding + Renewal / contract intervention
C02970,Pro,2-Year,Credit Card,USA,Nonprofit,0.656,4,1,3.54,2,6,0.6147308149671158,High,79,48.563734382402146,Billing friction,Resolve billing issue
C02972,Enterprise,Month-to-month,Credit Card,India,Marketing/Agency,0.53,3,4,4.61,0,9,0.5143315711648099,Medium,199,102.35198266179717,High support activity + Month-to-month contract,Priority support review + Renewal / contract intervention
C02974,Basic,Month-to-month,Credit Card,Australia,Healthcare,0.59,6,2,4.14,2,11,0.7239377094004925,High,29,20.994193572614282,Billing friction + Month-to-month contract,Resolve billing issue + Renewal / contract intervention
C02975,Enterprise,Month-to-month,Credit Card,India,Healthcare,0.643,7,2,5.0,0,24,0.16341081572774446,Low,199,32.51875232982115,Month-to-month contract,Renewal / contract intervention
C02976,Basic,Month-to-month,ACH/Bank Transfer,India,Marketing/Agency,0.599,10,1,3.49,0,6,0.15871759257999118,Low,29,4.602810184819744,Month-to-month contract,Renewal / contract intervention
C02977,Enterprise,Month-to-month,Credit Card,USA,Finance,0.219,3,1,3.12,1,8,0.8168113854102161,High,199,162.54546569663302,Low engagement + Billing friction + Month-to-month contract,Resolve billing issue + Increase product engagement + Renewal / contract intervention
C02978,Pro,1-Year,Credit Card,Germany,Manufacturing,0.909,6,2,4.02,1,8,0.1923185375455069,Low,79,15.193164466095045,Billing friction,Resolve billing issue
C02980,Enterprise,Month-to-month,Credit Card,UK,E-commerce,0.489,3,1,3.06,0,20,0.614555432218565,High,199,122.29653101149444,Month-to-month contract,Renewal / contract intervention
C02981,Pro,Month-to-month,ACH/Bank Transfer,Canada,Finance,0.722,6,0,3.58,0,7,0.20708090946942423,Low,79,16.359391848084513,Month-to-month contract,Renewal / contract intervention
C02982,Basic,Month-to-month,Credit Card,India,Education,0.635,6,0,3.58,0,2,0.18525185744848582,Low,29,5.372303866006089,Month-to-month contract,Renewal / contract intervention
C02983,Basic,Month-to-month,ACH/Bank Transfer,Canada,SaaS/Tech,0.52,7,1,4.42,0,3,0.1715678327007119,Low,29,4.975467148320646,Month-to-month contract,Renewal / contract intervention
C02984,Enterprise,1-Year,PayPal,India,Healthcare,0.953,6,2,4.33,1,31,0.2342704873501931,Low,199,46.61982698268842,Billing friction + Inactivity,Resolve billing issue + Launch re-engagement campaign
C02985,Pro,Month-to-month,Manual Invoice,India,Healthcare,0.928,3,3,2.82,0,6,0.4149527858915954,Medium,79,32.781270085436034,Low satisfaction + High support activity + Month-to-month contract,Customer success outreach + Priority support review + Renewal / contract intervention
C02986,Basic,1-Year,Credit Card,Australia,SaaS/Tech,0.443,5,3,3.53,0,3,0.3634432091295609,Medium,29,10.539853064757267,High support activity,Priority support review
C02987,Basic,Month-to-month,Credit Card,UK,Education,0.677,6,1,2.7,0,1,0.33860376694045624,Medium,29,9.81950924127323,Low satisfaction + Month-to-month contract,Customer success outreach + Renewal / contract intervention
C02988,Enterprise,Month-to-month,Credit Card,USA,Finance,0.235,2,3,4.82,0,49,0.7316610994090591,High,199,145.60055878240277,Low engagement + High support activity + Inactivity + Month-to-month contract + Low feature adoption,Increase product engagement + Launch re-engagement campaign + Product training / onboarding + Priority support review + Renewal / contract intervention
C02989,Enterprise,1-Year,Credit Card,Australia,E-commerce,0.374,1,0,4.4,0,7,0.3068193353180086,Medium,199,61.057047728283706,Low engagement + Low feature adoption,Increase product engagement + Product training / onboarding
C02991,Enterprise,1-Year,Credit Card,UK,Nonprofit,0.316,4,0,4.26,1,0,0.3902877989837111,Medium,199,77.6672719977585,Low engagement + Billing friction,Resolve billing issue + Increase product engagement
C02992,Basic,2-Year,Credit Card,India,Marketing/Agency,0.512,3,2,3.43,0,6,0.35777624725586193,Medium,29,10.375511170419996,No major warning signal,Standard customer success monitoring
C02993,Basic,Month-to-month,Credit Card,USA,Manufacturing,0.794,4,1,3.34,0,13,0.28391276535382226,Low,29,8.233470195260846,Month-to-month contract,Renewal / contract intervention
C02994,Enterprise,Month-to-month,Manual Invoice,India,Education,0.46,6,0,2.36,0,4,0.3318489819912137,Medium,199,66.03794741625153,Low satisfaction + Month-to-month contract,Customer success outreach + Renewal / contract intervention
C02995,Basic,Month-to-month,ACH/Bank Transfer,USA,Manufacturing,0.828,3,0,4.08,1,2,0.33441252322500026,Medium,29,9.697963173525007,Billing friction + Month-to-month contract,Resolve billing issue + Renewal / contract intervention
C02996,Basic,2-Year,Manual Invoice,India,Nonprofit,0.207,1,0,5.0,1,7,0.37214531499303016,Medium,29,10.792214134797876,Low engagement + Billing friction + Low feature adoption,Resolve billing issue + Increase product engagement + Product training / onboarding
C02997,Basic,Month-to-month,Manual Invoice,Germany,Marketing/Agency,0.533,4,2,4.52,1,9,0.4572620550890023,Medium,29,13.260599597581066,Billing friction + Month-to-month contract,Resolve billing issue + Renewal / contract intervention
C02998,Basic,Month-to-month,Credit Card,India,Healthcare,0.528,4,1,3.69,0,7,0.34393526280352454,Medium,29,9.974122621302211,Month-to-month contract,Renewal / contract intervention
C02999,Enterprise,Month-to-month,Credit Card,India,Healthcare,0.144,6,0,4.98,0,1,0.17901762767696436,Low,199,35.62450790771591,Low engagement + Month-to-month contract,Increase product engagement + Renewal / contract intervention
C03000,Basic,1-Year,Credit Card,Canada,Healthcare,0.643,5,2,5.0,2,6,0.4579742765910799,Medium,29,13.281254021141319,Billing friction,Resolve billing issue
C03001,Basic,Month-to-month,Credit Card,Germany,SaaS/Tech,0.714,7,1,3.74,2,5,0.5339784165134273,Medium,29,15.485374078889391,Billing friction + Month-to-month contract,Resolve billing issue + Renewal / contract intervention
C03002,Basic,Month-to-month,PayPal,Canada,Finance,0.78,6,0,4.05,1,10,0.2850684617097583,Low,29,8.266985389582992,Billing friction + Month-to-month contract,Resolve billing issue + Renewal / contract intervention
C03003,Pro,Month-to-month,Credit Card,Germany,Finance,0.449,5,1,3.57,1,6,0.5756954704429295,Medium,79,45.47994216499143,Billing friction + Month-to-month contract,Resolve billing issue + Renewal / contract intervention
C03004,Basic,2-Year,Credit Card,UK,Finance,0.468,2,2,4.01,0,9,0.3626824504299605,Medium,29,10.517791062468854,Low feature adoption,Product training / onboarding
C03006,Pro,2-Year,Credit Card,Australia,Nonprofit,0.914,2,1,3.24,1,29,0.5495506533863589,Medium,79,43.414501617522355,Billing friction + Low feature adoption,Resolve billing issue + Product training / onboarding
C03007,Pro,1-Year,ACH/Bank Transfer,Australia,SaaS/Tech,0.588,8,2,3.74,0,19,0.18912009034003993,Low,79,14.940487136863155,No major warning signal,Standard customer success monitoring
C03008,Pro,1-Year,Credit Card,Australia,Finance,0.431,3,2,4.34,1,26,0.6444184672976572,High,79,50.909058916514915,Billing friction,Resolve billing issue
C03009,Enterprise,Month-to-month,ACH/Bank Transfer,India,Finance,0.417,5,1,2.73,0,14,0.5538064272948842,Medium,199,110.20747903168194,Low satisfaction + Month-to-month contract,Customer success outreach + Renewal / contract intervention
C03010,Enterprise,2-Year,ACH/Bank Transfer,USA,Manufacturing,1.0,3,3,5.0,0,12,0.0971001013311229,Low,199,19.322920164893457,High support activity,Priority support review
C03011,Enterprise,1-Year,Credit Card,USA,Healthcare,0.51,6,2,3.39,2,1,0.6522019628724225,High,199,129.78819061161207,Billing friction,Resolve billing issue
C03012,Enterprise,Month-to-month,Credit Card,Australia,Marketing/Agency,0.449,7,1,3.3,0,3,0.3197477686276716,Medium,199,63.62980595690665,Month-to-month contract,Renewal / contract intervention
C03013,Pro,1-Year,Credit Card,USA,SaaS/Tech,0.433,3,1,3.51,1,0,0.5289569194823595,Medium,79,41.7875966391064,Billing friction,Resolve billing issue
C03014,Basic,1-Year,Credit Card,Australia,SaaS/Tech,0.691,4,2,4.61,0,12,0.17125227929904271,Low,29,4.966316099672238,No major warning signal,Standard customer success monitoring
C03015,Pro,Month-to-month,PayPal,Canada,Education,0.559,3,1,4.98,0,0,0.22513914405134702,Low,79,17.785992380056413,Month-to-month contract,Renewal / contract intervention
C03016,Pro,Month-to-month,ACH/Bank Transfer,India,Finance,0.839,5,2,3.91,0,7,0.25525745701973107,Low,79,20.165339104558754,Month-to-month contract,Renewal / contract intervention
C03018,Basic,Month-to-month,Credit Card,USA,Marketing/Agency,0.804,8,1,4.48,0,6,0.08620858654011868,Low,29,2.500049009663442,Month-to-month contract,Renewal / contract intervention
C03020,Basic,1-Year,Credit Card,USA,Healthcare,0.541,3,2,4.4,0,31,0.31269681060982607,Medium,29,9.068207507684956,Inactivity,Launch re-engagement campaign
C03022,Basic,Month-to-month,Manual Invoice,UK,Manufacturing,0.664,5,1,3.21,0,12,0.2694465580786205,Low,29,7.813950184279994,Month-to-month contract,Renewal / contract intervention
C03023,Basic,Month-to-month,Credit Card,USA,Nonprofit,0.419,3,1,5.0,0,8,0.2777445426315052,Low,29,8.054591736313652,Month-to-month contract,Renewal / contract intervention
C03024,Basic,1-Year,ACH/Bank Transfer,Germany,Marketing/Agency,0.522,2,0,3.32,0,11,0.32462237169344804,Medium,29,9.414048779109994,Low feature adoption,Product training / onboarding
C03025,Basic,Month-to-month,Credit Card,UK,SaaS/Tech,0.466,2,0,5.0,1,1,0.4428157996487804,Medium,29,12.84165818981463,Billing friction + Month-to-month contract + Low feature adoption,Resolve billing issue + Product training / onboarding + Renewal / contract intervention
C03026,Basic,Month-to-month,Credit Card,USA,Nonprofit,0.73,4,2,3.57,1,19,0.6374064450622575,High,29,18.484786906805468,Billing friction + Month-to-month contract,Resolve billing issue + Renewal / contract intervention
C03027,Pro,Month-to-month,Credit Card,Germany,Healthcare,0.527,4,3,4.04,0,20,0.4055078100793447,Medium,79,32.035116996268236,High support activity + Month-to-month contract,Priority support review + Renewal / contract intervention
C03028,Pro,1-Year,Credit Card,Canada,Manufacturing,0.606,6,0,4.02,0,4,0.09651475809512522,Low,79,7.624665889514892,No major warning signal,Standard customer success monitoring
C03029,Pro,Month-to-month,Credit Card,UK,Healthcare,0.706,7,0,4.83,1,52,0.3586520671033963,Medium,79,28.33351330116831,Billing friction + Inactivity + Month-to-month contract,Resolve billing issue + Launch re-engagement campaign + Renewal / contract intervention
C03032,Enterprise,2-Year,ACH/Bank Transfer,Canada,Marketing/Agency,0.551,4,0,3.73,1,24,0.46696879664258967,Medium,199,92.92679053187534,Billing friction,Resolve billing issue
C03033,Pro,Month-to-month,Credit Card,USA,E-commerce,0.883,5,1,4.78,0,24,0.15049297683938953,Low,79,11.888945170311773,Month-to-month contract,Renewal / contract intervention
C03034,Basic,1-Year,Manual Invoice,USA,E-commerce,0.02,3,0,3.88,0,7,0.31697099264885176,Medium,29,9.192158786816702,Low engagement,Increase product engagement
C03036,Basic,Month-to-month,Credit Card,Germany,Manufacturing,0.596,1,0,4.05,0,2,0.2795276726294746,Low,29,8.106302506254764,Month-to-month contract + Low feature adoption,Product training / onboarding + Renewal / contract intervention
C03037,Basic,2-Year,Credit Card,Australia,E-commerce,0.602,7,1,3.59,2,7,0.5084139116693519,Medium,29,14.744003438411205,Billing friction,Resolve billing issue
C03038,Enterprise,1-Year,ACH/Bank Transfer,UK,SaaS/Tech,0.408,9,4,2.51,1,25,0.731316256187725,High,199,145.53193498135727,Low satisfaction + Billing friction + High support activity,Resolve billing issue + Customer success outreach + Priority support review
C03039,Basic,1-Year,Manual Invoice,India,Nonprofit,0.383,4,0,4.54,0,16,0.1373961237624571,Low,29,3.984487589111256,Low engagement,Increase product engagement
C03040,Pro,Month-to-month,PayPal,Canada,Finance,0.943,4,1,3.64,0,36,0.2935751518205026,Low,79,23.192436993819705,Inactivity + Month-to-month contract,Launch re-engagement campaign + Renewal / contract intervention
C03042,Basic,1-Year,ACH/Bank Transfer,UK,Marketing/Agency,0.664,10,2,3.02,2,0,0.5227857058250363,Medium,29,15.16078546892605,Billing friction,Resolve billing issue
C03044,Basic,2-Year,Credit Card,USA,E-commerce,0.524,5,4,4.01,0,9,0.29909772880520064,Low,29,8.673834135350818,High support activity,Priority support review
C03045,Pro,2-Year,PayPal,Australia,SaaS/Tech,0.496,6,1,3.82,2,20,0.617330101394998,High,79,48.769078010204844,Billing friction,Resolve billing issue
C03046,Basic,1-Year,Credit Card,USA,SaaS/Tech,0.591,6,1,5.0,0,25,0.09688151165654964,Low,29,2.8095638380399395,No major warning signal,Standard customer success monitoring
C03047,Pro,Month-to-month,Credit Card,India,Finance,0.52,5,1,2.42,0,0,0.48780280717864083,Medium,79,38.53642176711263,Low satisfaction + Month-to-month contract,Customer success outreach + Renewal / contract intervention
C03048,Pro,2-Year,Credit Card,Germany,Finance,0.02,6,1,3.53,0,8,0.3099860463130728,Medium,79,24.488897658732753,Low engagement,Increase product engagement
C03049,Pro,1-Year,Credit Card,USA,Manufacturing,0.468,3,2,4.03,2,6,0.7346227687124505,High,79,58.03519872828359,Billing friction,Resolve billing issue
C03050,Enterprise,Month-to-month,ACH/Bank Transfer,Germany,Marketing/Agency,0.533,5,5,4.67,1,9,0.6812720536541844,High,199,135.5731386771827,Billing friction + High support activity + Month-to-month contract,Resolve billing issue + Priority support review + Renewal / contract intervention
C03051,Pro,Month-to-month,Credit Card,USA,Nonprofit,0.675,4,0,4.64,0,3,0.1512939197190867,Low,79,11.95221965780785,Month-to-month contract,Renewal / contract intervention
C03053,Basic,Month-to-month,Credit Card,India,Nonprofit,0.652,6,1,4.34,1,10,0.36395835388872133,Medium,29,10.554792262772919,Billing friction + Month-to-month contract,Resolve billing issue + Renewal / contract intervention
C03054,Basic,Month-to-month,Credit Card,UK,Manufacturing,0.131,8,1,2.89,0,9,0.45231888756259103,Medium,29,13.11724773931514,Low engagement + Low satisfaction + Month-to-month contract,Customer success outreach + Increase product engagement + Renewal / contract intervention
C03055,Basic,Month-to-month,Credit Card,USA,Manufacturing,0.626,3,1,3.96,0,1,0.27050325468201614,Low,29,7.844594385778468,Month-to-month contract,Renewal / contract intervention
C03056,Enterprise,Month-to-month,Credit Card,USA,SaaS/Tech,0.774,6,0,3.77,0,2,0.1269286551483305,Low,199,25.258802374517767,Month-to-month contract,Renewal / contract intervention
C03057,Basic,1-Year,Credit Card,Canada,Finance,0.136,9,1,5.0,0,29,0.14517444603647528,Low,29,4.210058935057783,Low engagement,Increase product engagement
C03058,Enterprise,1-Year,ACH/Bank Transfer,UK,Nonprofit,0.634,3,0,3.69,0,23,0.26754875072031775,Low,199,53.24220139334323,No major warning signal,Standard customer success monitoring
C03059,Pro,Month-to-month,ACH/Bank Transfer,UK,Manufacturing,0.561,6,2,3.72,0,1,0.31432311812103236,Medium,79,24.831526331561555,Month-to-month contract,Renewal / contract intervention
C03061,Basic,2-Year,Credit Card,USA,Manufacturing,0.287,4,2,4.04,0,14,0.29876413134873886,Low,29,8.664159809113427,Low engagement,Increase product engagement
C03063,Enterprise,1-Year,Credit Card,USA,Marketing/Agency,0.577,4,1,4.81,2,4,0.502391041305614,Medium,199,99.97581721981717,Billing friction,Resolve billing issue
C03064,Pro,1-Year,ACH/Bank Transfer,USA,Finance,0.812,4,3,4.23,0,41,0.319930461208776,Medium,79,25.274506435493304,High support activity + Inactivity,Launch re-engagement campaign + Priority support review
C03065,Pro,1-Year,Credit Card,India,SaaS/Tech,0.35,5,1,4.25,1,0,0.37461312981236705,Medium,79,29.594437255177,Low engagement + Billing friction,Resolve billing issue + Increase product engagement
C03066,Basic,Month-to-month,Credit Card,USA,Healthcare,0.81,1,1,4.9,0,4,0.20258537356123898,Low,29,5.874975833275931,Month-to-month contract + Low feature adoption,Product training / onboarding + Renewal / contract intervention
C03067,Basic,Month-to-month,Credit Card,USA,Healthcare,0.472,7,1,3.43,1,8,0.48728982821751615,Medium,29,14.131405018307968,Billing friction + Month-to-month contract,Resolve billing issue + Renewal / contract intervention
C03068,Pro,Month-to-month,ACH/Bank Transfer,Canada,SaaS/Tech,0.968,10,1,3.68,1,23,0.23438738326850678,Low,79,18.516603278212035,Billing friction + Month-to-month contract,Resolve billing issue + Renewal / contract intervention
C03069,Pro,2-Year,ACH/Bank Transfer,Germany,Healthcare,0.766,3,0,4.19,0,3,0.09169590134814726,Low,79,7.243976206503634,No major warning signal,Standard customer success monitoring
C03070,Pro,Month-to-month,PayPal,USA,SaaS/Tech,0.678,2,2,3.98,0,10,0.41046658139142245,Medium,79,32.42685992992237,Month-to-month contract + Low feature adoption,Product training / onboarding + Renewal / contract intervention
C03071,Pro,1-Year,PayPal,USA,E-commerce,0.337,5,1,4.09,1,37,0.5578098827151139,Medium,79,44.066980734493995,Low engagement + Billing friction + Inactivity,Resolve billing issue + Increase product engagement + Launch re-engagement campaign
C03073,Basic,Month-to-month,Manual Invoice,UK,Finance,0.656,4,0,3.32,0,33,0.35378676492482275,Medium,29,10.25981618281986,Inactivity + Month-to-month contract,Launch re-engagement campaign + Renewal / contract intervention
C03074,Basic,Month-to-month,ACH/Bank Transfer,USA,Manufacturing,0.574,7,3,5.0,0,1,0.14028561405213874,Low,29,4.068282807512023,High support activity + Month-to-month contract,Priority support review + Renewal / contract intervention
C03075,Pro,Month-to-month,PayPal,India,Healthcare,0.501,3,4,4.78,0,22,0.5136186762197276,Medium,79,40.575875421358475,High support activity + Month-to-month contract,Priority support review + Renewal / contract intervention
C03078,Enterprise,Month-to-month,Credit Card,USA,SaaS/Tech,0.454,7,1,3.96,0,23,0.26944826007803063,Low,199,53.620203755528095,Month-to-month contract,Renewal / contract intervention
C03080,Basic,2-Year,Credit Card,Canada,Marketing/Agency,0.765,5,3,4.52,0,10,0.15822901259327013,Low,29,4.5886413652048335,High support activity,Priority support review
C03083,Enterprise,2-Year,Credit Card,Canada,Nonprofit,0.481,2,0,4.69,0,4,0.16068701707360597,Low,199,31.97671639764759,Low feature adoption,Product training / onboarding
C03085,Basic,Month-to-month,ACH/Bank Transfer,UK,E-commerce,0.02,8,4,3.02,0,0,0.6915399443265633,High,29,20.054658385470336,Low engagement + High support activity + Month-to-month contract,Increase product engagement + Priority support review + Renewal / contract intervention
C03086,Enterprise,Month-to-month,ACH/Bank Transfer,Canada,Nonprofit,0.074,9,0,5.0,1,3,0.31742534951740486,Medium,199,63.16764455396357,Low engagement + Billing friction + Month-to-month contract,Resolve billing issue + Increase product engagement + Renewal / contract intervention
C03087,Basic,Month-to-month,Credit Card,USA,Marketing/Agency,0.227,8,0,4.37,0,11,0.1987455007600369,Low,29,5.763619522041069,Low engagement + Month-to-month contract,Increase product engagement + Renewal / contract intervention
C03088,Basic,1-Year,Credit Card,USA,SaaS/Tech,0.467,5,2,3.35,0,12,0.31590598411216686,Medium,29,9.16127353925284,No major warning signal,Standard customer success monitoring
C03089,Pro,Month-to-month,Credit Card,UK,Education,0.75,4,0,5.0,1,21,0.33391387006295403,Medium,79,26.37919573497337,Billing friction + Month-to-month contract,Resolve billing issue + Renewal / contract intervention
C03090,Pro,1-Year,Credit Card,UK,Education,0.533,6,0,3.06,0,1,0.19395078414100855,Low,79,15.322111947139677,No major warning signal,Standard customer success monitoring
C03091,Pro,Month-to-month,Credit Card,Germany,Marketing/Agency,0.754,7,1,4.75,0,2,0.09088072024191066,Low,79,7.179576899110942,Month-to-month contract,Renewal / contract intervention
C03093,Pro,1-Year,Credit Card,USA,Nonprofit,0.718,7,0,4.17,0,12,0.06713834620830396,Low,79,5.303929350456013,No major warning signal,Standard customer success monitoring
C03094,Enterprise,Month-to-month,ACH/Bank Transfer,USA,Nonprofit,0.629,4,0,2.78,2,1,0.7967697067920653,High,199,158.557171651621,Low satisfaction + Billing friction + Month-to-month contract,Resolve billing issue + Customer success outreach + Renewal / contract intervention
C03095,Basic,2-Year,Manual Invoice,Australia,E-commerce,0.429,5,3,4.05,0,12,0.2406730734770548,Low,29,6.979519130834589,High support activity,Priority support review
C03096,Enterprise,Month-to-month,PayPal,USA,Nonprofit,0.938,4,1,4.57,1,26,0.34693957796341185,Medium,199,69.04097601471896,Billing friction + Month-to-month contract,Resolve billing issue + Renewal / contract intervention
C03097,Pro,1-Year,PayPal,USA,Healthcare,0.588,1,1,4.72,1,15,0.42889280022272697,Medium,79,33.88253121759543,Billing friction + Low feature adoption,Resolve billing issue + Product training / onboarding
C03098,Basic,1-Year,Credit Card,Germany,Nonprofit,0.54,7,1,4.33,0,15,0.10132949355341966,Low,29,2.93855531304917,No major warning signal,Standard customer success monitoring
C03099,Pro,1-Year,ACH/Bank Transfer,USA,Marketing/Agency,0.937,6,0,4.59,0,30,0.0734027438787189,Low,79,5.798816766418793,No major warning signal,Standard customer success monitoring
C03100,Pro,Month-to-month,Credit Card,USA,SaaS/Tech,0.583,5,2,2.71,0,1,0.46423967606637134,Medium,79,36.674934409243335,Low satisfaction + Month-to-month contract,Customer success outreach + Renewal / contract intervention
C03101,Enterprise,1-Year,ACH/Bank Transfer,Germany,SaaS/Tech,0.62,3,2,5.0,0,9,0.15067720591778946,Low,199,29.984763977640103,No major warning signal,Standard customer success monitoring
C03103,Basic,1-Year,Credit Card,India,Education,0.44,4,1,4.22,1,0,0.3808763752713578,Medium,29,11.045414882869377,Billing friction,Resolve billing issue
C03104,Pro,Month-to-month,Credit Card,Canada,SaaS/Tech,0.624,1,2,4.66,0,8,0.41132482918837926,Medium,79,32.494661505881965,Month-to-month contract + Low feature adoption,Product training / onboarding + Renewal / contract intervention
C03105,Pro,Month-to-month,Credit Card,USA,Finance,0.487,2,0,4.33,0,43,0.48678845170119084,Medium,79,38.45628768439408,Inactivity + Month-to-month contract + Low feature adoption,Launch re-engagement campaign + Product training / onboarding + Renewal / contract intervention
C03106,Pro,Month-to-month,ACH/Bank Transfer,USA,Manufacturing,0.553,7,3,4.16,1,5,0.47918448832949656,Medium,79,37.85557457803023,Billing friction + High support activity + Month-to-month contract,Resolve billing issue + Priority support review + Renewal / contract intervention
C03108,Pro,Month-to-month,Credit Card,India,Healthcare,0.454,3,2,4.28,1,7,0.6597758052443976,High,79,52.12228861430741,Billing friction + Month-to-month contract,Resolve billing issue + Renewal / contract intervention
C03111,Pro,Month-to-month,PayPal,USA,Nonprofit,0.869,5,0,3.96,0,0,0.11748922389172617,Low,79,9.281648687446367,Month-to-month contract,Renewal / contract intervention
C03112,Basic,2-Year,Manual Invoice,India,Education,0.667,5,2,4.89,0,33,0.11210311806539239,Low,29,3.250990423896379,Inactivity,Launch re-engagement campaign
C03113,Basic,Month-to-month,PayPal,Canada,Finance,0.646,6,1,5.0,2,8,0.49181711120691424,Medium,29,14.262696225000512,Billing friction + Month-to-month contract,Resolve billing issue + Renewal / contract intervention
C03114,Enterprise,Month-to-month,ACH/Bank Transfer,USA,Healthcare,0.793,3,3,5.0,1,3,0.4461450541288257,Medium,199,88.78286577163632,Billing friction + High support activity + Month-to-month contract,Resolve billing issue + Priority support review + Renewal / contract intervention
C03115,Pro,Month-to-month,Credit Card,India,Finance,0.661,9,2,4.66,0,23,0.1449035712326795,Low,79,11.44738212738168,Month-to-month contract,Renewal / contract intervention
C03116,Pro,1-Year,PayPal,USA,Education,0.02,2,3,3.27,1,1,0.8518738375679792,High,79,67.29803316787036,Low engagement + Billing friction + High support activity + Low feature adoption,Resolve billing issue + Increase product engagement + Product training / onboarding + Priority support review
C03117,Pro,Month-to-month,PayPal,UK,SaaS/Tech,0.597,3,0,2.84,1,0,0.6529441296360637,High,79,51.58258624124903,Low satisfaction + Billing friction + Month-to-month contract,Resolve billing issue + Customer success outreach + Renewal / contract intervention
C03118,Enterprise,Month-to-month,Manual Invoice,Canada,Manufacturing,0.273,4,0,3.28,0,8,0.37947326994039304,Medium,199,75.51518071813821,Low engagement + Month-to-month contract,Increase product engagement + Renewal / contract intervention
C03119,Basic,Month-to-month,Credit Card,USA,Marketing/Agency,0.627,8,1,4.7,2,54,0.6593826335236999,High,29,19.122096372187297,Billing friction + Inactivity + Month-to-month contract,Resolve billing issue + Launch re-engagement campaign + Renewal / contract intervention
C03120,Basic,1-Year,ACH/Bank Transfer,Germany,Finance,0.331,5,1,3.06,0,4,0.31816511102291106,Medium,29,9.22678821966442,Low engagement,Increase product engagement
C03122,Basic,1-Year,PayPal,Canada,Marketing/Agency,0.792,4,0,3.59,0,1,0.13109579486886427,Low,29,3.801778051197064,No major warning signal,Standard customer success monitoring
C03124,Enterprise,2-Year,Manual Invoice,USA,Education,0.583,3,0,2.49,0,3,0.229532283641678,Low,199,45.676924444693924,Low satisfaction,Customer success outreach
C03125,Pro,Month-to-month,ACH/Bank Transfer,India,SaaS/Tech,0.513,6,2,4.76,0,1,0.20932551523409737,Low,79,16.53671570349369,Month-to-month contract,Renewal / contract intervention
C03128,Basic,1-Year,Credit Card,Canada,Healthcare,0.687,5,0,3.99,0,8,0.11069308395922019,Low,29,3.2100994348173852,No major warning signal,Standard customer success monitoring
C03129,Basic,1-Year,PayPal,India,Education,0.483,2,0,3.48,0,42,0.44002675836287786,Medium,29,12.760775992523458,Inactivity + Low feature adoption,Launch re-engagement campaign + Product training / onboarding
C03130,Basic,2-Year,Credit Card,USA,SaaS/Tech,0.575,2,2,3.92,0,7,0.2797628180683855,Low,29,8.113121723983179,Low feature adoption,Product training / onboarding
C03131,Enterprise,2-Year,PayPal,UK,Manufacturing,0.564,7,4,5.0,0,2,0.1062318938259984,Low,199,21.14014687137368,High support activity,Priority support review
C03132,Pro,Month-to-month,Credit Card,India,E-commerce,0.358,5,1,5.0,1,4,0.44002919619307657,Medium,79,34.76230649925305,Low engagement + Billing friction + Month-to-month contract,Resolve billing issue + Increase product engagement + Renewal / contract intervention
C03133,Basic,1-Year,PayPal,USA,Healthcare,0.788,4,0,5.0,0,9,0.054514127728537885,Low,29,1.5809097041275986,No major warning signal,Standard customer success monitoring
C03134,Basic,1-Year,Credit Card,USA,Marketing/Agency,0.815,3,3,4.31,0,5,0.21672647585112975,Low,29,6.285067799682762,High support activity,Priority support review
C03135,Enterprise,2-Year,PayPal,Canada,Education,0.303,4,2,4.27,0,6,0.2750810283268624,Low,199,54.741124637045615,Low engagement,Increase product engagement
C03136,Pro,2-Year,Credit Card,USA,Marketing/Agency,0.402,3,2,5.0,0,14,0.24373756466931204,Low,79,19.255267608875652,No major warning signal,Standard customer success monitoring
C03137,Pro,Month-to-month,ACH/Bank Transfer,Canada,Healthcare,0.551,5,1,4.27,0,1,0.246583114125998,Low,79,19.48006601595384,Month-to-month contract,Renewal / contract intervention
C03138,Pro,1-Year,Manual Invoice,India,SaaS/Tech,0.919,4,2,4.91,0,3,0.061797295372360936,Low,79,4.8819863344165135,No major warning signal,Standard customer success monitoring
C03139,Pro,Month-to-month,Credit Card,Germany,Nonprofit,0.683,3,3,3.9,1,15,0.6941715573006665,High,79,54.839553026752654,Billing friction + High support activity + Month-to-month contract,Resolve billing issue + Priority support review + Renewal / contract intervention
C03140,Enterprise,1-Year,Manual Invoice,Canada,SaaS/Tech,0.407,5,2,4.83,1,10,0.3077015030122501,Medium,199,61.23259909943776,Billing friction,Resolve billing issue
C03141,Basic,1-Year,PayPal,USA,Marketing/Agency,0.699,7,2,5.0,1,5,0.14900049805251614,Low,29,4.321014443522968,Billing friction,Resolve billing issue
C03142,Basic,Month-to-month,Credit Card,USA,Education,1.0,9,2,3.56,0,21,0.1307193744392745,Low,29,3.7908618587389604,Month-to-month contract,Renewal / contract intervention
C03143,Pro,Month-to-month,Manual Invoice,UK,Education,0.668,7,1,4.43,2,2,0.4428228259676841,Medium,79,34.983003251447045,Billing friction + Month-to-month contract,Resolve billing issue + Renewal / contract intervention
C03144,Basic,Month-to-month,ACH/Bank Transfer,Australia,Manufacturing,0.858,2,0,3.54,1,16,0.5447748786545473,Medium,29,15.798471480981872,Billing friction + Month-to-month contract + Low feature adoption,Resolve billing issue + Product training / onboarding + Renewal / contract intervention
C03145,Pro,Month-to-month,Credit Card,India,Healthcare,0.697,6,2,3.03,1,36,0.7092895438992319,High,79,56.03387396803932,Billing friction + Inactivity + Month-to-month contract,Resolve billing issue + Launch re-engagement campaign + Renewal / contract intervention
C03151,Pro,1-Year,Credit Card,USA,Manufacturing,0.792,2,1,5.0,1,5,0.23064849282202196,Low,79,18.221230932939736,Billing friction + Low feature adoption,Resolve billing issue + Product training / onboarding
C03152,Pro,2-Year,Credit Card,India,SaaS/Tech,0.547,2,0,4.32,1,0,0.32283954039367513,Medium,79,25.504323691100335,Billing friction + Low feature adoption,Resolve billing issue + Product training / onboarding
C03153,Basic,Month-to-month,Manual Invoice,India,Marketing/Agency,0.702,3,0,5.0,0,8,0.12415248846132543,Low,29,3.600422165378437,Month-to-month contract,Renewal / contract intervention
C03154,Pro,1-Year,ACH/Bank Transfer,USA,Nonprofit,0.743,5,0,3.19,2,17,0.6137516658603868,High,79,48.48638160297055,Billing friction,Resolve billing issue
C03157,Basic,Month-to-month,Credit Card,USA,E-commerce,0.452,5,3,5.0,0,16,0.3291897522176307,Medium,29,9.54650281431129,High support activity + Month-to-month contract,Priority support review + Renewal / contract intervention
C03158,Enterprise,1-Year,Credit Card,Germany,Education,0.943,3,1,5.0,2,22,0.3877894934374131,Medium,199,77.17010919404521,Billing friction,Resolve billing issue
C03159,Pro,2-Year,Credit Card,India,SaaS/Tech,0.527,5,0,5.0,0,2,0.06536565981816073,Low,79,5.163887125634697,No major warning signal,Standard customer success monitoring
C03160,Enterprise,Month-to-month,ACH/Bank Transfer,USA,E-commerce,0.593,2,1,4.35,1,22,0.6466789932894021,High,199,128.68911966459103,Billing friction + Month-to-month contract + Low feature adoption,Resolve billing issue + Product training / onboarding + Renewal / contract intervention
C03162,Enterprise,2-Year,ACH/Bank Transfer,USA,Marketing/Agency,0.521,3,0,3.44,0,5,0.24036265714330915,Low,199,47.83216877151852,No major warning signal,Standard customer success monitoring
C03163,Basic,2-Year,ACH/Bank Transfer,USA,Manufacturing,0.093,1,1,4.74,0,28,0.4335639553520031,Medium,29,12.57335470520809,Low engagement + Low feature adoption,Increase product engagement + Product training / onboarding
C03164,Pro,1-Year,ACH/Bank Transfer,Australia,Nonprofit,0.483,4,1,4.63,0,6,0.19763147583189192,Low,79,15.612886590719462,No major warning signal,Standard customer success monitoring
C03165,Pro,Month-to-month,Credit Card,USA,Education,0.672,7,2,5.0,0,2,0.11521991861301303,Low,79,9.10237357042803,Month-to-month contract,Renewal / contract intervention
C03166,Pro,Month-to-month,Credit Card,Germany,Finance,0.585,3,1,4.23,0,14,0.3199973994865346,Medium,79,25.279794559436233,Month-to-month contract,Renewal / contract intervention
C03167,Pro,Month-to-month,Manual Invoice,UK,Education,0.704,8,1,3.5,0,0,0.13040704181916862,Low,79,10.302156303714321,Month-to-month contract,Renewal / contract intervention
C03168,Enterprise,Month-to-month,Credit Card,UK,Nonprofit,0.297,2,1,3.71,0,60,0.7889618046971506,High,199,157.00339913473297,Low engagement + Inactivity + Month-to-month contract + Low feature adoption,Increase product engagement + Launch re-engagement campaign + Product training / onboarding + Renewal / contract intervention
C03169,Basic,Month-to-month,ACH/Bank Transfer,USA,SaaS/Tech,0.53,3,3,4.07,1,14,0.7303928652897257,High,29,21.181393093402043,Billing friction + High support activity + Month-to-month contract,Resolve billing issue + Priority support review + Renewal / contract intervention
C03170,Pro,Month-to-month,Credit Card,Australia,Education,0.446,2,0,4.65,2,5,0.763750441059724,High,79,60.3362848437182,Billing friction + Month-to-month contract + Low feature adoption,Resolve billing issue + Product training / onboarding + Renewal / contract intervention
C03174,Basic,2-Year,Credit Card,Australia,Education,0.888,3,0,2.3,0,6,0.24302818509582197,Low,29,7.047817367778837,Low satisfaction,Customer success outreach
C03175,Basic,1-Year,PayPal,India,SaaS/Tech,0.387,2,1,4.59,1,7,0.4460214778749025,Medium,29,12.934622858372173,Low engagement + Billing friction + Low feature adoption,Resolve billing issue + Increase product engagement + Product training / onboarding
C03177,Basic,Month-to-month,Credit Card,USA,Marketing/Agency,0.627,3,0,3.92,1,11,0.5333279175013059,Medium,29,15.466509607537873,Billing friction + Month-to-month contract,Resolve billing issue + Renewal / contract intervention
C03178,Enterprise,1-Year,ACH/Bank Transfer,Australia,Finance,0.962,5,0,3.17,0,5,0.1218204454044356,Low,199,24.242268635482684,No major warning signal,Standard customer success monitoring
C03179,Pro,2-Year,Credit Card,UK,Healthcare,0.19,4,2,3.84,0,25,0.48277451286384604,Medium,79,38.13918651624384,Low engagement,Increase product engagement
C03180,Pro,Month-to-month,Credit Card,USA,Education,0.782,3,1,5.0,1,0,0.31828498002112215,Medium,79,25.144513421668652,Billing friction + Month-to-month contract,Resolve billing issue + Renewal / contract intervention
C03181,Basic,1-Year,Credit Card,USA,Marketing/Agency,0.502,0,1,2.57,0,62,0.8089272161869461,High,29,23.458889269421437,Low satisfaction + Inactivity + Low feature adoption,Customer success outreach + Launch re-engagement campaign + Product training / onboarding
C03182,Enterprise,Month-to-month,Credit Card,UK,Manufacturing,0.825,5,1,4.19,0,2,0.14758955737244076,Low,199,29.37032191711571,Month-to-month contract,Renewal / contract intervention
C03183,Basic,Month-to-month,PayPal,India,Healthcare,0.353,4,1,2.93,0,0,0.48815921282693797,Medium,29,14.156617171981202,Low engagement + Low satisfaction + Month-to-month contract,Customer success outreach + Increase product engagement + Renewal / contract intervention
C03184,Pro,1-Year,Credit Card,Germany,E-commerce,0.459,6,0,3.98,0,2,0.11014351490372233,Low,79,8.701337677394065,No major warning signal,Standard customer success monitoring
C03186,Basic,Month-to-month,Manual Invoice,Germany,Finance,0.756,4,0,2.8,0,36,0.3381499300967871,Medium,29,9.806347972806826,Low satisfaction + Inactivity + Month-to-month contract,Customer success outreach + Launch re-engagement campaign + Renewal / contract intervention
C03189,Pro,Month-to-month,Credit Card,USA,Healthcare,0.473,5,0,5.0,0,20,0.17458516568795254,Low,79,13.792228089348251,Month-to-month contract,Renewal / contract intervention
C03190,Enterprise,2-Year,ACH/Bank Transfer,USA,Education,0.433,4,2,3.92,0,2,0.25457648997359167,Low,199,50.66072150474474,No major warning signal,Standard customer success monitoring
C03191,Basic,1-Year,ACH/Bank Transfer,USA,Manufacturing,0.994,7,0,3.17,2,0,0.28293129385643756,Low,29,8.20500752183669,Billing friction,Resolve billing issue
C03192,Enterprise,2-Year,Credit Card,Germany,Finance,0.463,2,1,5.0,0,0,0.1359251979920523,Low,199,27.049114400418407,Low feature adoption,Product training / onboarding
C03193,Basic,1-Year,Credit Card,UK,Manufacturing,0.931,5,3,3.92,0,19,0.1788579306757799,Low,29,5.186879989597617,High support activity,Priority support review
C03194,Enterprise,2-Year,Credit Card,UK,Manufacturing,0.436,3,0,4.84,0,6,0.11950335153688257,Low,199,23.781166955839634,No major warning signal,Standard customer success monitoring
C03195,Basic,2-Year,Credit Card,UK,SaaS/Tech,0.461,5,1,4.0,0,9,0.1819803059930723,Low,29,5.277428873799097,No major warning signal,Standard customer success monitoring
C03197,Basic,1-Year,Credit Card,Australia,Healthcare,0.489,0,2,4.0,0,12,0.48108547424868514,Medium,29,13.95147875321187,Low feature adoption,Product training / onboarding
C03198,Basic,2-Year,ACH/Bank Transfer,USA,Marketing/Agency,0.466,8,1,3.8,1,8,0.2671798647114499,Low,29,7.748216076632047,Billing friction,Resolve billing issue
C03199,Basic,Month-to-month,ACH/Bank Transfer,Canada,Education,0.73,5,0,4.27,1,22,0.3996437414220262,Medium,29,11.589668501238759,Billing friction + Month-to-month contract,Resolve billing issue + Renewal / contract intervention
C03200,Pro,Month-to-month,ACH/Bank Transfer,India,E-commerce,0.695,1,2,3.17,0,13,0.6470289275511438,High,79,51.11528527654036,Month-to-month contract + Low feature adoption,Product training / onboarding + Renewal / contract intervention
C03202,Pro,2-Year,PayPal,USA,Nonprofit,0.528,4,1,3.32,0,8,0.24544799571506645,Low,79,19.39039166149025,No major warning signal,Standard customer success monitoring
C03203,Basic,Month-to-month,Credit Card,Australia,Education,0.897,5,1,4.02,1,2,0.3396773663848655,Medium,29,9.8506436251611,Billing friction + Month-to-month contract,Resolve billing issue + Renewal / contract intervention
C03205,Enterprise,1-Year,PayPal,UK,SaaS/Tech,0.546,6,0,5.0,0,19,0.07943998817587027,Low,199,15.808557646998183,No major warning signal,Standard customer success monitoring
C03206,Enterprise,1-Year,Credit Card,India,Finance,0.924,5,2,2.69,0,1,0.21135236006786834,Low,199,42.059119653505796,Low satisfaction,Customer success outreach
C03207,Basic,1-Year,Manual Invoice,USA,Manufacturing,0.527,5,2,5.0,2,5,0.3806111375031112,Medium,29,11.037722987590225,Billing friction,Resolve billing issue
C03208,Basic,Month-to-month,PayPal,India,Finance,0.471,4,1,3.77,0,10,0.3752783626138055,Medium,29,10.88307251580036,Month-to-month contract,Renewal / contract intervention
C03209,Enterprise,2-Year,Credit Card,Australia,Nonprofit,0.609,3,1,2.86,1,5,0.5722811143498603,Medium,199,113.8839417556222,Low satisfaction + Billing friction,Resolve billing issue + Customer success outreach
C03210,Basic,Month-to-month,Credit Card,USA,Finance,0.48,3,3,4.37,0,6,0.44898410135199984,Medium,29,13.020538939207995,High support activity + Month-to-month contract,Priority support review + Renewal / contract intervention
C03211,Basic,Month-to-month,Credit Card,UK,Marketing/Agency,0.471,0,0,5.0,0,0,0.3453739393250015,Medium,29,10.015844240425043,Month-to-month contract + Low feature adoption,Product training / onboarding + Renewal / contract intervention
C03213,Pro,1-Year,ACH/Bank Transfer,UK,Nonprofit,1.0,3,1,3.66,0,1,0.159265795496073,Low,79,12.581997844189768,No major warning signal,Standard customer success monitoring
C03214,Enterprise,1-Year,ACH/Bank Transfer,Canada,Marketing/Agency,0.442,3,3,4.88,1,27,0.6548348966245603,High,199,130.3121444282875,Billing friction + High support activity,Resolve billing issue + Priority support review
C03215,Basic,Month-to-month,Credit Card,UK,Finance,0.467,3,1,4.33,0,4,0.35869939499860987,Medium,29,10.402282454959686,Month-to-month contract,Renewal / contract intervention
C03217,Pro,1-Year,ACH/Bank Transfer,USA,E-commerce,0.574,1,1,4.05,0,15,0.35326825268129125,Medium,79,27.90819196182201,Low feature adoption,Product training / onboarding
C03218,Basic,1-Year,Credit Card,UK,SaaS/Tech,0.859,3,1,4.47,1,2,0.24928080058353147,Low,29,7.229143216922413,Billing friction,Resolve billing issue
C03219,Enterprise,Month-to-month,Credit Card,USA,Education,0.434,3,3,3.16,0,15,0.6889408042544442,High,199,137.09922004663437,High support activity + Month-to-month contract,Priority support review + Renewal / contract intervention
C03220,Enterprise,Month-to-month,Credit Card,Germany,E-commerce,0.671,3,1,2.74,0,0,0.40660109712498876,Medium,199,80.91361832787277,Low satisfaction + Month-to-month contract,Customer success outreach + Renewal / contract intervention
C03221,Basic,Month-to-month,PayPal,USA,Manufacturing,0.54,4,4,3.31,0,3,0.5412115648790191,Medium,29,15.695135381491554,High support activity + Month-to-month contract,Priority support review + Renewal / contract intervention
C03222,Basic,Month-to-month,Credit Card,USA,Nonprofit,0.839,7,2,5.0,0,5,0.0890871097609678,Low,29,2.583526183068066,Month-to-month contract,Renewal / contract intervention
C03223,Enterprise,Month-to-month,Manual Invoice,Germany,Marketing/Agency,0.815,1,2,3.54,2,32,0.8667207200131605,High,199,172.47742328261893,Billing friction + Inactivity + Month-to-month contract + Low feature adoption,Resolve billing issue + Launch re-engagement campaign + Product training / onboarding + Renewal / contract intervention
C03224,Basic,Month-to-month,PayPal,Canada,Healthcare,0.827,3,0,4.79,1,16,0.3166223808646997,Medium,29,9.18204904507629,Billing friction + Month-to-month contract,Resolve billing issue + Renewal / contract intervention
C03226,Basic,Month-to-month,Credit Card,India,Nonprofit,0.994,5,2,4.45,1,1,0.2742473163185427,Low,29,7.953172173237738,Billing friction + Month-to-month contract,Resolve billing issue + Renewal / contract intervention
C03227,Pro,Month-to-month,PayPal,India,Healthcare,0.047,5,0,4.99,0,4,0.2558720050226621,Low,79,20.213888396790306,Low engagement + Month-to-month contract,Increase product engagement + Renewal / contract intervention
C03228,Basic,1-Year,Credit Card,India,Nonprofit,0.343,4,4,4.35,0,9,0.41929472841239046,Medium,29,12.159547123959323,Low engagement + High support activity,Increase product engagement + Priority support review
C03229,Basic,1-Year,ACH/Bank Transfer,USA,Healthcare,0.671,2,0,3.97,0,17,0.21176015508332405,Low,29,6.141044497416398,Low feature adoption,Product training / onboarding
C03230,Pro,2-Year,Manual Invoice,UK,SaaS/Tech,0.317,3,1,3.94,0,4,0.2439878519793432,Low,79,19.275040306368112,Low engagement,Increase product engagement
C03231,Enterprise,Month-to-month,Credit Card,UK,E-commerce,0.657,3,2,3.64,0,1,0.4344716454403912,Medium,199,86.45985744263784,Month-to-month contract,Renewal / contract intervention
C03232,Enterprise,1-Year,Manual Invoice,India,E-commerce,0.272,2,1,3.55,0,9,0.3867624409889665,Medium,199,76.96572575680433,Low engagement + Low feature adoption,Increase product engagement + Product training / onboarding
C03233,Basic,Month-to-month,ACH/Bank Transfer,India,Finance,0.755,6,0,4.01,0,3,0.1330576192287865,Low,29,3.858670957634809,Month-to-month contract,Renewal / contract intervention
C03235,Pro,1-Year,Credit Card,India,SaaS/Tech,0.288,2,3,4.55,1,3,0.648375731687386,High,79,51.221682803303494,Low engagement + Billing friction + High support activity + Low feature adoption,Resolve billing issue + Increase product engagement + Product training / onboarding + Priority support review
C03237,Pro,2-Year,Manual Invoice,USA,E-commerce,0.594,6,0,4.85,0,4,0.04048752452560928,Low,79,3.198514437523133,No major warning signal,Standard customer success monitoring
C03238,Pro,1-Year,Credit Card,India,Healthcare,0.543,3,4,4.21,0,19,0.43508140287060193,Medium,79,34.371430826777555,High support activity,Priority support review
C03239,Pro,1-Year,ACH/Bank Transfer,USA,E-commerce,0.749,5,1,3.47,1,16,0.3997822220726074,Medium,79,31.582795543735983,Billing friction,Resolve billing issue
C03240,Basic,1-Year,PayPal,UK,SaaS/Tech,0.205,2,0,3.91,0,1,0.3336525333640433,Medium,29,9.675923467557256,Low engagement + Low feature adoption,Increase product engagement + Product training / onboarding
C03241,Basic,1-Year,Credit Card,USA,Finance,0.09,6,1,3.64,1,68,0.7808096716032551,High,29,22.643480476494396,Low engagement + Billing friction + Inactivity,Resolve billing issue + Increase product engagement + Launch re-engagement campaign
C03242,Pro,1-Year,Credit Card,India,Manufacturing,0.721,4,1,3.69,0,40,0.27249003751469475,Low,79,21.526712963660884,Inactivity,Launch re-engagement campaign
C03244,Basic,Month-to-month,Manual Invoice,USA,Education,0.287,1,2,4.3,0,15,0.5478106915999443,Medium,29,15.886510056398386,Low engagement + Month-to-month contract + Low feature adoption,Increase product engagement + Product training / onboarding + Renewal / contract intervention
C03245,Basic,1-Year,Credit Card,Australia,Manufacturing,0.239,5,3,4.7,0,21,0.3448985911893246,Medium,29,10.002059144490413,Low engagement + High support activity,Increase product engagement + Priority support review
C03246,Pro,1-Year,Credit Card,UK,Manufacturing,0.79,6,1,2.79,0,5,0.1798236513986125,Low,79,14.206068460490387,Low satisfaction,Customer success outreach
C03247,Basic,2-Year,Credit Card,USA,Healthcare,0.781,2,2,4.25,0,2,0.1628441255552158,Low,29,4.722479641101258,Low feature adoption,Product training / onboarding
C03248,Basic,1-Year,ACH/Bank Transfer,Australia,Marketing/Agency,0.42,0,1,4.35,1,3,0.6533592645530767,High,29,18.947418672039223,Billing friction + Low feature adoption,Resolve billing issue + Product training / onboarding
C03250,Enterprise,Month-to-month,ACH/Bank Transfer,USA,SaaS/Tech,0.446,6,1,4.33,0,4,0.2141284198118286,Low,199,42.61155554255389,Month-to-month contract,Renewal / contract intervention
C03251,Basic,Month-to-month,Manual Invoice,UK,Nonprofit,0.356,6,1,4.51,0,23,0.256933898690265,Low,29,7.451083062017685,Low engagement + Month-to-month contract,Increase product engagement + Renewal / contract intervention
C03252,Pro,1-Year,Credit Card,UK,Education,0.305,4,1,3.57,0,2,0.3542380792274292,Medium,79,27.984808258966908,Low engagement,Increase product engagement
C03253,Pro,Month-to-month,PayPal,UK,Manufacturing,0.486,5,3,4.52,0,9,0.3484751416332993,Medium,79,27.529536189030644,High support activity + Month-to-month contract,Priority support review + Renewal / contract intervention
C03254,Pro,1-Year,ACH/Bank Transfer,India,Marketing/Agency,0.531,2,0,3.46,2,1,0.7570742678142716,High,79,59.808867157327455,Billing friction + Low feature adoption,Resolve billing issue + Product training / onboarding
C03255,Pro,Month-to-month,Credit Card,Australia,Finance,0.335,2,1,3.74,2,0,0.8948008486574603,High,79,70.68926704393937,Low engagement + Billing friction + Month-to-month contract + Low feature adoption,Resolve billing issue + Increase product engagement + Product training / onboarding + Renewal / contract intervention
C03256,Enterprise,Month-to-month,ACH/Bank Transfer,Australia,E-commerce,0.62,6,1,4.3,2,22,0.7089353013964593,High,199,141.0781249778954,Billing friction + Month-to-month contract,Resolve billing issue + Renewal / contract intervention
C03257,Basic,Month-to-month,Credit Card,Canada,Manufacturing,0.82,4,2,4.92,1,4,0.3319031449600535,Medium,29,9.625191203841553,Billing friction + Month-to-month contract,Resolve billing issue + Renewal / contract intervention
C03258,Pro,1-Year,Credit Card,India,Nonprofit,0.548,4,0,2.43,2,1,0.7571934529523161,High,79,59.81828278323297,Low satisfaction + Billing friction,Resolve billing issue + Customer success outreach
C03260,Enterprise,1-Year,Credit Card,Germany,Healthcare,0.665,2,4,4.25,1,1,0.5388898616856056,Medium,199,107.23908247543551,Billing friction + High support activity + Low feature adoption,Resolve billing issue + Product training / onboarding + Priority support review
C03261,Pro,Month-to-month,Credit Card,USA,Education,0.41,5,1,5.0,0,0,0.18963169974328623,Low,79,14.980904279719612,Month-to-month contract,Renewal / contract intervention
C03262,Basic,1-Year,ACH/Bank Transfer,Canada,Marketing/Agency,0.718,9,0,5.0,0,1,0.03023116273812156,Low,29,0.8767037194055253,No major warning signal,Standard customer success monitoring
C03263,Pro,Month-to-month,Credit Card,India,Healthcare,0.664,4,1,5.0,0,5,0.16190151823533724,Low,79,12.790219940591642,Month-to-month contract,Renewal / contract intervention
C03264,Pro,Month-to-month,ACH/Bank Transfer,India,Education,0.196,1,0,4.22,1,9,0.7661388826628739,High,79,60.524971730367035,Low engagement + Billing friction + Month-to-month contract + Low feature adoption,Resolve billing issue + Increase product engagement + Product training / onboarding + Renewal / contract intervention
C03265,Basic,Month-to-month,PayPal,USA,Nonprofit,0.715,6,1,5.0,1,14,0.2464998861813469,Low,29,7.14849669925906,Billing friction + Month-to-month contract,Resolve billing issue + Renewal / contract intervention
C03266,Basic,Month-to-month,Credit Card,Canada,SaaS/Tech,0.332,6,2,3.41,0,3,0.44970548815091865,Medium,29,13.041459156376641,Low engagement + Month-to-month contract,Increase product engagement + Renewal / contract intervention
C03268,Pro,Month-to-month,Credit Card,UK,SaaS/Tech,0.366,2,1,5.0,0,19,0.42705320035539074,Medium,79,33.737202828075866,Low engagement + Month-to-month contract + Low feature adoption,Increase product engagement + Product training / onboarding + Renewal / contract intervention
C03270,Pro,Month-to-month,ACH/Bank Transfer,India,Finance,0.622,4,0,3.13,0,16,0.4065056537077566,Medium,79,32.11394664291277,Month-to-month contract,Renewal / contract intervention
C03272,Basic,Month-to-month,Credit Card,USA,Healthcare,0.501,6,3,4.34,0,0,0.25996019175464946,Low,29,7.538845560884834,High support activity + Month-to-month contract,Priority support review + Renewal / contract intervention
C03274,Basic,1-Year,Credit Card,UK,Nonprofit,0.78,6,1,4.04,1,17,0.2715763089054437,Low,29,7.875712958257868,Billing friction,Resolve billing issue
C03277,Pro,1-Year,ACH/Bank Transfer,Canada,Manufacturing,0.45,3,5,3.22,0,5,0.6521269169843708,High,79,51.51802644176529,High support activity,Priority support review
C03278,Basic,2-Year,Credit Card,Canada,SaaS/Tech,0.959,5,1,2.17,1,11,0.4169536091796743,Medium,29,12.091654666210554,Low satisfaction + Billing friction,Resolve billing issue + Customer success outreach
C03281,Pro,Month-to-month,Credit Card,India,SaaS/Tech,0.507,4,3,4.6,0,18,0.4305456756105148,Medium,79,34.01310837323067,High support activity + Month-to-month contract,Priority support review + Renewal / contract intervention
C03282,Pro,Month-to-month,Credit Card,USA,Manufacturing,0.326,9,0,3.08,1,5,0.41878972042735063,Medium,79,33.0843879137607,Low engagement + Billing friction + Month-to-month contract,Resolve billing issue + Increase product engagement + Renewal / contract intervention
C03284,Pro,1-Year,PayPal,USA,Marketing/Agency,0.445,2,2,3.66,1,11,0.6870230854534124,High,79,54.27482375081958,Billing friction + Low feature adoption,Resolve billing issue + Product training / onboarding
C03289,Basic,Month-to-month,Credit Card,USA,SaaS/Tech,0.399,5,1,4.34,0,10,0.2778457738737675,Low,29,8.057527442339259,Low engagement + Month-to-month contract,Increase product engagement + Renewal / contract intervention
C03290,Basic,1-Year,Credit Card,Canada,SaaS/Tech,0.286,3,0,2.38,0,68,0.7607211275072843,High,29,22.060912697711245,Low engagement + Low satisfaction + Inactivity,Customer success outreach + Increase product engagement + Launch re-engagement campaign
C03291,Basic,2-Year,ACH/Bank Transfer,India,Manufacturing,0.748,4,0,4.02,0,28,0.13094814326224816,Low,29,3.7974961546051964,No major warning signal,Standard customer success monitoring
C03292,Basic,1-Year,Manual Invoice,Canada,Finance,0.72,8,1,4.9,0,4,0.03387851666770727,Low,29,0.9824769833635107,No major warning signal,Standard customer success monitoring
C03293,Enterprise,Month-to-month,Credit Card,USA,E-commerce,0.62,5,0,4.71,0,0,0.12092930391688522,Low,199,24.06493147946016,Month-to-month contract,Renewal / contract intervention
C03295,Basic,Month-to-month,Manual Invoice,Australia,E-commerce,0.212,1,0,2.56,0,1,0.6755378289625424,High,29,19.59059703991373,Low engagement + Low satisfaction + Month-to-month contract + Low feature adoption,Customer success outreach + Increase product engagement + Product training / onboarding + Renewal / contract intervention
C03296,Pro,Month-to-month,PayPal,India,Education,0.221,3,2,3.44,0,1,0.6272088911132901,High,79,49.54950239794992,Low engagement + Month-to-month contract,Increase product engagement + Renewal / contract intervention
C03297,Enterprise,1-Year,ACH/Bank Transfer,India,SaaS/Tech,0.595,6,3,3.79,1,7,0.4508865638368899,Medium,199,89.7264262035411,Billing friction + High support activity,Resolve billing issue + Priority support review
C03299,Pro,Month-to-month,PayPal,Australia,Manufacturing,0.357,3,1,5.0,0,6,0.2963435207563424,Low,79,23.41113813975105,Low engagement + Month-to-month contract,Increase product engagement + Renewal / contract intervention
C03300,Basic,2-Year,PayPal,USA,Marketing/Agency,0.466,1,1,4.32,0,10,0.282417705955315,Low,29,8.190113472704136,Low feature adoption,Product training / onboarding
C03301,Pro,Month-to-month,PayPal,India,Education,0.627,3,2,4.81,2,11,0.7404851978007737,High,79,58.49833062626112,Billing friction + Month-to-month contract,Resolve billing issue + Renewal / contract intervention
C03302,Pro,Month-to-month,Credit Card,USA,Marketing/Agency,0.745,4,0,3.02,1,5,0.5511086909884523,Medium,79,43.53758658808773,Billing friction + Month-to-month contract,Resolve billing issue + Renewal / contract intervention
C03303,Basic,1-Year,Credit Card,India,Nonprofit,0.568,3,3,5.0,2,0,0.6364524433411672,High,29,18.45712085689385,Billing friction + High support activity,Resolve billing issue + Priority support review
C03304,Enterprise,Month-to-month,Manual Invoice,UK,Marketing/Agency,0.637,2,1,5.0,1,45,0.600838426691964,High,199,119.56684691170084,Billing friction + Inactivity + Month-to-month contract + Low feature adoption,Resolve billing issue + Launch re-engagement campaign + Product training / onboarding + Renewal / contract intervention
C03306,Basic,1-Year,Credit Card,USA,Marketing/Agency,0.681,3,1,5.0,0,13,0.13438139454188416,Low,29,3.8970604417146406,No major warning signal,Standard customer success monitoring
C03307,Pro,Month-to-month,Credit Card,Germany,Manufacturing,0.444,1,2,4.66,1,8,0.6565602096621908,High,79,51.86825656331307,Billing friction + Month-to-month contract + Low feature adoption,Resolve billing issue + Product training / onboarding + Renewal / contract intervention
C03310,Basic,1-Year,Credit Card,UK,Finance,0.735,4,1,5.0,0,0,0.08724452250444951,Low,29,2.5300911526290357,No major warning signal,Standard customer success monitoring
C03313,Enterprise,2-Year,Manual Invoice,Australia,Marketing/Agency,0.336,5,0,4.7,1,3,0.21981034761358437,Low,199,43.74225917510329,Low engagement + Billing friction,Resolve billing issue + Increase product engagement
C03314,Basic,Month-to-month,Credit Card,Canada,Manufacturing,0.636,5,2,3.95,1,7,0.5135827926626823,Medium,29,14.893900987217785,Billing friction + Month-to-month contract,Resolve billing issue + Renewal / contract intervention
C03315,Basic,Month-to-month,PayPal,USA,E-commerce,0.493,2,0,4.22,0,8,0.3194375033856628,Medium,29,9.263687598184221,Month-to-month contract + Low feature adoption,Product training / onboarding + Renewal / contract intervention
C03316,Basic,Month-to-month,Credit Card,Australia,E-commerce,0.576,6,0,4.73,1,2,0.2716801820452445,Low,29,7.878725279312091,Billing friction + Month-to-month contract,Resolve billing issue + Renewal / contract intervention
C03317,Basic,Month-to-month,ACH/Bank Transfer,Germany,SaaS/Tech,0.583,1,1,2.99,1,10,0.7754103884310855,High,29,22.486901264501476,Low satisfaction + Billing friction + Month-to-month contract + Low feature adoption,Resolve billing issue + Customer success outreach + Product training / onboarding + Renewal / contract intervention
C03318,Basic,Month-to-month,Credit Card,USA,Manufacturing,0.629,4,0,3.64,1,10,0.4572570353374274,Medium,29,13.260454024785394,Billing friction + Month-to-month contract,Resolve billing issue + Renewal / contract intervention
C03320,Basic,1-Year,Credit Card,India,Manufacturing,0.57,4,2,2.42,0,1,0.39385805408563646,Medium,29,11.421883568483457,Low satisfaction,Customer success outreach
C03321,Basic,Month-to-month,Credit Card,Canada,Finance,1.0,9,1,3.83,0,7,0.07728255306199558,Low,29,2.2411940387978717,Month-to-month contract,Renewal / contract intervention
C03322,Pro,1-Year,Credit Card,Germany,Healthcare,0.483,2,1,4.74,0,5,0.18404612567927506,Low,79,14.539643928662729,Low feature adoption,Product training / onboarding
C03324,Basic,Month-to-month,Credit Card,Germany,Finance,0.694,5,1,5.0,1,10,0.26959347877672146,Low,29,7.818210884524922,Billing friction + Month-to-month contract,Resolve billing issue + Renewal / contract intervention
C03325,Basic,Month-to-month,Credit Card,India,Marketing/Agency,0.661,4,1,3.55,1,11,0.599443064568867,Medium,29,17.383848872497143,Billing friction + Month-to-month contract,Resolve billing issue + Renewal / contract intervention
C03326,Pro,1-Year,Credit Card,India,Manufacturing,0.578,2,1,4.41,0,17,0.2383648141325508,Low,79,18.830820316471513,Low feature adoption,Product training / onboarding
C03327,Basic,1-Year,PayPal,USA,Education,0.74,6,2,3.11,0,21,0.22995834557050127,Low,29,6.668792021544537,No major warning signal,Standard customer success monitoring
C03328,Pro,Month-to-month,Manual Invoice,Germany,Finance,0.372,10,1,4.08,0,1,0.09131954926087847,Low,79,7.214244391609399,Low engagement + Month-to-month contract,Increase product engagement + Renewal / contract intervention
C03329,Basic,Month-to-month,Credit Card,Germany,Nonprofit,0.635,2,2,3.48,1,1,0.6792454053124887,High,29,19.69811675406217,Billing friction + Month-to-month contract + Low feature adoption,Resolve billing issue + Product training / onboarding + Renewal / contract intervention
C03331,Basic,2-Year,Manual Invoice,UK,Education,0.751,5,1,4.45,0,9,0.07045351872338994,Low,29,2.043152042978308,No major warning signal,Standard customer success monitoring
C03332,Basic,Month-to-month,Manual Invoice,India,Manufacturing,0.786,7,0,4.97,0,1,0.036650790618461396,Low,29,1.0628729279353806,Month-to-month contract,Renewal / contract intervention
C03334,Basic,1-Year,Credit Card,USA,Manufacturing,0.231,6,1,5.0,2,2,0.4548179288052761,Medium,29,13.189719935353008,Low engagement + Billing friction,Resolve billing issue + Increase product engagement
C03335,Basic,Month-to-month,Credit Card,USA,Nonprofit,0.504,9,0,4.86,0,13,0.07367604627751335,Low,29,2.136605342047887,Month-to-month contract,Renewal / contract intervention
C03336,Pro,Month-to-month,Credit Card,USA,Healthcare,0.66,2,2,4.73,1,22,0.6096027562372447,High,79,48.15861774274233,Billing friction + Month-to-month contract + Low feature adoption,Resolve billing issue + Product training / onboarding + Renewal / contract intervention
C03337,Basic,1-Year,ACH/Bank Transfer,UK,Nonprofit,0.834,4,2,4.06,1,18,0.41810397554910356,Medium,29,12.125015290924003,Billing friction,Resolve billing issue
C03338,Pro,Month-to-month,Credit Card,USA,Nonprofit,0.619,4,1,4.41,0,2,0.2245651623473103,Low,79,17.740647825437513,Month-to-month contract,Renewal / contract intervention
C03339,Basic,1-Year,ACH/Bank Transfer,USA,Healthcare,0.421,5,0,3.06,0,14,0.2719505759013058,Low,29,7.886566701137868,No major warning signal,Standard customer success monitoring
C03341,Enterprise,2-Year,PayPal,USA,Education,0.389,5,3,3.03,0,16,0.43572868477915555,Medium,199,86.71000827105196,Low engagement + High support activity,Increase product engagement + Priority support review
C03342,Pro,Month-to-month,Credit Card,Germany,Manufacturing,0.696,10,1,4.12,0,0,0.06176109560993454,Low,79,4.879126553184829,Month-to-month contract,Renewal / contract intervention
C03343,Pro,2-Year,PayPal,USA,Healthcare,0.175,7,3,4.48,2,2,0.6257008160736607,High,79,49.430364469819196,Low engagement + Billing friction + High support activity,Resolve billing issue + Increase product engagement + Priority support review
C03344,Basic,Month-to-month,Credit Card,UK,Education,0.57,1,1,3.13,0,7,0.6024787341465957,High,29,17.471883290251274,Month-to-month contract + Low feature adoption,Product training / onboarding + Renewal / contract intervention
C03345,Basic,Month-to-month,Credit Card,India,E-commerce,0.197,4,2,3.95,2,6,0.8830804452996451,High,29,25.60933291368971,Low engagement + Billing friction + Month-to-month contract,Resolve billing issue + Increase product engagement + Renewal / contract intervention
C03346,Pro,Month-to-month,Credit Card,Germany,Marketing/Agency,0.614,6,1,4.44,0,5,0.16843166602291657,Low,79,13.306101615810409,Month-to-month contract,Renewal / contract intervention
C03348,Pro,Month-to-month,PayPal,Canada,Nonprofit,0.777,4,1,3.99,0,2,0.23197557993782802,Low,79,18.326070815088414,Month-to-month contract,Renewal / contract intervention
C03349,Basic,Month-to-month,Manual Invoice,Australia,Healthcare,0.849,8,2,2.35,0,30,0.3170805844128222,Medium,29,9.195336947971844,Low satisfaction + Month-to-month contract,Customer success outreach + Renewal / contract intervention
C03350,Pro,2-Year,Credit Card,USA,Finance,0.539,6,3,4.79,0,6,0.13350426029980977,Low,79,10.546836563684971,High support activity,Priority support review
C03351,Basic,Month-to-month,Credit Card,USA,Marketing/Agency,0.52,4,1,4.69,1,30,0.5697626291952803,Medium,29,16.52311624666313,Billing friction + Month-to-month contract,Resolve billing issue + Renewal / contract intervention
C03352,Basic,Month-to-month,Manual Invoice,UK,Finance,0.305,5,1,4.63,1,3,0.4344104853372434,Medium,29,12.59790407478006,Low engagement + Billing friction + Month-to-month contract,Resolve billing issue + Increase product engagement + Renewal / contract intervention
C03353,Basic,1-Year,ACH/Bank Transfer,USA,Nonprofit,0.399,3,4,4.96,0,12,0.3723396310265931,Medium,29,10.797849299771201,Low engagement + High support activity,Increase product engagement + Priority support review
C03354,Basic,1-Year,Credit Card,USA,Education,0.812,2,2,4.06,0,26,0.2858346128874771,Low,29,8.289203773736835,Low feature adoption,Product training / onboarding
C03355,Pro,Month-to-month,Credit Card,Canada,Manufacturing,0.331,8,1,3.65,0,15,0.3016060822928642,Medium,79,23.82688050113627,Low engagement + Month-to-month contract,Increase product engagement + Renewal / contract intervention
C03356,Pro,Month-to-month,Credit Card,Canada,Education,0.316,3,1,3.09,0,1,0.6011119873654869,High,79,47.48784700187346,Low engagement + Month-to-month contract,Increase product engagement + Renewal / contract intervention
C03357,Pro,Month-to-month,Credit Card,USA,E-commerce,0.782,5,0,5.0,0,23,0.12036814107860348,Low,79,9.509083145209676,Month-to-month contract,Renewal / contract intervention
C03358,Basic,Month-to-month,Credit Card,USA,Healthcare,0.624,1,1,4.47,1,1,0.5349869028577234,Medium,29,15.51462018287398,Billing friction + Month-to-month contract + Low feature adoption,Resolve billing issue + Product training / onboarding + Renewal / contract intervention
C03359,Basic,2-Year,Credit Card,UK,Healthcare,0.396,5,2,3.6,0,7,0.2863045785438413,Low,29,8.302832777771398,Low engagement,Increase product engagement
C03360,Enterprise,1-Year,Credit Card,UK,Healthcare,0.877,2,2,4.53,0,14,0.19132417015498593,Low,199,38.0735098608422,Low feature adoption,Product training / onboarding
C03361,Pro,Month-to-month,ACH/Bank Transfer,USA,Education,0.493,1,1,3.26,2,24,0.9362342841654405,High,79,73.9625084490698,Billing friction + Month-to-month contract + Low feature adoption,Resolve billing issue + Product training / onboarding + Renewal / contract intervention
C03362,Enterprise,Month-to-month,Credit Card,USA,Finance,0.212,2,2,4.67,1,2,0.7225284982987765,High,199,143.78317116145652,Low engagement + Billing friction + Month-to-month contract + Low feature adoption,Resolve billing issue + Increase product engagement + Product training / onboarding + Renewal / contract intervention
C03364,Enterprise,Month-to-month,PayPal,USA,Nonprofit,0.208,3,2,4.17,0,0,0.5028487197386446,Medium,199,100.06689522799029,Low engagement + Month-to-month contract,Increase product engagement + Renewal / contract intervention
C03365,Enterprise,1-Year,Manual Invoice,Germany,Healthcare,0.545,2,1,3.84,0,12,0.21321438397527603,Low,199,42.42966241107993,Low feature adoption,Product training / onboarding
C03366,Pro,2-Year,PayPal,Germany,E-commerce,0.828,7,0,4.41,0,0,0.030385236973965953,Low,79,2.4004337209433104,No major warning signal,Standard customer success monitoring
C03368,Pro,1-Year,ACH/Bank Transfer,UK,Nonprofit,0.857,3,1,4.26,0,8,0.16222050491122605,Low,79,12.815419887986858,No major warning signal,Standard customer success monitoring
C03369,Enterprise,2-Year,PayPal,Australia,Finance,0.379,2,2,4.18,1,0,0.5608823861870835,Medium,199,111.61559485122962,Low engagement + Billing friction + Low feature adoption,Resolve billing issue + Increase product engagement + Product training / onboarding
C03370,Basic,2-Year,ACH/Bank Transfer,USA,E-commerce,0.523,3,2,5.0,1,2,0.3287892185516854,Medium,29,9.534887337998876,Billing friction,Resolve billing issue
C03371,Enterprise,1-Year,Credit Card,UK,SaaS/Tech,0.897,5,0,4.41,0,12,0.06917334829789847,Low,199,13.765496311281794,No major warning signal,Standard customer success monitoring
C03372,Enterprise,1-Year,Credit Card,Canada,Education,0.711,6,1,3.62,1,0,0.27645429248179426,Low,199,55.014404203877056,Billing friction,Resolve billing issue
C03373,Enterprise,Month-to-month,Manual Invoice,Canada,Nonprofit,0.176,2,3,3.42,0,13,0.7524454402283247,High,199,149.73664260543663,Low engagement + High support activity + Month-to-month contract + Low feature adoption,Increase product engagement + Product training / onboarding + Priority support review + Renewal / contract intervention
C03374,Pro,1-Year,ACH/Bank Transfer,Germany,Finance,0.539,3,0,5.0,2,0,0.4342215671216976,Medium,79,34.30350380261411,Billing friction,Resolve billing issue
C03375,Pro,1-Year,Credit Card,USA,SaaS/Tech,0.624,5,1,4.57,0,15,0.12518807441711452,Low,79,9.889857878952046,No major warning signal,Standard customer success monitoring
C03376,Enterprise,1-Year,Credit Card,Canada,Finance,0.702,3,1,2.66,0,30,0.4653255462561962,Medium,199,92.59978370498304,Low satisfaction,Customer success outreach
C03377,Basic,1-Year,Credit Card,Australia,Manufacturing,0.755,5,3,2.73,0,17,0.38364553044108857,Medium,29,11.125720382791568,Low satisfaction + High support activity,Customer success outreach + Priority support review
C03378,Enterprise,2-Year,Credit Card,Australia,Education,1.0,3,2,3.45,0,5,0.1809018240840066,Low,199,35.99946299271731,No major warning signal,Standard customer success monitoring
C03379,Basic,1-Year,Manual Invoice,India,Marketing/Agency,0.715,0,1,4.1,0,10,0.25143865421097783,Low,29,7.291720972118357,Low feature adoption,Product training / onboarding
C03380,Enterprise,1-Year,Manual Invoice,USA,Finance,0.646,3,1,3.42,0,2,0.18901414837628142,Low,199,37.61381552688,No major warning signal,Standard customer success monitoring
C03381,Basic,2-Year,Credit Card,USA,Marketing/Agency,0.571,1,0,3.93,0,12,0.25789359009703555,Low,29,7.478914112814031,Low feature adoption,Product training / onboarding
C03382,Basic,1-Year,Credit Card,UK,Manufacturing,0.706,6,0,3.01,0,23,0.1810451826406472,Low,29,5.2503102965787685,No major warning signal,Standard customer success monitoring
C03384,Basic,1-Year,Credit Card,USA,Healthcare,0.372,6,1,3.37,0,25,0.29610583984758787,Low,29,8.587069355580049,Low engagement,Increase product engagement
C03385,Pro,2-Year,Credit Card,UK,Education,0.259,7,3,5.0,0,0,0.15491179415219114,Low,79,12.2380317380231,Low engagement + High support activity,Increase product engagement + Priority support review
C03387,Basic,Month-to-month,Credit Card,USA,Nonprofit,0.56,7,4,4.23,0,6,0.31589158292486835,Medium,29,9.160855904821183,High support activity + Month-to-month contract,Priority support review + Renewal / contract intervention
C03388,Pro,Month-to-month,Manual Invoice,India,Nonprofit,0.649,4,2,4.95,0,4,0.16015882078796398,Low,79,12.652546842249155,Month-to-month contract,Renewal / contract intervention
C03389,Basic,1-Year,Credit Card,Germany,E-commerce,0.862,6,0,5.0,0,1,0.029573482399640832,Low,29,0.8576309895895842,No major warning signal,Standard customer success monitoring
C03390,Enterprise,1-Year,Credit Card,USA,Healthcare,0.551,6,2,4.58,0,56,0.25249475140471916,Low,199,50.24645552953911,Inactivity,Launch re-engagement campaign
C03391,Basic,Month-to-month,Credit Card,India,Marketing/Agency,0.257,4,0,3.34,1,1,0.694690842602874,High,29,20.146034435483344,Low engagement + Billing friction + Month-to-month contract,Resolve billing issue + Increase product engagement + Renewal / contract intervention
C03392,Enterprise,Month-to-month,Credit Card,USA,Nonprofit,0.624,1,0,4.52,1,11,0.5262417718607267,Medium,199,104.72211260028462,Billing friction + Month-to-month contract + Low feature adoption,Resolve billing issue + Product training / onboarding + Renewal / contract intervention
C03393,Pro,1-Year,Manual Invoice,Canada,Marketing/Agency,0.226,1,2,2.99,0,9,0.6635272130168144,High,79,52.418649828328334,Low engagement + Low satisfaction + Low feature adoption,Customer success outreach + Increase product engagement + Product training / onboarding
C03394,Enterprise,Month-to-month,Manual Invoice,Canada,Healthcare,0.559,3,3,4.33,0,1,0.3328803727357184,Medium,199,66.24319417440796,High support activity + Month-to-month contract,Priority support review + Renewal / contract intervention
C03395,Basic,2-Year,Credit Card,USA,Finance,0.169,2,0,5.0,0,8,0.20782654462745587,Low,29,6.02696979419622,Low engagement + Low feature adoption,Increase product engagement + Product training / onboarding
C03396,Enterprise,Month-to-month,Credit Card,UK,E-commerce,0.586,3,3,5.0,0,25,0.44237392431664185,Medium,199,88.03241093901173,High support activity + Month-to-month contract,Priority support review + Renewal / contract intervention
C03399,Pro,Month-to-month,Credit Card,UK,Finance,0.959,6,2,3.66,0,11,0.22743163712194245,Low,79,17.967099332633452,Month-to-month contract,Renewal / contract intervention
C03400,Enterprise,1-Year,Manual Invoice,USA,Marketing/Agency,0.857,7,1,5.0,0,4,0.02966768656486815,Low,199,5.9038696264087624,No major warning signal,Standard customer success monitoring
C03402,Basic,Month-to-month,Credit Card,USA,Marketing/Agency,0.302,4,1,4.56,1,1,0.5518546403236944,Medium,29,16.003784569387136,Low engagement + Billing friction + Month-to-month contract,Resolve billing issue + Increase product engagement + Renewal / contract intervention
C03403,Basic,2-Year,ACH/Bank Transfer,UK,Nonprofit,0.848,2,3,5.0,0,2,0.1617641163935683,Low,29,4.691159375413481,High support activity + Low feature adoption,Product training / onboarding + Priority support review
C03404,Basic,Month-to-month,Credit Card,India,Finance,0.861,3,4,3.93,0,8,0.43647814577779154,Medium,29,12.657866227555955,High support activity + Month-to-month contract,Priority support review + Renewal / contract intervention
C03405,Basic,1-Year,PayPal,UK,Finance,0.652,2,1,4.29,0,12,0.22187968567861655,Low,29,6.43451088467988,Low feature adoption,Product training / onboarding
C03406,Basic,1-Year,Credit Card,UK,E-commerce,0.511,3,1,3.24,0,15,0.40530969499169045,Medium,29,11.753981154759023,No major warning signal,Standard customer success monitoring
C03407,Enterprise,Month-to-month,Manual Invoice,UK,E-commerce,0.855,7,2,2.35,0,3,0.26842900990756985,Low,199,53.4173729716064,Low satisfaction + Month-to-month contract,Customer success outreach + Renewal / contract intervention
C03408,Enterprise,1-Year,Credit Card,India,Manufacturing,0.685,5,1,3.4,1,7,0.33896174341462615,Medium,199,67.45338693951061,Billing friction,Resolve billing issue
C03409,Enterprise,1-Year,Credit Card,India,E-commerce,0.574,3,1,4.26,2,7,0.6385873529467649,High,199,127.07888323640623,Billing friction,Resolve billing issue
C03411,Pro,2-Year,Credit Card,India,Marketing/Agency,0.577,4,0,4.34,0,1,0.1177681049638999,Low,79,9.303680292148092,No major warning signal,Standard customer success monitoring
C03412,Basic,2-Year,Credit Card,India,Finance,0.307,4,0,4.01,0,9,0.2063469295003206,Low,29,5.984060955509298,Low engagement,Increase product engagement
C03414,Enterprise,Month-to-month,ACH/Bank Transfer,Canada,Healthcare,0.642,4,1,3.48,0,0,0.3364119204155424,Medium,199,66.94597216269294,Month-to-month contract,Renewal / contract intervention
C03415,Basic,1-Year,Credit Card,Germany,Nonprofit,0.569,8,2,4.03,0,23,0.13711971941028664,Low,29,3.9764718628983124,No major warning signal,Standard customer success monitoring
C03416,Pro,1-Year,Manual Invoice,USA,Nonprofit,0.076,6,2,3.47,0,16,0.3894645004850051,Medium,79,30.7676955383154,Low engagement,Increase product engagement
C03419,Pro,1-Year,PayPal,USA,Manufacturing,0.324,5,3,3.97,0,37,0.44602122565387214,Medium,79,35.2356768266559,Low engagement + High support activity + Inactivity,Increase product engagement + Launch re-engagement campaign + Priority support review
C03420,Enterprise,1-Year,Credit Card,USA,Education,0.6,5,2,4.49,0,2,0.13910896127004896,Low,199,27.682683292739743,No major warning signal,Standard customer success monitoring
C03421,Pro,1-Year,Credit Card,India,Finance,0.832,3,4,5.0,0,1,0.18444802399315963,Low,79,14.571393895459611,High support activity,Priority support review
C03423,Basic,Month-to-month,Credit Card,Canada,Healthcare,0.28,2,1,4.88,1,2,0.6168827773712934,High,29,17.889600543767507,Low engagement + Billing friction + Month-to-month contract + Low feature adoption,Resolve billing issue + Increase product engagement + Product training / onboarding + Renewal / contract intervention
C03426,Pro,Month-to-month,Credit Card,Canada,SaaS/Tech,0.568,2,2,3.83,0,6,0.5121864106186389,Medium,79,40.46272643887247,Month-to-month contract + Low feature adoption,Product training / onboarding + Renewal / contract intervention
C03427,Enterprise,Month-to-month,ACH/Bank Transfer,USA,Healthcare,0.703,1,1,5.0,0,31,0.34430679741822395,Medium,199,68.51705268622656,Inactivity + Month-to-month contract + Low feature adoption,Launch re-engagement campaign + Product training / onboarding + Renewal / contract intervention
C03428,Pro,2-Year,Credit Card,USA,Education,0.735,3,1,4.21,1,15,0.334132780515804,Medium,79,26.396489660748514,Billing friction,Resolve billing issue
C03429,Basic,Month-to-month,Manual Invoice,Australia,SaaS/Tech,0.773,5,2,3.64,0,5,0.23084252854549425,Low,29,6.6944333278193335,Month-to-month contract,Renewal / contract intervention
C03430,Enterprise,1-Year,ACH/Bank Transfer,USA,Marketing/Agency,0.686,4,3,5.0,0,4,0.16842505942175034,Low,199,33.51658682492832,High support activity,Priority support review
C03431,Enterprise,Month-to-month,Credit Card,UK,Manufacturing,0.02,6,2,3.02,0,32,0.7469312558071696,High,199,148.63931990562673,Low engagement + Inactivity + Month-to-month contract,Increase product engagement + Launch re-engagement campaign + Renewal / contract intervention
C03432,Enterprise,1-Year,Credit Card,India,Manufacturing,0.285,0,1,3.97,0,19,0.5116792374125766,Medium,199,101.82416824510274,Low engagement + Low feature adoption,Increase product engagement + Product training / onboarding
C03434,Pro,2-Year,Credit Card,UK,Finance,0.257,6,1,3.84,0,3,0.21964890570023357,Low,79,17.35226355031845,Low engagement,Increase product engagement
C03435,Pro,1-Year,Credit Card,USA,Healthcare,0.915,4,1,5.0,0,62,0.15574971341188265,Low,79,12.304227359538729,Inactivity,Launch re-engagement campaign
C03436,Enterprise,2-Year,PayPal,Germany,Education,0.434,5,5,3.4,0,7,0.4346380174644583,Medium,199,86.4929654754272,High support activity,Priority support review
C03437,Basic,Month-to-month,Credit Card,UK,Finance,0.369,5,3,4.64,0,9,0.4146950799984488,Medium,29,12.026157319955015,Low engagement + High support activity + Month-to-month contract,Increase product engagement + Priority support review + Renewal / contract intervention
C03438,Basic,Month-to-month,ACH/Bank Transfer,India,E-commerce,0.362,7,2,4.0,0,6,0.3303613018226024,Medium,29,9.58047775285547,Low engagement + Month-to-month contract,Increase product engagement + Renewal / contract intervention
C03439,Basic,Month-to-month,Credit Card,USA,Nonprofit,0.3,0,0,4.55,1,10,0.7035267780501225,High,29,20.402276563453555,Low engagement + Billing friction + Month-to-month contract + Low feature adoption,Resolve billing issue + Increase product engagement + Product training / onboarding + Renewal / contract intervention
C03442,Basic,Month-to-month,PayPal,USA,Healthcare,0.836,2,1,4.05,1,5,0.45262024737914797,Medium,29,13.125987173995291,Billing friction + Month-to-month contract + Low feature adoption,Resolve billing issue + Product training / onboarding + Renewal / contract intervention
C03444,Basic,1-Year,ACH/Bank Transfer,USA,Healthcare,0.89,5,0,3.88,2,6,0.35711492032408154,Medium,29,10.356332689398364,Billing friction,Resolve billing issue
C03445,Basic,Month-to-month,Credit Card,UK,E-commerce,0.699,3,2,3.92,1,29,0.7225317775327362,High,29,20.953421548449352,Billing friction + Month-to-month contract,Resolve billing issue + Renewal / contract intervention
C03446,Enterprise,1-Year,Credit Card,India,Manufacturing,0.847,3,1,5.0,0,7,0.08012006646616185,Low,199,15.943893226766209,No major warning signal,Standard customer success monitoring
C03447,Basic,1-Year,Credit Card,Canada,E-commerce,0.679,6,2,5.0,0,27,0.13020515421548717,Low,29,3.775949472249128,No major warning signal,Standard customer success monitoring
C03448,Enterprise,1-Year,Credit Card,UK,Healthcare,0.701,4,1,5.0,0,8,0.10029893315211227,Low,199,19.959487697270344,No major warning signal,Standard customer success monitoring
C03449,Basic,1-Year,ACH/Bank Transfer,India,Marketing/Agency,0.772,1,1,3.63,1,7,0.545053778808772,Medium,29,15.806559585454389,Billing friction + Low feature adoption,Resolve billing issue + Product training / onboarding
C03450,Enterprise,Month-to-month,Credit Card,Australia,Education,0.67,3,1,3.89,0,7,0.34810308995584943,Medium,199,69.27251490121404,Month-to-month contract,Renewal / contract intervention
C03451,Basic,1-Year,ACH/Bank Transfer,India,Nonprofit,0.502,6,1,3.92,0,3,0.15605709194555156,Low,29,4.525655666420995,No major warning signal,Standard customer success monitoring
C03452,Pro,Month-to-month,Manual Invoice,Australia,Healthcare,0.583,1,1,4.45,0,17,0.3699563081269248,Medium,79,29.226548342027062,Month-to-month contract + Low feature adoption,Product training / onboarding + Renewal / contract intervention
C03453,Enterprise,2-Year,Credit Card,Australia,Nonprofit,0.491,5,0,3.51,0,0,0.16531140792984925,Low,199,32.89697017804,No major warning signal,Standard customer success monitoring
C03455,Pro,Month-to-month,Credit Card,India,Marketing/Agency,0.641,8,3,3.92,1,8,0.4908855998179085,Medium,79,38.77996238561477,Billing friction + High support activity + Month-to-month contract,Resolve billing issue + Priority support review + Renewal / contract intervention
C03456,Basic,Month-to-month,ACH/Bank Transfer,Germany,Education,0.528,4,1,3.32,0,28,0.4876420878271199,Medium,29,14.141620546986477,Month-to-month contract,Renewal / contract intervention
C03457,Basic,Month-to-month,Credit Card,India,Education,0.367,3,1,3.06,1,19,0.817580424290299,High,29,23.709832304418672,Low engagement + Billing friction + Month-to-month contract,Resolve billing issue + Increase product engagement + Renewal / contract intervention
C03458,Enterprise,1-Year,PayPal,Australia,Marketing/Agency,0.692,5,3,3.7,0,14,0.2945402029660704,Low,199,58.613500390248014,High support activity,Priority support review
C03459,Basic,1-Year,Credit Card,UK,SaaS/Tech,0.322,6,4,3.54,1,18,0.7229748738286339,High,29,20.96627134103038,Low engagement + Billing friction + High support activity,Resolve billing issue + Increase product engagement + Priority support review
C03460,Basic,Month-to-month,Manual Invoice,USA,Marketing/Agency,0.623,5,0,5.0,0,4,0.08214531438013774,Low,29,2.3822141170239943,Month-to-month contract,Renewal / contract intervention
C03463,Enterprise,1-Year,Manual Invoice,Canada,Healthcare,0.837,6,1,2.58,1,8,0.31240718338586476,Medium,199,62.169029493787086,Low satisfaction + Billing friction,Resolve billing issue + Customer success outreach
C03464,Enterprise,Month-to-month,Manual Invoice,USA,Marketing/Agency,0.678,5,2,3.79,0,15,0.2790041344789807,Low,199,55.52182276131716,Month-to-month contract,Renewal / contract intervention
C03465,Basic,2-Year,ACH/Bank Transfer,USA,Education,0.378,2,0,4.28,0,6,0.21860269305161475,Low,29,6.339478098496828,Low engagement + Low feature adoption,Increase product engagement + Product training / onboarding
C03466,Pro,2-Year,Manual Invoice,Germany,Manufacturing,0.111,4,1,5.0,1,0,0.2591746529389148,Low,79,20.47479758217427,Low engagement + Billing friction,Resolve billing issue + Increase product engagement
C03467,Pro,Month-to-month,Credit Card,Canada,Healthcare,0.831,4,2,5.0,1,19,0.40900248843356896,Medium,79,32.311196586251945,Billing friction + Month-to-month contract,Resolve billing issue + Renewal / contract intervention
C03468,Basic,Month-to-month,Manual Invoice,Canada,Manufacturing,0.813,7,1,3.24,1,31,0.3974981604324415,Medium,29,11.527446652540805,Billing friction + Inactivity + Month-to-month contract,Resolve billing issue + Launch re-engagement campaign + Renewal / contract intervention
C03469,Basic,Month-to-month,Credit Card,USA,Marketing/Agency,0.588,6,3,3.24,0,17,0.49691208014203886,Medium,29,14.410450324119127,High support activity + Month-to-month contract,Priority support review + Renewal / contract intervention
C03472,Basic,2-Year,Credit Card,Germany,Nonprofit,0.781,10,2,3.84,2,15,0.28958949437848397,Low,29,8.398095336976034,Billing friction,Resolve billing issue
C03473,Enterprise,1-Year,ACH/Bank Transfer,UK,E-commerce,0.362,6,0,5.0,1,1,0.21716266131482836,Low,199,43.21536960165084,Low engagement + Billing friction,Resolve billing issue + Increase product engagement
C03474,Pro,2-Year,ACH/Bank Transfer,USA,E-commerce,0.597,4,1,4.23,0,38,0.2509649305037856,Low,79,19.826229509799063,Inactivity,Launch re-engagement campaign
C03475,Pro,Month-to-month,ACH/Bank Transfer,USA,Manufacturing,1.0,4,0,4.52,0,0,0.08419849905522275,Low,79,6.6516814253625975,Month-to-month contract,Renewal / contract intervention
C03476,Basic,1-Year,PayPal,USA,Nonprofit,0.499,3,1,5.0,1,2,0.2847768985478914,Low,29,8.258530057888851,Billing friction,Resolve billing issue
C03477,Basic,1-Year,PayPal,Germany,Healthcare,0.418,3,3,3.73,1,11,0.6321333021322526,High,29,18.331865761835324,Billing friction + High support activity,Resolve billing issue + Priority support review
C03479,Pro,Month-to-month,PayPal,Germany,Education,0.893,4,0,5.0,2,15,0.4033827750464328,Medium,79,31.86723922866819,Billing friction + Month-to-month contract,Resolve billing issue + Renewal / contract intervention
C03482,Basic,Month-to-month,Manual Invoice,USA,Healthcare,0.66,1,2,3.06,0,9,0.5162993422737102,Medium,29,14.972680925937595,Month-to-month contract + Low feature adoption,Product training / onboarding + Renewal / contract intervention
C03484,Enterprise,Month-to-month,PayPal,USA,E-commerce,0.646,3,0,4.18,0,6,0.22272786368767733,Low,199,44.322844873847785,Month-to-month contract,Renewal / contract intervention
C03485,Enterprise,Month-to-month,ACH/Bank Transfer,India,Nonprofit,0.512,3,1,3.71,0,21,0.5004214930449153,Medium,199,99.58387711593815,Month-to-month contract,Renewal / contract intervention
C03486,Enterprise,2-Year,ACH/Bank Transfer,Germany,Healthcare,0.702,8,1,4.07,0,3,0.05208733568355872,Low,199,10.365379801028185,No major warning signal,Standard customer success monitoring
C03487,Enterprise,Month-to-month,PayPal,Canada,Nonprofit,0.943,4,2,4.41,0,1,0.17350587441562168,Low,199,34.52766900870871,Month-to-month contract,Renewal / contract intervention
C03489,Pro,Month-to-month,ACH/Bank Transfer,India,Healthcare,0.783,5,2,4.22,0,11,0.23208868275940794,Low,79,18.335005937993227,Month-to-month contract,Renewal / contract intervention
C03490,Basic,1-Year,Manual Invoice,Canada,Finance,0.689,9,3,5.0,0,4,0.04738782551024221,Low,29,1.374246939797024,High support activity,Priority support review
C03491,Basic,Month-to-month,Credit Card,Australia,SaaS/Tech,0.787,1,0,4.27,2,5,0.7113612790245856,High,29,20.62947709171298,Billing friction + Month-to-month contract + Low feature adoption,Resolve billing issue + Product training / onboarding + Renewal / contract intervention
C03492,Basic,2-Year,ACH/Bank Transfer,UK,Education,0.283,5,0,3.31,0,35,0.38750260211720694,Medium,29,11.237575461399,Low engagement + Inactivity,Increase product engagement + Launch re-engagement campaign
C03493,Pro,2-Year,PayPal,USA,E-commerce,0.722,3,1,3.48,0,5,0.1930261363707022,Low,79,15.249064773285474,No major warning signal,Standard customer success monitoring
C03494,Basic,2-Year,ACH/Bank Transfer,USA,E-commerce,0.267,3,3,4.05,0,2,0.41438363319295285,Medium,29,12.017125362595632,Low engagement + High support activity,Increase product engagement + Priority support review
C03495,Basic,Month-to-month,Credit Card,Germany,Manufacturing,0.323,8,1,3.48,0,1,0.21500577615538607,Low,29,6.235167508506196,Low engagement + Month-to-month contract,Increase product engagement + Renewal / contract intervention
C03496,Basic,1-Year,Credit Card,Canada,Nonprofit,0.367,4,2,4.43,2,22,0.7800690644928941,High,29,22.62200287029393,Low engagement + Billing friction,Resolve billing issue + Increase product engagement
C03498,Basic,Month-to-month,Credit Card,USA,E-commerce,0.798,6,1,4.45,1,11,0.2819410145128012,Low,29,8.176289420871234,Billing friction + Month-to-month contract,Resolve billing issue + Renewal / contract intervention
C03499,Basic,Month-to-month,Credit Card,India,SaaS/Tech,0.536,4,2,4.45,0,19,0.35780680619383093,Medium,29,10.376397379621096,Month-to-month contract,Renewal / contract intervention
C03501,Enterprise,Month-to-month,ACH/Bank Transfer,India,Healthcare,0.654,3,1,3.48,2,24,0.8533546710030708,High,199,169.8175795296111,Billing friction + Month-to-month contract,Resolve billing issue + Renewal / contract intervention
C03503,Basic,2-Year,Credit Card,India,SaaS/Tech,0.494,2,2,4.39,1,16,0.5219711814892298,Medium,29,15.137164263187666,Billing friction + Low feature adoption,Resolve billing issue + Product training / onboarding
C03504,Basic,Month-to-month,ACH/Bank Transfer,USA,Education,0.587,5,2,2.76,0,1,0.455881359283631,Medium,29,13.2205594192253,Low satisfaction + Month-to-month contract,Customer success outreach + Renewal / contract intervention
C03505,Enterprise,Month-to-month,Credit Card,Canada,Marketing/Agency,0.476,4,0,5.0,1,8,0.4078678524058201,Medium,199,81.1657026287582,Billing friction + Month-to-month contract,Resolve billing issue + Renewal / contract intervention
C03506,Enterprise,Month-to-month,ACH/Bank Transfer,India,Finance,0.717,7,1,3.98,1,4,0.32753225148599946,Medium,199,65.17891804571389,Billing friction + Month-to-month contract,Resolve billing issue + Renewal / contract intervention
C03507,Basic,2-Year,ACH/Bank Transfer,India,Healthcare,0.517,6,1,4.04,1,9,0.28153553453890995,Low,29,8.164530501628388,Billing friction,Resolve billing issue
C03508,Basic,1-Year,Credit Card,UK,Marketing/Agency,1.0,3,0,4.39,1,1,0.1868661876503362,Low,29,5.41911944185975,Billing friction,Resolve billing issue
C03509,Basic,Month-to-month,Credit Card,Australia,SaaS/Tech,0.332,4,1,2.39,0,1,0.6282296873306148,High,29,18.21866093258783,Low engagement + Low satisfaction + Month-to-month contract,Customer success outreach + Increase product engagement + Renewal / contract intervention
C03511,Enterprise,Month-to-month,Credit Card,India,E-commerce,1.0,4,2,4.85,1,4,0.2883969104496249,Low,199,57.39098517947536,Billing friction + Month-to-month contract,Resolve billing issue + Renewal / contract intervention
C03512,Pro,1-Year,Credit Card,Australia,Healthcare,0.543,5,2,4.29,0,6,0.20313507818429136,Low,79,16.047671176559017,No major warning signal,Standard customer success monitoring
C03513,Enterprise,1-Year,Credit Card,USA,Healthcare,0.636,3,1,1.83,0,14,0.4757747645969234,Medium,199,94.67917815478776,Low satisfaction,Customer success outreach
C03514,Pro,1-Year,Credit Card,Australia,Marketing/Agency,0.449,2,1,3.41,0,29,0.5639909464771944,Medium,79,44.55528477169835,Low feature adoption,Product training / onboarding
C03515,Pro,2-Year,ACH/Bank Transfer,USA,SaaS/Tech,0.857,3,1,3.24,1,7,0.3877930732541435,Medium,79,30.635652787077337,Billing friction,Resolve billing issue
C03516,Enterprise,1-Year,ACH/Bank Transfer,India,E-commerce,0.652,4,1,4.71,0,1,0.11798364515475851,Low,199,23.478745385796945,No major warning signal,Standard customer success monitoring
C03517,Enterprise,Month-to-month,Manual Invoice,USA,Healthcare,0.525,2,1,3.26,0,9,0.42210146858981523,Medium,199,83.99819224937323,Month-to-month contract + Low feature adoption,Product training / onboarding + Renewal / contract intervention
C03518,Basic,Month-to-month,Credit Card,UK,E-commerce,0.617,2,3,3.27,0,3,0.6281841257506173,High,29,18.217339646767904,High support activity + Month-to-month contract + Low feature adoption,Product training / onboarding + Priority support review + Renewal / contract intervention
C03519,Pro,Month-to-month,ACH/Bank Transfer,India,Manufacturing,0.616,1,0,2.49,0,12,0.6058661607266452,High,79,47.863426697404975,Low satisfaction + Month-to-month contract + Low feature adoption,Customer success outreach + Product training / onboarding + Renewal / contract intervention
C03520,Enterprise,2-Year,PayPal,Canada,Finance,0.499,5,1,3.59,1,24,0.46503620614733693,Medium,199,92.54220502332005,Billing friction,Resolve billing issue
C03521,Pro,Month-to-month,PayPal,USA,Education,0.556,3,2,3.79,1,7,0.6728096652815985,High,79,53.151963557246276,Billing friction + Month-to-month contract,Resolve billing issue + Renewal / contract intervention
C03522,Basic,Month-to-month,Credit Card,India,Healthcare,0.69,1,1,4.34,0,14,0.35657403011397865,Medium,29,10.340646873305381,Month-to-month contract + Low feature adoption,Product training / onboarding + Renewal / contract intervention
C03525,Pro,Month-to-month,ACH/Bank Transfer,UK,Nonprofit,0.944,4,3,4.23,0,8,0.30339347524553584,Medium,79,23.968084544397332,High support activity + Month-to-month contract,Priority support review + Renewal / contract intervention
C03527,Basic,2-Year,Credit Card,Germany,SaaS/Tech,0.689,5,3,4.07,1,2,0.3076224956652771,Medium,29,8.921052374293037,Billing friction + High support activity,Resolve billing issue + Priority support review
C03528,Enterprise,2-Year,Credit Card,USA,Education,0.392,6,1,4.53,0,25,0.1484904945864321,Low,199,29.549608422699986,Low engagement,Increase product engagement
C03530,Enterprise,2-Year,ACH/Bank Transfer,Germany,Nonprofit,0.287,4,1,2.26,0,6,0.4728201838213852,Medium,199,94.09121658045565,Low engagement + Low satisfaction,Customer success outreach + Increase product engagement
C03534,Basic,Month-to-month,PayPal,India,Finance,0.724,4,2,4.32,1,36,0.592436414646886,Medium,29,17.180656024759696,Billing friction + Inactivity + Month-to-month contract,Resolve billing issue + Launch re-engagement campaign + Renewal / contract intervention
C03535,Pro,Month-to-month,PayPal,Canada,Nonprofit,0.742,3,0,2.63,0,13,0.45255904347116327,Medium,79,35.752164434221896,Low satisfaction + Month-to-month contract,Customer success outreach + Renewal / contract intervention
C03536,Pro,Month-to-month,PayPal,Germany,Healthcare,0.08,5,0,2.93,0,1,0.47306039727890775,Medium,79,37.37177138503371,Low engagement + Low satisfaction + Month-to-month contract,Customer success outreach + Increase product engagement + Renewal / contract intervention
C03537,Basic,Month-to-month,Credit Card,USA,Education,0.614,3,3,3.04,0,2,0.5742416454907874,Medium,29,16.653007719232836,High support activity + Month-to-month contract,Priority support review + Renewal / contract intervention
C03538,Enterprise,Month-to-month,Credit Card,UK,E-commerce,0.333,6,1,2.93,1,15,0.741120584895122,High,199,147.4829963941293,Low engagement + Low satisfaction + Billing friction + Month-to-month contract,Resolve billing issue + Customer success outreach + Increase product engagement + Renewal / contract intervention
C03539,Basic,Month-to-month,Credit Card,USA,Finance,0.61,8,1,2.9,0,4,0.23859387986255887,Low,29,6.919222516014207,Low satisfaction + Month-to-month contract,Customer success outreach + Renewal / contract intervention
C03540,Enterprise,2-Year,PayPal,USA,Healthcare,0.636,4,2,2.99,0,10,0.2811024585379162,Low,199,55.93938924904533,Low satisfaction,Customer success outreach
C03541,Pro,1-Year,Credit Card,USA,Marketing/Agency,0.722,5,1,2.6,1,2,0.47937049824767913,Medium,79,37.87026936156665,Low satisfaction + Billing friction,Resolve billing issue + Customer success outreach
C03543,Pro,Month-to-month,Manual Invoice,USA,E-commerce,0.824,1,3,4.94,0,16,0.3095391696168161,Medium,79,24.453594399728473,High support activity + Month-to-month contract + Low feature adoption,Product training / onboarding + Priority support review + Renewal / contract intervention
C03544,Pro,Month-to-month,Credit Card,UK,Nonprofit,0.676,4,2,3.3,2,24,0.8875825153171973,High,79,70.11901871005858,Billing friction + Month-to-month contract,Resolve billing issue + Renewal / contract intervention
C03545,Basic,1-Year,PayPal,Australia,Marketing/Agency,0.461,5,2,4.11,0,6,0.2524607906670894,Low,29,7.321362929345592,No major warning signal,Standard customer success monitoring
C03546,Basic,Month-to-month,Credit Card,Australia,Education,0.125,5,0,4.38,0,8,0.3578061125713141,Medium,29,10.37637726456811,Low engagement + Month-to-month contract,Increase product engagement + Renewal / contract intervention
C03547,Pro,Month-to-month,Credit Card,Canada,SaaS/Tech,0.567,6,0,5.0,0,14,0.1300400422491822,Low,79,10.273163337685393,Month-to-month contract,Renewal / contract intervention
C03548,Basic,2-Year,Credit Card,USA,Nonprofit,0.664,1,1,3.06,0,3,0.33000063155860215,Medium,29,9.570018315199462,Low feature adoption,Product training / onboarding
C03549,Enterprise,Month-to-month,Credit Card,USA,SaaS/Tech,0.458,4,2,2.05,1,26,0.8833765259312444,High,199,175.79192866031764,Low satisfaction + Billing friction + Month-to-month contract,Resolve billing issue + Customer success outreach + Renewal / contract intervention
C03550,Pro,Month-to-month,Credit Card,India,SaaS/Tech,0.304,1,3,4.93,0,4,0.5646216656043219,Medium,79,44.60511158274143,Low engagement + High support activity + Month-to-month contract + Low feature adoption,Increase product engagement + Product training / onboarding + Priority support review + Renewal / contract intervention
C03551,Enterprise,Month-to-month,Credit Card,UK,SaaS/Tech,0.359,3,0,1.56,1,20,0.8991016463895771,High,199,178.92122763152585,Low engagement + Low satisfaction + Billing friction + Month-to-month contract,Resolve billing issue + Customer success outreach + Increase product engagement + Renewal / contract intervention
C03552,Pro,2-Year,ACH/Bank Transfer,Canada,Marketing/Agency,0.629,3,1,2.72,2,10,0.8213017188363646,High,79,64.88283578807281,Low satisfaction + Billing friction,Resolve billing issue + Customer success outreach
C03553,Pro,1-Year,Credit Card,USA,Education,0.24,3,2,5.0,1,17,0.5464652419737879,Medium,79,43.17075411592924,Low engagement + Billing friction,Resolve billing issue + Increase product engagement
C03555,Enterprise,Month-to-month,Credit Card,Germany,Finance,0.576,2,6,1.34,0,8,0.921051591910817,High,199,183.28926679025258,Low satisfaction + High support activity + Month-to-month contract + Low feature adoption,Customer success outreach + Product training / onboarding + Priority support review + Renewal / contract intervention
C03556,Pro,Month-to-month,Credit Card,USA,Finance,0.759,8,3,4.78,1,37,0.4077466648636928,Medium,79,32.21198652423173,Billing friction + High support activity + Inactivity + Month-to-month contract,Resolve billing issue + Launch re-engagement campaign + Priority support review + Renewal / contract intervention
C03557,Pro,Month-to-month,Credit Card,India,Finance,0.814,5,2,3.32,0,3,0.30798690869264256,Medium,79,24.330965786718764,Month-to-month contract,Renewal / contract intervention
C03559,Basic,Month-to-month,PayPal,USA,Healthcare,0.61,4,0,5.0,0,24,0.1619554190253859,Low,29,4.696707151736192,Month-to-month contract,Renewal / contract intervention
C03560,Enterprise,2-Year,PayPal,UK,SaaS/Tech,0.628,5,1,4.67,0,24,0.12104748533609384,Low,199,24.088449581882674,No major warning signal,Standard customer success monitoring
C03561,Pro,2-Year,Credit Card,Germany,Nonprofit,0.888,2,1,4.02,1,0,0.26750769150209014,Low,79,21.133107628665122,Billing friction + Low feature adoption,Resolve billing issue + Product training / onboarding
C03562,Basic,1-Year,Credit Card,Canada,Manufacturing,0.464,2,1,3.78,0,34,0.43775679981190685,Medium,29,12.694947194545298,Inactivity + Low feature adoption,Launch re-engagement campaign + Product training / onboarding
C03564,Basic,Month-to-month,PayPal,Australia,Education,0.638,7,1,5.0,2,11,0.4652365651281769,Medium,29,13.49186038871713,Billing friction + Month-to-month contract,Resolve billing issue + Renewal / contract intervention
C03565,Basic,1-Year,Credit Card,UK,Finance,0.588,2,0,2.81,0,9,0.3858197411933542,Medium,29,11.188772494607273,Low satisfaction + Low feature adoption,Customer success outreach + Product training / onboarding
C03566,Pro,1-Year,Credit Card,Australia,Education,0.569,5,2,2.33,0,18,0.5089619212265883,Medium,79,40.20799177690048,Low satisfaction,Customer success outreach
C03567,Basic,1-Year,PayPal,USA,E-commerce,0.621,5,2,5.0,0,0,0.09391458445392879,Low,29,2.723522949163935,No major warning signal,Standard customer success monitoring
C03568,Basic,2-Year,Credit Card,Canada,Education,0.471,1,2,2.68,0,2,0.5663747909684191,Medium,29,16.424868938084156,Low satisfaction + Low feature adoption,Customer success outreach + Product training / onboarding
C03569,Pro,2-Year,Credit Card,Canada,SaaS/Tech,0.303,4,2,4.46,0,0,0.2474520669762737,Low,79,19.548713291125623,Low engagement,Increase product engagement
C03572,Basic,Month-to-month,Credit Card,USA,E-commerce,1.0,1,3,5.0,0,18,0.2976464758332005,Low,29,8.631747799162813,High support activity + Month-to-month contract + Low feature adoption,Product training / onboarding + Priority support review + Renewal / contract intervention
C03573,Enterprise,Month-to-month,Credit Card,India,Marketing/Agency,0.513,5,0,3.6,0,25,0.3665398864001505,Medium,199,72.94143739362995,Month-to-month contract,Renewal / contract intervention
C03574,Pro,Month-to-month,ACH/Bank Transfer,Canada,Manufacturing,0.369,3,1,2.82,0,10,0.6433575794248202,High,79,50.8252487745608,Low engagement + Low satisfaction + Month-to-month contract,Customer success outreach + Increase product engagement + Renewal / contract intervention
C03576,Basic,Month-to-month,Credit Card,India,Marketing/Agency,0.53,5,0,3.51,0,10,0.3105051885593642,Medium,29,9.004650468221563,Month-to-month contract,Renewal / contract intervention
C03577,Pro,2-Year,Credit Card,Australia,Marketing/Agency,0.169,3,0,2.78,0,16,0.5657195716420582,Medium,79,44.6918461597226,Low engagement + Low satisfaction,Customer success outreach + Increase product engagement
C03578,Basic,2-Year,PayPal,Canada,Marketing/Agency,0.844,3,1,3.41,2,7,0.6240659791039711,High,29,18.097913394015162,Billing friction,Resolve billing issue
C03579,Enterprise,Month-to-month,PayPal,USA,Nonprofit,0.487,4,2,2.25,0,2,0.6170351078067574,High,199,122.78998645354473,Low satisfaction + Month-to-month contract,Customer success outreach + Renewal / contract intervention
C03580,Basic,2-Year,Credit Card,UK,Manufacturing,0.62,1,0,3.66,2,39,0.792348326454537,High,29,22.978101467181574,Billing friction + Inactivity + Low feature adoption,Resolve billing issue + Launch re-engagement campaign + Product training / onboarding
C03582,Basic,Month-to-month,Credit Card,India,SaaS/Tech,0.613,6,2,3.94,0,3,0.24642856843275973,Low,29,7.146428484550032,Month-to-month contract,Renewal / contract intervention
C03583,Basic,Month-to-month,Credit Card,USA,Finance,0.567,3,3,3.3,0,9,0.5831921775891017,Medium,29,16.91257315008395,High support activity + Month-to-month contract,Priority support review + Renewal / contract intervention
C03585,Pro,Month-to-month,ACH/Bank Transfer,India,SaaS/Tech,0.608,3,1,3.52,0,1,0.39664841024260367,Medium,79,31.33522440916569,Month-to-month contract,Renewal / contract intervention
C03586,Pro,1-Year,Credit Card,Canada,Nonprofit,0.64,3,2,4.51,2,0,0.6304313518477782,High,79,49.80407679597448,Billing friction,Resolve billing issue
C03588,Basic,Month-to-month,Manual Invoice,India,Marketing/Agency,0.744,7,0,3.82,1,23,0.28864642967806703,Low,29,8.370746460663943,Billing friction + Month-to-month contract,Resolve billing issue + Renewal / contract intervention
C03589,Pro,1-Year,ACH/Bank Transfer,USA,Nonprofit,0.617,4,1,4.04,1,5,0.36961486377800673,Medium,79,29.19957423846253,Billing friction,Resolve billing issue
C03590,Pro,2-Year,Credit Card,USA,Education,0.492,5,2,4.44,1,1,0.31910098170169227,Medium,79,25.208977554433687,Billing friction,Resolve billing issue
C03591,Pro,2-Year,Credit Card,Germany,SaaS/Tech,0.162,5,0,3.62,0,4,0.21189067072575785,Low,79,16.73936298733487,Low engagement,Increase product engagement
C03592,Basic,Month-to-month,Credit Card,India,E-commerce,0.506,2,1,4.2,0,1,0.37788547374920617,Medium,29,10.958678738726979,Month-to-month contract + Low feature adoption,Product training / onboarding + Renewal / contract intervention
C03593,Basic,2-Year,Credit Card,USA,Marketing/Agency,0.735,6,1,5.0,0,1,0.04929023152753178,Low,29,1.4294167142984215,No major warning signal,Standard customer success monitoring
C03594,Pro,Month-to-month,Credit Card,Canada,Finance,0.876,4,1,4.43,2,3,0.5868911784082831,Medium,79,46.364403094254364,Billing friction + Month-to-month contract,Resolve billing issue + Renewal / contract intervention
C03595,Enterprise,Month-to-month,Manual Invoice,USA,Education,0.681,3,4,2.83,0,1,0.5624673911677925,Medium,199,111.93101084239072,Low satisfaction + High support activity + Month-to-month contract,Customer success outreach + Priority support review + Renewal / contract intervention
C03596,Pro,2-Year,PayPal,UK,E-commerce,0.411,7,1,2.72,1,12,0.5078453836344375,Medium,79,40.119785307120566,Low satisfaction + Billing friction,Resolve billing issue + Customer success outreach
C03598,Pro,Month-to-month,ACH/Bank Transfer,USA,SaaS/Tech,0.899,6,1,3.3,0,5,0.19486802489109797,Low,79,15.39457396639674,Month-to-month contract,Renewal / contract intervention
C03599,Basic,2-Year,Credit Card,Canada,E-commerce,0.946,5,0,3.49,0,0,0.07687364787081673,Low,29,2.2293357882536853,No major warning signal,Standard customer success monitoring
C03600,Pro,Month-to-month,ACH/Bank Transfer,USA,Nonprofit,0.547,6,2,4.32,0,0,0.24373860185893922,Low,79,19.2553495468562,Month-to-month contract,Renewal / contract intervention
C03601,Pro,2-Year,ACH/Bank Transfer,USA,E-commerce,0.508,7,2,4.94,0,1,0.08348741708379706,Low,79,6.595505949619968,No major warning signal,Standard customer success monitoring
C03602,Pro,Month-to-month,PayPal,USA,E-commerce,0.214,7,0,3.83,0,0,0.22785862081878236,Low,79,18.000831044683807,Low engagement + Month-to-month contract,Increase product engagement + Renewal / contract intervention
C03604,Pro,1-Year,PayPal,UK,SaaS/Tech,0.624,3,2,5.0,1,1,0.3251461757288484,Medium,79,25.686547882579024,Billing friction,Resolve billing issue
C03606,Basic,Month-to-month,ACH/Bank Transfer,Australia,Manufacturing,0.563,3,1,4.24,0,2,0.3114603965913241,Medium,29,9.032351501148398,Month-to-month contract,Renewal / contract intervention
C03607,Pro,1-Year,PayPal,USA,Manufacturing,0.889,3,1,3.62,1,29,0.40347759971961505,Medium,79,31.874730377849588,Billing friction,Resolve billing issue
C03608,Pro,1-Year,PayPal,Australia,Education,0.397,4,0,4.35,2,5,0.5993901866735369,Medium,79,47.35182474720942,Low engagement + Billing friction,Resolve billing issue + Increase product engagement
C03610,Pro,Month-to-month,ACH/Bank Transfer,USA,Finance,0.428,2,1,4.14,0,24,0.5420733963936567,Medium,79,42.82379831509888,Month-to-month contract + Low feature adoption,Product training / onboarding + Renewal / contract intervention
C03611,Pro,Month-to-month,Credit Card,USA,Manufacturing,0.726,2,1,2.85,0,9,0.47827025522058453,Medium,79,37.783350162426174,Low satisfaction + Month-to-month contract + Low feature adoption,Customer success outreach + Product training / onboarding + Renewal / contract intervention
C03612,Pro,Month-to-month,Credit Card,Canada,Healthcare,0.561,5,0,3.9,0,6,0.2372120253470201,Low,79,18.73975000241459,Month-to-month contract,Renewal / contract intervention
C03613,Enterprise,Month-to-month,ACH/Bank Transfer,USA,SaaS/Tech,0.391,2,1,3.67,0,18,0.5704729667517481,Medium,199,113.52412038359786,Low engagement + Month-to-month contract + Low feature adoption,Increase product engagement + Product training / onboarding + Renewal / contract intervention
C03614,Pro,1-Year,Credit Card,Australia,E-commerce,0.823,3,2,3.75,0,11,0.2733642825454699,Low,79,21.595778321092123,No major warning signal,Standard customer success monitoring
C03615,Basic,1-Year,PayPal,USA,Nonprofit,0.393,4,1,3.67,0,12,0.28186056988581104,Low,29,8.17395652668852,Low engagement,Increase product engagement
C03616,Pro,1-Year,Credit Card,UK,Marketing/Agency,0.661,6,1,3.41,1,18,0.44682391063232485,Medium,79,35.29908893995366,Billing friction,Resolve billing issue
C03618,Pro,Month-to-month,PayPal,India,Nonprofit,0.707,3,5,5.0,0,11,0.43764348313827445,Medium,79,34.57383516792368,High support activity + Month-to-month contract,Priority support review + Renewal / contract intervention
C03619,Basic,Month-to-month,Credit Card,Canada,SaaS/Tech,0.298,5,3,4.3,0,1,0.44265293734627537,Medium,29,12.836935183041986,Low engagement + High support activity + Month-to-month contract,Increase product engagement + Priority support review + Renewal / contract intervention
C03620,Basic,Month-to-month,Credit Card,USA,SaaS/Tech,0.292,1,2,4.82,1,3,0.706231053913312,High,29,20.480700563486046,Low engagement + Billing friction + Month-to-month contract + Low feature adoption,Resolve billing issue + Increase product engagement + Product training / onboarding + Renewal / contract intervention
C03621,Basic,1-Year,Credit Card,USA,Education,0.317,3,2,3.68,0,6,0.409127834912366,Medium,29,11.864707212458613,Low engagement,Increase product engagement
C03622,Pro,1-Year,Credit Card,UK,Nonprofit,0.565,3,0,5.0,2,0,0.47195498845775635,Medium,79,37.28444408816275,Billing friction,Resolve billing issue
C03623,Basic,1-Year,Manual Invoice,Canada,Manufacturing,0.352,6,1,4.27,0,13,0.13512096699103263,Low,29,3.9185080427399464,Low engagement,Increase product engagement
C03624,Enterprise,Month-to-month,Credit Card,India,E-commerce,0.493,5,0,3.78,1,7,0.48815065775768496,Medium,199,97.1419808937793,Billing friction + Month-to-month contract,Resolve billing issue + Renewal / contract intervention
C03629,Enterprise,1-Year,Credit Card,UK,Healthcare,0.975,6,1,4.06,0,3,0.06632726038395909,Low,199,13.199124816407858,No major warning signal,Standard customer success monitoring
C03630,Basic,1-Year,Credit Card,Australia,SaaS/Tech,0.065,2,1,1.57,0,3,0.7958777742922948,High,29,23.08045545447655,Low engagement + Low satisfaction + Low feature adoption,Customer success outreach + Increase product engagement + Product training / onboarding
C03631,Basic,1-Year,Credit Card,USA,Manufacturing,0.778,6,1,4.46,2,11,0.324565884507689,Medium,29,9.41241065072298,Billing friction,Resolve billing issue
C03632,Enterprise,Month-to-month,Credit Card,USA,Education,0.285,7,0,4.2,1,2,0.37935840619440525,Medium,199,75.49232283268664,Low engagement + Billing friction + Month-to-month contract,Resolve billing issue + Increase product engagement + Renewal / contract intervention
C03633,Pro,Month-to-month,Credit Card,Germany,Education,0.696,6,2,3.38,0,0,0.2627749878790922,Low,79,20.759224042448285,Month-to-month contract,Renewal / contract intervention
C03634,Basic,Month-to-month,Credit Card,UK,Manufacturing,0.492,2,2,4.92,0,5,0.34770834867029415,Medium,29,10.08354211143853,Month-to-month contract + Low feature adoption,Product training / onboarding + Renewal / contract intervention
C03635,Enterprise,Month-to-month,Credit Card,India,Finance,0.256,4,1,2.04,0,3,0.6937263045198981,High,199,138.05153459945973,Low engagement + Low satisfaction + Month-to-month contract,Customer success outreach + Increase product engagement + Renewal / contract intervention
C03636,Basic,Month-to-month,Credit Card,Australia,Finance,0.731,4,4,3.27,0,3,0.5513812073488157,Medium,29,15.990055013115654,High support activity + Month-to-month contract,Priority support review + Renewal / contract intervention
C03637,Basic,Month-to-month,Manual Invoice,UK,SaaS/Tech,0.551,7,3,3.96,1,1,0.4359755048836619,Medium,29,12.643289641626195,Billing friction + High support activity + Month-to-month contract,Resolve billing issue + Priority support review + Renewal / contract intervention
C03638,Basic,Month-to-month,Manual Invoice,Canada,Healthcare,0.422,5,0,4.2,2,12,0.6318350335004128,High,29,18.32321597151197,Billing friction + Month-to-month contract,Resolve billing issue + Renewal / contract intervention
C03640,Enterprise,1-Year,Manual Invoice,India,Finance,0.775,2,0,3.74,1,13,0.3214511613290812,Medium,199,63.96878110448716,Billing friction + Low feature adoption,Resolve billing issue + Product training / onboarding
C03642,Enterprise,1-Year,ACH/Bank Transfer,Canada,Finance,0.602,8,2,4.03,0,1,0.1198642064131154,Low,199,23.852977076209964,No major warning signal,Standard customer success monitoring
C03643,Pro,1-Year,PayPal,India,Marketing/Agency,0.355,2,1,2.35,0,33,0.7223913770920993,High,79,57.068918790275845,Low engagement + Low satisfaction + Inactivity + Low feature adoption,Customer success outreach + Increase product engagement + Launch re-engagement campaign + Product training / onboarding
C03644,Pro,Month-to-month,Credit Card,USA,SaaS/Tech,0.546,1,0,4.49,0,0,0.28953571372522,Low,79,22.87332138429238,Month-to-month contract + Low feature adoption,Product training / onboarding + Renewal / contract intervention
C03645,Basic,Month-to-month,ACH/Bank Transfer,USA,Marketing/Agency,0.516,6,0,2.91,0,27,0.43062203672613114,Medium,29,12.488039065057803,Low satisfaction + Month-to-month contract,Customer success outreach + Renewal / contract intervention
C03646,Enterprise,2-Year,Credit Card,India,Education,0.34,3,0,4.06,0,22,0.2730266154143023,Low,199,54.332296467446156,Low engagement,Increase product engagement
C03647,Basic,Month-to-month,Credit Card,Germany,Finance,0.678,4,1,3.2,2,0,0.7442389399025523,High,29,21.582929257174015,Billing friction + Month-to-month contract,Resolve billing issue + Renewal / contract intervention
C03648,Basic,Month-to-month,PayPal,India,Education,0.708,9,1,4.88,0,28,0.08900724479664225,Low,29,2.581210099102625,Month-to-month contract,Renewal / contract intervention
C03650,Pro,2-Year,ACH/Bank Transfer,USA,Marketing/Agency,0.546,5,3,4.05,2,14,0.7342175168868963,High,79,58.00318383406481,Billing friction + High support activity,Resolve billing issue + Priority support review
C03652,Basic,2-Year,PayPal,India,Healthcare,0.186,3,0,3.95,1,2,0.45378444380064353,Medium,29,13.159748870218662,Low engagement + Billing friction,Resolve billing issue + Increase product engagement
C03653,Enterprise,Month-to-month,PayPal,India,Finance,0.915,4,0,4.71,0,2,0.08947138517977796,Low,199,17.804805650775812,Month-to-month contract,Renewal / contract intervention
C03654,Basic,2-Year,Credit Card,USA,Nonprofit,0.55,7,0,3.44,2,17,0.48888045627431614,Medium,29,14.177533231955168,Billing friction,Resolve billing issue
C03655,Pro,1-Year,ACH/Bank Transfer,USA,Marketing/Agency,0.75,4,2,4.48,0,15,0.19435029832393183,Low,79,15.353673567590615,No major warning signal,Standard customer success monitoring
C03656,Basic,2-Year,Credit Card,India,SaaS/Tech,0.578,6,2,2.4,2,3,0.7375319093752644,High,29,21.388425371882665,Low satisfaction + Billing friction,Resolve billing issue + Customer success outreach
C03657,Enterprise,Month-to-month,Manual Invoice,Germany,Nonprofit,0.529,2,1,4.39,0,0,0.24105324525130625,Low,199,47.969595805009945,Month-to-month contract + Low feature adoption,Product training / onboarding + Renewal / contract intervention
C03658,Basic,1-Year,PayPal,UK,Healthcare,0.609,5,2,4.01,0,7,0.18690348785426553,Low,29,5.4202011477737,No major warning signal,Standard customer success monitoring
C03659,Pro,2-Year,PayPal,UK,E-commerce,0.978,4,0,3.91,1,4,0.1772000994183629,Low,79,13.99880785405067,Billing friction,Resolve billing issue
C03661,Enterprise,2-Year,Credit Card,India,Marketing/Agency,0.637,3,2,2.99,0,8,0.37622265525191934,Medium,199,74.86830839513195,Low satisfaction,Customer success outreach
C03662,Pro,1-Year,ACH/Bank Transfer,USA,Nonprofit,0.141,5,1,4.22,0,6,0.29235383455765007,Low,79,23.095952930054356,Low engagement,Increase product engagement
C03663,Basic,1-Year,ACH/Bank Transfer,USA,Manufacturing,0.64,3,1,4.76,0,1,0.11684234198256449,Low,29,3.3884279174943703,No major warning signal,Standard customer success monitoring
C03664,Basic,1-Year,Credit Card,India,Manufacturing,0.232,8,1,5.0,1,0,0.18001362334450513,Low,29,5.220395076990648,Low engagement + Billing friction,Resolve billing issue + Increase product engagement
C03665,Enterprise,Month-to-month,Manual Invoice,Germany,Education,0.466,6,1,5.0,1,8,0.17311487234204384,Low,199,34.44985959606672,Billing friction + Month-to-month contract,Resolve billing issue + Renewal / contract intervention
C03666,Basic,Month-to-month,Credit Card,USA,Healthcare,0.642,3,3,3.02,0,5,0.5603531582491366,Medium,29,16.25024158922496,High support activity + Month-to-month contract,Priority support review + Renewal / contract intervention
C03668,Enterprise,1-Year,Credit Card,USA,SaaS/Tech,0.624,2,1,3.46,0,29,0.38559652684222134,Medium,199,76.73370884160205,Low feature adoption,Product training / onboarding
C03669,Basic,Month-to-month,Credit Card,USA,Nonprofit,0.953,3,1,5.0,0,0,0.10993340171399336,Low,29,3.1880686497058077,Month-to-month contract,Renewal / contract intervention
C03670,Pro,1-Year,ACH/Bank Transfer,Germany,Marketing/Agency,0.659,4,3,3.62,0,12,0.34778837171522364,Medium,79,27.475281365502667,High support activity,Priority support review
C03671,Basic,Month-to-month,ACH/Bank Transfer,USA,SaaS/Tech,0.663,1,2,3.32,0,2,0.5481752773116623,Medium,29,15.897083042038206,Month-to-month contract + Low feature adoption,Product training / onboarding + Renewal / contract intervention
C03672,Enterprise,Month-to-month,Credit Card,USA,Marketing/Agency,0.178,5,0,3.99,1,0,0.5730231234737193,Medium,199,114.03160157127014,Low engagement + Billing friction + Month-to-month contract,Resolve billing issue + Increase product engagement + Renewal / contract intervention
C03673,Pro,Month-to-month,ACH/Bank Transfer,India,Nonprofit,0.023,3,2,3.83,0,6,0.7122324511269462,High,79,56.266363639028754,Low engagement + Month-to-month contract,Increase product engagement + Renewal / contract intervention
C03675,Pro,Month-to-month,Credit Card,Germany,Nonprofit,0.338,2,1,3.31,0,6,0.5848088031315574,Medium,79,46.19989544739303,Low engagement + Month-to-month contract + Low feature adoption,Increase product engagement + Product training / onboarding + Renewal / contract intervention
C03676,Basic,2-Year,ACH/Bank Transfer,Germany,Marketing/Agency,0.362,3,0,4.42,0,9,0.18674511222488346,Low,29,5.41560825452162,Low engagement,Increase product engagement
C03677,Pro,2-Year,Credit Card,USA,Healthcare,0.299,1,2,3.02,0,17,0.6329414308473822,High,79,50.00237303694319,Low engagement + Low feature adoption,Increase product engagement + Product training / onboarding
C03678,Basic,2-Year,ACH/Bank Transfer,India,Education,0.818,1,0,4.88,0,16,0.11987077180398688,Low,29,3.4762523823156193,Low feature adoption,Product training / onboarding
C03679,Pro,Month-to-month,Credit Card,India,SaaS/Tech,0.871,6,1,3.23,1,15,0.4442701469892231,Medium,79,35.097341612148625,Billing friction + Month-to-month contract,Resolve billing issue + Renewal / contract intervention
C03680,Pro,2-Year,PayPal,India,E-commerce,0.47,3,0,4.05,0,38,0.2842231818497396,Low,79,22.45363136612943,Inactivity,Launch re-engagement campaign
C03681,Basic,Month-to-month,ACH/Bank Transfer,USA,Healthcare,0.798,5,2,2.94,0,0,0.32949239971155353,Medium,29,9.555279591635053,Low satisfaction + Month-to-month contract,Customer success outreach + Renewal / contract intervention
C03682,Basic,2-Year,PayPal,USA,Healthcare,0.395,2,2,3.07,0,19,0.5076866148094537,Medium,29,14.722911829474157,Low engagement + Low feature adoption,Increase product engagement + Product training / onboarding
C03683,Basic,1-Year,Credit Card,USA,E-commerce,0.371,1,0,4.32,0,18,0.3246862398760546,Medium,29,9.415900956405583,Low engagement + Low feature adoption,Increase product engagement + Product training / onboarding
C03684,Pro,Month-to-month,PayPal,UK,Marketing/Agency,0.441,7,1,5.0,2,10,0.5827554858070423,Medium,79,46.03768337875634,Billing friction + Month-to-month contract,Resolve billing issue + Renewal / contract intervention
C03685,Pro,1-Year,PayPal,USA,Education,0.409,3,1,5.0,2,2,0.5648803630932434,Medium,79,44.62554868436623,Billing friction,Resolve billing issue
C03687,Pro,1-Year,ACH/Bank Transfer,Canada,Nonprofit,0.799,0,3,3.67,1,3,0.700579050783621,High,79,55.34574501190606,Billing friction + High support activity + Low feature adoption,Resolve billing issue + Product training / onboarding + Priority support review
C03688,Enterprise,Month-to-month,PayPal,India,Finance,0.735,7,0,4.04,0,13,0.1179800322711642,Low,199,23.478026421961676,Month-to-month contract,Renewal / contract intervention
C03689,Enterprise,Month-to-month,Credit Card,USA,Nonprofit,0.421,5,2,3.83,1,2,0.615324014733818,High,199,122.44947893202979,Billing friction + Month-to-month contract,Resolve billing issue + Renewal / contract intervention
C03690,Enterprise,Month-to-month,Manual Invoice,Canada,SaaS/Tech,0.345,3,0,4.51,0,6,0.24349712522814937,Low,199,48.45592792040173,Low engagement + Month-to-month contract,Increase product engagement + Renewal / contract intervention
C03691,Basic,Month-to-month,Credit Card,India,Finance,0.486,1,2,4.0,2,14,0.9076805111997941,High,29,26.32273482479403,Billing friction + Month-to-month contract + Low feature adoption,Resolve billing issue + Product training / onboarding + Renewal / contract intervention
C03692,Pro,Month-to-month,PayPal,Germany,Marketing/Agency,0.359,4,1,3.27,0,12,0.5091521897770048,Medium,79,40.223022992383385,Low engagement + Month-to-month contract,Increase product engagement + Renewal / contract intervention
C03695,Enterprise,1-Year,Credit Card,Canada,SaaS/Tech,0.629,0,0,3.95,1,3,0.49478971345024086,Medium,199,98.46315297659793,Billing friction + Low feature adoption,Resolve billing issue + Product training / onboarding
C03696,Pro,2-Year,Credit Card,Canada,Marketing/Agency,0.427,6,2,3.92,0,16,0.27244811645735384,Low,79,21.52340120013095,No major warning signal,Standard customer success monitoring
C03698,Pro,Month-to-month,ACH/Bank Transfer,India,Finance,0.541,5,0,4.09,0,26,0.3026602495400542,Medium,79,23.91015971366428,Month-to-month contract,Renewal / contract intervention
C03699,Pro,Month-to-month,Credit Card,India,SaaS/Tech,0.677,3,2,4.07,0,8,0.32114544558939384,Medium,79,25.370490201562113,Month-to-month contract,Renewal / contract intervention
C03700,Enterprise,Month-to-month,Credit Card,UK,Healthcare,0.768,4,1,5.0,0,11,0.1570728984430346,Low,199,31.257506790163884,Month-to-month contract,Renewal / contract intervention
C03701,Basic,2-Year,Credit Card,Germany,SaaS/Tech,0.476,5,0,3.51,0,16,0.16067873780802283,Low,29,4.659683396432662,No major warning signal,Standard customer success monitoring
C03702,Basic,Month-to-month,PayPal,India,Healthcare,1.0,5,2,2.98,0,56,0.4614808026891471,Medium,29,13.382943277985266,Low satisfaction + Inactivity + Month-to-month contract,Customer success outreach + Launch re-engagement campaign + Renewal / contract intervention
C03703,Pro,Month-to-month,ACH/Bank Transfer,India,Finance,0.866,3,2,3.85,0,3,0.32334767219008936,Medium,79,25.54446610301706,Month-to-month contract,Renewal / contract intervention
C03704,Basic,1-Year,Credit Card,Australia,Education,0.725,4,2,5.0,1,51,0.4604700294334911,Medium,29,13.353630853571241,Billing friction + Inactivity,Resolve billing issue + Launch re-engagement campaign
C03705,Enterprise,1-Year,PayPal,India,Finance,0.886,2,1,3.38,0,12,0.23611783192376262,Low,199,46.98744855282876,Low feature adoption,Product training / onboarding
C03706,Pro,1-Year,Credit Card,Australia,Marketing/Agency,0.781,0,2,4.42,0,44,0.48812770335817746,Medium,79,38.56208856529602,Inactivity + Low feature adoption,Launch re-engagement campaign + Product training / onboarding
C03707,Basic,Month-to-month,Credit Card,Germany,SaaS/Tech,0.392,5,0,4.85,0,1,0.13851722410344125,Low,29,4.016999498999796,Low engagement + Month-to-month contract,Increase product engagement + Renewal / contract intervention
C03708,Pro,2-Year,PayPal,Germany,SaaS/Tech,0.541,3,1,3.57,2,2,0.6382709330554022,High,79,50.42340371137677,Billing friction,Resolve billing issue
C03709,Basic,1-Year,Credit Card,UK,SaaS/Tech,0.652,3,1,3.7,0,5,0.23043956783138336,Low,29,6.682747467110118,No major warning signal,Standard customer success monitoring
C03710,Enterprise,Month-to-month,Credit Card,UK,Healthcare,0.791,6,0,3.34,0,3,0.17425029983784165,Low,199,34.67580966773049,Month-to-month contract,Renewal / contract intervention
C03711,Enterprise,2-Year,Credit Card,UK,Healthcare,0.535,3,3,3.86,0,4,0.33699896005863766,Medium,199,67.06279305166889,High support activity,Priority support review
C03712,Basic,2-Year,Credit Card,Australia,Nonprofit,0.543,4,2,3.49,2,6,0.7474676130544671,High,29,21.676560778579546,Billing friction,Resolve billing issue
C03713,Basic,Month-to-month,ACH/Bank Transfer,Canada,Manufacturing,0.152,5,0,3.94,1,0,0.56805110657863,Medium,29,16.47348209078027,Low engagement + Billing friction + Month-to-month contract,Resolve billing issue + Increase product engagement + Renewal / contract intervention
C03715,Basic,1-Year,PayPal,USA,Nonprofit,0.328,3,2,4.08,0,4,0.3348599104604145,Medium,29,9.710937403352021,Low engagement,Increase product engagement
C03716,Pro,Month-to-month,Credit Card,USA,Manufacturing,0.301,2,1,3.7,1,4,0.7409213187038085,High,79,58.532784177600874,Low engagement + Billing friction + Month-to-month contract + Low feature adoption,Resolve billing issue + Increase product engagement + Product training / onboarding + Renewal / contract intervention
C03717,Basic,2-Year,Credit Card,Germany,SaaS/Tech,0.418,5,0,5.0,0,0,0.06122058821185105,Low,29,1.7753970581436804,No major warning signal,Standard customer success monitoring
C03718,Basic,1-Year,Credit Card,India,Healthcare,0.985,3,2,3.76,1,1,0.31755540555487094,Medium,29,9.209106761091258,Billing friction,Resolve billing issue
C03719,Basic,1-Year,Credit Card,USA,Manufacturing,0.264,3,2,3.69,0,1,0.3745390913286166,Medium,29,10.861633648529882,Low engagement,Increase product engagement
C03720,Enterprise,Month-to-month,PayPal,Germany,Marketing/Agency,0.355,4,1,3.22,0,4,0.4699461230981082,Medium,199,93.51927849652353,Low engagement + Month-to-month contract,Increase product engagement + Renewal / contract intervention
C03721,Basic,1-Year,PayPal,Germany,Marketing/Agency,0.507,6,2,2.99,0,44,0.43561564185005897,Medium,29,12.63285361365171,Low satisfaction + Inactivity,Customer success outreach + Launch re-engagement campaign
C03722,Basic,Month-to-month,Credit Card,Australia,Education,0.606,1,2,2.89,2,10,0.9405914649479444,High,29,27.27715248349039,Low satisfaction + Billing friction + Month-to-month contract + Low feature adoption,Resolve billing issue + Customer success outreach + Product training / onboarding + Renewal / contract intervention
C03723,Pro,Month-to-month,Credit Card,India,Healthcare,0.933,6,2,5.0,0,36,0.15421297630086792,Low,79,12.182825127768565,Inactivity + Month-to-month contract,Launch re-engagement campaign + Renewal / contract intervention
C03724,Enterprise,2-Year,Credit Card,USA,Marketing/Agency,0.548,10,3,4.57,0,13,0.08488450113274475,Low,199,16.892015725416204,High support activity,Priority support review
C03725,Basic,1-Year,PayPal,USA,Manufacturing,0.224,5,1,5.0,0,2,0.1265938388631828,Low,29,3.671221327032301,Low engagement,Increase product engagement
C03726,Enterprise,1-Year,Credit Card,USA,E-commerce,0.242,1,1,4.3,0,17,0.44699103735026374,Medium,199,88.95121643270248,Low engagement + Low feature adoption,Increase product engagement + Product training / onboarding
C03727,Basic,Month-to-month,Credit Card,UK,Manufacturing,0.465,3,2,3.79,0,11,0.5043579466659799,Medium,29,14.626380453313416,Month-to-month contract,Renewal / contract intervention
C03729,Pro,Month-to-month,Credit Card,USA,SaaS/Tech,0.244,6,0,3.1,0,5,0.3919192179339751,Medium,79,30.961618216784032,Low engagement + Month-to-month contract,Increase product engagement + Renewal / contract intervention
C03730,Pro,2-Year,Credit Card,USA,Education,0.595,1,1,4.55,0,5,0.20481118430861517,Low,79,16.1800835603806,Low feature adoption,Product training / onboarding
C03731,Enterprise,1-Year,Credit Card,India,Finance,0.495,3,1,4.56,0,14,0.2202498569150377,Low,199,43.829721526092506,No major warning signal,Standard customer success monitoring
C03732,Basic,1-Year,Credit Card,India,E-commerce,0.789,6,1,3.04,0,17,0.18951510702616312,Low,29,5.49593810375873,No major warning signal,Standard customer success monitoring
C03733,Enterprise,Month-to-month,Credit Card,Canada,SaaS/Tech,0.338,4,2,4.5,0,18,0.45892323693618947,Medium,199,91.32572415030171,Low engagement + Month-to-month contract,Increase product engagement + Renewal / contract intervention
C03734,Basic,2-Year,PayPal,India,Finance,0.465,2,3,5.0,0,1,0.23468554813417178,Low,29,6.805880895890982,High support activity + Low feature adoption,Product training / onboarding + Priority support review
C03735,Basic,1-Year,Credit Card,Australia,E-commerce,0.59,5,0,4.04,2,0,0.48510890070590695,Medium,29,14.0681581204713,Billing friction,Resolve billing issue
C03736,Enterprise,Month-to-month,ACH/Bank Transfer,Germany,Education,1.0,4,3,4.64,1,2,0.34381456340682687,Medium,199,68.41909811795854,Billing friction + High support activity + Month-to-month contract,Resolve billing issue + Priority support review + Renewal / contract intervention
C03738,Basic,1-Year,Credit Card,India,Marketing/Agency,1.0,1,1,4.96,1,13,0.26986632080689243,Low,29,7.82612330339988,Billing friction + Low feature adoption,Resolve billing issue + Product training / onboarding
C03739,Pro,2-Year,Credit Card,UK,Healthcare,0.409,5,1,4.41,0,10,0.16803731467600502,Low,79,13.274947859404397,No major warning signal,Standard customer success monitoring
C03740,Basic,Month-to-month,Manual Invoice,UK,Healthcare,0.271,5,0,4.79,0,6,0.1759190358818547,Low,29,5.101652040573787,Low engagement + Month-to-month contract,Increase product engagement + Renewal / contract intervention
C03741,Basic,Month-to-month,PayPal,India,E-commerce,0.732,1,1,3.2,0,12,0.5061189755252857,Medium,29,14.677450290233287,Month-to-month contract + Low feature adoption,Product training / onboarding + Renewal / contract intervention
C03742,Basic,Month-to-month,Credit Card,USA,Healthcare,0.679,5,3,2.8,0,4,0.461680848273866,Medium,29,13.388744599942115,Low satisfaction + High support activity + Month-to-month contract,Customer success outreach + Priority support review + Renewal / contract intervention
C03743,Pro,Month-to-month,Credit Card,Australia,Finance,0.866,6,3,3.82,1,0,0.47210606395080673,Medium,79,37.29637905211373,Billing friction + High support activity + Month-to-month contract,Resolve billing issue + Priority support review + Renewal / contract intervention
C03745,Pro,Month-to-month,Credit Card,USA,Healthcare,0.767,4,3,4.03,2,8,0.7768299959267231,High,79,61.36956967821112,Billing friction + High support activity + Month-to-month contract,Resolve billing issue + Priority support review + Renewal / contract intervention
C03746,Basic,Month-to-month,Credit Card,Canada,Nonprofit,0.36,7,1,3.05,0,8,0.4074640258359666,Medium,29,11.81645674924303,Low engagement + Month-to-month contract,Increase product engagement + Renewal / contract intervention
C03747,Pro,2-Year,Credit Card,USA,Manufacturing,0.639,2,0,4.78,1,18,0.2693571212994166,Low,79,21.27921258265391,Billing friction + Low feature adoption,Resolve billing issue + Product training / onboarding
C03748,Enterprise,Month-to-month,ACH/Bank Transfer,Canada,E-commerce,0.055,6,0,3.42,0,2,0.4650302912337145,Medium,199,92.54102795550918,Low engagement + Month-to-month contract,Increase product engagement + Renewal / contract intervention
C03749,Pro,2-Year,Credit Card,USA,Manufacturing,0.87,5,8,4.59,0,11,0.31732617615549835,Medium,79,25.06876791628437,High support activity,Priority support review
C03752,Pro,2-Year,ACH/Bank Transfer,USA,Finance,0.845,4,0,3.89,0,1,0.08894129661013238,Low,79,7.026362432200458,No major warning signal,Standard customer success monitoring
C03753,Basic,Month-to-month,ACH/Bank Transfer,Germany,SaaS/Tech,0.587,5,2,4.71,2,11,0.6454922059562156,High,29,18.719273972730253,Billing friction + Month-to-month contract,Resolve billing issue + Renewal / contract intervention
C03754,Pro,Month-to-month,Credit Card,USA,E-commerce,0.897,2,0,4.16,0,0,0.18457805853861947,Low,79,14.581666624550937,Month-to-month contract + Low feature adoption,Product training / onboarding + Renewal / contract intervention
C03755,Enterprise,1-Year,PayPal,UK,Education,0.296,8,4,3.96,1,6,0.5249211521880588,Medium,199,104.4593092854237,Low engagement + Billing friction + High support activity,Resolve billing issue + Increase product engagement + Priority support review
C03756,Basic,Month-to-month,Credit Card,USA,Healthcare,0.655,2,1,4.82,0,4,0.2274890704253755,Low,29,6.59718304233589,Month-to-month contract + Low feature adoption,Product training / onboarding + Renewal / contract intervention
C03757,Basic,1-Year,PayPal,UK,Manufacturing,0.741,3,1,5.0,2,9,0.4324383331801604,Medium,29,12.540711662224652,Billing friction,Resolve billing issue
C03759,Basic,Month-to-month,Manual Invoice,India,Marketing/Agency,0.576,6,0,4.17,2,5,0.49842484167713996,Medium,29,14.45432040863706,Billing friction + Month-to-month contract,Resolve billing issue + Renewal / contract intervention
C03760,Basic,1-Year,ACH/Bank Transfer,India,Finance,0.282,8,1,4.05,2,27,0.6447748415138654,High,29,18.698470403902096,Low engagement + Billing friction,Resolve billing issue + Increase product engagement
C03761,Basic,Month-to-month,Credit Card,UK,E-commerce,0.286,5,3,5.0,2,21,0.8484576273286675,High,29,24.605271192531358,Low engagement + Billing friction + High support activity + Month-to-month contract,Resolve billing issue + Increase product engagement + Priority support review + Renewal / contract intervention
C03762,Pro,Month-to-month,Credit Card,Canada,SaaS/Tech,0.662,4,0,4.28,0,17,0.23840931380528396,Low,79,18.834335790617434,Month-to-month contract,Renewal / contract intervention
C03763,Pro,Month-to-month,Credit Card,Canada,Finance,0.836,2,2,5.0,1,1,0.44128060732594604,Medium,79,34.861167978749734,Billing friction + Month-to-month contract + Low feature adoption,Resolve billing issue + Product training / onboarding + Renewal / contract intervention
C03764,Pro,1-Year,Credit Card,UK,Marketing/Agency,0.779,3,0,4.69,0,14,0.13083751739831445,Low,79,10.336163874466841,No major warning signal,Standard customer success monitoring
C03765,Pro,2-Year,ACH/Bank Transfer,India,Nonprofit,0.757,2,1,4.02,2,7,0.6320083925262816,High,79,49.92866300957625,Billing friction + Low feature adoption,Resolve billing issue + Product training / onboarding
C03767,Pro,Month-to-month,Credit Card,Australia,Education,0.393,3,0,3.8,0,5,0.41142422333283696,Medium,79,32.50251364329412,Low engagement + Month-to-month contract,Increase product engagement + Renewal / contract intervention
C03768,Pro,Month-to-month,Credit Card,India,Manufacturing,0.672,4,3,3.23,0,13,0.5150058374748842,Medium,79,40.68546116051585,High support activity + Month-to-month contract,Priority support review + Renewal / contract intervention
C03770,Basic,Month-to-month,Credit Card,USA,E-commerce,0.45,4,0,4.65,0,11,0.22573802524456146,Low,29,6.546402732092282,Month-to-month contract,Renewal / contract intervention
C03772,Enterprise,Month-to-month,Credit Card,India,Education,0.515,4,4,5.0,1,58,0.8069137745141438,High,199,160.5758411283146,Billing friction + High support activity + Inactivity + Month-to-month contract,Resolve billing issue + Launch re-engagement campaign + Priority support review + Renewal / contract intervention
C03773,Basic,Month-to-month,Credit Card,UK,SaaS/Tech,0.613,2,2,4.21,0,23,0.5030106086588356,Medium,29,14.587307651106233,Month-to-month contract + Low feature adoption,Product training / onboarding + Renewal / contract intervention
C03774,Basic,Month-to-month,Manual Invoice,USA,SaaS/Tech,0.96,2,2,5.0,0,16,0.1548140641266459,Low,29,4.489607859672731,Month-to-month contract + Low feature adoption,Product training / onboarding + Renewal / contract intervention
C03775,Enterprise,1-Year,ACH/Bank Transfer,Canada,Nonprofit,1.0,2,4,3.42,0,0,0.3567990943206981,Medium,199,71.00301976981892,High support activity + Low feature adoption,Product training / onboarding + Priority support review
C03776,Pro,Month-to-month,PayPal,Australia,Manufacturing,0.639,6,1,2.84,0,4,0.31876359510793956,Medium,79,25.182324013527225,Low satisfaction + Month-to-month contract,Customer success outreach + Renewal / contract intervention
C03778,Basic,1-Year,Manual Invoice,USA,Nonprofit,0.674,3,1,3.85,1,4,0.3091836899716405,Medium,29,8.966327009177574,Billing friction,Resolve billing issue
C03779,Enterprise,Month-to-month,Credit Card,Germany,Nonprofit,0.416,8,3,3.85,0,19,0.35061667180237654,Medium,199,69.77271768867293,High support activity + Month-to-month contract,Priority support review + Renewal / contract intervention
C03780,Basic,1-Year,PayPal,UK,SaaS/Tech,0.427,5,0,4.32,0,14,0.14386801087244702,Low,29,4.172172315300964,No major warning signal,Standard customer success monitoring
C03781,Basic,2-Year,PayPal,USA,Marketing/Agency,1.0,1,2,4.63,1,0,0.26207386681588557,Low,29,7.600142137660682,Billing friction + Low feature adoption,Resolve billing issue + Product training / onboarding
C03783,Basic,2-Year,Credit Card,UK,SaaS/Tech,0.539,3,1,4.93,0,32,0.20231409019678592,Low,29,5.867108615706792,Inactivity,Launch re-engagement campaign
C03784,Pro,Month-to-month,PayPal,India,Marketing/Agency,0.797,3,2,3.6,0,7,0.3950996403195882,Medium,79,31.21287158524747,Month-to-month contract,Renewal / contract intervention
C03785,Enterprise,Month-to-month,PayPal,India,Manufacturing,0.819,2,0,4.22,1,13,0.39441220206096045,Medium,199,78.48802821013113,Billing friction + Month-to-month contract + Low feature adoption,Resolve billing issue + Product training / onboarding + Renewal / contract intervention
C03786,Basic,1-Year,Credit Card,Germany,Marketing/Agency,0.469,1,1,4.59,2,21,0.7272256955435331,High,29,21.08954517076246,Billing friction + Low feature adoption,Resolve billing issue + Product training / onboarding
C03787,Pro,Month-to-month,Manual Invoice,Australia,E-commerce,0.396,3,2,5.0,0,4,0.3060378759087894,Medium,79,24.176992196794362,Low engagement + Month-to-month contract,Increase product engagement + Renewal / contract intervention
C03788,Pro,1-Year,ACH/Bank Transfer,USA,SaaS/Tech,0.436,6,1,4.8,0,0,0.09963105579182363,Low,79,7.870853407554067,No major warning signal,Standard customer success monitoring
C03789,Pro,Month-to-month,Credit Card,Australia,Nonprofit,0.161,4,4,3.88,0,2,0.7190429413752528,High,79,56.804392368644976,Low engagement + High support activity + Month-to-month contract,Increase product engagement + Priority support review + Renewal / contract intervention
C03790,Pro,1-Year,Credit Card,Canada,SaaS/Tech,0.425,4,3,3.38,0,29,0.5693520189406401,Medium,79,44.97880949631057,High support activity,Priority support review
C03791,Basic,1-Year,Credit Card,USA,Manufacturing,0.749,2,0,5.0,0,40,0.14238648247909177,Low,29,4.1292079918936615,Inactivity + Low feature adoption,Launch re-engagement campaign + Product training / onboarding
C03792,Pro,Month-to-month,ACH/Bank Transfer,Canada,Marketing/Agency,0.966,2,1,4.17,1,28,0.5988605850031309,Medium,79,47.30998621524734,Billing friction + Month-to-month contract + Low feature adoption,Resolve billing issue + Product training / onboarding + Renewal / contract intervention
C03793,Pro,Month-to-month,Credit Card,India,SaaS/Tech,0.983,5,0,5.0,0,30,0.09690857035755303,Low,79,7.655777058246689,Month-to-month contract,Renewal / contract intervention
C03794,Basic,1-Year,ACH/Bank Transfer,USA,E-commerce,0.585,5,1,4.26,0,8,0.14702512933169468,Low,29,4.263728750619146,No major warning signal,Standard customer success monitoring
C03795,Pro,Month-to-month,Credit Card,USA,Finance,0.878,5,1,2.6,2,37,0.8486850980477795,High,79,67.04612274577458,Low satisfaction + Billing friction + Inactivity + Month-to-month contract,Resolve billing issue + Customer success outreach + Launch re-engagement campaign + Renewal / contract intervention
C03796,Basic,1-Year,ACH/Bank Transfer,India,E-commerce,0.586,6,1,4.93,2,23,0.47090739140064297,Medium,29,13.656314350618647,Billing friction,Resolve billing issue
C03798,Pro,Month-to-month,PayPal,Canada,Nonprofit,0.49,1,0,5.0,2,32,0.8095823976109172,High,79,63.95700941126246,Billing friction + Inactivity + Month-to-month contract + Low feature adoption,Resolve billing issue + Launch re-engagement campaign + Product training / onboarding + Renewal / contract intervention
C03799,Basic,Month-to-month,Credit Card,Germany,Nonprofit,0.248,7,1,3.43,1,4,0.5598170374326958,Medium,29,16.234694085548178,Low engagement + Billing friction + Month-to-month contract,Resolve billing issue + Increase product engagement + Renewal / contract intervention
C03800,Pro,1-Year,Credit Card,UK,E-commerce,0.428,8,0,3.76,0,15,0.14322957722913723,Low,79,11.315136601101841,No major warning signal,Standard customer success monitoring
C03801,Basic,Month-to-month,Manual Invoice,USA,E-commerce,0.567,6,2,3.84,1,0,0.4077947462153296,Medium,29,11.826047640244557,Billing friction + Month-to-month contract,Resolve billing issue + Renewal / contract intervention
C03804,Enterprise,1-Year,PayPal,Australia,SaaS/Tech,0.572,8,2,4.93,0,20,0.09309748755682525,Low,199,18.526400023808225,No major warning signal,Standard customer success monitoring
C03807,Enterprise,1-Year,Credit Card,UK,Education,0.686,3,0,4.98,0,21,0.12641960587386883,Low,199,25.157501568899896,No major warning signal,Standard customer success monitoring
C03808,Basic,1-Year,Credit Card,UK,Education,0.716,1,1,3.09,0,14,0.4254471867363052,Medium,29,12.33796841535285,Low feature adoption,Product training / onboarding
C03809,Basic,Month-to-month,ACH/Bank Transfer,India,Healthcare,0.502,3,3,4.89,0,7,0.38752677834435645,Medium,29,11.238276571986336,High support activity + Month-to-month contract,Priority support review + Renewal / contract intervention
C03810,Basic,1-Year,ACH/Bank Transfer,UK,Marketing/Agency,0.839,3,1,3.68,0,1,0.204245299670421,Low,29,5.923113690442209,No major warning signal,Standard customer success monitoring
C03811,Pro,1-Year,Credit Card,USA,Manufacturing,0.215,5,0,3.92,1,12,0.43275744620598516,Medium,79,34.187838250272826,Low engagement + Billing friction,Resolve billing issue + Increase product engagement
C03814,Basic,Month-to-month,PayPal,Canada,Manufacturing,0.772,5,0,4.5,2,20,0.48465380859799256,Medium,29,14.054960449341785,Billing friction + Month-to-month contract,Resolve billing issue + Renewal / contract intervention
C03815,Enterprise,1-Year,ACH/Bank Transfer,India,Nonprofit,0.531,5,3,3.76,0,0,0.28732022803346335,Low,199,57.17672537865921,High support activity,Priority support review
C03817,Basic,Month-to-month,ACH/Bank Transfer,Canada,Manufacturing,0.63,5,2,3.09,0,3,0.40525437310802115,Medium,29,11.752376820132614,Month-to-month contract,Renewal / contract intervention
C03819,Enterprise,Month-to-month,PayPal,Canada,E-commerce,0.33,6,0,3.4,0,19,0.3888374647173971,Medium,199,77.37865547876203,Low engagement + Month-to-month contract,Increase product engagement + Renewal / contract intervention
C03820,Basic,2-Year,Credit Card,UK,Marketing/Agency,0.693,5,3,3.85,0,11,0.2529103861091964,Low,29,7.334401197166696,High support activity,Priority support review
C03822,Enterprise,1-Year,PayPal,Australia,Marketing/Agency,0.488,6,1,3.81,1,31,0.49776947872576816,Medium,199,99.05612626642787,Billing friction + Inactivity,Resolve billing issue + Launch re-engagement campaign
C03823,Enterprise,2-Year,Credit Card,UK,Healthcare,0.584,4,1,4.02,1,8,0.3548448513133676,Medium,199,70.61412541136016,Billing friction,Resolve billing issue
C03824,Basic,2-Year,ACH/Bank Transfer,USA,E-commerce,0.892,1,2,2.72,1,6,0.6033300167193009,High,29,17.496570484859724,Low satisfaction + Billing friction + Low feature adoption,Resolve billing issue + Customer success outreach + Product training / onboarding
C03825,Basic,Month-to-month,ACH/Bank Transfer,USA,Finance,0.626,7,0,4.44,2,6,0.45746549202125786,Medium,29,13.266499268616478,Billing friction + Month-to-month contract,Resolve billing issue + Renewal / contract intervention
C03827,Enterprise,1-Year,Credit Card,India,Finance,0.455,3,1,5.0,0,36,0.259180026249335,Low,199,51.57682522361767,Inactivity,Launch re-engagement campaign
C03829,Enterprise,Month-to-month,Credit Card,Canada,Finance,0.548,7,0,4.21,0,24,0.19593724597394382,Low,199,38.99151194881482,Month-to-month contract,Renewal / contract intervention
C03831,Enterprise,1-Year,Credit Card,Australia,Education,0.191,6,3,5.0,0,3,0.2452005924664082,Low,199,48.794917900815236,Low engagement + High support activity,Increase product engagement + Priority support review
C03832,Basic,1-Year,PayPal,Germany,Manufacturing,0.516,3,0,4.12,0,7,0.1387065019526829,Low,29,4.0224885566278035,No major warning signal,Standard customer success monitoring
C03833,Pro,2-Year,ACH/Bank Transfer,India,Finance,0.452,4,3,3.78,0,17,0.40876416866714194,Medium,79,32.29236932470421,High support activity,Priority support review
C03834,Basic,1-Year,Manual Invoice,USA,SaaS/Tech,0.05,4,2,5.0,0,1,0.21283640753729755,Low,29,6.172255818581629,Low engagement,Increase product engagement
C03836,Pro,2-Year,Credit Card,UK,Finance,0.403,4,2,2.24,1,15,0.782948174819125,High,79,61.85290581071088,Low satisfaction + Billing friction,Resolve billing issue + Customer success outreach
C03837,Basic,Month-to-month,Credit Card,UK,SaaS/Tech,0.494,5,1,3.3,0,8,0.3981245962693132,Medium,29,11.545613291810081,Month-to-month contract,Renewal / contract intervention
C03838,Pro,1-Year,PayPal,USA,Finance,0.104,2,1,3.02,0,7,0.5955558688379963,Medium,79,47.048913638201704,Low engagement + Low feature adoption,Increase product engagement + Product training / onboarding
C03839,Pro,Month-to-month,Manual Invoice,USA,Finance,0.804,4,3,3.94,2,1,0.7006127342794511,High,79,55.34840600807664,Billing friction + High support activity + Month-to-month contract,Resolve billing issue + Priority support review + Renewal / contract intervention
C03840,Pro,2-Year,Credit Card,USA,Education,0.226,6,1,4.44,0,11,0.1770198640165156,Low,79,13.984569257304733,Low engagement,Increase product engagement
C03841,Pro,2-Year,PayPal,Canada,Healthcare,0.429,3,0,3.89,2,8,0.6510614306913189,High,79,51.433853024614194,Billing friction,Resolve billing issue
C03842,Basic,Month-to-month,ACH/Bank Transfer,India,Nonprofit,0.718,8,4,4.37,1,14,0.4639385704962405,Medium,29,13.454218544390974,Billing friction + High support activity + Month-to-month contract,Resolve billing issue + Priority support review + Renewal / contract intervention
C03844,Basic,2-Year,Credit Card,Australia,Education,0.398,5,2,3.51,0,13,0.3387470814908647,Medium,29,9.823665363235076,Low engagement,Increase product engagement
C03845,Pro,Month-to-month,Credit Card,UK,Healthcare,0.325,8,0,4.49,0,30,0.22178459762406785,Low,79,17.52098321230136,Low engagement + Month-to-month contract,Increase product engagement + Renewal / contract intervention
C03847,Pro,Month-to-month,Credit Card,UK,Healthcare,0.541,4,0,4.0,0,1,0.2575953740923307,Low,79,20.350034553294122,Month-to-month contract,Renewal / contract intervention
C03849,Basic,Month-to-month,ACH/Bank Transfer,Australia,Marketing/Agency,0.69,5,0,3.07,0,8,0.33661558321266305,Medium,29,9.761851913167229,Month-to-month contract,Renewal / contract intervention
C03851,Pro,1-Year,ACH/Bank Transfer,Canada,Nonprofit,0.814,9,2,2.88,2,16,0.5907034761442144,Medium,79,46.665574615392934,Low satisfaction + Billing friction,Resolve billing issue + Customer success outreach
C03853,Basic,Month-to-month,Credit Card,Australia,Manufacturing,0.913,5,4,3.21,0,7,0.40439329130938984,Medium,29,11.727405447972306,High support activity + Month-to-month contract,Priority support review + Renewal / contract intervention
C03854,Pro,2-Year,Credit Card,India,E-commerce,0.604,4,2,5.0,0,28,0.18347222762292198,Low,79,14.494305982210836,No major warning signal,Standard customer success monitoring
C03855,Enterprise,2-Year,Credit Card,UK,Finance,0.414,7,3,3.13,0,3,0.311321756466351,Medium,199,61.953029536803854,High support activity,Priority support review
C03856,Basic,1-Year,Credit Card,India,Education,0.587,6,1,4.33,0,28,0.150647084814518,Low,29,4.368765459621022,No major warning signal,Standard customer success monitoring
C03857,Basic,Month-to-month,Manual Invoice,USA,Education,0.67,5,0,4.81,2,6,0.37910808513809363,Medium,29,10.994134469004715,Billing friction + Month-to-month contract,Resolve billing issue + Renewal / contract intervention
C03858,Basic,Month-to-month,Credit Card,UK,Nonprofit,0.119,6,1,3.65,0,7,0.4505090508192353,Medium,29,13.064762473757824,Low engagement + Month-to-month contract,Increase product engagement + Renewal / contract intervention
C03859,Basic,Month-to-month,ACH/Bank Transfer,USA,E-commerce,0.587,2,1,4.16,0,2,0.3544315954311251,Medium,29,10.278516267502628,Month-to-month contract + Low feature adoption,Product training / onboarding + Renewal / contract intervention
C03861,Pro,Month-to-month,ACH/Bank Transfer,USA,Finance,0.76,6,2,5.0,1,9,0.3023695728867858,Medium,79,23.887196258056075,Billing friction + Month-to-month contract,Resolve billing issue + Renewal / contract intervention
C03863,Basic,2-Year,PayPal,India,E-commerce,0.35,3,0,4.01,2,1,0.6230787129698292,High,29,18.069282676125045,Low engagement + Billing friction,Resolve billing issue + Increase product engagement
C03866,Pro,1-Year,ACH/Bank Transfer,USA,Marketing/Agency,0.572,5,2,4.73,2,14,0.6095178206865502,High,79,48.15190783423747,Billing friction,Resolve billing issue
C03868,Pro,Month-to-month,Credit Card,UK,Education,0.785,4,0,3.75,0,7,0.23396841759335749,Low,79,18.483504989875243,Month-to-month contract,Renewal / contract intervention
C03869,Basic,1-Year,Credit Card,UK,Education,0.589,4,2,4.34,2,4,0.6411082976388754,High,29,18.59214063152739,Billing friction,Resolve billing issue
C03870,Pro,Month-to-month,ACH/Bank Transfer,USA,Nonprofit,0.357,3,1,4.13,0,8,0.4518650013143501,Medium,79,35.69733510383366,Low engagement + Month-to-month contract,Increase product engagement + Renewal / contract intervention
C03874,Enterprise,2-Year,Credit Card,India,Finance,0.3,4,1,3.39,1,9,0.5702590186540687,Medium,199,113.48154471215967,Low engagement + Billing friction,Resolve billing issue + Increase product engagement
C03875,Pro,1-Year,ACH/Bank Transfer,Canada,Nonprofit,0.294,2,1,2.53,0,21,0.7043177570479505,High,79,55.64110280678809,Low engagement + Low satisfaction + Low feature adoption,Customer success outreach + Increase product engagement + Product training / onboarding
C03876,Pro,Month-to-month,Credit Card,USA,Healthcare,0.376,3,1,4.74,0,14,0.3505768669932404,Medium,79,27.695572492465992,Low engagement + Month-to-month contract,Increase product engagement + Renewal / contract intervention
C03877,Basic,Month-to-month,PayPal,India,SaaS/Tech,0.535,5,0,4.25,0,6,0.1759061298550431,Low,29,5.101277765796249,Month-to-month contract,Renewal / contract intervention
C03879,Enterprise,Month-to-month,Manual Invoice,USA,Healthcare,0.416,4,1,4.59,0,16,0.23478825026304548,Low,199,46.72286180234605,Month-to-month contract,Renewal / contract intervention
C03880,Enterprise,1-Year,Manual Invoice,Australia,Marketing/Agency,0.717,1,2,4.29,2,17,0.7375606154099615,High,199,146.77456246658235,Billing friction + Low feature adoption,Resolve billing issue + Product training / onboarding
C03881,Basic,1-Year,Credit Card,UK,E-commerce,0.347,4,0,4.91,1,17,0.36104810445694174,Medium,29,10.47039502925131,Low engagement + Billing friction,Resolve billing issue + Increase product engagement
C03884,Basic,2-Year,ACH/Bank Transfer,Germany,Finance,0.26,5,1,4.38,1,8,0.36330735403291536,Medium,29,10.535913266954546,Low engagement + Billing friction,Resolve billing issue + Increase product engagement
C03885,Basic,1-Year,Credit Card,Australia,Marketing/Agency,0.874,2,3,4.94,2,27,0.7148459438079424,High,29,20.730532370430332,Billing friction + High support activity + Low feature adoption,Resolve billing issue + Product training / onboarding + Priority support review
C03886,Enterprise,1-Year,Credit Card,UK,Healthcare,0.814,4,3,3.75,0,7,0.24758125437657966,Low,199,49.26866962093935,High support activity,Priority support review
C03887,Basic,Month-to-month,Credit Card,Australia,E-commerce,0.521,2,1,3.95,1,8,0.6933293290739153,High,29,20.106550543143545,Billing friction + Month-to-month contract + Low feature adoption,Resolve billing issue + Product training / onboarding + Renewal / contract intervention
C03889,Pro,2-Year,Credit Card,USA,Nonprofit,0.3,3,2,5.0,0,1,0.21848352205058727,Low,79,17.260198241996395,Low engagement,Increase product engagement
C03890,Pro,Month-to-month,Credit Card,USA,SaaS/Tech,0.83,5,1,2.09,0,3,0.38529559362896926,Medium,79,30.438351896688573,Low satisfaction + Month-to-month contract,Customer success outreach + Renewal / contract intervention
C03891,Basic,2-Year,PayPal,India,SaaS/Tech,0.295,6,0,3.78,0,0,0.1321181193958075,Low,29,3.8314254624784176,Low engagement,Increase product engagement
C03892,Basic,2-Year,Credit Card,USA,Healthcare,0.614,4,1,4.24,2,7,0.4916375263642586,Medium,29,14.2574882645635,Billing friction,Resolve billing issue
C03893,Pro,1-Year,Credit Card,Germany,E-commerce,0.65,2,2,3.91,2,16,0.7674067221431834,High,79,60.62513104931149,Billing friction + Low feature adoption,Resolve billing issue + Product training / onboarding
C03894,Basic,Month-to-month,Manual Invoice,USA,Manufacturing,0.486,3,0,5.0,0,2,0.12501804571783925,Low,29,3.6255233258173383,Month-to-month contract,Renewal / contract intervention
C03895,Pro,1-Year,Credit Card,Canada,Nonprofit,0.123,4,3,4.17,0,6,0.5013992884258323,Medium,79,39.61054378564075,Low engagement + High support activity,Increase product engagement + Priority support review
C03896,Pro,Month-to-month,Credit Card,UK,E-commerce,0.707,3,1,5.0,2,11,0.6690658043953726,High,79,52.856198547234435,Billing friction + Month-to-month contract,Resolve billing issue + Renewal / contract intervention
C03898,Basic,Month-to-month,Credit Card,USA,Healthcare,0.648,5,2,3.62,0,2,0.29574441176859695,Low,29,8.576587941289311,Month-to-month contract,Renewal / contract intervention
C03899,Pro,2-Year,ACH/Bank Transfer,UK,Education,0.676,5,2,3.12,1,10,0.5179245456478775,Medium,79,40.916039106182325,Billing friction,Resolve billing issue
C03901,Basic,Month-to-month,Credit Card,USA,Marketing/Agency,0.39,3,1,4.54,0,13,0.3858034121592912,Medium,29,11.188298952619444,Low engagement + Month-to-month contract,Increase product engagement + Renewal / contract intervention
C03902,Enterprise,Month-to-month,Credit Card,Australia,Finance,0.98,8,3,3.05,1,2,0.4287593766134637,Medium,199,85.32311594607927,Billing friction + High support activity + Month-to-month contract,Resolve billing issue + Priority support review + Renewal / contract intervention
C03904,Enterprise,Month-to-month,Manual Invoice,UK,Finance,0.459,4,0,1.12,0,37,0.761806059899973,High,199,151.59940592009463,Low satisfaction + Inactivity + Month-to-month contract,Customer success outreach + Launch re-engagement campaign + Renewal / contract intervention
C03905,Enterprise,1-Year,Credit Card,Australia,Education,0.551,1,0,5.0,0,15,0.2020161542672719,Low,199,40.20121469918711,Low feature adoption,Product training / onboarding
C03907,Enterprise,2-Year,Credit Card,UK,SaaS/Tech,0.359,5,1,4.15,1,42,0.5393344081298919,Medium,199,107.32754721784848,Low engagement + Billing friction + Inactivity,Resolve billing issue + Increase product engagement + Launch re-engagement campaign
C03908,Pro,1-Year,Credit Card,Germany,SaaS/Tech,0.527,4,2,2.95,0,19,0.41721005660135846,Medium,79,32.959594471507316,Low satisfaction,Customer success outreach
C03909,Enterprise,Month-to-month,ACH/Bank Transfer,Australia,Education,0.02,3,3,2.88,0,12,0.8662682272693757,High,199,172.38737722660576,Low engagement + Low satisfaction + High support activity + Month-to-month contract,Customer success outreach + Increase product engagement + Priority support review + Renewal / contract intervention
C03910,Basic,Month-to-month,Credit Card,USA,Finance,0.837,6,0,4.14,0,3,0.08498476998550018,Low,29,2.4645583295795053,Month-to-month contract,Renewal / contract intervention
C03912,Basic,2-Year,ACH/Bank Transfer,Australia,E-commerce,1.0,2,5,4.0,0,0,0.31750231116519084,Medium,29,9.207567023790535,High support activity + Low feature adoption,Product training / onboarding + Priority support review
C03913,Pro,2-Year,Credit Card,UK,Marketing/Agency,1.0,4,0,4.47,0,0,0.05693369107269631,Low,79,4.497761594743008,No major warning signal,Standard customer success monitoring
C03914,Basic,Month-to-month,ACH/Bank Transfer,India,E-commerce,0.505,11,2,4.39,0,9,0.12170447958471063,Low,29,3.5294299079566085,Month-to-month contract,Renewal / contract intervention
C03915,Basic,1-Year,PayPal,Australia,Finance,0.337,2,1,4.23,1,0,0.5398819397881394,Medium,29,15.656576253856041,Low engagement + Billing friction + Low feature adoption,Resolve billing issue + Increase product engagement + Product training / onboarding
C03916,Pro,2-Year,Credit Card,USA,Nonprofit,0.539,9,3,3.24,0,1,0.16489686617950888,Low,79,13.026852428181202,High support activity,Priority support review
C03917,Pro,Month-to-month,Manual Invoice,Australia,Finance,0.178,4,0,2.75,0,9,0.5660461274886285,Medium,79,44.71764407160165,Low engagement + Low satisfaction + Month-to-month contract,Customer success outreach + Increase product engagement + Renewal / contract intervention
C03920,Pro,1-Year,Credit Card,Germany,Finance,0.207,9,2,4.79,2,11,0.4828480867644256,Medium,79,38.14499885438962,Low engagement + Billing friction,Resolve billing issue + Increase product engagement
C03921,Basic,1-Year,Manual Invoice,India,E-commerce,0.911,2,0,3.17,1,6,0.3130058689002993,Medium,29,9.07717019810868,Billing friction + Low feature adoption,Resolve billing issue + Product training / onboarding
C03922,Basic,Month-to-month,Manual Invoice,USA,Manufacturing,0.71,6,0,3.43,1,0,0.248191622716063,Low,29,7.197557058765827,Billing friction + Month-to-month contract,Resolve billing issue + Renewal / contract intervention
C03923,Pro,1-Year,Manual Invoice,Canada,SaaS/Tech,0.508,5,0,4.29,0,19,0.12177483387695949,Low,79,9.6202118762798,No major warning signal,Standard customer success monitoring
C03924,Enterprise,1-Year,ACH/Bank Transfer,USA,SaaS/Tech,0.608,3,3,2.8,0,6,0.49149022824088834,Medium,199,97.80655541993679,Low satisfaction + High support activity,Customer success outreach + Priority support review
C03925,Pro,1-Year,Credit Card,Germany,SaaS/Tech,0.021,9,1,3.79,0,4,0.1830842922796625,Low,79,14.463659090093337,Low engagement,Increase product engagement
C03926,Basic,2-Year,ACH/Bank Transfer,USA,Healthcare,0.421,3,3,4.36,0,22,0.3725692400810108,Medium,29,10.804507962349312,High support activity,Priority support review
C03928,Basic,Month-to-month,PayPal,UK,E-commerce,0.646,2,1,3.45,1,6,0.6839380493738126,High,29,19.834203431840567,Billing friction + Month-to-month contract + Low feature adoption,Resolve billing issue + Product training / onboarding + Renewal / contract intervention
C03929,Pro,Month-to-month,Credit Card,Germany,Marketing/Agency,0.646,1,0,5.0,0,24,0.28778776404672884,Low,79,22.735233359691577,Month-to-month contract + Low feature adoption,Product training / onboarding + Renewal / contract intervention
C03930,Pro,1-Year,Credit Card,USA,Manufacturing,1.0,3,0,3.25,0,18,0.14551741618910566,Low,79,11.495875878939348,No major warning signal,Standard customer success monitoring
C03931,Basic,Month-to-month,Manual Invoice,USA,Healthcare,0.254,3,2,4.87,0,1,0.30123287416172373,Medium,29,8.735753350689988,Low engagement + Month-to-month contract,Increase product engagement + Renewal / contract intervention
C03932,Enterprise,Month-to-month,Credit Card,Germany,Manufacturing,0.17,1,0,4.79,1,11,0.6253415921535339,High,199,124.44297683855325,Low engagement + Billing friction + Month-to-month contract + Low feature adoption,Resolve billing issue + Increase product engagement + Product training / onboarding + Renewal / contract intervention
C03934,Basic,Month-to-month,ACH/Bank Transfer,UK,E-commerce,0.487,6,2,3.91,0,19,0.4044910203409183,Medium,29,11.73023958988663,Month-to-month contract,Renewal / contract intervention
C03936,Basic,2-Year,Credit Card,Canada,Nonprofit,0.508,3,0,4.91,2,0,0.44666034656780335,Medium,29,12.953150050466297,Billing friction,Resolve billing issue
C03938,Basic,1-Year,Credit Card,India,Healthcare,0.197,8,0,5.0,0,21,0.09628229870750239,Low,29,2.7921866625175693,Low engagement,Increase product engagement
C03939,Basic,Month-to-month,Credit Card,Australia,Finance,0.181,9,0,4.11,0,13,0.22157188911899675,Low,29,6.425584784450906,Low engagement + Month-to-month contract,Increase product engagement + Renewal / contract intervention
C03940,Basic,Month-to-month,Credit Card,USA,E-commerce,0.42,5,3,2.88,0,0,0.5804364389804088,Medium,29,16.832656730431854,Low satisfaction + High support activity + Month-to-month contract,Customer success outreach + Priority support review + Renewal / contract intervention
C03941,Basic,2-Year,Credit Card,USA,Manufacturing,0.79,5,1,3.92,2,13,0.4182501080856147,Medium,29,12.129253134482827,Billing friction,Resolve billing issue
C03942,Pro,1-Year,Credit Card,USA,Manufacturing,0.546,3,1,3.34,1,9,0.526511814969656,Medium,79,41.59443338260283,Billing friction,Resolve billing issue
C03943,Enterprise,Month-to-month,Manual Invoice,USA,Marketing/Agency,0.756,1,0,4.73,2,2,0.5587187271264041,Medium,199,111.18502669815442,Billing friction + Month-to-month contract + Low feature adoption,Resolve billing issue + Product training / onboarding + Renewal / contract intervention
C03944,Basic,Month-to-month,Credit Card,India,E-commerce,0.819,4,1,5.0,0,21,0.1671981165368513,Low,29,4.848745379568688,Month-to-month contract,Renewal / contract intervention
C03945,Pro,Month-to-month,Credit Card,Canada,Education,0.842,6,3,4.75,1,12,0.3951970903663215,Medium,79,31.220570138939397,Billing friction + High support activity + Month-to-month contract,Resolve billing issue + Priority support review + Renewal / contract intervention
C03946,Pro,Month-to-month,Credit Card,USA,Education,0.442,4,1,5.0,1,14,0.4771573740407902,Medium,79,37.69543254922243,Billing friction + Month-to-month contract,Resolve billing issue + Renewal / contract intervention
C03947,Pro,1-Year,Credit Card,Canada,Manufacturing,0.211,5,2,4.5,0,2,0.25534237211830607,Low,79,20.17204739734618,Low engagement,Increase product engagement
C03948,Pro,Month-to-month,ACH/Bank Transfer,Germany,E-commerce,0.505,1,2,4.97,1,4,0.6228820165676595,High,79,49.2076793088451,Billing friction + Month-to-month contract + Low feature adoption,Resolve billing issue + Product training / onboarding + Renewal / contract intervention
C03949,Basic,1-Year,Credit Card,Germany,Marketing/Agency,0.39,4,3,5.0,0,6,0.23343476068693786,Low,29,6.769608059921198,Low engagement + High support activity,Increase product engagement + Priority support review
C03950,Basic,Month-to-month,Credit Card,Germany,Marketing/Agency,0.356,5,3,5.0,0,14,0.3424636482903329,Medium,29,9.931445800419654,Low engagement + High support activity + Month-to-month contract,Increase product engagement + Priority support review + Renewal / contract intervention
C03952,Basic,Month-to-month,ACH/Bank Transfer,Germany,Education,0.917,2,3,4.23,2,13,0.7880365516560704,High,29,22.853059998026044,Billing friction + High support activity + Month-to-month contract + Low feature adoption,Resolve billing issue + Product training / onboarding + Priority support review + Renewal / contract intervention
C03953,Pro,2-Year,Credit Card,USA,Healthcare,0.689,5,0,3.53,0,14,0.12377986949108362,Low,79,9.778609689795607,No major warning signal,Standard customer success monitoring
C03954,Basic,Month-to-month,Credit Card,USA,Healthcare,0.321,10,1,1.41,0,4,0.44479631577541917,Medium,29,12.899093157487156,Low engagement + Low satisfaction + Month-to-month contract,Customer success outreach + Increase product engagement + Renewal / contract intervention
C03955,Enterprise,2-Year,ACH/Bank Transfer,Germany,SaaS/Tech,0.579,6,1,5.0,1,19,0.17479991423183644,Low,199,34.78518293213545,Billing friction,Resolve billing issue
C03956,Pro,Month-to-month,ACH/Bank Transfer,Australia,Finance,0.871,6,0,3.27,2,30,0.7226007264631678,High,79,57.08545739059025,Billing friction + Month-to-month contract,Resolve billing issue + Renewal / contract intervention
C03957,Pro,Month-to-month,Credit Card,USA,Marketing/Agency,0.441,5,1,5.0,0,0,0.19278669919933433,Low,79,15.230149236747412,Month-to-month contract,Renewal / contract intervention
C03959,Enterprise,Month-to-month,Credit Card,India,Marketing/Agency,0.669,3,1,3.24,2,2,0.8308411726877759,High,199,165.3373933648674,Billing friction + Month-to-month contract,Resolve billing issue + Renewal / contract intervention
C03960,Pro,Month-to-month,Manual Invoice,India,E-commerce,0.306,0,2,4.77,1,10,0.7361355070819835,High,79,58.1547050594767,Low engagement + Billing friction + Month-to-month contract + Low feature adoption,Resolve billing issue + Increase product engagement + Product training / onboarding + Renewal / contract intervention
C03962,Basic,1-Year,Credit Card,USA,SaaS/Tech,0.761,4,2,3.83,0,0,0.16611502158296437,Low,29,4.817335625905967,No major warning signal,Standard customer success monitoring
C03963,Pro,1-Year,Credit Card,Germany,Marketing/Agency,0.591,4,0,3.64,0,7,0.1816704618243892,Low,79,14.351966484126747,No major warning signal,Standard customer success monitoring
C03964,Pro,Month-to-month,ACH/Bank Transfer,Canada,Education,0.64,3,1,4.07,0,0,0.3250501032787423,Medium,79,25.67895815902064,Month-to-month contract,Renewal / contract intervention
C03965,Basic,1-Year,Credit Card,USA,E-commerce,0.554,3,1,4.35,1,10,0.39992075848517095,Medium,29,11.597701996069958,Billing friction,Resolve billing issue
C03966,Pro,1-Year,Manual Invoice,USA,Nonprofit,0.988,3,1,5.0,0,4,0.048394660222343164,Low,79,3.82317815756511,No major warning signal,Standard customer success monitoring
C03967,Basic,Month-to-month,Credit Card,Canada,Marketing/Agency,0.532,2,3,4.01,0,1,0.5679068325253989,Medium,29,16.469298143236568,High support activity + Month-to-month contract + Low feature adoption,Product training / onboarding + Priority support review + Renewal / contract intervention
C03968,Basic,Month-to-month,Manual Invoice,India,Education,0.698,4,2,2.33,1,5,0.6947124864090175,High,29,20.14666210586151,Low satisfaction + Billing friction + Month-to-month contract,Resolve billing issue + Customer success outreach + Renewal / contract intervention
C03969,Enterprise,Month-to-month,Manual Invoice,UK,Marketing/Agency,0.571,4,1,3.94,0,18,0.33228441836359823,Medium,199,66.12459925435604,Month-to-month contract,Renewal / contract intervention
C03970,Basic,Month-to-month,Credit Card,Canada,E-commerce,0.389,5,1,4.43,0,12,0.2986514210470159,Low,29,8.660891210363461,Low engagement + Month-to-month contract,Increase product engagement + Renewal / contract intervention
C03972,Pro,1-Year,ACH/Bank Transfer,USA,Marketing/Agency,0.364,4,1,4.34,0,19,0.2987347387751324,Low,79,23.600044363235458,Low engagement,Increase product engagement
C03973,Pro,Month-to-month,Credit Card,USA,Marketing/Agency,0.657,5,2,5.0,0,3,0.18854276383058474,Low,79,14.894878342616195,Month-to-month contract,Renewal / contract intervention
C03975,Enterprise,1-Year,Manual Invoice,Germany,Healthcare,0.645,6,0,4.07,1,2,0.12161054228134413,Low,199,24.200497913987483,Billing friction,Resolve billing issue
C03978,Basic,Month-to-month,Credit Card,UK,Nonprofit,0.391,5,1,4.58,0,8,0.28533044947288244,Low,29,8.27458303471359,Low engagement + Month-to-month contract,Increase product engagement + Renewal / contract intervention
C03979,Pro,1-Year,Credit Card,USA,Education,0.911,4,0,5.0,1,0,0.11120338650104705,Low,79,8.785067533582717,Billing friction,Resolve billing issue
C03980,Pro,Month-to-month,Credit Card,USA,Marketing/Agency,0.734,4,0,4.95,0,1,0.12120521119353385,Low,79,9.575211684289174,Month-to-month contract,Renewal / contract intervention
C03982,Pro,1-Year,Credit Card,USA,E-commerce,0.768,5,1,4.34,0,7,0.10335210790418457,Low,79,8.16481652443058,No major warning signal,Standard customer success monitoring
C03984,Basic,Month-to-month,Credit Card,UK,Finance,0.584,1,0,3.19,0,1,0.48739505706793507,Medium,29,14.134456654970117,Month-to-month contract + Low feature adoption,Product training / onboarding + Renewal / contract intervention
C03985,Basic,1-Year,Credit Card,Germany,E-commerce,0.584,6,1,5.0,0,2,0.06412684657644772,Low,29,1.859678550716984,No major warning signal,Standard customer success monitoring
C03986,Basic,1-Year,Credit Card,Australia,Nonprofit,0.629,2,2,5.0,1,6,0.3796094057466645,Medium,29,11.008672766653271,Billing friction + Low feature adoption,Resolve billing issue + Product training / onboarding
C03987,Pro,1-Year,Credit Card,Germany,Finance,0.678,2,1,5.0,0,0,0.1179039426059446,Low,79,9.314411465869624,Low feature adoption,Product training / onboarding
C03988,Pro,Month-to-month,Credit Card,UK,Marketing/Agency,0.223,4,0,5.0,1,0,0.5055329347740397,Medium,79,39.93710184714914,Low engagement + Billing friction + Month-to-month contract,Resolve billing issue + Increase product engagement + Renewal / contract intervention
C03989,Enterprise,Month-to-month,Credit Card,USA,Nonprofit,0.538,6,1,3.88,0,12,0.26230530865289275,Low,199,52.19875642192566,Month-to-month contract,Renewal / contract intervention
C03991,Basic,2-Year,Credit Card,Canada,Education,0.558,4,2,4.08,1,0,0.39447151476381076,Medium,29,11.439673928150512,Billing friction,Resolve billing issue
C03992,Pro,Month-to-month,Manual Invoice,USA,Nonprofit,0.92,5,1,5.0,1,7,0.16629758775580342,Low,79,13.13750943270847,Billing friction + Month-to-month contract,Resolve billing issue + Renewal / contract intervention
C03994,Pro,Month-to-month,Credit Card,India,Education,0.817,9,2,3.56,1,22,0.38653767223204155,Medium,79,30.536476106331282,Billing friction + Month-to-month contract,Resolve billing issue + Renewal / contract intervention
C03995,Enterprise,1-Year,Manual Invoice,India,Manufacturing,0.442,6,1,4.21,0,11,0.10953863857593414,Low,199,21.798189076610893,No major warning signal,Standard customer success monitoring
C03996,Pro,2-Year,PayPal,Germany,Finance,0.618,2,0,4.75,2,9,0.4515130291437838,Medium,79,35.66952930235892,Billing friction + Low feature adoption,Resolve billing issue + Product training / onboarding
C03997,Pro,1-Year,Credit Card,Germany,E-commerce,0.631,0,0,4.72,0,6,0.1774710587068215,Low,79,14.020213637838898,Low feature adoption,Product training / onboarding
C03998,Pro,Month-to-month,Credit Card,UK,E-commerce,0.558,3,2,5.0,1,5,0.5485885000787275,Medium,79,43.33849150621947,Billing friction + Month-to-month contract,Resolve billing issue + Renewal / contract intervention
C03999,Basic,Month-to-month,Credit Card,Canada,Manufacturing,0.309,2,1,4.47,1,10,0.6794333752160507,High,29,19.70356788126547,Low engagement + Billing friction + Month-to-month contract + Low feature adoption,Resolve billing issue + Increase product engagement + Product training / onboarding + Renewal / contract intervention
C04000,Basic,2-Year,Credit Card,Canada,Marketing/Agency,0.53,4,1,4.92,1,24,0.3505856682467346,Medium,29,10.166984379155304,Billing friction,Resolve billing issue
C04001,Pro,2-Year,Credit Card,Germany,Healthcare,0.618,5,1,4.64,0,4,0.0779459708729502,Low,79,6.157731698963066,No major warning signal,Standard customer success monitoring
C04002,Pro,2-Year,Manual Invoice,Canada,Marketing/Agency,0.406,3,0,2.91,0,13,0.33898801021674513,Medium,79,26.780052807122864,Low satisfaction,Customer success outreach
C04003,Pro,Month-to-month,Manual Invoice,India,E-commerce,0.755,3,1,4.64,1,14,0.3807965613919605,Medium,79,30.08292834996488,Billing friction + Month-to-month contract,Resolve billing issue + Renewal / contract intervention
C04004,Pro,1-Year,Credit Card,Canada,Manufacturing,0.68,4,1,3.49,0,3,0.19810554346911904,Low,79,15.650337934060405,No major warning signal,Standard customer success monitoring
C04005,Basic,Month-to-month,Credit Card,India,Manufacturing,0.516,2,0,2.31,0,4,0.5581887592853467,Medium,29,16.187474019275054,Low satisfaction + Month-to-month contract + Low feature adoption,Customer success outreach + Product training / onboarding + Renewal / contract intervention
C04007,Pro,Month-to-month,ACH/Bank Transfer,Australia,E-commerce,0.605,2,0,3.88,1,4,0.6190193251769697,High,79,48.9025266889806,Billing friction + Month-to-month contract + Low feature adoption,Resolve billing issue + Product training / onboarding + Renewal / contract intervention
C04008,Enterprise,Month-to-month,ACH/Bank Transfer,Germany,Manufacturing,0.738,5,0,3.35,0,27,0.2548124883180722,Low,199,50.70768517529636,Month-to-month contract,Renewal / contract intervention
C04010,Pro,Month-to-month,ACH/Bank Transfer,UK,Nonprofit,0.632,4,1,5.0,0,4,0.2061301224702802,Low,79,16.284279675152135,Month-to-month contract,Renewal / contract intervention
C04011,Pro,2-Year,Credit Card,India,Finance,0.508,3,5,4.42,1,4,0.6394281495688897,High,79,50.514823815942286,Billing friction + High support activity,Resolve billing issue + Priority support review
C04012,Pro,Month-to-month,Credit Card,USA,Education,0.514,7,2,3.63,2,11,0.7556007863878175,High,79,59.69246212463758,Billing friction + Month-to-month contract,Resolve billing issue + Renewal / contract intervention
C04013,Pro,Month-to-month,ACH/Bank Transfer,USA,Healthcare,0.571,6,2,4.36,0,32,0.3317853060277102,Medium,79,26.211039176189107,Inactivity + Month-to-month contract,Launch re-engagement campaign + Renewal / contract intervention
C04014,Basic,1-Year,Credit Card,UK,SaaS/Tech,0.603,6,1,3.51,1,3,0.325297816224994,Medium,29,9.433636670524825,Billing friction,Resolve billing issue
C04015,Basic,1-Year,PayPal,India,Nonprofit,0.81,6,1,3.96,0,0,0.0812910166071728,Low,29,2.3574394816080115,No major warning signal,Standard customer success monitoring
C04016,Basic,1-Year,Credit Card,Canada,E-commerce,0.787,6,2,3.57,1,2,0.3270620243616992,Medium,29,9.484798706489276,Billing friction,Resolve billing issue
C04017,Pro,1-Year,ACH/Bank Transfer,Canada,SaaS/Tech,0.483,5,0,3.93,0,8,0.17982954386367536,Low,79,14.206533965230353,No major warning signal,Standard customer success monitoring
C04018,Pro,Month-to-month,Credit Card,UK,Marketing/Agency,0.557,4,1,3.61,2,1,0.8176739573469406,High,79,64.59624263040831,Billing friction + Month-to-month contract,Resolve billing issue + Renewal / contract intervention
C04019,Basic,1-Year,Credit Card,India,E-commerce,0.541,6,2,3.28,0,15,0.2897506158782973,Low,29,8.402767860470622,No major warning signal,Standard customer success monitoring
C04025,Pro,2-Year,Credit Card,USA,Finance,0.235,5,1,5.0,0,46,0.2621402317786008,Low,79,20.70907831050946,Low engagement + Inactivity,Increase product engagement + Launch re-engagement campaign
C04026,Basic,1-Year,ACH/Bank Transfer,USA,Healthcare,0.517,2,2,4.32,1,3,0.5022809725421103,Medium,29,14.5661482037212,Billing friction + Low feature adoption,Resolve billing issue + Product training / onboarding
C04028,Enterprise,1-Year,Credit Card,USA,SaaS/Tech,0.818,3,0,3.71,0,16,0.15476587820227716,Low,199,30.798409762253154,No major warning signal,Standard customer success monitoring
C04029,Basic,Month-to-month,Credit Card,USA,Finance,0.712,4,1,3.54,1,19,0.5775441167720131,Medium,29,16.74877938638838,Billing friction + Month-to-month contract,Resolve billing issue + Renewal / contract intervention
C04031,Pro,1-Year,Credit Card,India,Healthcare,0.433,2,3,3.84,0,0,0.44617692291350525,Medium,79,35.24797691016691,High support activity + Low feature adoption,Product training / onboarding + Priority support review
C04032,Pro,2-Year,Credit Card,USA,Education,0.48,4,5,3.22,1,15,0.7843651231685015,High,79,61.96484473031162,Billing friction + High support activity,Resolve billing issue + Priority support review
C04033,Pro,1-Year,Credit Card,USA,Education,0.795,2,1,4.67,0,14,0.15774701943696978,Low,79,12.462014535520613,Low feature adoption,Product training / onboarding
C04035,Enterprise,Month-to-month,Credit Card,Germany,E-commerce,0.772,5,1,3.93,2,9,0.6168993533952638,High,199,122.7629713256575,Billing friction + Month-to-month contract,Resolve billing issue + Renewal / contract intervention
C04036,Basic,Month-to-month,Credit Card,India,SaaS/Tech,1.0,6,1,3.74,0,4,0.11846301205448026,Low,29,3.4354273495799275,Month-to-month contract,Renewal / contract intervention
C04037,Pro,Month-to-month,ACH/Bank Transfer,India,Nonprofit,0.292,4,1,4.1,0,0,0.41216642983730645,Medium,79,32.561147957147206,Low engagement + Month-to-month contract,Increase product engagement + Renewal / contract intervention
C04039,Pro,Month-to-month,Credit Card,USA,Manufacturing,0.452,3,1,3.94,2,3,0.7868770363976203,High,79,62.163285875412,Billing friction + Month-to-month contract,Resolve billing issue + Renewal / contract intervention
C04040,Basic,1-Year,Credit Card,India,Finance,0.677,4,1,3.67,0,0,0.1754647997667528,Low,29,5.088479193235831,No major warning signal,Standard customer success monitoring
C04041,Pro,Month-to-month,PayPal,Canada,Marketing/Agency,0.257,2,0,2.69,1,2,0.8482019339907992,High,79,67.00795278527313,Low engagement + Low satisfaction + Billing friction + Month-to-month contract + Low feature adoption,Resolve billing issue + Customer success outreach + Increase product engagement + Product training / onboarding + Renewal / contract intervention
C04044,Basic,Month-to-month,ACH/Bank Transfer,USA,Manufacturing,0.561,2,1,4.93,0,29,0.3404306760756673,Medium,29,9.872489606194351,Month-to-month contract + Low feature adoption,Product training / onboarding + Renewal / contract intervention
C04045,Pro,Month-to-month,Credit Card,UK,Nonprofit,0.412,4,1,3.51,0,54,0.6897249650897259,High,79,54.48827224208835,Inactivity + Month-to-month contract,Launch re-engagement campaign + Renewal / contract intervention
C04046,Basic,Month-to-month,Credit Card,USA,Education,0.665,7,0,3.46,0,0,0.14551559222663016,Low,29,4.219952174572275,Month-to-month contract,Renewal / contract intervention
C04047,Pro,Month-to-month,Manual Invoice,Canada,Healthcare,0.02,4,1,5.0,0,0,0.3149241623601662,Medium,79,24.879008826453127,Low engagement + Month-to-month contract,Increase product engagement + Renewal / contract intervention
C04049,Enterprise,1-Year,Credit Card,Canada,Healthcare,0.844,4,4,3.2,0,15,0.39552722979797433,Medium,199,78.7099187297969,High support activity,Priority support review
C04050,Basic,1-Year,PayPal,USA,Manufacturing,0.472,6,2,5.0,0,11,0.1048356765992039,Low,29,3.040234621376913,No major warning signal,Standard customer success monitoring
C04051,Pro,1-Year,Manual Invoice,Australia,Manufacturing,0.565,4,3,1.8,0,19,0.5873232185492884,Medium,79,46.398534265393785,Low satisfaction + High support activity,Customer success outreach + Priority support review
C04052,Pro,1-Year,Credit Card,India,Marketing/Agency,0.92,2,3,3.37,1,20,0.6576973672369587,High,79,51.958092011719735,Billing friction + High support activity + Low feature adoption,Resolve billing issue + Product training / onboarding + Priority support review
C04053,Pro,2-Year,Credit Card,India,Marketing/Agency,0.288,4,1,3.77,2,5,0.7560576263711445,High,79,59.728552483320414,Low engagement + Billing friction,Resolve billing issue + Increase product engagement
C04054,Basic,2-Year,Credit Card,USA,SaaS/Tech,0.645,6,2,3.13,0,2,0.1786995247773475,Low,29,5.182286218543077,No major warning signal,Standard customer success monitoring
C04055,Basic,1-Year,Credit Card,USA,Manufacturing,0.93,6,1,4.1,1,7,0.1434996926242978,Low,29,4.161491086104636,Billing friction,Resolve billing issue
C04058,Basic,1-Year,ACH/Bank Transfer,USA,Finance,0.5,7,2,3.84,0,7,0.1803111731836352,Low,29,5.229024022325421,No major warning signal,Standard customer success monitoring
C04059,Enterprise,Month-to-month,Credit Card,Canada,Manufacturing,0.494,3,0,4.3,1,19,0.5484132102378557,Medium,199,109.13422883733328,Billing friction + Month-to-month contract,Resolve billing issue + Renewal / contract intervention
C04060,Basic,Month-to-month,Manual Invoice,UK,Education,0.407,2,2,4.61,0,6,0.39060296035029196,Medium,29,11.327485850158467,Month-to-month contract + Low feature adoption,Product training / onboarding + Renewal / contract intervention
C04061,Pro,1-Year,Manual Invoice,India,Nonprofit,1.0,6,2,3.53,1,0,0.1826364934875251,Low,79,14.428282985514482,Billing friction,Resolve billing issue
C04062,Enterprise,2-Year,ACH/Bank Transfer,Canada,Finance,0.317,1,0,4.07,1,18,0.6200930973263667,High,199,123.39852636794699,Low engagement + Billing friction + Low feature adoption,Resolve billing issue + Increase product engagement + Product training / onboarding
C04063,Basic,Month-to-month,Credit Card,Germany,Education,0.897,5,2,4.18,1,5,0.3330415128543364,Medium,29,9.658203872775756,Billing friction + Month-to-month contract,Resolve billing issue + Renewal / contract intervention
C04065,Basic,Month-to-month,Credit Card,USA,Nonprofit,0.604,3,1,5.0,0,2,0.19693290742384675,Low,29,5.711054315291556,Month-to-month contract,Renewal / contract intervention
C04066,Pro,1-Year,ACH/Bank Transfer,USA,Manufacturing,0.717,5,1,3.06,1,0,0.3659240778438484,Medium,79,28.90800214966402,Billing friction,Resolve billing issue
C04067,Basic,1-Year,Credit Card,India,Education,0.707,4,2,3.67,1,3,0.41655238071681305,Medium,29,12.080019040787578,Billing friction,Resolve billing issue
C04068,Basic,Month-to-month,Credit Card,India,Finance,0.799,5,2,3.04,1,14,0.6219746809152467,High,29,18.037265746542154,Billing friction + Month-to-month contract,Resolve billing issue + Renewal / contract intervention
C04069,Pro,Month-to-month,Credit Card,India,Education,0.528,5,0,4.22,0,22,0.2581515578698087,Low,79,20.39397307171489,Month-to-month contract,Renewal / contract intervention
C04070,Pro,Month-to-month,Credit Card,USA,Marketing/Agency,0.862,6,0,3.4,2,5,0.5760213542013854,Medium,79,45.50568698190945,Billing friction + Month-to-month contract,Resolve billing issue + Renewal / contract intervention
C04071,Pro,Month-to-month,Manual Invoice,India,Nonprofit,0.382,2,1,3.33,0,1,0.4960514885712122,Medium,79,39.18806759712576,Low engagement + Month-to-month contract + Low feature adoption,Increase product engagement + Product training / onboarding + Renewal / contract intervention
C04072,Enterprise,Month-to-month,Manual Invoice,Australia,Education,0.81,1,2,3.33,0,5,0.42363707365317343,Medium,199,84.30377765698151,Month-to-month contract + Low feature adoption,Product training / onboarding + Renewal / contract intervention
C04073,Pro,1-Year,PayPal,Germany,Marketing/Agency,0.442,5,2,4.99,1,7,0.3112717444854211,Medium,79,24.59046781434827,Billing friction,Resolve billing issue
C04074,Basic,Month-to-month,ACH/Bank Transfer,UK,Manufacturing,0.966,0,2,3.64,0,73,0.7322146706534458,High,29,21.23422544894993,Inactivity + Month-to-month contract + Low feature adoption,Launch re-engagement campaign + Product training / onboarding + Renewal / contract intervention
C04075,Pro,Month-to-month,Credit Card,USA,Education,0.443,6,4,4.59,2,8,0.8083727973429735,High,79,63.86145099009491,Billing friction + High support activity + Month-to-month contract,Resolve billing issue + Priority support review + Renewal / contract intervention
C04076,Basic,1-Year,Credit Card,USA,Healthcare,0.656,7,2,4.66,0,4,0.07759854554107026,Low,29,2.2503578206910375,No major warning signal,Standard customer success monitoring
C04078,Pro,Month-to-month,Credit Card,Germany,Manufacturing,0.697,6,1,5.0,0,18,0.11042690477014722,Low,79,8.72372547684163,Month-to-month contract,Renewal / contract intervention
C04080,Enterprise,Month-to-month,Credit Card,India,Marketing/Agency,0.187,3,1,3.95,0,0,0.5227233703786902,Medium,199,104.02195070535936,Low engagement + Month-to-month contract,Increase product engagement + Renewal / contract intervention
C04081,Pro,Month-to-month,Credit Card,Canada,Nonprofit,0.239,4,0,4.06,0,18,0.45000945182733787,Medium,79,35.55074669435969,Low engagement + Month-to-month contract,Increase product engagement + Renewal / contract intervention
C04082,Pro,Month-to-month,Credit Card,Germany,Nonprofit,0.488,3,1,4.28,0,10,0.32952087953583287,Medium,79,26.032149483330798,Month-to-month contract,Renewal / contract intervention
C04083,Pro,Month-to-month,Credit Card,Canada,Manufacturing,0.575,4,1,5.0,0,2,0.18114559460289942,Low,79,14.310501973629053,Month-to-month contract,Renewal / contract intervention
C04084,Basic,1-Year,Credit Card,Germany,E-commerce,1.0,4,1,1.88,0,3,0.24170145701172083,Low,29,7.009342253339904,Low satisfaction,Customer success outreach
C04085,Enterprise,Month-to-month,PayPal,UK,Education,0.463,1,1,4.66,0,4,0.39542146617151064,Medium,199,78.68887176813061,Month-to-month contract + Low feature adoption,Product training / onboarding + Renewal / contract intervention
C04086,Pro,1-Year,Manual Invoice,Germany,Healthcare,0.695,4,2,3.57,1,3,0.3304236613143425,Medium,79,26.103469243833057,Billing friction,Resolve billing issue
C04087,Pro,Month-to-month,Credit Card,UK,Manufacturing,0.655,4,0,2.9,0,5,0.3535188719589883,Medium,79,27.927990884760074,Low satisfaction + Month-to-month contract,Customer success outreach + Renewal / contract intervention
C04088,Basic,1-Year,Credit Card,Australia,Manufacturing,0.538,4,2,3.94,0,39,0.3847472445582319,Medium,29,11.157670092188726,Inactivity,Launch re-engagement campaign
C04089,Enterprise,Month-to-month,Credit Card,India,Finance,0.258,1,0,4.66,0,1,0.40167846405449986,Medium,199,79.93401434684547,Low engagement + Month-to-month contract + Low feature adoption,Increase product engagement + Product training / onboarding + Renewal / contract intervention
C04090,Basic,2-Year,PayPal,India,E-commerce,0.148,2,0,5.0,1,4,0.39645869937392464,Medium,29,11.497302281843815,Low engagement + Billing friction + Low feature adoption,Resolve billing issue + Increase product engagement + Product training / onboarding
C04091,Enterprise,1-Year,Credit Card,USA,Nonprofit,0.761,8,0,4.94,0,40,0.05441617676123995,Low,199,10.82881917548675,Inactivity,Launch re-engagement campaign
C04092,Pro,2-Year,ACH/Bank Transfer,USA,SaaS/Tech,0.366,7,1,5.0,1,1,0.1770039378854569,Low,79,13.983311092951094,Low engagement + Billing friction,Resolve billing issue + Increase product engagement
C04095,Basic,Month-to-month,PayPal,UK,E-commerce,0.569,4,2,4.5,0,8,0.3118222529081433,Medium,29,9.042845334336155,Month-to-month contract,Renewal / contract intervention
C04096,Basic,Month-to-month,Credit Card,USA,E-commerce,0.546,4,0,3.8,1,4,0.4838309063341016,Medium,29,14.031096283688946,Billing friction + Month-to-month contract,Resolve billing issue + Renewal / contract intervention
C04097,Pro,1-Year,ACH/Bank Transfer,USA,Education,0.739,6,6,5.0,0,32,0.3009577871053921,Medium,79,23.775665181325977,High support activity + Inactivity,Launch re-engagement campaign + Priority support review
C04098,Pro,2-Year,PayPal,Germany,Manufacturing,0.649,3,0,3.06,0,4,0.16182601093087956,Low,79,12.784254863539486,No major warning signal,Standard customer success monitoring
C04099,Enterprise,Month-to-month,ACH/Bank Transfer,India,Manufacturing,0.854,1,0,3.78,0,0,0.24898685945386964,Low,199,49.54838503132006,Month-to-month contract + Low feature adoption,Product training / onboarding + Renewal / contract intervention
C04100,Enterprise,2-Year,PayPal,Canada,Finance,0.742,6,3,4.95,2,28,0.49762859227970807,Medium,199,99.0280898636619,Billing friction + High support activity,Resolve billing issue + Priority support review
C04101,Pro,2-Year,PayPal,India,Education,0.469,3,3,3.95,1,11,0.6061561134008293,High,79,47.88633295866551,Billing friction + High support activity,Resolve billing issue + Priority support review
C04105,Basic,1-Year,Credit Card,UK,Healthcare,0.715,10,0,3.11,0,4,0.06378632241235611,Low,29,1.8498033499583273,No major warning signal,Standard customer success monitoring
C04106,Basic,Month-to-month,PayPal,Canada,SaaS/Tech,0.434,2,0,3.84,1,9,0.6484588388673198,High,29,18.805306327152273,Billing friction + Month-to-month contract + Low feature adoption,Resolve billing issue + Product training / onboarding + Renewal / contract intervention
C04107,Pro,Month-to-month,Credit Card,Germany,Marketing/Agency,0.615,4,3,4.64,0,0,0.30250482663589207,Medium,79,23.897881304235472,High support activity + Month-to-month contract,Priority support review + Renewal / contract intervention
C04108,Pro,1-Year,Credit Card,USA,Finance,0.46,4,1,4.89,0,40,0.24492659591331495,Low,79,19.349201077151882,Inactivity,Launch re-engagement campaign
C04109,Basic,Month-to-month,Credit Card,Canada,E-commerce,0.927,5,2,3.29,1,5,0.5075954354196617,Medium,29,14.72026762717019,Billing friction + Month-to-month contract,Resolve billing issue + Renewal / contract intervention
C04110,Basic,Month-to-month,PayPal,Germany,Manufacturing,0.4,3,1,5.0,0,15,0.23453241717419093,Low,29,6.801440098051537,Month-to-month contract,Renewal / contract intervention
C04111,Basic,1-Year,Manual Invoice,India,Finance,0.523,6,2,4.28,0,13,0.13766166056323395,Low,29,3.9921881563337847,No major warning signal,Standard customer success monitoring
C04112,Pro,2-Year,ACH/Bank Transfer,USA,Marketing/Agency,0.298,4,3,5.0,2,9,0.7313690488030867,High,79,57.77815485544385,Low engagement + Billing friction + High support activity,Resolve billing issue + Increase product engagement + Priority support review
C04113,Pro,1-Year,Manual Invoice,USA,Finance,0.31,7,2,2.28,0,12,0.386785888144501,Medium,79,30.556085163415577,Low engagement + Low satisfaction,Customer success outreach + Increase product engagement
C04114,Enterprise,1-Year,Credit Card,India,SaaS/Tech,0.297,5,0,3.62,0,7,0.2266067496317699,Low,199,45.09474317672221,Low engagement,Increase product engagement
C04115,Basic,Month-to-month,ACH/Bank Transfer,Canada,Marketing/Agency,0.867,3,1,4.34,0,5,0.2379870907445877,Low,29,6.901625631593044,Month-to-month contract,Renewal / contract intervention
C04116,Enterprise,Month-to-month,Credit Card,Australia,Education,0.701,3,0,3.74,1,48,0.6996392067068793,High,199,139.22820213466898,Billing friction + Inactivity + Month-to-month contract,Resolve billing issue + Launch re-engagement campaign + Renewal / contract intervention
C04117,Pro,2-Year,Credit Card,USA,SaaS/Tech,0.757,1,1,5.0,1,4,0.2594435180666422,Low,79,20.49603792726473,Billing friction + Low feature adoption,Resolve billing issue + Product training / onboarding
C04118,Pro,Month-to-month,ACH/Bank Transfer,UK,Healthcare,0.896,3,2,5.0,2,5,0.6071391890377495,High,79,47.96399593398221,Billing friction + Month-to-month contract,Resolve billing issue + Renewal / contract intervention
C04119,Basic,Month-to-month,ACH/Bank Transfer,USA,E-commerce,0.92,3,1,4.24,1,9,0.40643552784614095,Medium,29,11.786630307538088,Billing friction + Month-to-month contract,Resolve billing issue + Renewal / contract intervention
C04120,Enterprise,1-Year,PayPal,Germany,E-commerce,0.564,2,2,4.9,0,1,0.16863572316432485,Low,199,33.55850890970064,Low feature adoption,Product training / onboarding
C04121,Pro,Month-to-month,PayPal,Germany,Healthcare,0.376,4,1,4.6,0,25,0.32828850131763165,Medium,79,25.9347916040929,Low engagement + Month-to-month contract,Increase product engagement + Renewal / contract intervention
C04123,Enterprise,Month-to-month,Credit Card,UK,Marketing/Agency,0.313,9,0,4.34,0,0,0.14374557410348773,Low,199,28.60536924659406,Low engagement + Month-to-month contract,Increase product engagement + Renewal / contract intervention
C04124,Enterprise,1-Year,PayPal,USA,E-commerce,0.341,7,2,4.37,0,16,0.18560879468391564,Low,199,36.936150142099216,Low engagement,Increase product engagement
C04125,Pro,Month-to-month,Credit Card,Germany,Marketing/Agency,0.67,5,3,2.78,0,1,0.4967517314095333,Medium,79,39.24338678135313,Low satisfaction + High support activity + Month-to-month contract,Customer success outreach + Priority support review + Renewal / contract intervention
C04126,Pro,1-Year,PayPal,USA,Manufacturing,0.693,0,0,4.66,0,17,0.18362704051724008,Low,79,14.506536200861966,Low feature adoption,Product training / onboarding
C04128,Pro,Month-to-month,Credit Card,Germany,Finance,0.365,4,3,4.51,0,2,0.41092356592717805,Medium,79,32.462961708247065,Low engagement + High support activity + Month-to-month contract,Increase product engagement + Priority support review + Renewal / contract intervention
C04130,Basic,1-Year,Credit Card,Germany,Finance,0.378,3,0,3.46,0,6,0.24723673430735288,Low,29,7.169865294913233,Low engagement,Increase product engagement
C04131,Basic,1-Year,PayPal,UK,Nonprofit,0.486,4,1,5.0,0,1,0.12587062419821213,Low,29,3.6502481017481516,No major warning signal,Standard customer success monitoring
C04132,Basic,Month-to-month,Credit Card,USA,E-commerce,0.663,3,1,4.99,0,18,0.22217310150090483,Low,29,6.44301994352624,Month-to-month contract,Renewal / contract intervention
C04133,Basic,Month-to-month,Manual Invoice,UK,E-commerce,0.509,2,2,3.91,0,6,0.45138526096632425,Medium,29,13.090172568023403,Month-to-month contract + Low feature adoption,Product training / onboarding + Renewal / contract intervention
C04134,Enterprise,Month-to-month,Manual Invoice,USA,Healthcare,0.103,3,0,5.0,2,2,0.6809253698621066,High,199,135.5041486025592,Low engagement + Billing friction + Month-to-month contract,Resolve billing issue + Increase product engagement + Renewal / contract intervention
C04135,Enterprise,1-Year,Credit Card,Australia,Education,0.394,3,2,4.14,0,3,0.3433498252386127,Medium,199,68.32661522248392,Low engagement,Increase product engagement
C04136,Enterprise,Month-to-month,Manual Invoice,USA,Education,0.982,3,1,3.36,0,13,0.2225548499804597,Low,199,44.28841514611148,Month-to-month contract,Renewal / contract intervention
C04137,Pro,Month-to-month,ACH/Bank Transfer,Canada,Marketing/Agency,0.67,3,0,5.0,2,8,0.6241688897870826,High,79,49.309342293179526,Billing friction + Month-to-month contract,Resolve billing issue + Renewal / contract intervention
C04138,Pro,Month-to-month,Credit Card,USA,SaaS/Tech,0.461,3,0,3.5,0,18,0.4442262884052739,Medium,79,35.093876784016636,Month-to-month contract,Renewal / contract intervention
C04139,Pro,1-Year,ACH/Bank Transfer,USA,Nonprofit,0.525,4,2,3.17,1,8,0.6244761535910344,High,79,49.33361613369171,Billing friction,Resolve billing issue
C04143,Basic,Month-to-month,Credit Card,UK,SaaS/Tech,0.368,3,2,3.18,1,6,0.8191667616267885,High,29,23.755836087176867,Low engagement + Billing friction + Month-to-month contract,Resolve billing issue + Increase product engagement + Renewal / contract intervention
C04144,Enterprise,Month-to-month,ACH/Bank Transfer,Germany,SaaS/Tech,0.619,4,2,3.41,0,3,0.38341897513157264,Medium,199,76.30037605118295,Month-to-month contract,Renewal / contract intervention
C04146,Basic,Month-to-month,Manual Invoice,USA,Education,0.204,5,3,4.03,1,1,0.6605830632382299,High,29,19.156908833908666,Low engagement + Billing friction + High support activity + Month-to-month contract,Resolve billing issue + Increase product engagement + Priority support review + Renewal / contract intervention
C04147,Basic,2-Year,ACH/Bank Transfer,Germany,E-commerce,0.02,2,0,4.42,0,9,0.32255744682321363,Medium,29,9.354165957873196,Low engagement + Low feature adoption,Increase product engagement + Product training / onboarding
C04148,Basic,Month-to-month,Credit Card,India,Marketing/Agency,0.464,4,1,3.72,0,27,0.5032507961219023,Medium,29,14.594273087535166,Month-to-month contract,Renewal / contract intervention
C04149,Basic,Month-to-month,Manual Invoice,India,Manufacturing,0.604,1,1,5.0,0,8,0.21189034111082058,Low,29,6.144819892213797,Month-to-month contract + Low feature adoption,Product training / onboarding + Renewal / contract intervention
C04150,Pro,Month-to-month,Credit Card,India,Nonprofit,0.358,3,3,4.36,0,28,0.6436060356574561,High,79,50.844876816939035,Low engagement + High support activity + Month-to-month contract,Increase product engagement + Priority support review + Renewal / contract intervention
C04151,Basic,Month-to-month,ACH/Bank Transfer,Australia,Nonprofit,0.555,6,0,3.4,0,25,0.3534140221911978,Medium,29,10.249006643544735,Month-to-month contract,Renewal / contract intervention
C04152,Pro,Month-to-month,Credit Card,Canada,E-commerce,0.942,7,2,4.51,2,10,0.49681497334168107,Medium,79,39.248382893992805,Billing friction + Month-to-month contract,Resolve billing issue + Renewal / contract intervention
C04153,Enterprise,2-Year,ACH/Bank Transfer,USA,Marketing/Agency,0.493,2,3,3.99,0,3,0.39948981790502935,Medium,199,79.49847376310085,High support activity + Low feature adoption,Product training / onboarding + Priority support review
C04154,Pro,Month-to-month,ACH/Bank Transfer,Germany,Finance,0.733,8,0,3.61,0,2,0.1088092464243682,Low,79,8.595930467525088,Month-to-month contract,Renewal / contract intervention
C04156,Basic,2-Year,ACH/Bank Transfer,USA,Marketing/Agency,0.588,2,2,3.96,0,21,0.3668909873202745,Medium,29,10.63983863228796,Low feature adoption,Product training / onboarding
C04157,Pro,Month-to-month,Credit Card,India,Marketing/Agency,0.566,6,1,3.52,1,13,0.5662567140077722,Medium,79,44.734280406614005,Billing friction + Month-to-month contract,Resolve billing issue + Renewal / contract intervention
C04158,Pro,1-Year,Manual Invoice,UK,Education,0.444,5,0,3.83,0,12,0.16063265783273306,Low,79,12.689979968785911,No major warning signal,Standard customer success monitoring
C04160,Pro,1-Year,ACH/Bank Transfer,Canada,E-commerce,0.561,3,0,3.37,2,7,0.7268105223368749,High,79,57.41803126461312,Billing friction,Resolve billing issue
C04161,Basic,1-Year,Manual Invoice,USA,Education,0.636,5,3,4.85,0,7,0.11250631856791789,Low,29,3.2626832384696187,High support activity,Priority support review
C04162,Basic,1-Year,Credit Card,India,Education,0.633,2,2,3.48,0,15,0.4060573983024738,Medium,29,11.77566455077174,Low feature adoption,Product training / onboarding
C04164,Pro,1-Year,Manual Invoice,India,Finance,0.497,4,1,4.04,1,29,0.4519534040420283,Medium,79,35.70431891932024,Billing friction,Resolve billing issue
C04166,Pro,Month-to-month,Manual Invoice,Canada,Finance,0.292,6,1,4.42,1,0,0.41845255481776167,Medium,79,33.05775183060317,Low engagement + Billing friction + Month-to-month contract,Resolve billing issue + Increase product engagement + Renewal / contract intervention
C04168,Basic,2-Year,Credit Card,India,Manufacturing,0.658,2,0,2.88,0,1,0.23294570301716022,Low,29,6.755425387497646,Low satisfaction + Low feature adoption,Customer success outreach + Product training / onboarding
C04169,Basic,Month-to-month,Credit Card,UK,SaaS/Tech,0.559,4,2,3.92,0,1,0.3487516901217122,Medium,29,10.113799013529654,Month-to-month contract,Renewal / contract intervention
C04170,Pro,Month-to-month,Credit Card,USA,Healthcare,0.865,3,2,4.34,0,13,0.2661057869472322,Low,79,21.022357168831345,Month-to-month contract,Renewal / contract intervention
C04171,Enterprise,Month-to-month,Credit Card,USA,Finance,0.488,5,0,2.62,0,4,0.39423968744509724,Medium,199,78.45369780157435,Low satisfaction + Month-to-month contract,Customer success outreach + Renewal / contract intervention
C04172,Pro,2-Year,Credit Card,UK,Education,1.0,4,1,4.47,0,50,0.15333883381896551,Low,79,12.113767871698276,Inactivity,Launch re-engagement campaign
C04173,Pro,Month-to-month,Manual Invoice,USA,Manufacturing,0.883,5,1,2.76,0,11,0.22601839149079414,Low,79,17.85545292777274,Low satisfaction + Month-to-month contract,Customer success outreach + Renewal / contract intervention
C04174,Basic,1-Year,ACH/Bank Transfer,USA,Nonprofit,0.461,3,1,5.0,0,5,0.1630039591705129,Low,29,4.727114815944875,No major warning signal,Standard customer success monitoring
C04176,Basic,2-Year,Credit Card,USA,Education,0.693,4,4,4.29,0,24,0.29311713693881863,Low,29,8.50039697122574,High support activity,Priority support review
C04178,Pro,Month-to-month,ACH/Bank Transfer,Australia,Finance,0.662,7,1,3.8,0,2,0.20563605369989818,Low,79,16.245248242291957,Month-to-month contract,Renewal / contract intervention
C04179,Basic,Month-to-month,Credit Card,Germany,E-commerce,0.696,5,0,3.8,0,18,0.1980975463485099,Low,29,5.744828844106787,Month-to-month contract,Renewal / contract intervention
C04180,Basic,Month-to-month,PayPal,USA,Education,0.681,4,0,5.0,0,3,0.1092330109544441,Low,29,3.1677573176788787,Month-to-month contract,Renewal / contract intervention
C04181,Pro,1-Year,Credit Card,Germany,Nonprofit,0.367,5,0,3.91,0,0,0.1545826935862862,Low,79,12.21203279331661,Low engagement,Increase product engagement
C04182,Basic,Month-to-month,Manual Invoice,India,Nonprofit,0.721,3,1,4.8,0,6,0.15333460526085257,Low,29,4.446703552564725,Month-to-month contract,Renewal / contract intervention
C04184,Enterprise,Month-to-month,Manual Invoice,USA,Healthcare,0.533,5,1,5.0,1,0,0.23623943707941406,Low,199,47.011647978803396,Billing friction + Month-to-month contract,Resolve billing issue + Renewal / contract intervention
C04186,Basic,Month-to-month,ACH/Bank Transfer,Germany,Education,0.697,7,1,4.05,0,11,0.1510732137556102,Low,29,4.381123198912696,Month-to-month contract,Renewal / contract intervention
C04187,Pro,1-Year,Credit Card,Germany,SaaS/Tech,0.368,7,1,2.63,0,10,0.253036119429071,Low,79,19.98985343489661,Low engagement + Low satisfaction,Customer success outreach + Increase product engagement
C04188,Enterprise,2-Year,Manual Invoice,USA,SaaS/Tech,0.42,3,0,4.49,0,20,0.13523113886520963,Low,199,26.910996634176716,No major warning signal,Standard customer success monitoring
C04189,Pro,2-Year,Credit Card,Germany,Healthcare,0.863,3,3,3.12,0,40,0.3976339891172793,Medium,79,31.413085140265068,High support activity + Inactivity,Launch re-engagement campaign + Priority support review
C04190,Pro,1-Year,Manual Invoice,India,Nonprofit,0.702,2,3,1.7,0,19,0.6624477634677652,High,79,52.33337331395345,Low satisfaction + High support activity + Low feature adoption,Customer success outreach + Product training / onboarding + Priority support review
C04191,Pro,1-Year,Manual Invoice,Germany,Manufacturing,0.536,2,4,3.9,0,9,0.36569069930403114,Medium,79,28.88956524501846,High support activity + Low feature adoption,Product training / onboarding + Priority support review
C04193,Basic,Month-to-month,Credit Card,UK,E-commerce,0.519,9,3,4.59,0,12,0.2069132102284058,Low,29,6.0004830966237686,High support activity + Month-to-month contract,Priority support review + Renewal / contract intervention
C04195,Enterprise,2-Year,Manual Invoice,India,Finance,0.558,4,2,5.0,1,0,0.20403826835714395,Low,199,40.60361540307164,Billing friction,Resolve billing issue
C04196,Pro,Month-to-month,Credit Card,UK,Healthcare,0.372,5,1,4.66,0,11,0.28970095564297993,Low,79,22.886375495795413,Low engagement + Month-to-month contract,Increase product engagement + Renewal / contract intervention
C04197,Basic,Month-to-month,PayPal,India,SaaS/Tech,0.828,4,3,4.85,0,42,0.3249266571004436,Medium,29,9.422873055912865,High support activity + Inactivity + Month-to-month contract,Launch re-engagement campaign + Priority support review + Renewal / contract intervention
C04200,Pro,Month-to-month,PayPal,India,Nonprofit,0.932,5,2,4.65,0,3,0.13407309043367252,Low,79,10.591774144260128,Month-to-month contract,Renewal / contract intervention
C04201,Basic,Month-to-month,PayPal,India,Marketing/Agency,0.537,6,0,3.71,1,7,0.4298889449387024,Medium,29,12.46677940322237,Billing friction + Month-to-month contract,Resolve billing issue + Renewal / contract intervention
C04202,Basic,2-Year,Credit Card,UK,E-commerce,0.645,3,1,3.8,0,9,0.22344257073795165,Low,29,6.4798345514005975,No major warning signal,Standard customer success monitoring
C04203,Pro,Month-to-month,ACH/Bank Transfer,USA,E-commerce,0.139,6,0,3.49,0,4,0.4047249190683982,Medium,79,31.973268606403458,Low engagement + Month-to-month contract,Increase product engagement + Renewal / contract intervention
C04204,Basic,Month-to-month,PayPal,Germany,Finance,0.66,4,2,4.6,0,21,0.2597955708256097,Low,29,7.534071553942682,Month-to-month contract,Renewal / contract intervention
C04205,Basic,Month-to-month,ACH/Bank Transfer,India,SaaS/Tech,0.703,2,2,4.12,1,1,0.6020846068636199,High,29,17.460453599044975,Billing friction + Month-to-month contract + Low feature adoption,Resolve billing issue + Product training / onboarding + Renewal / contract intervention
C04207,Basic,Month-to-month,Credit Card,Australia,Manufacturing,0.505,2,0,4.5,0,10,0.2809277322337097,Low,29,8.146904234777582,Month-to-month contract + Low feature adoption,Product training / onboarding + Renewal / contract intervention
C04208,Basic,1-Year,Credit Card,Australia,Nonprofit,0.487,5,1,5.0,0,1,0.11108692942953614,Low,29,3.2215209534565483,No major warning signal,Standard customer success monitoring
C04210,Basic,Month-to-month,Credit Card,USA,Education,0.913,6,2,3.49,2,7,0.6421790331294938,High,29,18.623191960755317,Billing friction + Month-to-month contract,Resolve billing issue + Renewal / contract intervention
C04211,Basic,Month-to-month,PayPal,Germany,Finance,0.501,3,3,5.0,0,4,0.3104215842534045,Medium,29,9.00222594334873,High support activity + Month-to-month contract,Priority support review + Renewal / contract intervention
C04212,Pro,1-Year,Credit Card,USA,SaaS/Tech,0.285,2,1,3.3,1,6,0.7011048342092654,High,79,55.38728190253197,Low engagement + Billing friction + Low feature adoption,Resolve billing issue + Increase product engagement + Product training / onboarding
C04214,Enterprise,Month-to-month,Credit Card,UK,SaaS/Tech,0.647,4,0,3.81,1,0,0.44133312915155926,Medium,199,87.8252927011603,Billing friction + Month-to-month contract,Resolve billing issue + Renewal / contract intervention
C04215,Basic,2-Year,Credit Card,USA,Nonprofit,0.618,6,1,4.75,0,27,0.09979257371533888,Low,29,2.8939846377448277,No major warning signal,Standard customer success monitoring
C04216,Basic,2-Year,Credit Card,USA,Marketing/Agency,0.575,3,1,3.96,2,2,0.6251051635217765,High,29,18.128049742131516,Billing friction,Resolve billing issue
C04218,Enterprise,2-Year,Credit Card,Germany,E-commerce,0.747,1,3,5.0,2,29,0.706935803859186,High,199,140.680224967978,Billing friction + High support activity + Low feature adoption,Resolve billing issue + Product training / onboarding + Priority support review
C04219,Enterprise,Month-to-month,ACH/Bank Transfer,USA,E-commerce,0.781,5,1,3.37,1,6,0.4844264405456299,Medium,199,96.40086166858035,Billing friction + Month-to-month contract,Resolve billing issue + Renewal / contract intervention
C04221,Pro,Month-to-month,Credit Card,USA,SaaS/Tech,0.419,5,1,5.0,0,6,0.19771177043385982,Low,79,15.619229864274926,Month-to-month contract,Renewal / contract intervention
C04222,Basic,1-Year,Credit Card,Canada,SaaS/Tech,0.76,5,0,3.76,0,12,0.119124290438386,Low,29,3.454604422713194,No major warning signal,Standard customer success monitoring
C04223,Basic,Month-to-month,Credit Card,USA,Nonprofit,0.777,7,2,3.23,0,11,0.2592717233469968,Low,29,7.518879977062906,Month-to-month contract,Renewal / contract intervention
C04224,Enterprise,Month-to-month,ACH/Bank Transfer,USA,Marketing/Agency,0.665,3,2,3.34,0,49,0.6864571838088027,High,199,136.60497957795175,Inactivity + Month-to-month contract,Launch re-engagement campaign + Renewal / contract intervention
C04225,Basic,1-Year,Credit Card,Canada,Healthcare,0.753,2,3,4.23,0,14,0.31682133412819224,Medium,29,9.187818689717576,High support activity + Low feature adoption,Product training / onboarding + Priority support review
C04226,Basic,1-Year,PayPal,USA,Finance,0.189,3,2,3.29,1,1,0.7172072383013632,High,29,20.799009910739535,Low engagement + Billing friction,Resolve billing issue + Increase product engagement
C04228,Basic,Month-to-month,ACH/Bank Transfer,India,Healthcare,0.214,1,1,3.27,0,8,0.7080574967560326,High,29,20.533667405924945,Low engagement + Month-to-month contract + Low feature adoption,Increase product engagement + Product training / onboarding + Renewal / contract intervention
C04229,Basic,Month-to-month,Credit Card,India,Finance,0.597,3,0,5.0,0,6,0.1735527359044865,Low,29,5.033029341230108,Month-to-month contract,Renewal / contract intervention
C04230,Enterprise,1-Year,ACH/Bank Transfer,USA,Finance,0.41,4,1,4.32,0,0,0.19482264146295086,Low,199,38.769705651127225,No major warning signal,Standard customer success monitoring
C04231,Basic,Month-to-month,Credit Card,Canada,Education,0.716,3,2,4.26,0,1,0.3012790663781021,Medium,29,8.73709292496496,Month-to-month contract,Renewal / contract intervention
C04232,Basic,1-Year,PayPal,Germany,Education,0.595,3,0,3.09,0,6,0.22573948665692606,Low,29,6.546445113050856,No major warning signal,Standard customer success monitoring
C04233,Basic,1-Year,Credit Card,Australia,E-commerce,0.417,0,1,2.9,0,4,0.6040574893639633,High,29,17.517667191554935,Low satisfaction + Low feature adoption,Customer success outreach + Product training / onboarding
C04234,Basic,Month-to-month,Credit Card,UK,Education,0.336,5,0,5.0,0,7,0.19887978282818872,Low,29,5.767513702017473,Low engagement + Month-to-month contract,Increase product engagement + Renewal / contract intervention
C04235,Pro,2-Year,PayPal,Germany,Nonprofit,0.399,10,1,3.78,1,11,0.18413827324603052,Low,79,14.546923586436412,Low engagement + Billing friction,Resolve billing issue + Increase product engagement
C04236,Enterprise,1-Year,Manual Invoice,Australia,Marketing/Agency,0.544,5,2,4.05,1,22,0.44904519617354877,Medium,199,89.3599940385362,Billing friction,Resolve billing issue
C04237,Enterprise,1-Year,PayPal,UK,SaaS/Tech,0.094,1,3,3.52,0,46,0.8376769784324988,High,199,166.69771870806724,Low engagement + High support activity + Inactivity + Low feature adoption,Increase product engagement + Launch re-engagement campaign + Product training / onboarding + Priority support review
C04238,Basic,2-Year,Credit Card,UK,Nonprofit,0.96,7,2,3.78,1,6,0.18857506330070783,Low,29,5.468676835720527,Billing friction,Resolve billing issue
C04239,Pro,1-Year,Credit Card,Australia,Nonprofit,0.594,5,2,3.51,0,10,0.2997705119644934,Low,79,23.681870445194978,No major warning signal,Standard customer success monitoring
C04240,Basic,Month-to-month,Credit Card,Australia,E-commerce,0.454,5,1,5.0,1,6,0.41395204804652586,Medium,29,12.00460939334925,Billing friction + Month-to-month contract,Resolve billing issue + Renewal / contract intervention
C04242,Basic,2-Year,Credit Card,Canada,Education,0.607,2,0,3.47,0,6,0.24290030987533187,Low,29,7.044108986384624,Low feature adoption,Product training / onboarding
C04244,Basic,Month-to-month,Credit Card,Canada,SaaS/Tech,0.588,4,1,4.62,0,4,0.22134527584134187,Low,29,6.419012999398914,Month-to-month contract,Renewal / contract intervention
C04245,Enterprise,2-Year,PayPal,India,Education,0.099,2,0,4.35,1,7,0.5225967286235255,Medium,199,103.99674899608156,Low engagement + Billing friction + Low feature adoption,Resolve billing issue + Increase product engagement + Product training / onboarding
C04246,Pro,Month-to-month,PayPal,USA,Education,0.43,2,0,2.22,0,9,0.6492393306775982,High,79,51.289907123530256,Low satisfaction + Month-to-month contract + Low feature adoption,Customer success outreach + Product training / onboarding + Renewal / contract intervention
C04248,Basic,Month-to-month,Credit Card,UK,E-commerce,0.392,10,2,4.65,0,3,0.14199965629936154,Low,29,4.117990032681485,Low engagement + Month-to-month contract,Increase product engagement + Renewal / contract intervention
C04250,Pro,2-Year,Credit Card,USA,SaaS/Tech,0.691,2,0,2.85,1,23,0.5611841573193641,Medium,79,44.33354842822976,Low satisfaction + Billing friction + Low feature adoption,Resolve billing issue + Customer success outreach + Product training / onboarding
C04251,Basic,Month-to-month,Credit Card,Germany,Finance,0.619,3,2,3.48,1,2,0.6465496378040785,High,29,18.749939496318277,Billing friction + Month-to-month contract,Resolve billing issue + Renewal / contract intervention
C04252,Enterprise,Month-to-month,Credit Card,USA,Healthcare,0.621,5,4,5.0,1,19,0.5453091735076465,Medium,199,108.51652552802166,Billing friction + High support activity + Month-to-month contract,Resolve billing issue + Priority support review + Renewal / contract intervention
C04253,Basic,Month-to-month,Credit Card,Germany,SaaS/Tech,0.995,5,2,4.86,0,30,0.1373810102155459,Low,29,3.9840492962508316,Month-to-month contract,Renewal / contract intervention
C04254,Enterprise,1-Year,Credit Card,USA,E-commerce,0.364,3,2,4.12,0,0,0.31595318520717636,Medium,199,62.874683856228096,Low engagement,Increase product engagement
C04255,Pro,1-Year,PayPal,Canada,Education,0.59,4,0,2.95,1,10,0.49699796242751165,Medium,79,39.26283903177342,Low satisfaction + Billing friction,Resolve billing issue + Customer success outreach
C04256,Basic,Month-to-month,Credit Card,Germany,Healthcare,0.854,2,0,4.35,1,12,0.35444240432113616,Medium,29,10.27882972531295,Billing friction + Month-to-month contract + Low feature adoption,Resolve billing issue + Product training / onboarding + Renewal / contract intervention
C04258,Pro,Month-to-month,PayPal,Germany,Manufacturing,0.677,2,1,4.53,0,16,0.2586373794971044,Low,79,20.432352980271247,Month-to-month contract + Low feature adoption,Product training / onboarding + Renewal / contract intervention
C04259,Basic,2-Year,Credit Card,USA,Education,0.489,1,2,4.26,0,5,0.3135866696688251,Medium,29,9.094013420395928,Low feature adoption,Product training / onboarding
C04260,Basic,Month-to-month,PayPal,India,Marketing/Agency,0.629,6,2,4.7,2,11,0.6333149103277624,High,29,18.366132399505112,Billing friction + Month-to-month contract,Resolve billing issue + Renewal / contract intervention
C04261,Pro,1-Year,Credit Card,USA,Nonprofit,0.652,2,0,3.54,0,15,0.27239235207335166,Low,79,21.51899581379478,Low feature adoption,Product training / onboarding
C04262,Basic,Month-to-month,Credit Card,UK,Nonprofit,0.289,4,1,3.68,1,5,0.714160584505909,High,29,20.71065695067136,Low engagement + Billing friction + Month-to-month contract,Resolve billing issue + Increase product engagement + Renewal / contract intervention
C04263,Basic,Month-to-month,ACH/Bank Transfer,Germany,Healthcare,0.829,2,1,4.46,1,10,0.4251894785100581,Medium,29,12.330494876791686,Billing friction + Month-to-month contract + Low feature adoption,Resolve billing issue + Product training / onboarding + Renewal / contract intervention
C04265,Enterprise,1-Year,Credit Card,UK,Marketing/Agency,0.853,4,2,3.21,1,0,0.45903184936626057,Medium,199,91.34733802388585,Billing friction,Resolve billing issue
C04266,Basic,Month-to-month,PayPal,Germany,Healthcare,0.339,6,3,4.7,0,7,0.27910843699677484,Low,29,8.09414467290647,Low engagement + High support activity + Month-to-month contract,Increase product engagement + Priority support review + Renewal / contract intervention
C04267,Pro,1-Year,Credit Card,Canada,Manufacturing,0.517,3,1,2.54,0,15,0.48080099651680686,Medium,79,37.98327872482774,Low satisfaction,Customer success outreach
C04268,Enterprise,Month-to-month,ACH/Bank Transfer,Canada,Education,0.345,3,2,2.95,0,0,0.6736885726621615,High,199,134.06402595977013,Low engagement + Low satisfaction + Month-to-month contract,Customer success outreach + Increase product engagement + Renewal / contract intervention
C04269,Basic,2-Year,Manual Invoice,India,SaaS/Tech,0.464,6,0,4.18,0,6,0.07059528137814519,Low,29,2.0472631599662106,No major warning signal,Standard customer success monitoring
C04270,Basic,2-Year,Credit Card,USA,Nonprofit,0.575,2,2,4.5,0,0,0.2041560305061375,Low,29,5.920524884677988,Low feature adoption,Product training / onboarding
C04272,Basic,1-Year,PayPal,USA,Marketing/Agency,1.0,4,1,3.64,1,12,0.2697094669666591,Low,29,7.8215745420331135,Billing friction,Resolve billing issue
C04273,Basic,2-Year,ACH/Bank Transfer,USA,Healthcare,0.676,7,2,4.52,1,2,0.1662828408455486,Low,29,4.822202384520909,Billing friction,Resolve billing issue
C04274,Basic,2-Year,Credit Card,USA,SaaS/Tech,0.489,3,1,4.53,0,11,0.17291547811815763,Low,29,5.014548865426572,No major warning signal,Standard customer success monitoring
C04275,Basic,Month-to-month,Credit Card,Australia,SaaS/Tech,0.446,4,2,3.22,1,2,0.7478084920136143,High,29,21.686446268394814,Billing friction + Month-to-month contract,Resolve billing issue + Renewal / contract intervention
C04276,Enterprise,2-Year,Credit Card,India,Nonprofit,0.801,6,3,3.6,1,12,0.36334425020947714,Medium,199,72.30550579168595,Billing friction + High support activity,Resolve billing issue + Priority support review
C04277,Pro,Month-to-month,Credit Card,UK,Education,0.616,7,1,3.8,0,2,0.20809225882864035,Low,79,16.439288447462587,Month-to-month contract,Renewal / contract intervention
C04278,Pro,1-Year,ACH/Bank Transfer,India,SaaS/Tech,0.673,5,1,2.72,0,3,0.2613001109225951,Low,79,20.64270876288501,Low satisfaction,Customer success outreach
C04279,Enterprise,1-Year,Credit Card,UK,Healthcare,0.792,2,0,3.91,1,2,0.3203045770855632,Medium,199,63.740610840027074,Billing friction + Low feature adoption,Resolve billing issue + Product training / onboarding
C04280,Basic,1-Year,ACH/Bank Transfer,USA,SaaS/Tech,0.387,4,2,4.7,1,26,0.5112973023370585,Medium,29,14.827621767774696,Low engagement + Billing friction,Resolve billing issue + Increase product engagement
C04281,Enterprise,2-Year,Credit Card,USA,SaaS/Tech,0.542,6,1,4.04,0,5,0.11069941905845883,Low,199,22.029184392633308,No major warning signal,Standard customer success monitoring
C04283,Enterprise,1-Year,ACH/Bank Transfer,India,Education,0.305,6,2,3.13,1,1,0.5941018021427055,Medium,199,118.22625862639839,Low engagement + Billing friction,Resolve billing issue + Increase product engagement
C04284,Pro,2-Year,Credit Card,India,Manufacturing,0.138,7,4,3.78,0,1,0.3538833349447624,Medium,79,27.956783460636228,Low engagement + High support activity,Increase product engagement + Priority support review
C04287,Pro,1-Year,Credit Card,USA,Healthcare,0.577,3,0,4.96,0,2,0.09810506013223748,Low,79,7.750299750446761,No major warning signal,Standard customer success monitoring
C04289,Basic,Month-to-month,Credit Card,USA,Manufacturing,0.628,3,1,4.2,0,17,0.2991790128757259,Low,29,8.676191373396051,Month-to-month contract,Renewal / contract intervention
C04290,Basic,2-Year,Credit Card,Germany,Nonprofit,0.667,4,1,5.0,0,8,0.07720799381481026,Low,29,2.2390318206294975,No major warning signal,Standard customer success monitoring
C04291,Basic,Month-to-month,Credit Card,USA,Marketing/Agency,1.0,4,4,5.0,0,30,0.27988343820967054,Low,29,8.116619708080446,High support activity + Month-to-month contract,Priority support review + Renewal / contract intervention
C04292,Pro,Month-to-month,Manual Invoice,India,Healthcare,0.668,5,2,3.49,0,45,0.43920971500951905,Medium,79,34.697567485752,Inactivity + Month-to-month contract,Launch re-engagement campaign + Renewal / contract intervention
C04293,Pro,Month-to-month,ACH/Bank Transfer,Germany,Manufacturing,0.5,3,3,3.32,0,30,0.677640280611685,High,79,53.533582168323115,High support activity + Month-to-month contract,Priority support review + Renewal / contract intervention
C04294,Pro,1-Year,Credit Card,UK,Manufacturing,0.505,2,6,4.7,1,6,0.7422765706261563,High,79,58.639849079466345,Billing friction + High support activity + Low feature adoption,Resolve billing issue + Product training / onboarding + Priority support review
C04295,Basic,1-Year,ACH/Bank Transfer,Canada,E-commerce,0.521,6,2,3.21,0,8,0.3103120672051374,Medium,29,8.999049948948985,No major warning signal,Standard customer success monitoring
C04296,Basic,1-Year,Credit Card,Australia,SaaS/Tech,0.664,6,3,3.81,0,23,0.2744435649105669,Low,29,7.958863382406439,High support activity,Priority support review
C04297,Pro,1-Year,Credit Card,India,E-commerce,0.592,7,2,3.39,2,5,0.6324869359189228,High,79,49.9664679375949,Billing friction,Resolve billing issue
C04298,Basic,Month-to-month,Credit Card,UK,Manufacturing,0.172,3,2,4.78,0,6,0.46811272339057364,Medium,29,13.575268978326635,Low engagement + Month-to-month contract,Increase product engagement + Renewal / contract intervention
C04299,Pro,2-Year,Manual Invoice,Germany,E-commerce,0.198,2,1,3.95,0,26,0.37800185051248225,Medium,79,29.862146190486097,Low engagement + Low feature adoption,Increase product engagement + Product training / onboarding
C04300,Basic,Month-to-month,Credit Card,USA,Nonprofit,0.89,4,1,5.0,1,2,0.23394808099896716,Low,29,6.784494348970048,Billing friction + Month-to-month contract,Resolve billing issue + Renewal / contract intervention
C04301,Enterprise,1-Year,ACH/Bank Transfer,Germany,SaaS/Tech,0.502,2,0,3.68,0,1,0.2309245296115485,Low,199,45.953981392698154,Low feature adoption,Product training / onboarding
C04302,Pro,2-Year,ACH/Bank Transfer,Canada,E-commerce,0.17,4,2,2.95,1,8,0.7781408462163528,High,79,61.47312685109187,Low engagement + Low satisfaction + Billing friction,Resolve billing issue + Customer success outreach + Increase product engagement
C04303,Basic,Month-to-month,Credit Card,USA,Finance,0.474,3,0,2.93,0,59,0.696320413369219,High,29,20.19329198770735,Low satisfaction + Inactivity + Month-to-month contract,Customer success outreach + Launch re-engagement campaign + Renewal / contract intervention
C04304,Enterprise,2-Year,ACH/Bank Transfer,India,Nonprofit,0.452,5,1,5.0,0,23,0.14136211615106725,Low,199,28.131061114062383,No major warning signal,Standard customer success monitoring
C04305,Basic,2-Year,Credit Card,UK,Education,0.484,4,0,4.28,1,17,0.3444839511867565,Medium,29,9.99003458441594,Billing friction,Resolve billing issue
C04306,Pro,2-Year,Credit Card,India,Nonprofit,1.0,2,0,2.49,0,12,0.23798454174205072,Low,79,18.80077879762201,Low satisfaction + Low feature adoption,Customer success outreach + Product training / onboarding
C04307,Enterprise,Month-to-month,Credit Card,Germany,SaaS/Tech,0.34,6,2,3.44,0,3,0.3859470647353974,Medium,199,76.80346588234409,Low engagement + Month-to-month contract,Increase product engagement + Renewal / contract intervention
C04308,Pro,1-Year,Credit Card,India,SaaS/Tech,0.229,1,1,4.96,1,10,0.5693867579890666,Medium,79,44.98155388113626,Low engagement + Billing friction + Low feature adoption,Resolve billing issue + Increase product engagement + Product training / onboarding
C04309,Enterprise,Month-to-month,ACH/Bank Transfer,Canada,Nonprofit,0.13,2,1,3.41,1,1,0.8523274042498644,High,199,169.61315344572301,Low engagement + Billing friction + Month-to-month contract + Low feature adoption,Resolve billing issue + Increase product engagement + Product training / onboarding + Renewal / contract intervention
C04310,Pro,Month-to-month,ACH/Bank Transfer,USA,SaaS/Tech,0.752,4,1,3.42,1,0,0.43536754972101016,Medium,79,34.394036427959804,Billing friction + Month-to-month contract,Resolve billing issue + Renewal / contract intervention
C04311,Pro,1-Year,ACH/Bank Transfer,Australia,Healthcare,0.897,4,4,4.37,0,23,0.2833371748060714,Low,79,22.38363680967964,High support activity,Priority support review
C04312,Enterprise,2-Year,Credit Card,Canada,Education,0.699,8,1,3.6,1,3,0.19306594835529378,Low,199,38.420123722703465,Billing friction,Resolve billing issue
C04313,Pro,Month-to-month,Credit Card,UK,Nonprofit,0.754,3,0,5.0,0,4,0.15328991951138737,Low,79,12.109903641399603,Month-to-month contract,Renewal / contract intervention
C04314,Enterprise,1-Year,Credit Card,India,SaaS/Tech,0.831,2,1,4.28,2,5,0.5487244852148354,Medium,199,109.19617255775225,Billing friction + Low feature adoption,Resolve billing issue + Product training / onboarding
C04317,Enterprise,1-Year,Credit Card,India,Healthcare,0.431,3,1,3.59,0,17,0.35903410016640425,Medium,199,71.44778593311445,No major warning signal,Standard customer success monitoring
C04318,Enterprise,Month-to-month,Credit Card,UK,Education,0.452,5,1,4.2,1,32,0.6448325235377029,High,199,128.3216721840029,Billing friction + Inactivity + Month-to-month contract,Resolve billing issue + Launch re-engagement campaign + Renewal / contract intervention
C04319,Pro,Month-to-month,Credit Card,Canada,E-commerce,0.343,7,2,4.24,1,24,0.6319461994740407,High,79,49.92374975844922,Low engagement + Billing friction + Month-to-month contract,Resolve billing issue + Increase product engagement + Renewal / contract intervention
C04320,Enterprise,Month-to-month,ACH/Bank Transfer,UK,Marketing/Agency,0.855,5,3,3.76,0,3,0.3313656447780399,Medium,199,65.94176331082994,High support activity + Month-to-month contract,Priority support review + Renewal / contract intervention
C04321,Basic,Month-to-month,PayPal,USA,Marketing/Agency,0.717,5,1,4.34,0,1,0.1645207569226097,Low,29,4.771101950755681,Month-to-month contract,Renewal / contract intervention
C04322,Enterprise,Month-to-month,Credit Card,UK,Nonprofit,0.385,3,2,2.84,0,1,0.6649423006044575,High,199,132.32351782028704,Low engagement + Low satisfaction + Month-to-month contract,Customer success outreach + Increase product engagement + Renewal / contract intervention
C04323,Basic,1-Year,ACH/Bank Transfer,USA,Healthcare,0.764,2,1,1.61,0,4,0.4898567670760421,Medium,29,14.20584624520522,Low satisfaction + Low feature adoption,Customer success outreach + Product training / onboarding
C04324,Enterprise,Month-to-month,ACH/Bank Transfer,India,E-commerce,0.486,1,0,4.1,0,10,0.4396776357206741,Medium,199,87.49584950841414,Month-to-month contract + Low feature adoption,Product training / onboarding + Renewal / contract intervention
C04326,Basic,Month-to-month,Manual Invoice,UK,Healthcare,0.746,3,1,3.87,1,17,0.482693995016567,Medium,29,13.998125855480444,Billing friction + Month-to-month contract,Resolve billing issue + Renewal / contract intervention
C04327,Enterprise,1-Year,Credit Card,USA,Nonprofit,0.252,3,0,5.0,1,31,0.46592102922270223,Medium,199,92.71828481531774,Low engagement + Billing friction + Inactivity,Resolve billing issue + Increase product engagement + Launch re-engagement campaign
C04328,Pro,Month-to-month,ACH/Bank Transfer,USA,Manufacturing,1.0,3,2,4.18,1,27,0.510987064831294,Medium,79,40.36797812167222,Billing friction + Month-to-month contract,Resolve billing issue + Renewal / contract intervention
C04329,Pro,2-Year,Credit Card,India,E-commerce,0.444,8,1,2.76,1,6,0.3973127204656974,Medium,79,31.387704916790092,Low satisfaction + Billing friction,Resolve billing issue + Customer success outreach
C04330,Basic,Month-to-month,Credit Card,UK,SaaS/Tech,0.498,5,1,4.37,0,26,0.32836789180332066,Medium,29,9.5226688622963,Month-to-month contract,Renewal / contract intervention
C04333,Basic,Month-to-month,Credit Card,USA,Marketing/Agency,0.651,5,3,3.58,1,15,0.689039826964365,High,29,19.982154981966588,Billing friction + High support activity + Month-to-month contract,Resolve billing issue + Priority support review + Renewal / contract intervention
C04334,Enterprise,1-Year,Credit Card,Germany,E-commerce,0.303,3,2,3.31,0,12,0.48331453396486784,Medium,199,96.1795922590087,Low engagement,Increase product engagement
C04335,Enterprise,Month-to-month,Manual Invoice,USA,E-commerce,0.755,5,3,2.91,0,28,0.46674344927178985,Medium,199,92.88194640508618,Low satisfaction + High support activity + Month-to-month contract,Customer success outreach + Priority support review + Renewal / contract intervention
C04336,Pro,2-Year,ACH/Bank Transfer,UK,Education,0.557,4,1,3.51,0,0,0.23819993119717806,Low,79,18.817794564577067,No major warning signal,Standard customer success monitoring
C04338,Basic,Month-to-month,Credit Card,India,Marketing/Agency,0.45,4,1,3.15,0,28,0.5982334311429132,Medium,29,17.34876950314448,Month-to-month contract,Renewal / contract intervention
C04339,Basic,Month-to-month,Credit Card,Canada,Marketing/Agency,0.467,4,1,5.0,0,8,0.26187709340993065,Low,29,7.594435708887989,Month-to-month contract,Renewal / contract intervention
C04340,Pro,2-Year,Credit Card,India,Manufacturing,0.413,5,1,2.82,0,1,0.275319926080536,Low,79,21.750274160362345,Low satisfaction,Customer success outreach
C04341,Pro,1-Year,Credit Card,UK,Education,0.744,5,1,4.96,0,15,0.09692322544167062,Low,79,7.656934809891979,No major warning signal,Standard customer success monitoring
C04342,Pro,1-Year,Credit Card,UK,E-commerce,0.749,2,3,3.25,0,19,0.5214485257786666,Medium,79,41.194433536514666,High support activity + Low feature adoption,Product training / onboarding + Priority support review
C04343,Pro,Month-to-month,Credit Card,USA,Education,0.872,6,1,4.83,0,5,0.08211269881869299,Low,79,6.486903206676746,Month-to-month contract,Renewal / contract intervention
C04344,Pro,2-Year,PayPal,USA,Marketing/Agency,0.02,2,3,3.64,0,0,0.6296542248712126,High,79,49.74268376482579,Low engagement + High support activity + Low feature adoption,Increase product engagement + Product training / onboarding + Priority support review
C04345,Pro,Month-to-month,ACH/Bank Transfer,India,Healthcare,0.573,8,2,3.61,0,9,0.2598953511079716,Low,79,20.531732737529754,Month-to-month contract,Renewal / contract intervention
C04346,Enterprise,1-Year,Credit Card,USA,Finance,0.617,2,2,4.59,0,1,0.20924471135565395,Low,199,41.639697559775136,Low feature adoption,Product training / onboarding
C04347,Basic,1-Year,Credit Card,Germany,E-commerce,0.605,4,2,3.75,1,0,0.4110176885569658,Medium,29,11.919512968152008,Billing friction,Resolve billing issue
C04350,Basic,1-Year,Credit Card,Germany,SaaS/Tech,0.554,7,0,2.42,0,11,0.1877967414219201,Low,29,5.4461055012356825,Low satisfaction,Customer success outreach
C04352,Enterprise,Month-to-month,Manual Invoice,UK,SaaS/Tech,0.302,5,1,3.92,0,9,0.3243810613367325,Medium,199,64.55183120600977,Low engagement + Month-to-month contract,Increase product engagement + Renewal / contract intervention
C04353,Pro,Month-to-month,PayPal,Australia,Education,0.371,5,1,5.0,1,38,0.5933584180500344,Medium,79,46.875315025952716,Low engagement + Billing friction + Inactivity + Month-to-month contract,Resolve billing issue + Increase product engagement + Launch re-engagement campaign + Renewal / contract intervention
C04354,Basic,2-Year,Credit Card,USA,Marketing/Agency,0.68,3,2,2.72,0,1,0.35778668774808214,Medium,29,10.375813944694382,Low satisfaction,Customer success outreach
C04355,Basic,2-Year,Credit Card,UK,Nonprofit,0.912,0,2,4.42,1,0,0.3985252294494976,Medium,29,11.55723165403543,Billing friction + Low feature adoption,Resolve billing issue + Product training / onboarding
C04356,Basic,Month-to-month,PayPal,USA,E-commerce,0.3,8,4,4.14,1,10,0.6063295853372757,High,29,17.583557974780994,Low engagement + Billing friction + High support activity + Month-to-month contract,Resolve billing issue + Increase product engagement + Priority support review + Renewal / contract intervention
C04357,Pro,Month-to-month,Credit Card,India,Manufacturing,0.489,5,2,3.83,0,16,0.39743117757105756,Medium,79,31.397063028113546,Month-to-month contract,Renewal / contract intervention
C04358,Basic,1-Year,Credit Card,USA,Finance,0.26,2,1,2.46,0,4,0.5813608921744634,Medium,29,16.859465873059438,Low engagement + Low satisfaction + Low feature adoption,Customer success outreach + Increase product engagement + Product training / onboarding
C04359,Pro,1-Year,PayPal,USA,SaaS/Tech,0.915,4,0,4.55,0,47,0.1157515387803743,Low,79,9.14437156364957,Inactivity,Launch re-engagement campaign
C04360,Basic,Month-to-month,ACH/Bank Transfer,Australia,Nonprofit,0.48,4,1,2.66,1,3,0.7683778500676159,High,29,22.282957651960864,Low satisfaction + Billing friction + Month-to-month contract,Resolve billing issue + Customer success outreach + Renewal / contract intervention
C04362,Basic,Month-to-month,Credit Card,USA,Finance,0.79,4,1,4.14,1,13,0.4276587868998274,Medium,29,12.402104820094994,Billing friction + Month-to-month contract,Resolve billing issue + Renewal / contract intervention
C04366,Basic,1-Year,Manual Invoice,USA,Marketing/Agency,0.661,5,3,3.32,0,0,0.22760350871996657,Low,29,6.600501752879031,High support activity,Priority support review
C04367,Pro,Month-to-month,Manual Invoice,Australia,Education,0.463,2,0,1.76,1,10,0.8477259654769752,High,79,66.97035127268104,Low satisfaction + Billing friction + Month-to-month contract + Low feature adoption,Resolve billing issue + Customer success outreach + Product training / onboarding + Renewal / contract intervention
C04368,Enterprise,Month-to-month,Credit Card,India,SaaS/Tech,0.671,5,2,4.71,1,18,0.4400222993322982,Medium,199,87.56443756712734,Billing friction + Month-to-month contract,Resolve billing issue + Renewal / contract intervention
C04369,Pro,Month-to-month,Credit Card,UK,E-commerce,0.548,5,1,5.0,0,29,0.27028609395649206,Low,79,21.352601422562874,Month-to-month contract,Renewal / contract intervention
C04370,Pro,2-Year,Credit Card,Germany,E-commerce,0.403,7,0,3.6,2,6,0.47532699426092484,Medium,79,37.550832546613066,Billing friction,Resolve billing issue
C04371,Pro,Month-to-month,Credit Card,India,Manufacturing,0.167,6,0,5.0,0,5,0.18425725511269903,Low,79,14.556323153903223,Low engagement + Month-to-month contract,Increase product engagement + Renewal / contract intervention
C04372,Pro,1-Year,Credit Card,Canada,Manufacturing,0.712,10,1,2.46,2,3,0.4515546391450181,Medium,79,35.67281649245643,Low satisfaction + Billing friction,Resolve billing issue + Customer success outreach
C04373,Basic,1-Year,ACH/Bank Transfer,India,Healthcare,0.69,1,4,3.81,0,12,0.5027860176424891,Medium,29,14.580794511632183,High support activity + Low feature adoption,Product training / onboarding + Priority support review
C04374,Pro,1-Year,Credit Card,USA,Marketing/Agency,0.621,3,3,4.86,1,14,0.4879525233546592,Medium,79,38.54824934501808,Billing friction + High support activity,Resolve billing issue + Priority support review
C04375,Pro,2-Year,Credit Card,UK,Finance,0.511,3,0,5.0,0,4,0.11565003477689237,Low,79,9.136352747374497,No major warning signal,Standard customer success monitoring
C04376,Enterprise,Month-to-month,ACH/Bank Transfer,India,Nonprofit,0.599,7,5,4.14,2,13,0.8411377649275218,High,199,167.38641522057685,Billing friction + High support activity + Month-to-month contract,Resolve billing issue + Priority support review + Renewal / contract intervention
C04377,Basic,Month-to-month,ACH/Bank Transfer,India,Nonprofit,1.0,5,0,3.73,1,41,0.4298402755219462,Medium,29,12.46536799013644,Billing friction + Inactivity + Month-to-month contract,Resolve billing issue + Launch re-engagement campaign + Renewal / contract intervention
C04378,Enterprise,Month-to-month,Credit Card,USA,Manufacturing,0.625,1,3,3.44,1,3,0.7866377363112548,High,199,156.5409095259397,Billing friction + High support activity + Month-to-month contract + Low feature adoption,Resolve billing issue + Product training / onboarding + Priority support review + Renewal / contract intervention
C04379,Enterprise,1-Year,Credit Card,USA,E-commerce,0.367,5,1,4.31,0,1,0.17359713073175448,Low,199,34.54582901561914,Low engagement,Increase product engagement
C04380,Basic,Month-to-month,Manual Invoice,India,Healthcare,0.311,4,3,1.9,0,0,0.721668256022175,High,29,20.928379424643076,Low engagement + Low satisfaction + High support activity + Month-to-month contract,Customer success outreach + Increase product engagement + Priority support review + Renewal / contract intervention
C04382,Basic,Month-to-month,ACH/Bank Transfer,USA,E-commerce,0.426,6,3,3.04,0,24,0.6237700815852996,High,29,18.089332365973686,High support activity + Month-to-month contract,Priority support review + Renewal / contract intervention
C04383,Basic,Month-to-month,Credit Card,USA,Marketing/Agency,0.194,3,0,4.67,0,0,0.32911393739761235,Medium,29,9.544304184530759,Low engagement + Month-to-month contract,Increase product engagement + Renewal / contract intervention
C04384,Pro,2-Year,ACH/Bank Transfer,UK,Manufacturing,0.765,7,2,4.87,1,3,0.13150449178940005,Low,79,10.388854851362604,Billing friction,Resolve billing issue
C04385,Enterprise,Month-to-month,Manual Invoice,Australia,SaaS/Tech,0.086,7,2,2.91,0,11,0.5515635589628188,Medium,199,109.76114823360095,Low engagement + Low satisfaction + Month-to-month contract,Customer success outreach + Increase product engagement + Renewal / contract intervention
C04388,Basic,Month-to-month,ACH/Bank Transfer,India,Education,0.031,4,2,4.61,0,32,0.6374288843337245,High,29,18.485437645678008,Low engagement + Inactivity + Month-to-month contract,Increase product engagement + Launch re-engagement campaign + Renewal / contract intervention
C04389,Enterprise,1-Year,PayPal,India,Manufacturing,0.509,1,0,5.0,1,5,0.29125819323349256,Low,199,57.96038045346502,Billing friction + Low feature adoption,Resolve billing issue + Product training / onboarding
C04390,Enterprise,Month-to-month,Credit Card,USA,Education,0.844,6,1,5.0,2,1,0.3574707991369059,Medium,199,71.13668902824428,Billing friction + Month-to-month contract,Resolve billing issue + Renewal / contract intervention
C04391,Basic,1-Year,Manual Invoice,USA,Manufacturing,0.339,4,2,3.74,1,13,0.48906719364520956,Medium,29,14.182948615711076,Low engagement + Billing friction,Resolve billing issue + Increase product engagement
C04393,Pro,1-Year,PayPal,USA,Finance,0.647,3,2,3.06,0,23,0.43458523942232796,Medium,79,34.33223391436391,No major warning signal,Standard customer success monitoring
C04394,Pro,1-Year,Credit Card,India,Education,1.0,5,0,3.78,1,0,0.15514985615444093,Low,79,12.256838636200834,Billing friction,Resolve billing issue
C04395,Pro,2-Year,Manual Invoice,India,Education,0.197,2,0,4.92,0,3,0.1599934269773362,Low,79,12.63948073120956,Low engagement + Low feature adoption,Increase product engagement + Product training / onboarding
C04396,Pro,Month-to-month,Credit Card,USA,SaaS/Tech,0.87,3,0,3.68,1,14,0.44854308611181953,Medium,79,35.434903802833745,Billing friction + Month-to-month contract,Resolve billing issue + Renewal / contract intervention
C04397,Basic,Month-to-month,Credit Card,UK,Education,0.654,4,0,4.48,0,2,0.16587894485605253,Low,29,4.8104894008255235,Month-to-month contract,Renewal / contract intervention
C04398,Enterprise,1-Year,PayPal,Australia,E-commerce,0.426,7,1,3.68,0,1,0.16308016018926533,Low,199,32.4529518776638,No major warning signal,Standard customer success monitoring
C04399,Basic,Month-to-month,Credit Card,UK,Marketing/Agency,0.655,5,0,5.0,0,8,0.13404195143719763,Low,29,3.8872165916787313,Month-to-month contract,Renewal / contract intervention
C04401,Pro,Month-to-month,ACH/Bank Transfer,USA,Education,0.173,11,1,4.35,1,21,0.38956866968503195,Medium,79,30.775924905117524,Low engagement + Billing friction + Month-to-month contract,Resolve billing issue + Increase product engagement + Renewal / contract intervention
C04402,Basic,Month-to-month,Credit Card,Germany,E-commerce,0.65,3,0,2.53,2,7,0.8322970695775778,High,29,24.136615017749754,Low satisfaction + Billing friction + Month-to-month contract,Resolve billing issue + Customer success outreach + Renewal / contract intervention
C04403,Pro,1-Year,ACH/Bank Transfer,USA,Marketing/Agency,0.589,2,2,4.31,0,10,0.3234331388884023,Medium,79,25.55121797218378,Low feature adoption,Product training / onboarding
C04404,Pro,Month-to-month,Credit Card,Canada,Education,0.747,2,0,5.0,0,10,0.19543975068528788,Low,79,15.439740304137743,Month-to-month contract + Low feature adoption,Product training / onboarding + Renewal / contract intervention
C04405,Enterprise,Month-to-month,Credit Card,USA,Manufacturing,0.95,6,0,4.53,0,28,0.0875787772738977,Low,199,17.428176677505643,Month-to-month contract,Renewal / contract intervention
C04406,Basic,1-Year,Manual Invoice,Germany,Finance,0.432,1,1,4.74,0,3,0.17043994038431298,Low,29,4.942758271145077,Low feature adoption,Product training / onboarding
C04407,Basic,2-Year,Credit Card,Germany,E-commerce,0.588,1,1,4.9,1,0,0.3029106255559587,Medium,29,8.784408141122803,Billing friction + Low feature adoption,Resolve billing issue + Product training / onboarding
C04408,Enterprise,Month-to-month,Credit Card,Australia,Finance,0.702,2,1,3.81,2,6,0.8138370571953512,High,199,161.9535743818749,Billing friction + Month-to-month contract + Low feature adoption,Resolve billing issue + Product training / onboarding + Renewal / contract intervention
C04409,Basic,1-Year,Credit Card,India,Education,0.948,9,0,3.7,1,0,0.0816186925485109,Low,29,2.366942083906816,Billing friction,Resolve billing issue
C04411,Pro,2-Year,PayPal,UK,Healthcare,0.774,2,0,3.53,1,4,0.3525688315716415,Medium,79,27.852937694159678,Billing friction + Low feature adoption,Resolve billing issue + Product training / onboarding
C04414,Basic,1-Year,Credit Card,India,Nonprofit,0.553,5,1,2.94,0,15,0.3087471466183521,Medium,29,8.953667251932211,Low satisfaction,Customer success outreach
C04415,Pro,Month-to-month,Manual Invoice,UK,Education,1.0,3,2,3.06,0,29,0.421225846297106,Medium,79,33.276841857471375,Month-to-month contract,Renewal / contract intervention
C04416,Pro,Month-to-month,ACH/Bank Transfer,Canada,Education,0.695,2,3,4.15,1,23,0.7839087561690439,High,79,61.928791737354466,Billing friction + High support activity + Month-to-month contract + Low feature adoption,Resolve billing issue + Product training / onboarding + Priority support review + Renewal / contract intervention
C04417,Enterprise,2-Year,Credit Card,India,SaaS/Tech,0.433,3,1,3.36,0,2,0.29523498939712434,Low,199,58.75176289002774,No major warning signal,Standard customer success monitoring
C04419,Basic,1-Year,Credit Card,UK,Nonprofit,0.926,2,2,3.01,0,0,0.30446312435652284,Medium,29,8.829430606339162,Low feature adoption,Product training / onboarding
C04421,Basic,Month-to-month,Credit Card,India,Marketing/Agency,0.724,3,2,4.65,0,2,0.2690530276287479,Low,29,7.802537801233688,Month-to-month contract,Renewal / contract intervention
C04422,Basic,2-Year,Credit Card,India,Education,0.979,5,3,4.08,2,23,0.5455788846770345,Medium,29,15.821787655634001,Billing friction + High support activity,Resolve billing issue + Priority support review
C04423,Pro,Month-to-month,Credit Card,USA,Healthcare,0.263,5,2,4.43,0,6,0.3746197897037806,Medium,79,29.59496338659867,Low engagement + Month-to-month contract,Increase product engagement + Renewal / contract intervention
C04424,Pro,Month-to-month,Credit Card,India,Manufacturing,0.668,4,0,4.48,0,7,0.16252889986019797,Low,79,12.83978308895564,Month-to-month contract,Renewal / contract intervention
C04426,Pro,Month-to-month,ACH/Bank Transfer,India,Healthcare,0.3,2,2,3.55,0,15,0.7021457455379309,High,79,55.46951389749654,Low engagement + Month-to-month contract + Low feature adoption,Increase product engagement + Product training / onboarding + Renewal / contract intervention
C04427,Basic,Month-to-month,Credit Card,USA,Finance,0.665,2,0,5.0,1,0,0.33527103960567417,Medium,29,9.722860148564552,Billing friction + Month-to-month contract + Low feature adoption,Resolve billing issue + Product training / onboarding + Renewal / contract intervention
C04428,Pro,Month-to-month,Credit Card,USA,Marketing/Agency,0.77,4,1,5.0,0,23,0.20223329737027498,Low,79,15.976430492251724,Month-to-month contract,Renewal / contract intervention
C04429,Enterprise,2-Year,ACH/Bank Transfer,Germany,Healthcare,0.837,5,3,5.0,2,8,0.3728416820824669,Medium,199,74.19549473441091,Billing friction + High support activity,Resolve billing issue + Priority support review
C04430,Pro,Month-to-month,Credit Card,India,SaaS/Tech,0.435,3,0,4.96,0,1,0.21212672054246984,Low,79,16.758010922855117,Month-to-month contract,Renewal / contract intervention
C04431,Basic,1-Year,Manual Invoice,India,Education,0.721,3,2,3.58,0,4,0.2068361770736539,Low,29,5.998249135135963,No major warning signal,Standard customer success monitoring
C04432,Enterprise,Month-to-month,Credit Card,USA,Finance,0.755,2,0,4.31,0,8,0.21817349768120176,Low,199,43.41652603855915,Month-to-month contract + Low feature adoption,Product training / onboarding + Renewal / contract intervention
C04436,Pro,2-Year,ACH/Bank Transfer,India,Finance,0.319,5,2,3.86,2,3,0.7351192091932801,High,79,58.07441752626913,Low engagement + Billing friction,Resolve billing issue + Increase product engagement
C04437,Pro,Month-to-month,Credit Card,India,Marketing/Agency,0.91,6,2,3.26,0,1,0.25445932057693116,Low,79,20.102286325577563,Month-to-month contract,Renewal / contract intervention
C04438,Basic,Month-to-month,Credit Card,India,Finance,0.276,2,1,4.65,0,4,0.42325296600649387,Medium,29,12.274336014188322,Low engagement + Month-to-month contract + Low feature adoption,Increase product engagement + Product training / onboarding + Renewal / contract intervention
C04439,Pro,Month-to-month,Credit Card,Australia,Manufacturing,1.0,1,1,4.34,1,3,0.41289087005837427,Medium,79,32.61837873461157,Billing friction + Month-to-month contract + Low feature adoption,Resolve billing issue + Product training / onboarding + Renewal / contract intervention
C04441,Basic,1-Year,Credit Card,Canada,Manufacturing,0.54,2,2,4.34,2,13,0.750664412628708,High,29,21.76926796623253,Billing friction + Low feature adoption,Resolve billing issue + Product training / onboarding
C04442,Basic,2-Year,ACH/Bank Transfer,Australia,Manufacturing,0.381,3,0,5.0,1,12,0.30766168631188257,Medium,29,8.922188903044594,Low engagement + Billing friction,Resolve billing issue + Increase product engagement
C04443,Enterprise,1-Year,Credit Card,Australia,E-commerce,0.553,2,2,4.39,0,11,0.3299006139142078,Medium,199,65.65022216892734,Low feature adoption,Product training / onboarding
C04445,Basic,1-Year,Credit Card,India,E-commerce,0.794,3,5,3.19,1,6,0.7163081328262553,High,29,20.772935851961403,Billing friction + High support activity,Resolve billing issue + Priority support review
C04446,Basic,Month-to-month,Credit Card,Germany,Finance,0.569,2,2,4.56,0,13,0.37716433333776195,Medium,29,10.937765666795096,Month-to-month contract + Low feature adoption,Product training / onboarding + Renewal / contract intervention
C04447,Enterprise,1-Year,Credit Card,Australia,Education,0.535,2,4,3.41,2,5,0.9053421120833469,High,199,180.16308030458603,Billing friction + High support activity + Low feature adoption,Resolve billing issue + Product training / onboarding + Priority support review
C04449,Pro,Month-to-month,ACH/Bank Transfer,Australia,E-commerce,0.498,10,1,4.86,2,12,0.45852214779159656,Medium,79,36.22324967553613,Billing friction + Month-to-month contract,Resolve billing issue + Renewal / contract intervention
C04451,Basic,Month-to-month,Credit Card,India,Marketing/Agency,0.711,6,0,4.36,0,5,0.12778442821846964,Low,29,3.7057484183356193,Month-to-month contract,Renewal / contract intervention
C04452,Enterprise,Month-to-month,Credit Card,Australia,SaaS/Tech,0.527,3,2,4.56,0,10,0.3879378549425235,Medium,199,77.19963313356217,Month-to-month contract,Renewal / contract intervention
C04453,Basic,Month-to-month,Credit Card,USA,SaaS/Tech,0.552,3,2,3.73,0,10,0.45607766314851167,Medium,29,13.22625223130684,Month-to-month contract,Renewal / contract intervention
C04455,Basic,1-Year,Credit Card,USA,Nonprofit,0.891,4,3,3.24,0,1,0.2382565799348507,Low,29,6.90944081811067,High support activity,Priority support review
C04456,Pro,2-Year,Manual Invoice,India,Nonprofit,0.344,8,1,4.74,2,1,0.29464182132138733,Low,79,23.276703884389597,Low engagement + Billing friction,Resolve billing issue + Increase product engagement
C04457,Pro,Month-to-month,Credit Card,Canada,Manufacturing,0.533,3,3,2.58,1,8,0.8587925706661901,High,79,67.84461308262901,Low satisfaction + Billing friction + High support activity + Month-to-month contract,Resolve billing issue + Customer success outreach + Priority support review + Renewal / contract intervention
C04458,Basic,Month-to-month,ACH/Bank Transfer,USA,Healthcare,0.277,5,2,5.0,2,1,0.7107318433720643,High,29,20.611223457789865,Low engagement + Billing friction + Month-to-month contract,Resolve billing issue + Increase product engagement + Renewal / contract intervention
C04459,Pro,Month-to-month,Credit Card,India,Nonprofit,0.269,4,2,4.92,0,6,0.3665497516251529,Medium,79,28.95743037838708,Low engagement + Month-to-month contract,Increase product engagement + Renewal / contract intervention
C04460,Basic,Month-to-month,Credit Card,Australia,Marketing/Agency,0.6,4,1,4.57,2,3,0.6985609412663379,High,29,20.2582672967238,Billing friction + Month-to-month contract,Resolve billing issue + Renewal / contract intervention
C04461,Pro,Month-to-month,ACH/Bank Transfer,USA,Education,0.462,3,3,5.0,1,5,0.6335243443734874,High,79,50.0484232055055,Billing friction + High support activity + Month-to-month contract,Resolve billing issue + Priority support review + Renewal / contract intervention
C04462,Basic,Month-to-month,ACH/Bank Transfer,Canada,Marketing/Agency,0.667,4,0,3.97,0,21,0.3182441804434299,Medium,29,9.229081232859468,Month-to-month contract,Renewal / contract intervention
C04465,Enterprise,1-Year,Manual Invoice,India,Manufacturing,0.875,5,1,2.99,2,6,0.46148388120683387,Medium,199,91.83529236015994,Low satisfaction + Billing friction,Resolve billing issue + Customer success outreach
C04466,Pro,Month-to-month,Manual Invoice,USA,Nonprofit,0.371,2,2,3.08,0,14,0.6501639390518404,High,79,51.3629511850954,Low engagement + Month-to-month contract + Low feature adoption,Increase product engagement + Product training / onboarding + Renewal / contract intervention
C04468,Pro,Month-to-month,PayPal,India,Education,0.512,4,0,3.21,2,0,0.7736028890114778,High,79,61.11462823190674,Billing friction + Month-to-month contract,Resolve billing issue + Renewal / contract intervention
C04469,Basic,Month-to-month,ACH/Bank Transfer,UK,Manufacturing,0.464,1,1,3.59,1,27,0.8308627432524558,High,29,24.09501955432122,Billing friction + Month-to-month contract + Low feature adoption,Resolve billing issue + Product training / onboarding + Renewal / contract intervention
C04472,Pro,Month-to-month,PayPal,USA,E-commerce,0.597,1,2,5.0,0,11,0.3530703218781114,Medium,79,27.892555428370798,Month-to-month contract + Low feature adoption,Product training / onboarding + Renewal / contract intervention
C04474,Pro,1-Year,Credit Card,USA,Education,0.59,4,1,4.2,0,25,0.22507531774970582,Low,79,17.78095010222676,No major warning signal,Standard customer success monitoring
C04475,Pro,Month-to-month,ACH/Bank Transfer,Germany,Finance,0.188,2,1,4.46,0,3,0.4789652929294771,Medium,79,37.83825814142869,Low engagement + Month-to-month contract + Low feature adoption,Increase product engagement + Product training / onboarding + Renewal / contract intervention
C04476,Pro,1-Year,Credit Card,Australia,SaaS/Tech,0.623,6,1,4.94,0,33,0.13194781255861762,Low,79,10.423877192130792,Inactivity,Launch re-engagement campaign
C04478,Basic,1-Year,ACH/Bank Transfer,USA,E-commerce,0.037,1,2,3.13,0,4,0.7244874163897589,High,29,21.01013507530301,Low engagement + Low feature adoption,Increase product engagement + Product training / onboarding
C04479,Basic,1-Year,Credit Card,Germany,Education,0.386,0,1,3.72,0,1,0.40465549312005294,Medium,29,11.735009300481535,Low engagement + Low feature adoption,Increase product engagement + Product training / onboarding
C04480,Enterprise,Month-to-month,Credit Card,UK,SaaS/Tech,0.486,5,1,4.86,1,13,0.43577587624095265,Medium,199,86.71939937194958,Billing friction + Month-to-month contract,Resolve billing issue + Renewal / contract intervention
C04481,Enterprise,Month-to-month,Credit Card,USA,Education,0.608,3,4,4.98,0,13,0.40666136573390166,Medium,199,80.92561178104643,High support activity + Month-to-month contract,Priority support review + Renewal / contract intervention
C04483,Basic,Month-to-month,PayPal,India,Nonprofit,0.656,4,0,4.15,0,0,0.17813327858467717,Low,29,5.165865078955638,Month-to-month contract,Renewal / contract intervention
C04484,Basic,1-Year,Credit Card,USA,Education,0.939,5,2,4.08,0,3,0.09157732228680772,Low,29,2.6557423463174237,No major warning signal,Standard customer success monitoring
C04485,Basic,Month-to-month,Credit Card,UK,Nonprofit,0.569,2,3,4.42,0,5,0.49206723223656973,Medium,29,14.269949734860521,High support activity + Month-to-month contract + Low feature adoption,Product training / onboarding + Priority support review + Renewal / contract intervention
C04489,Basic,1-Year,Credit Card,UK,Nonprofit,0.282,2,1,3.29,1,18,0.7724940835303976,High,29,22.40232842238153,Low engagement + Billing friction + Low feature adoption,Resolve billing issue + Increase product engagement + Product training / onboarding
C04490,Enterprise,1-Year,Credit Card,India,Marketing/Agency,0.459,6,6,4.09,0,41,0.6006379151257483,High,199,119.5269451100239,High support activity + Inactivity,Launch re-engagement campaign + Priority support review
C04491,Enterprise,Month-to-month,PayPal,India,Healthcare,0.453,3,1,3.89,0,17,0.4327143640786384,Medium,199,86.11015845164904,Month-to-month contract,Renewal / contract intervention
C04492,Pro,1-Year,ACH/Bank Transfer,Australia,Healthcare,0.685,3,1,5.0,2,2,0.49581872757759804,Medium,79,39.16967947863024,Billing friction,Resolve billing issue
C04493,Basic,1-Year,Credit Card,UK,Nonprofit,0.527,3,1,5.0,0,24,0.19886876054842062,Low,29,5.767194055904198,No major warning signal,Standard customer success monitoring
C04494,Basic,1-Year,ACH/Bank Transfer,India,Healthcare,0.519,2,3,5.0,0,15,0.2980434612078062,Low,29,8.643260375026381,High support activity + Low feature adoption,Product training / onboarding + Priority support review
C04495,Basic,Month-to-month,Credit Card,Australia,E-commerce,0.524,5,0,4.3,0,64,0.4439273794527831,Medium,29,12.87389400413071,Inactivity + Month-to-month contract,Launch re-engagement campaign + Renewal / contract intervention
C04496,Basic,2-Year,Credit Card,Canada,Education,0.517,6,4,2.84,1,1,0.6227603242761898,High,29,18.060049404009504,Low satisfaction + Billing friction + High support activity,Resolve billing issue + Customer success outreach + Priority support review
C04497,Basic,Month-to-month,PayPal,UK,Manufacturing,0.399,6,2,3.59,0,1,0.35138106072763825,Medium,29,10.19005076110151,Low engagement + Month-to-month contract,Increase product engagement + Renewal / contract intervention
C04498,Enterprise,2-Year,PayPal,USA,Healthcare,0.798,2,3,4.06,2,11,0.6774352674071723,High,199,134.8096182140273,Billing friction + High support activity + Low feature adoption,Resolve billing issue + Product training / onboarding + Priority support review
C04499,Enterprise,1-Year,Credit Card,Canada,Marketing/Agency,0.123,5,2,5.0,0,8,0.2860908073557771,Low,199,56.932070663799635,Low engagement,Increase product engagement
C04501,Pro,1-Year,Credit Card,Germany,Healthcare,0.654,7,4,3.55,0,27,0.2967258199228001,Low,79,23.44133977390121,High support activity,Priority support review
C04502,Basic,2-Year,Credit Card,Germany,Marketing/Agency,1.0,4,2,2.97,0,33,0.26109014297060934,Low,29,7.571614146147671,Low satisfaction + Inactivity,Customer success outreach + Launch re-engagement campaign
C04503,Pro,Month-to-month,Manual Invoice,USA,Marketing/Agency,0.607,6,0,4.46,2,2,0.4396770545778949,Medium,79,34.734487311653695,Billing friction + Month-to-month contract,Resolve billing issue + Renewal / contract intervention
C04504,Pro,Month-to-month,Credit Card,India,Healthcare,1.0,1,1,3.65,1,2,0.5216436146343613,Medium,79,41.20984555611454,Billing friction + Month-to-month contract + Low feature adoption,Resolve billing issue + Product training / onboarding + Renewal / contract intervention
C04505,Pro,Month-to-month,Credit Card,Germany,Healthcare,0.827,3,2,4.86,0,24,0.23725502481313177,Low,79,18.74314696023741,Month-to-month contract,Renewal / contract intervention
C04507,Basic,2-Year,Credit Card,Canada,Finance,0.636,3,2,2.9,0,65,0.6396832429689066,High,29,18.55081404609829,Low satisfaction + Inactivity,Customer success outreach + Launch re-engagement campaign
C04508,Enterprise,2-Year,ACH/Bank Transfer,Canada,Education,0.529,8,3,3.05,0,0,0.23550200516057357,Low,199,46.86489902695414,High support activity,Priority support review
C04509,Pro,1-Year,Credit Card,UK,Education,0.71,7,0,2.64,1,8,0.34703772867519717,Medium,79,27.415980565340575,Low satisfaction + Billing friction,Resolve billing issue + Customer success outreach
C04510,Basic,1-Year,Credit Card,India,SaaS/Tech,0.479,4,0,5.0,0,1,0.09277549630232067,Low,29,2.6904893927672995,No major warning signal,Standard customer success monitoring
C04511,Basic,Month-to-month,ACH/Bank Transfer,UK,Nonprofit,0.578,4,0,4.92,0,12,0.1970346816770414,Low,29,5.714005768634201,Month-to-month contract,Renewal / contract intervention
C04512,Pro,Month-to-month,Manual Invoice,USA,Nonprofit,0.374,6,1,3.81,0,23,0.3178859241016145,Medium,79,25.112988004027542,Low engagement + Month-to-month contract,Increase product engagement + Renewal / contract intervention
C04513,Basic,Month-to-month,Manual Invoice,USA,SaaS/Tech,0.302,7,1,5.0,0,4,0.11689994607528831,Low,29,3.390098436183361,Low engagement + Month-to-month contract,Increase product engagement + Renewal / contract intervention
C04514,Basic,1-Year,ACH/Bank Transfer,USA,Finance,0.44,4,4,4.7,0,1,0.29977745271034273,Low,29,8.69354612859994,High support activity,Priority support review
C04515,Basic,2-Year,Credit Card,Canada,Manufacturing,0.671,6,1,5.0,0,10,0.05652475707951008,Low,29,1.6392179553057924,No major warning signal,Standard customer success monitoring
C04516,Pro,Month-to-month,Credit Card,USA,Finance,0.749,3,0,3.76,0,9,0.2619877340897862,Low,79,20.69703099309311,Month-to-month contract,Renewal / contract intervention
C04517,Basic,1-Year,Credit Card,USA,Healthcare,0.29,3,0,3.75,2,8,0.7283217327080314,High,29,21.12133024853291,Low engagement + Billing friction,Resolve billing issue + Increase product engagement
C04519,Enterprise,Month-to-month,Credit Card,USA,Education,0.799,2,0,3.03,0,0,0.3312227591421973,Medium,199,65.91332906929726,Month-to-month contract + Low feature adoption,Product training / onboarding + Renewal / contract intervention
C04520,Basic,Month-to-month,PayPal,India,E-commerce,0.359,5,2,4.48,0,34,0.42324322077729354,Medium,29,12.274053402541513,Low engagement + Inactivity + Month-to-month contract,Increase product engagement + Launch re-engagement campaign + Renewal / contract intervention
C04521,Enterprise,Month-to-month,ACH/Bank Transfer,USA,Marketing/Agency,1.0,3,2,4.4,0,2,0.20233811080019268,Low,199,40.265284049238346,Month-to-month contract,Renewal / contract intervention
C04522,Enterprise,1-Year,Manual Invoice,UK,Healthcare,0.971,5,0,4.89,0,11,0.032518712001175544,Low,199,6.471223688233933,No major warning signal,Standard customer success monitoring
C04524,Enterprise,Month-to-month,Credit Card,USA,Education,0.497,6,1,1.67,0,11,0.568789868332574,Medium,199,113.18918379818221,Low satisfaction + Month-to-month contract,Customer success outreach + Renewal / contract intervention
C04525,Enterprise,1-Year,PayPal,Germany,Nonprofit,0.488,5,1,2.42,0,2,0.3035282150143575,Medium,199,60.402114787857144,Low satisfaction,Customer success outreach
C04526,Pro,2-Year,Credit Card,Germany,Finance,0.611,2,3,4.31,0,1,0.25346106857867645,Low,79,20.02342441771544,High support activity + Low feature adoption,Product training / onboarding + Priority support review
C04527,Basic,Month-to-month,Credit Card,USA,SaaS/Tech,0.392,2,3,5.0,0,4,0.4326948140762083,Medium,29,12.548149608210041,Low engagement + High support activity + Month-to-month contract + Low feature adoption,Increase product engagement + Product training / onboarding + Priority support review + Renewal / contract intervention
C04528,Basic,Month-to-month,Credit Card,USA,Healthcare,0.667,6,1,4.86,0,3,0.10757446378714747,Low,29,3.1196594498272767,Month-to-month contract,Renewal / contract intervention
C04529,Basic,Month-to-month,Credit Card,Germany,Education,0.751,2,1,4.12,1,7,0.48983257307167705,Medium,29,14.205144619078634,Billing friction + Month-to-month contract + Low feature adoption,Resolve billing issue + Product training / onboarding + Renewal / contract intervention
C04531,Pro,1-Year,Credit Card,Germany,Finance,0.02,3,3,4.85,1,14,0.7018306879624087,High,79,55.444624349030285,Low engagement + Billing friction + High support activity,Resolve billing issue + Increase product engagement + Priority support review
C04532,Basic,2-Year,Credit Card,Germany,E-commerce,0.572,4,2,2.77,1,29,0.6491491358297448,High,29,18.825324939062597,Low satisfaction + Billing friction,Resolve billing issue + Customer success outreach
C04533,Basic,Month-to-month,Credit Card,USA,Healthcare,1.0,4,1,3.47,0,13,0.21421459138851082,Low,29,6.212223150266814,Month-to-month contract,Renewal / contract intervention
C04535,Basic,Month-to-month,Credit Card,UK,Healthcare,0.424,4,4,2.83,1,0,0.85484986981851,High,29,24.79064622473679,Low satisfaction + Billing friction + High support activity + Month-to-month contract,Resolve billing issue + Customer success outreach + Priority support review + Renewal / contract intervention
C04536,Basic,Month-to-month,ACH/Bank Transfer,India,Finance,0.434,5,2,4.47,2,10,0.7794822572950506,High,29,22.604985461556467,Billing friction + Month-to-month contract,Resolve billing issue + Renewal / contract intervention
C04537,Enterprise,Month-to-month,Credit Card,USA,SaaS/Tech,0.486,3,1,4.57,0,0,0.2661500681145457,Low,199,52.9638635547946,Month-to-month contract,Renewal / contract intervention
C04538,Enterprise,Month-to-month,Credit Card,USA,Healthcare,0.929,2,1,5.0,0,13,0.15864611749609273,Low,199,31.57057738172245,Month-to-month contract + Low feature adoption,Product training / onboarding + Renewal / contract intervention
C04539,Pro,2-Year,ACH/Bank Transfer,Canada,Healthcare,0.909,3,1,4.4,0,5,0.10479445937920848,Low,79,8.27876229095747,No major warning signal,Standard customer success monitoring
C04540,Pro,Month-to-month,ACH/Bank Transfer,Germany,Manufacturing,0.887,4,0,5.0,1,12,0.19928617515098293,Low,79,15.743607836927652,Billing friction + Month-to-month contract,Resolve billing issue + Renewal / contract intervention
C04541,Pro,Month-to-month,ACH/Bank Transfer,Germany,Manufacturing,0.561,3,1,4.35,2,42,0.8321844431564813,High,79,65.74257100936202,Billing friction + Inactivity + Month-to-month contract,Resolve billing issue + Launch re-engagement campaign + Renewal / contract intervention
C04542,Basic,Month-to-month,Credit Card,USA,Manufacturing,1.0,3,1,3.19,1,10,0.47751966901642107,Medium,29,13.84807040147621,Billing friction + Month-to-month contract,Resolve billing issue + Renewal / contract intervention
C04543,Basic,Month-to-month,Credit Card,USA,Marketing/Agency,0.584,4,0,4.15,0,2,0.22153478212583316,Low,29,6.4245086816491614,Month-to-month contract,Renewal / contract intervention
C04544,Basic,Month-to-month,Credit Card,UK,E-commerce,0.584,1,2,2.77,1,0,0.8285329291223704,High,29,24.027454944548744,Low satisfaction + Billing friction + Month-to-month contract + Low feature adoption,Resolve billing issue + Customer success outreach + Product training / onboarding + Renewal / contract intervention
C04545,Basic,1-Year,PayPal,India,Manufacturing,0.542,3,1,2.63,0,25,0.44476833142525346,Medium,29,12.89828161133235,Low satisfaction,Customer success outreach
C04546,Pro,1-Year,PayPal,USA,E-commerce,0.455,5,2,3.75,0,9,0.27389061249085656,Low,79,21.637358386777667,No major warning signal,Standard customer success monitoring
C04547,Pro,2-Year,Credit Card,Canada,Manufacturing,0.533,5,0,3.14,1,1,0.3453550209859385,Medium,79,27.28304665788914,Billing friction,Resolve billing issue
C04549,Pro,2-Year,PayPal,Canada,Healthcare,0.452,5,1,5.0,0,6,0.10156191981317367,Low,79,8.02339166524072,No major warning signal,Standard customer success monitoring
C04550,Enterprise,1-Year,ACH/Bank Transfer,USA,Healthcare,1.0,5,2,2.45,0,1,0.20418150495484544,Low,199,40.63211948601424,Low satisfaction,Customer success outreach
C04551,Enterprise,1-Year,PayPal,India,E-commerce,0.579,2,0,3.96,0,26,0.2735256233612806,Low,199,54.43159904889484,Low feature adoption,Product training / onboarding
C04552,Pro,Month-to-month,Credit Card,Germany,E-commerce,0.131,4,2,4.02,0,7,0.5455062630277948,Medium,79,43.09499477919579,Low engagement + Month-to-month contract,Increase product engagement + Renewal / contract intervention
C04554,Basic,Month-to-month,Credit Card,Australia,Nonprofit,0.758,2,0,3.73,2,31,0.8332679668370849,High,29,24.164771038275465,Billing friction + Inactivity + Month-to-month contract + Low feature adoption,Resolve billing issue + Launch re-engagement campaign + Product training / onboarding + Renewal / contract intervention
C04555,Basic,Month-to-month,Credit Card,USA,Marketing/Agency,0.24,5,0,3.98,0,25,0.42383681539725665,Medium,29,12.291267646520442,Low engagement + Month-to-month contract,Increase product engagement + Renewal / contract intervention
C04556,Basic,Month-to-month,Credit Card,USA,Finance,0.69,5,1,3.7,0,0,0.22211500043079213,Low,29,6.441335012492972,Month-to-month contract,Renewal / contract intervention
C04558,Basic,Month-to-month,Manual Invoice,UK,Nonprofit,0.787,6,4,4.28,0,21,0.28639963739051433,Low,29,8.305589484324916,High support activity + Month-to-month contract,Priority support review + Renewal / contract intervention
C04559,Pro,Month-to-month,Credit Card,UK,Finance,0.729,9,2,4.55,0,21,0.14595965718856493,Low,79,11.530812917896629,Month-to-month contract,Renewal / contract intervention
C04560,Enterprise,1-Year,PayPal,USA,Marketing/Agency,0.628,4,0,4.24,1,7,0.2581012035118506,Low,199,51.36213949885828,Billing friction,Resolve billing issue
C04564,Basic,2-Year,PayPal,India,Finance,0.689,0,3,4.05,0,11,0.3871015598931523,Medium,29,11.225945236901417,High support activity + Low feature adoption,Product training / onboarding + Priority support review
C04566,Basic,1-Year,PayPal,Germany,Nonprofit,0.46,7,1,3.95,2,9,0.48701240510293964,Medium,29,14.12335974798525,Billing friction,Resolve billing issue
C04567,Enterprise,2-Year,PayPal,UK,Education,0.438,1,0,4.38,0,1,0.20108752214157047,Low,199,40.01641690617252,Low feature adoption,Product training / onboarding
C04568,Pro,Month-to-month,Credit Card,India,SaaS/Tech,0.809,1,2,3.27,1,14,0.7633134724008838,High,79,60.301764319669815,Billing friction + Month-to-month contract + Low feature adoption,Resolve billing issue + Product training / onboarding + Renewal / contract intervention
C04569,Pro,Month-to-month,Manual Invoice,USA,Finance,0.363,4,1,3.1,0,17,0.4955507413482098,Medium,79,39.148508566508575,Low engagement + Month-to-month contract,Increase product engagement + Renewal / contract intervention
C04570,Enterprise,2-Year,ACH/Bank Transfer,USA,Finance,0.429,7,0,5.0,2,29,0.38109791062147674,Medium,199,75.83848421367387,Billing friction,Resolve billing issue
C04571,Pro,Month-to-month,Credit Card,India,Manufacturing,0.26,6,0,4.85,0,5,0.17325092607494297,Low,79,13.686823159920495,Low engagement + Month-to-month contract,Increase product engagement + Renewal / contract intervention
C04572,Basic,Month-to-month,Credit Card,India,Healthcare,0.384,2,2,3.69,1,10,0.7500638631539625,High,29,21.75185203146491,Low engagement + Billing friction + Month-to-month contract + Low feature adoption,Resolve billing issue + Increase product engagement + Product training / onboarding + Renewal / contract intervention
C04574,Basic,Month-to-month,Credit Card,USA,SaaS/Tech,0.414,0,2,4.66,0,9,0.5229378889375798,Medium,29,15.165198779189813,Month-to-month contract + Low feature adoption,Product training / onboarding + Renewal / contract intervention
C04575,Pro,2-Year,ACH/Bank Transfer,Canada,SaaS/Tech,0.621,5,3,4.46,2,8,0.6188512296913883,High,79,48.88924714561968,Billing friction + High support activity,Resolve billing issue + Priority support review
C04578,Basic,1-Year,Credit Card,India,E-commerce,0.564,3,1,4.12,0,4,0.21401649435269748,Low,29,6.206478336228227,No major warning signal,Standard customer success monitoring
C04579,Basic,Month-to-month,Credit Card,Germany,Healthcare,0.681,5,1,4.46,1,16,0.3547685097392227,Medium,29,10.288286782437458,Billing friction + Month-to-month contract,Resolve billing issue + Renewal / contract intervention
C04580,Basic,2-Year,Credit Card,USA,Marketing/Agency,0.375,6,1,5.0,1,37,0.3355346097485317,Medium,29,9.73050368270742,Low engagement + Billing friction + Inactivity,Resolve billing issue + Increase product engagement + Launch re-engagement campaign
C04581,Enterprise,Month-to-month,Credit Card,India,Education,0.519,6,0,2.0,0,17,0.4838209427527809,Medium,199,96.2803676078034,Low satisfaction + Month-to-month contract,Customer success outreach + Renewal / contract intervention
C04582,Enterprise,2-Year,Credit Card,UK,Marketing/Agency,0.373,2,2,3.16,1,4,0.7491178676089356,High,199,149.0744556541782,Low engagement + Billing friction + Low feature adoption,Resolve billing issue + Increase product engagement + Product training / onboarding
C04583,Pro,1-Year,Credit Card,UK,Healthcare,0.443,6,1,3.53,0,5,0.2215667569248433,Low,79,17.50377379706262,No major warning signal,Standard customer success monitoring
C04584,Pro,Month-to-month,ACH/Bank Transfer,USA,Healthcare,0.381,4,3,5.0,0,11,0.39722333146581756,Medium,79,31.38064318579959,Low engagement + High support activity + Month-to-month contract,Increase product engagement + Priority support review + Renewal / contract intervention
C04585,Basic,Month-to-month,Manual Invoice,Canada,Marketing/Agency,0.507,4,2,4.18,0,8,0.3418143266546857,Medium,29,9.912615472985886,Month-to-month contract,Renewal / contract intervention
C04586,Basic,2-Year,Credit Card,USA,Nonprofit,0.729,7,1,4.54,0,55,0.12269883568869289,Low,29,3.558266234972094,Inactivity,Launch re-engagement campaign
C04587,Basic,Month-to-month,Credit Card,Australia,Finance,0.517,4,1,2.01,0,12,0.6614672037632513,High,29,19.182548909134287,Low satisfaction + Month-to-month contract,Customer success outreach + Renewal / contract intervention
C04588,Basic,Month-to-month,Manual Invoice,Australia,E-commerce,0.84,7,1,3.94,0,3,0.10228210280090651,Low,29,2.9661809812262887,Month-to-month contract,Renewal / contract intervention
C04589,Enterprise,2-Year,Credit Card,USA,Nonprofit,0.795,7,0,3.97,1,0,0.10928793052737763,Low,199,21.74829817494815,Billing friction,Resolve billing issue
C04591,Basic,1-Year,Credit Card,USA,Education,0.527,2,1,3.53,1,9,0.5695416207237373,Medium,29,16.51670700098838,Billing friction + Low feature adoption,Resolve billing issue + Product training / onboarding
C04592,Enterprise,1-Year,Manual Invoice,India,Education,0.511,1,0,4.64,1,20,0.37957588361845895,Medium,199,75.53560084007333,Billing friction + Low feature adoption,Resolve billing issue + Product training / onboarding
C04593,Pro,Month-to-month,Credit Card,Canada,E-commerce,0.97,4,1,4.24,0,1,0.16005303527013046,Low,79,12.644189786340306,Month-to-month contract,Renewal / contract intervention
C04596,Basic,Month-to-month,PayPal,Germany,SaaS/Tech,0.742,2,3,4.86,1,5,0.49251230654150585,Medium,29,14.28285688970367,Billing friction + High support activity + Month-to-month contract + Low feature adoption,Resolve billing issue + Product training / onboarding + Priority support review + Renewal / contract intervention
C04597,Basic,1-Year,PayPal,UK,Healthcare,0.525,1,1,4.01,0,16,0.35484552817934706,Medium,29,10.290520317201064,Low feature adoption,Product training / onboarding
C04598,Pro,1-Year,ACH/Bank Transfer,India,SaaS/Tech,0.418,7,1,3.5,1,61,0.6417055595133334,High,79,50.69473920155334,Billing friction + Inactivity,Resolve billing issue + Launch re-engagement campaign
C04599,Basic,2-Year,ACH/Bank Transfer,Canada,Marketing/Agency,0.33,3,2,3.34,0,0,0.4627021350133664,Medium,29,13.418361915387624,Low engagement,Increase product engagement
C04600,Basic,2-Year,Credit Card,India,Finance,0.53,6,1,2.85,1,0,0.39972773400537687,Medium,29,11.59210428615593,Low satisfaction + Billing friction,Resolve billing issue + Customer success outreach
C04601,Basic,Month-to-month,Credit Card,UK,SaaS/Tech,0.574,3,1,2.94,0,11,0.5347144584752982,Medium,29,15.506719295783647,Low satisfaction + Month-to-month contract,Customer success outreach + Renewal / contract intervention
C04604,Pro,Month-to-month,Manual Invoice,India,Education,0.383,5,0,4.98,0,4,0.12933955567957522,Low,79,10.217824898686443,Low engagement + Month-to-month contract,Increase product engagement + Renewal / contract intervention
C04605,Basic,1-Year,Credit Card,USA,Education,0.692,3,2,4.79,2,26,0.6403425038011185,High,29,18.569932610232435,Billing friction,Resolve billing issue
C04606,Basic,Month-to-month,ACH/Bank Transfer,USA,Manufacturing,0.579,4,2,5.0,0,15,0.24409049933626953,Low,29,7.078624480751817,Month-to-month contract,Renewal / contract intervention
C04607,Pro,1-Year,Credit Card,USA,Healthcare,0.346,3,1,3.06,0,10,0.43336855138325453,Medium,79,34.23611555927711,Low engagement,Increase product engagement
C04608,Enterprise,1-Year,Credit Card,Germany,E-commerce,0.728,5,0,3.94,1,14,0.23335370525728436,Low,199,46.437387346199586,Billing friction,Resolve billing issue
C04609,Basic,1-Year,Credit Card,India,Nonprofit,0.2,3,1,4.94,2,10,0.6918363456507538,High,29,20.06325402387186,Low engagement + Billing friction,Resolve billing issue + Increase product engagement
C04610,Basic,Month-to-month,ACH/Bank Transfer,Canada,SaaS/Tech,0.611,5,0,5.0,0,1,0.11933478308290431,Low,29,3.460708709404225,Month-to-month contract,Renewal / contract intervention
C04611,Pro,1-Year,Credit Card,Canada,Finance,0.452,1,2,3.83,1,5,0.701170194146734,High,79,55.39244533759199,Billing friction + Low feature adoption,Resolve billing issue + Product training / onboarding
C04612,Pro,Month-to-month,Credit Card,Germany,E-commerce,1.0,3,2,3.3,2,23,0.8088296393805393,High,79,63.897541511062606,Billing friction + Month-to-month contract,Resolve billing issue + Renewal / contract intervention
C04613,Basic,2-Year,Credit Card,Canada,SaaS/Tech,0.379,4,1,5.0,2,14,0.5619628932514648,Medium,29,16.296923904292477,Low engagement + Billing friction,Resolve billing issue + Increase product engagement
C04614,Basic,Month-to-month,ACH/Bank Transfer,Australia,Finance,0.368,5,1,4.02,0,12,0.3901128664324219,Medium,29,11.313273126540235,Low engagement + Month-to-month contract,Increase product engagement + Renewal / contract intervention
C04616,Basic,1-Year,Credit Card,Germany,Finance,0.547,2,3,3.42,0,0,0.39330279747822355,Medium,29,11.405781126868483,High support activity + Low feature adoption,Product training / onboarding + Priority support review
C04617,Pro,Month-to-month,Credit Card,Canada,Finance,0.471,4,0,3.22,0,6,0.42058470819707816,Medium,79,33.22619194756918,Month-to-month contract,Renewal / contract intervention
C04618,Basic,Month-to-month,PayPal,UK,Manufacturing,0.483,7,0,3.11,0,10,0.25275225773892784,Low,29,7.329815474428908,Month-to-month contract,Renewal / contract intervention
C04619,Basic,2-Year,Manual Invoice,USA,Nonprofit,0.61,4,2,3.76,0,1,0.1524585403153237,Low,29,4.421297669144387,No major warning signal,Standard customer success monitoring
C04620,Pro,1-Year,Credit Card,India,Education,0.443,7,3,4.46,0,1,0.1672899793795887,Low,79,13.215908370987508,High support activity,Priority support review
C04621,Enterprise,Month-to-month,Credit Card,USA,SaaS/Tech,0.14,5,2,4.22,0,14,0.4868589940602017,Medium,199,96.88493981798014,Low engagement + Month-to-month contract,Increase product engagement + Renewal / contract intervention
C04622,Pro,Month-to-month,Credit Card,Canada,Healthcare,0.481,3,1,3.71,0,13,0.4790229611589403,Medium,79,37.84281393155628,Month-to-month contract,Renewal / contract intervention
C04623,Pro,Month-to-month,ACH/Bank Transfer,India,Healthcare,0.658,5,1,3.58,1,26,0.6038847662726905,High,79,47.70689653554255,Billing friction + Month-to-month contract,Resolve billing issue + Renewal / contract intervention
C04624,Pro,Month-to-month,Credit Card,USA,SaaS/Tech,0.481,7,0,2.56,1,2,0.5338284161665099,Medium,79,42.172444877154284,Low satisfaction + Billing friction + Month-to-month contract,Resolve billing issue + Customer success outreach + Renewal / contract intervention
C04625,Pro,1-Year,ACH/Bank Transfer,Germany,SaaS/Tech,0.416,2,1,3.29,0,0,0.38007457743531703,Medium,79,30.025891617390045,Low feature adoption,Product training / onboarding
C04626,Pro,Month-to-month,Credit Card,UK,Nonprofit,0.763,3,3,4.45,0,19,0.4301494783919028,Medium,79,33.98180879296032,High support activity + Month-to-month contract,Priority support review + Renewal / contract intervention
C04627,Enterprise,1-Year,PayPal,USA,Manufacturing,0.614,2,0,3.78,0,16,0.21268763961311637,Low,199,42.32484028301016,Low feature adoption,Product training / onboarding
C04628,Basic,Month-to-month,PayPal,UK,Healthcare,0.374,8,1,4.83,0,4,0.1322389203129468,Low,29,3.834928689075457,Low engagement + Month-to-month contract,Increase product engagement + Renewal / contract intervention
C04630,Pro,2-Year,ACH/Bank Transfer,USA,Healthcare,0.46,5,0,4.8,0,2,0.08106569254763304,Low,79,6.404189711263011,No major warning signal,Standard customer success monitoring
C04633,Basic,Month-to-month,PayPal,India,Marketing/Agency,0.899,6,1,5.0,0,9,0.08460087066616298,Low,29,2.4534252493187263,Month-to-month contract,Renewal / contract intervention
C04635,Basic,1-Year,Manual Invoice,Australia,Marketing/Agency,0.743,3,2,3.48,1,6,0.47198444347781693,Medium,29,13.68754886085669,Billing friction,Resolve billing issue
C04636,Basic,1-Year,Credit Card,UK,Marketing/Agency,0.769,2,0,1.74,0,17,0.519018383666981,Medium,29,15.05153312634245,Low satisfaction + Low feature adoption,Customer success outreach + Product training / onboarding
C04637,Pro,Month-to-month,Credit Card,USA,Nonprofit,0.678,6,1,4.05,0,16,0.21710539512350685,Low,79,17.15132621475704,Month-to-month contract,Renewal / contract intervention
C04639,Pro,1-Year,Credit Card,Australia,Finance,0.274,5,1,4.45,1,31,0.5556564755480914,Medium,79,43.89686156829922,Low engagement + Billing friction + Inactivity,Resolve billing issue + Increase product engagement + Launch re-engagement campaign
C04640,Pro,1-Year,Credit Card,Australia,Manufacturing,0.505,4,1,3.89,0,3,0.2209734584713491,Low,79,17.45690321923658,No major warning signal,Standard customer success monitoring
C04641,Basic,1-Year,Credit Card,USA,Education,0.261,6,0,4.27,0,0,0.13044875749760124,Low,29,3.7830139674304357,Low engagement,Increase product engagement
C04642,Basic,Month-to-month,Credit Card,Germany,Finance,0.655,6,0,3.44,0,15,0.20804215878478438,Low,29,6.033222604758747,Month-to-month contract,Renewal / contract intervention
C04645,Basic,2-Year,Credit Card,USA,Marketing/Agency,0.457,3,2,5.0,0,12,0.2072241767891434,Low,29,6.009501126885159,No major warning signal,Standard customer success monitoring
C04646,Pro,Month-to-month,Credit Card,USA,Marketing/Agency,0.473,7,2,4.48,1,2,0.4208200118002266,Medium,79,33.2447809322179,Billing friction + Month-to-month contract,Resolve billing issue + Renewal / contract intervention
C04647,Pro,Month-to-month,PayPal,USA,SaaS/Tech,0.951,5,2,5.0,0,2,0.09362536307754245,Low,79,7.396403683125853,Month-to-month contract,Renewal / contract intervention
C04648,Pro,1-Year,PayPal,Australia,E-commerce,0.656,6,2,4.87,1,2,0.2248965858545919,Low,79,17.76683028251276,Billing friction,Resolve billing issue
C04649,Basic,1-Year,Manual Invoice,India,Nonprofit,0.557,3,1,2.39,0,36,0.4905644559980729,Medium,29,14.226369223944115,Low satisfaction + Inactivity,Customer success outreach + Launch re-engagement campaign
C04650,Enterprise,1-Year,PayPal,UK,Nonprofit,0.548,2,1,5.0,2,2,0.578652575987787,Medium,199,115.1518626215696,Billing friction + Low feature adoption,Resolve billing issue + Product training / onboarding
C04651,Enterprise,1-Year,PayPal,UK,Marketing/Agency,0.576,7,1,3.77,1,0,0.2814095026510604,Low,199,56.00049102756102,Billing friction,Resolve billing issue
C04653,Basic,1-Year,Manual Invoice,India,Healthcare,0.453,7,3,4.06,2,16,0.5980132283871358,Medium,29,17.342383623226937,Billing friction + High support activity,Resolve billing issue + Priority support review
C04654,Enterprise,1-Year,Credit Card,USA,Finance,0.624,4,1,4.46,0,4,0.13228728089945252,Low,199,26.325168898991052,No major warning signal,Standard customer success monitoring
C04655,Pro,2-Year,Credit Card,Australia,Finance,0.573,6,2,5.0,0,1,0.09269445392628446,Low,79,7.322861860176473,No major warning signal,Standard customer success monitoring
C04656,Pro,2-Year,ACH/Bank Transfer,India,E-commerce,0.216,4,1,2.71,0,4,0.4818462711094631,Medium,79,38.06585541764758,Low engagement + Low satisfaction,Customer success outreach + Increase product engagement
C04657,Pro,Month-to-month,PayPal,USA,Education,0.55,4,1,3.92,1,8,0.5444370056143601,Medium,79,43.01052344353445,Billing friction + Month-to-month contract,Resolve billing issue + Renewal / contract intervention
C04659,Pro,Month-to-month,Credit Card,USA,Marketing/Agency,0.112,8,0,4.53,1,0,0.3875924897381144,Medium,79,30.619806689311037,Low engagement + Billing friction + Month-to-month contract,Resolve billing issue + Increase product engagement + Renewal / contract intervention
C04661,Enterprise,2-Year,Manual Invoice,USA,Manufacturing,0.364,6,2,3.0,0,12,0.24330331685108972,Low,199,48.417360053366856,Low engagement,Increase product engagement
C04662,Basic,1-Year,Credit Card,USA,Marketing/Agency,0.889,3,2,3.37,0,18,0.2924194391940668,Low,29,8.480163736627938,No major warning signal,Standard customer success monitoring
C04664,Basic,Month-to-month,Credit Card,India,E-commerce,0.466,7,1,3.45,0,4,0.2772382106270638,Low,29,8.03990810818485,Month-to-month contract,Renewal / contract intervention
C04665,Basic,Month-to-month,PayPal,Canada,SaaS/Tech,0.446,3,1,4.55,0,0,0.2941151254203495,Low,29,8.529338637190136,Month-to-month contract,Renewal / contract intervention
C04667,Pro,Month-to-month,ACH/Bank Transfer,USA,SaaS/Tech,0.557,3,1,3.75,0,16,0.44052575564001034,Medium,79,34.80153469556082,Month-to-month contract,Renewal / contract intervention
C04668,Basic,Month-to-month,ACH/Bank Transfer,India,E-commerce,0.837,2,1,4.18,0,0,0.25963166727697795,Low,29,7.5293183510323605,Month-to-month contract + Low feature adoption,Product training / onboarding + Renewal / contract intervention
C04669,Pro,2-Year,PayPal,India,Nonprofit,0.249,9,1,4.83,0,1,0.06858352050232763,Low,79,5.418098119683883,Low engagement,Increase product engagement
C04672,Enterprise,2-Year,Manual Invoice,USA,Nonprofit,0.584,6,0,3.58,2,7,0.37899439103729654,Medium,199,75.41988381642201,Billing friction,Resolve billing issue
C04673,Basic,1-Year,PayPal,USA,Nonprofit,0.726,3,1,4.24,0,0,0.13348000899991044,Low,29,3.8709202609974027,No major warning signal,Standard customer success monitoring
C04675,Enterprise,Month-to-month,Credit Card,USA,Education,1.0,7,1,4.16,0,11,0.08844998596343137,Low,199,17.60154720672284,Month-to-month contract,Renewal / contract intervention
C04676,Pro,Month-to-month,Credit Card,Germany,SaaS/Tech,0.477,3,0,4.87,0,6,0.19060501005463865,Low,79,15.057795794316453,Month-to-month contract,Renewal / contract intervention
C04678,Pro,2-Year,ACH/Bank Transfer,Germany,E-commerce,0.02,6,3,3.57,0,1,0.43110890020339554,Medium,79,34.05760311606825,Low engagement + High support activity,Increase product engagement + Priority support review
C04679,Basic,Month-to-month,Credit Card,Germany,Marketing/Agency,0.515,3,0,4.04,0,4,0.2761036732914413,Low,29,8.007006525451798,Month-to-month contract,Renewal / contract intervention
C04680,Basic,1-Year,Credit Card,India,Healthcare,0.626,3,1,2.64,0,7,0.36248508466623836,Medium,29,10.512067455320912,Low satisfaction,Customer success outreach
C04681,Basic,2-Year,ACH/Bank Transfer,India,Manufacturing,0.221,9,0,3.89,0,0,0.08439769274082755,Low,29,2.447533089483999,Low engagement,Increase product engagement
C04682,Basic,1-Year,Manual Invoice,USA,Marketing/Agency,0.813,4,3,3.85,0,11,0.19572754298180714,Low,29,5.676098746472407,High support activity,Priority support review
C04684,Enterprise,Month-to-month,Credit Card,UK,Marketing/Agency,0.436,4,3,4.19,1,0,0.7130041494677065,High,199,141.8878257440736,Billing friction + High support activity + Month-to-month contract,Resolve billing issue + Priority support review + Renewal / contract intervention
C04685,Pro,Month-to-month,Credit Card,Australia,Nonprofit,0.487,3,3,4.35,2,1,0.869065024525021,High,79,68.65613693747666,Billing friction + High support activity + Month-to-month contract,Resolve billing issue + Priority support review + Renewal / contract intervention
C04686,Enterprise,Month-to-month,Credit Card,Australia,Manufacturing,0.593,4,2,4.07,0,16,0.37743415053575446,Medium,199,75.10939595661515,Month-to-month contract,Renewal / contract intervention
C04687,Enterprise,Month-to-month,ACH/Bank Transfer,Germany,Manufacturing,0.536,7,0,2.8,1,18,0.5016082877353213,Medium,199,99.82004925932894,Low satisfaction + Billing friction + Month-to-month contract,Resolve billing issue + Customer success outreach + Renewal / contract intervention
C04688,Basic,Month-to-month,Manual Invoice,India,E-commerce,0.775,4,1,4.41,1,11,0.3282911427045267,Medium,29,9.520443138431274,Billing friction + Month-to-month contract,Resolve billing issue + Renewal / contract intervention
C04689,Enterprise,2-Year,Credit Card,USA,Marketing/Agency,0.989,3,0,4.49,0,6,0.06422811786582003,Low,199,12.781395455298185,No major warning signal,Standard customer success monitoring
C04690,Basic,1-Year,Credit Card,Germany,Manufacturing,0.914,3,3,3.47,1,19,0.48061122814047474,Medium,29,13.937725616073768,Billing friction + High support activity,Resolve billing issue + Priority support review
C04691,Pro,1-Year,Credit Card,USA,E-commerce,0.587,4,1,2.29,0,23,0.47406875253450104,Medium,79,37.451431450225584,Low satisfaction,Customer success outreach
C04692,Enterprise,Month-to-month,Credit Card,India,Education,0.587,2,1,3.34,2,42,0.9251377134252203,High,199,184.10240497161885,Billing friction + Inactivity + Month-to-month contract + Low feature adoption,Resolve billing issue + Launch re-engagement campaign + Product training / onboarding + Renewal / contract intervention
C04693,Pro,1-Year,ACH/Bank Transfer,Canada,E-commerce,0.633,5,1,3.6,0,0,0.19641378658009032,Low,79,15.516689139827134,No major warning signal,Standard customer success monitoring
C04695,Basic,1-Year,ACH/Bank Transfer,USA,Education,0.343,6,2,4.75,1,2,0.33001533267703675,Medium,29,9.570444647634066,Low engagement + Billing friction,Resolve billing issue + Increase product engagement
C04696,Basic,1-Year,PayPal,USA,Education,0.189,5,1,4.13,0,0,0.2189907466610418,Low,29,6.350731653170212,Low engagement,Increase product engagement
C04697,Enterprise,1-Year,PayPal,USA,Healthcare,0.575,3,0,5.0,0,16,0.10746284230878723,Low,199,21.38510561944866,No major warning signal,Standard customer success monitoring
C04699,Basic,1-Year,Manual Invoice,USA,E-commerce,0.099,2,1,5.0,0,21,0.3026541810561902,Medium,29,8.776971250629515,Low engagement + Low feature adoption,Increase product engagement + Product training / onboarding
C04700,Enterprise,Month-to-month,PayPal,India,Finance,0.598,3,1,4.0,0,1,0.30082066604404456,Medium,199,59.86331254276487,Month-to-month contract,Renewal / contract intervention
C04701,Pro,Month-to-month,Credit Card,USA,E-commerce,0.639,3,1,3.8,0,0,0.3282969819877613,Medium,79,25.93546157703314,Month-to-month contract,Renewal / contract intervention
C04702,Pro,Month-to-month,Credit Card,Australia,E-commerce,0.451,8,1,4.78,0,4,0.14821272058579754,Low,79,11.708804926278006,Month-to-month contract,Renewal / contract intervention
C04703,Pro,Month-to-month,PayPal,Germany,SaaS/Tech,0.672,1,1,4.42,0,19,0.3492400244424487,Medium,79,27.58996193095345,Month-to-month contract + Low feature adoption,Product training / onboarding + Renewal / contract intervention
C04704,Pro,Month-to-month,Credit Card,India,E-commerce,0.451,3,0,5.0,1,15,0.48032776401565785,Medium,79,37.94589335723697,Billing friction + Month-to-month contract,Resolve billing issue + Renewal / contract intervention
C04705,Basic,Month-to-month,Credit Card,UK,Nonprofit,0.668,10,2,3.35,0,3,0.1738506235649704,Low,29,5.041668083384142,Month-to-month contract,Renewal / contract intervention
C04706,Pro,Month-to-month,PayPal,Germany,E-commerce,0.541,6,1,3.75,1,3,0.430704760686146,Medium,79,34.02567609420554,Billing friction + Month-to-month contract,Resolve billing issue + Renewal / contract intervention
C04707,Basic,1-Year,PayPal,UK,Education,0.678,3,1,4.44,0,3,0.1486543781156491,Low,29,4.310976965353824,No major warning signal,Standard customer success monitoring
C04709,Enterprise,2-Year,Credit Card,Germany,Healthcare,0.477,1,0,4.71,0,7,0.15319129121432468,Low,199,30.485066951650612,Low feature adoption,Product training / onboarding
C04710,Basic,Month-to-month,Credit Card,India,Manufacturing,0.851,3,1,4.03,0,15,0.2367966473412254,Low,29,6.867102772895537,Month-to-month contract,Renewal / contract intervention
C04711,Basic,Month-to-month,PayPal,Australia,Marketing/Agency,0.317,3,4,4.09,0,3,0.590915335906677,Medium,29,17.136544741293633,Low engagement + High support activity + Month-to-month contract,Increase product engagement + Priority support review + Renewal / contract intervention
C04712,Pro,2-Year,Credit Card,India,Marketing/Agency,0.441,2,2,2.67,2,25,0.9285046904516759,High,79,73.3518705456824,Low satisfaction + Billing friction + Low feature adoption,Resolve billing issue + Customer success outreach + Product training / onboarding
C04713,Basic,1-Year,Credit Card,USA,Education,0.626,3,3,4.94,1,11,0.4151904561497386,Medium,29,12.040523228342419,Billing friction + High support activity,Resolve billing issue + Priority support review
C04716,Pro,Month-to-month,Credit Card,Germany,E-commerce,0.879,5,2,2.75,1,5,0.5718517500831592,Medium,79,45.17628825656958,Low satisfaction + Billing friction + Month-to-month contract,Resolve billing issue + Customer success outreach + Renewal / contract intervention
C04717,Basic,1-Year,Credit Card,UK,SaaS/Tech,0.731,8,1,3.1,2,0,0.4595421925529529,Medium,29,13.326723584035635,Billing friction,Resolve billing issue
C04718,Pro,Month-to-month,PayPal,USA,E-commerce,0.546,5,5,3.18,0,5,0.6382951978396636,High,79,50.42532062933343,High support activity + Month-to-month contract,Priority support review + Renewal / contract intervention
C04719,Pro,Month-to-month,Credit Card,UK,E-commerce,0.566,7,1,4.17,0,10,0.21502087307526174,Low,79,16.986648972945677,Month-to-month contract,Renewal / contract intervention
C04720,Pro,Month-to-month,Credit Card,UK,Healthcare,0.414,4,0,3.55,0,0,0.3601515983920925,Medium,79,28.451976272975305,Month-to-month contract,Renewal / contract intervention
C04721,Enterprise,2-Year,PayPal,USA,Nonprofit,0.482,2,0,4.03,1,9,0.4013917191164612,Medium,199,79.87695210417579,Billing friction + Low feature adoption,Resolve billing issue + Product training / onboarding
C04722,Basic,Month-to-month,Credit Card,India,Marketing/Agency,0.293,3,1,4.56,0,17,0.45819632944550387,Medium,29,13.287693553919611,Low engagement + Month-to-month contract,Increase product engagement + Renewal / contract intervention
C04724,Enterprise,1-Year,Credit Card,Canada,Nonprofit,0.938,3,0,2.58,2,8,0.6720397708583785,High,199,133.73591440081734,Low satisfaction + Billing friction,Resolve billing issue + Customer success outreach
C04725,Pro,Month-to-month,Credit Card,Germany,Healthcare,0.549,5,0,3.3,0,2,0.2506445605127256,Low,79,19.800920280505323,Month-to-month contract,Renewal / contract intervention
C04726,Basic,Month-to-month,PayPal,Canada,Finance,0.764,4,1,3.96,0,2,0.22627371235411775,Low,29,6.561937658269414,Month-to-month contract,Renewal / contract intervention
C04727,Basic,Month-to-month,ACH/Bank Transfer,USA,Finance,0.187,6,4,4.46,1,4,0.723901016700472,High,29,20.993129484313688,Low engagement + Billing friction + High support activity + Month-to-month contract,Resolve billing issue + Increase product engagement + Priority support review + Renewal / contract intervention
C04728,Pro,Month-to-month,Credit Card,USA,Finance,0.479,3,2,4.42,0,18,0.4452676077861788,Medium,79,35.17614101510812,Month-to-month contract,Renewal / contract intervention
C04729,Basic,1-Year,Credit Card,Australia,SaaS/Tech,0.547,6,1,4.43,0,3,0.1118678800373955,Low,29,3.2441685210844695,No major warning signal,Standard customer success monitoring
C04730,Basic,Month-to-month,Credit Card,Germany,Education,0.756,5,1,3.63,0,21,0.25419529200482455,Low,29,7.371663468139912,Month-to-month contract,Renewal / contract intervention
C04731,Pro,1-Year,ACH/Bank Transfer,Germany,Education,0.95,5,3,5.0,1,1,0.17706028590066003,Low,79,13.987762586152142,Billing friction + High support activity,Resolve billing issue + Priority support review
C04734,Basic,Month-to-month,Manual Invoice,Canada,Education,0.595,4,1,4.96,1,13,0.34628355771202923,Medium,29,10.042223173648848,Billing friction + Month-to-month contract,Resolve billing issue + Renewal / contract intervention
C04736,Pro,Month-to-month,Credit Card,Canada,Nonprofit,0.357,3,2,5.0,0,3,0.3834374250972402,Medium,79,30.291556582681977,Low engagement + Month-to-month contract,Increase product engagement + Renewal / contract intervention
C04737,Pro,Month-to-month,Credit Card,Canada,SaaS/Tech,0.554,4,2,4.31,1,9,0.599148168250033,Medium,79,47.33270529175261,Billing friction + Month-to-month contract,Resolve billing issue + Renewal / contract intervention
C04738,Pro,Month-to-month,Credit Card,India,Finance,0.758,2,0,3.52,0,39,0.4765286077114469,Medium,79,37.6457600092043,Inactivity + Month-to-month contract + Low feature adoption,Launch re-engagement campaign + Product training / onboarding + Renewal / contract intervention
C04739,Enterprise,1-Year,ACH/Bank Transfer,Australia,E-commerce,0.609,4,2,4.18,2,10,0.7045370467412523,High,199,140.20287230150922,Billing friction,Resolve billing issue
C04740,Pro,1-Year,ACH/Bank Transfer,India,Education,0.593,2,2,3.2,0,7,0.4618798470392585,Medium,79,36.48850791610142,Low feature adoption,Product training / onboarding
C04741,Basic,1-Year,PayPal,USA,Finance,0.348,3,2,3.96,0,0,0.32108580959239413,Medium,29,9.31148847817943,Low engagement,Increase product engagement
C04742,Enterprise,Month-to-month,PayPal,India,Nonprofit,0.623,5,1,4.32,2,37,0.7528534507596042,High,199,149.81783670116124,Billing friction + Inactivity + Month-to-month contract,Resolve billing issue + Launch re-engagement campaign + Renewal / contract intervention
C04743,Enterprise,Month-to-month,Credit Card,UK,Marketing/Agency,0.803,6,2,3.58,2,1,0.7086978697783275,High,199,141.03087608588717,Billing friction + Month-to-month contract,Resolve billing issue + Renewal / contract intervention
C04744,Basic,Month-to-month,Credit Card,USA,Healthcare,0.269,1,1,3.33,0,2,0.6327155811284783,High,29,18.34875185272587,Low engagement + Month-to-month contract + Low feature adoption,Increase product engagement + Product training / onboarding + Renewal / contract intervention
C04745,Basic,1-Year,ACH/Bank Transfer,USA,Nonprofit,0.441,5,3,4.28,0,3,0.2616965013108894,Low,29,7.5891985380157925,High support activity,Priority support review
C04746,Pro,1-Year,Credit Card,India,Education,0.437,3,2,4.17,1,21,0.6155867026029282,High,79,48.631349505631334,Billing friction,Resolve billing issue
C04747,Basic,Month-to-month,PayPal,Australia,Nonprofit,0.407,3,2,3.12,0,8,0.636916362761346,High,29,18.470574520079033,Month-to-month contract,Renewal / contract intervention
C04749,Basic,Month-to-month,Credit Card,USA,E-commerce,0.557,3,1,5.0,0,34,0.32737822153565743,Medium,29,9.493968424534065,Inactivity + Month-to-month contract,Launch re-engagement campaign + Renewal / contract intervention
C04750,Pro,1-Year,Credit Card,India,Education,0.411,3,1,3.67,0,2,0.31853592352521237,Medium,79,25.164337958491778,No major warning signal,Standard customer success monitoring
C04751,Pro,1-Year,Manual Invoice,Australia,E-commerce,0.445,7,1,5.0,0,39,0.1254998244912146,Low,79,9.914486134805953,Inactivity,Launch re-engagement campaign
C04752,Pro,Month-to-month,ACH/Bank Transfer,USA,Healthcare,0.343,3,0,3.25,1,8,0.7207361024703277,High,79,56.93815209515589,Low engagement + Billing friction + Month-to-month contract,Resolve billing issue + Increase product engagement + Renewal / contract intervention
C04754,Pro,1-Year,Credit Card,USA,SaaS/Tech,0.597,4,2,4.3,0,6,0.19654629796385079,Low,79,15.527157539144213,No major warning signal,Standard customer success monitoring
C04755,Pro,Month-to-month,Credit Card,USA,E-commerce,0.643,3,2,3.22,2,0,0.8607078335949555,High,79,67.99591885400149,Billing friction + Month-to-month contract,Resolve billing issue + Renewal / contract intervention
C04756,Pro,2-Year,PayPal,UK,Finance,0.625,6,4,2.99,0,6,0.3371577650151864,Medium,79,26.635463436199725,Low satisfaction + High support activity,Customer success outreach + Priority support review
C04757,Basic,Month-to-month,Credit Card,USA,SaaS/Tech,0.972,3,5,2.74,0,0,0.5745736570867113,Medium,29,16.662636055514625,Low satisfaction + High support activity + Month-to-month contract,Customer success outreach + Priority support review + Renewal / contract intervention
C04758,Pro,2-Year,Credit Card,USA,E-commerce,0.503,6,4,5.0,0,23,0.2152056310285867,Low,79,17.00124485125835,High support activity,Priority support review
C04760,Pro,Month-to-month,Credit Card,Australia,Manufacturing,0.672,4,0,5.0,0,1,0.12396234569247247,Low,79,9.793025309705325,Month-to-month contract,Renewal / contract intervention
C04763,Pro,1-Year,ACH/Bank Transfer,Germany,Marketing/Agency,0.769,2,0,4.17,0,14,0.17392663351798301,Low,79,13.740204047920658,Low feature adoption,Product training / onboarding
C04764,Enterprise,Month-to-month,Credit Card,USA,Manufacturing,0.446,5,1,5.0,0,18,0.20007970961035754,Low,199,39.81586221246115,Month-to-month contract,Renewal / contract intervention
C04766,Basic,1-Year,Credit Card,Germany,E-commerce,0.525,4,3,2.52,2,2,0.8582823024384505,High,29,24.890186770715065,Low satisfaction + Billing friction + High support activity,Resolve billing issue + Customer success outreach + Priority support review
C04767,Basic,Month-to-month,Credit Card,India,Manufacturing,0.341,7,2,3.58,0,1,0.3226721937041387,Medium,29,9.357493617420023,Low engagement + Month-to-month contract,Increase product engagement + Renewal / contract intervention
C04768,Basic,Month-to-month,Credit Card,UK,Manufacturing,0.467,6,1,2.64,0,33,0.5527678656523827,Medium,29,16.0302681039191,Low satisfaction + Inactivity + Month-to-month contract,Customer success outreach + Launch re-engagement campaign + Renewal / contract intervention
C04769,Enterprise,Month-to-month,Manual Invoice,Canada,Healthcare,0.435,4,3,3.46,1,24,0.7814039067367842,High,199,155.49937744062004,Billing friction + High support activity + Month-to-month contract,Resolve billing issue + Priority support review + Renewal / contract intervention
C04770,Basic,Month-to-month,Credit Card,Canada,Manufacturing,1.0,1,1,4.97,0,4,0.15194340422428143,Low,29,4.406358722504161,Month-to-month contract + Low feature adoption,Product training / onboarding + Renewal / contract intervention
C04771,Enterprise,Month-to-month,Credit Card,India,SaaS/Tech,0.693,3,1,4.0,0,0,0.26520459581032646,Low,199,52.77571456625497,Month-to-month contract,Renewal / contract intervention
C04772,Enterprise,Month-to-month,PayPal,USA,Finance,0.509,4,1,3.43,0,18,0.43037580785464563,Medium,199,85.64478576307448,Month-to-month contract,Renewal / contract intervention
C04773,Enterprise,2-Year,Credit Card,UK,Finance,0.323,5,4,4.22,2,2,0.7864174730239532,High,199,156.49707713176667,Low engagement + Billing friction + High support activity,Resolve billing issue + Increase product engagement + Priority support review
C04774,Pro,Month-to-month,PayPal,Australia,SaaS/Tech,0.608,0,0,2.78,0,11,0.6279491635461429,High,79,49.607983920145294,Low satisfaction + Month-to-month contract + Low feature adoption,Customer success outreach + Product training / onboarding + Renewal / contract intervention
C04775,Basic,Month-to-month,Credit Card,Germany,Education,1.0,4,1,3.26,0,27,0.2757396057567239,Low,29,7.996448566944993,Month-to-month contract,Renewal / contract intervention
C04776,Basic,1-Year,Manual Invoice,UK,Finance,0.435,3,1,5.0,2,34,0.6527216969961697,High,29,18.92892921288892,Billing friction + Inactivity,Resolve billing issue + Launch re-engagement campaign
C04777,Basic,Month-to-month,Manual Invoice,USA,Nonprofit,0.246,3,1,3.1,0,14,0.5514945429972556,Medium,29,15.993341746920414,Low engagement + Month-to-month contract,Increase product engagement + Renewal / contract intervention
C04780,Basic,1-Year,PayPal,Canada,Marketing/Agency,0.828,5,1,3.37,1,6,0.3268761092048202,Medium,29,9.479407166939785,Billing friction,Resolve billing issue
C04781,Basic,Month-to-month,Manual Invoice,Germany,Education,0.562,5,1,5.0,0,9,0.11204344292302698,Low,29,3.2492598447677823,Month-to-month contract,Renewal / contract intervention
C04782,Basic,Month-to-month,ACH/Bank Transfer,USA,Finance,0.581,6,0,4.39,0,7,0.14793831776576905,Low,29,4.290211215207302,Month-to-month contract,Renewal / contract intervention
C04785,Basic,1-Year,Credit Card,Australia,Healthcare,0.371,6,3,2.95,2,6,0.8424805391718165,High,29,24.43193563598268,Low engagement + Low satisfaction + Billing friction + High support activity,Resolve billing issue + Customer success outreach + Increase product engagement + Priority support review
C04786,Pro,Month-to-month,PayPal,Germany,Marketing/Agency,0.586,3,0,3.86,0,7,0.28979091375221383,Low,79,22.893482186424894,Month-to-month contract,Renewal / contract intervention
C04787,Basic,1-Year,ACH/Bank Transfer,USA,Manufacturing,0.804,2,0,3.89,0,0,0.1303145275814008,Low,29,3.7791212998606234,Low feature adoption,Product training / onboarding
C04788,Enterprise,Month-to-month,Manual Invoice,USA,Nonprofit,0.992,3,0,5.0,2,14,0.35478040243957176,Medium,199,70.60130008547478,Billing friction + Month-to-month contract,Resolve billing issue + Renewal / contract intervention
C04789,Enterprise,Month-to-month,Credit Card,UK,Education,0.544,0,1,4.34,0,30,0.5931105615483094,Medium,199,118.02900174811357,Month-to-month contract + Low feature adoption,Product training / onboarding + Renewal / contract intervention
C04790,Enterprise,Month-to-month,Manual Invoice,Canada,Manufacturing,1.0,5,0,2.46,1,0,0.3215215670558185,Medium,199,63.98279184410789,Low satisfaction + Billing friction + Month-to-month contract,Resolve billing issue + Customer success outreach + Renewal / contract intervention
C04791,Pro,Month-to-month,ACH/Bank Transfer,India,Education,0.72,6,1,4.0,2,12,0.6336965330546088,High,79,50.0620261113141,Billing friction + Month-to-month contract,Resolve billing issue + Renewal / contract intervention
C04793,Enterprise,1-Year,ACH/Bank Transfer,UK,Healthcare,0.82,3,0,4.49,1,17,0.27057303361131996,Low,199,53.84403368865267,Billing friction,Resolve billing issue
C04794,Basic,Month-to-month,PayPal,USA,Manufacturing,0.602,5,1,5.0,0,15,0.137892842864265,Low,29,3.9988924430636854,Month-to-month contract,Renewal / contract intervention
C04797,Basic,Month-to-month,ACH/Bank Transfer,USA,Manufacturing,0.5,5,0,4.13,0,0,0.18193700989006942,Low,29,5.276173286812013,Month-to-month contract,Renewal / contract intervention
C04798,Pro,1-Year,Credit Card,Australia,Education,0.886,3,0,3.66,0,7,0.1524491905931052,Low,79,12.04348605685531,No major warning signal,Standard customer success monitoring
C04799,Basic,2-Year,PayPal,UK,SaaS/Tech,0.606,4,2,5.0,1,2,0.24782047160953502,Low,29,7.1867936766765155,Billing friction,Resolve billing issue
C04800,Pro,Month-to-month,Credit Card,Germany,SaaS/Tech,0.432,0,2,5.0,0,6,0.44796236495945246,Medium,79,35.38902683179674,Month-to-month contract + Low feature adoption,Product training / onboarding + Renewal / contract intervention
C04801,Basic,Month-to-month,ACH/Bank Transfer,UK,Education,0.389,5,0,4.37,0,4,0.2509018650907632,Low,29,7.276154087632132,Low engagement + Month-to-month contract,Increase product engagement + Renewal / contract intervention
C04802,Pro,1-Year,ACH/Bank Transfer,Australia,Education,0.607,3,1,5.0,0,23,0.20522857247510115,Low,79,16.213057225532992,No major warning signal,Standard customer success monitoring
C04804,Pro,1-Year,Credit Card,Australia,SaaS/Tech,0.72,1,5,3.61,0,10,0.6153285325078389,High,79,48.61095406811928,High support activity + Low feature adoption,Product training / onboarding + Priority support review
C04806,Pro,Month-to-month,Manual Invoice,USA,Healthcare,0.791,5,0,3.35,0,8,0.15730399413785587,Low,79,12.427015536890613,Month-to-month contract,Renewal / contract intervention
C04807,Pro,1-Year,ACH/Bank Transfer,Australia,Finance,0.51,3,1,5.0,0,14,0.21079948067386117,Low,79,16.653158973235033,No major warning signal,Standard customer success monitoring
C04808,Basic,Month-to-month,Credit Card,Canada,Finance,0.132,4,3,4.38,0,12,0.6209238445844618,High,29,18.006791492949393,Low engagement + High support activity + Month-to-month contract,Increase product engagement + Priority support review + Renewal / contract intervention
C04809,Basic,Month-to-month,PayPal,UK,E-commerce,0.318,9,0,5.0,0,4,0.0920850259117808,Low,29,2.670465751441643,Low engagement + Month-to-month contract,Increase product engagement + Renewal / contract intervention
C04810,Enterprise,Month-to-month,Manual Invoice,India,Manufacturing,0.43,1,3,3.17,0,0,0.6314235213791394,High,199,125.65328075444873,High support activity + Month-to-month contract + Low feature adoption,Product training / onboarding + Priority support review + Renewal / contract intervention
C04811,Pro,1-Year,PayPal,Canada,Healthcare,1.0,7,1,3.22,2,6,0.3902638147831863,Medium,79,30.830841367871717,Billing friction,Resolve billing issue
C04812,Basic,Month-to-month,PayPal,USA,E-commerce,0.436,2,1,4.3,0,25,0.46457106505404144,Medium,29,13.472560886567202,Month-to-month contract + Low feature adoption,Product training / onboarding + Renewal / contract intervention
C04813,Pro,1-Year,ACH/Bank Transfer,UK,E-commerce,0.912,3,1,4.86,0,17,0.11229806716094859,Low,79,8.87154730571494,No major warning signal,Standard customer success monitoring
C04814,Enterprise,Month-to-month,Manual Invoice,India,Manufacturing,0.973,7,1,4.15,0,23,0.08098939399824005,Low,199,16.116889405649772,Month-to-month contract,Renewal / contract intervention
C04815,Basic,Month-to-month,Credit Card,Australia,Education,0.887,3,3,4.76,0,2,0.25085074944467306,Low,29,7.274671733895519,High support activity + Month-to-month contract,Priority support review + Renewal / contract intervention
C04819,Pro,1-Year,Credit Card,UK,E-commerce,0.769,6,2,3.86,0,52,0.30566469043027045,Medium,79,24.147510543991366,Inactivity,Launch re-engagement campaign
C04821,Enterprise,Month-to-month,Credit Card,UK,SaaS/Tech,0.62,4,1,4.51,0,32,0.32471318561618845,Medium,199,64.6179239376215,Inactivity + Month-to-month contract,Launch re-engagement campaign + Renewal / contract intervention
C04823,Pro,2-Year,ACH/Bank Transfer,USA,E-commerce,0.712,8,3,3.0,1,11,0.409259049187177,Medium,79,32.33146488578698,Billing friction + High support activity,Resolve billing issue + Priority support review
C04824,Pro,1-Year,Manual Invoice,India,Education,0.826,0,0,3.81,0,1,0.16103607623391553,Low,79,12.721850022479327,Low feature adoption,Product training / onboarding
C04825,Pro,2-Year,Credit Card,Australia,Education,0.392,4,2,5.0,0,3,0.18431247651020477,Low,79,14.560685644306178,Low engagement,Increase product engagement
C04828,Pro,2-Year,PayPal,India,Healthcare,0.811,3,1,5.0,0,34,0.12104635163870854,Low,79,9.562661779457974,Inactivity,Launch re-engagement campaign
C04830,Basic,Month-to-month,Credit Card,USA,E-commerce,0.411,7,1,4.15,0,46,0.36640159279569934,Medium,29,10.625646191075282,Inactivity + Month-to-month contract,Launch re-engagement campaign + Renewal / contract intervention
C04831,Basic,Month-to-month,Manual Invoice,India,Nonprofit,0.579,6,0,5.0,0,4,0.07487395402921662,Low,29,2.1713446668472822,Month-to-month contract,Renewal / contract intervention
C04833,Pro,1-Year,Credit Card,USA,SaaS/Tech,0.365,5,2,5.0,0,0,0.15129212776152462,Low,79,11.952078093160445,Low engagement,Increase product engagement
C04834,Pro,Month-to-month,Credit Card,UK,Healthcare,0.596,4,0,3.11,1,10,0.6187869628928506,High,79,48.8841700685352,Billing friction + Month-to-month contract,Resolve billing issue + Renewal / contract intervention
C04835,Pro,Month-to-month,Credit Card,India,E-commerce,0.485,0,1,3.7,1,4,0.7879710363959294,High,79,62.24971187527842,Billing friction + Month-to-month contract + Low feature adoption,Resolve billing issue + Product training / onboarding + Renewal / contract intervention
C04836,Basic,2-Year,PayPal,India,Marketing/Agency,0.888,2,1,2.71,2,15,0.7541714930618905,High,29,21.870973298794823,Low satisfaction + Billing friction + Low feature adoption,Resolve billing issue + Customer success outreach + Product training / onboarding
C04837,Pro,1-Year,PayPal,India,Education,0.698,3,3,2.44,1,27,0.7915959619587942,High,79,62.536080994744744,Low satisfaction + Billing friction + High support activity,Resolve billing issue + Customer success outreach + Priority support review
C04838,Pro,Month-to-month,Credit Card,India,Finance,0.314,7,1,3.56,0,3,0.3300037887092711,Medium,79,26.070299308032418,Low engagement + Month-to-month contract,Increase product engagement + Renewal / contract intervention
C04839,Pro,Month-to-month,Credit Card,UK,Manufacturing,0.406,4,2,3.91,0,15,0.34604931942661404,Medium,79,27.33789623470251,Month-to-month contract,Renewal / contract intervention
C04840,Basic,1-Year,Credit Card,Australia,Finance,0.57,3,1,4.62,1,12,0.38912086270993346,Medium,29,11.28450501858807,Billing friction,Resolve billing issue
C04841,Basic,Month-to-month,ACH/Bank Transfer,Germany,SaaS/Tech,0.389,2,1,5.0,0,13,0.32503382094272304,Medium,29,9.425980807338968,Low engagement + Month-to-month contract + Low feature adoption,Increase product engagement + Product training / onboarding + Renewal / contract intervention
C04842,Pro,1-Year,Credit Card,USA,Nonprofit,0.526,2,1,3.67,1,12,0.5883867662213018,Medium,79,46.48255453148284,Billing friction + Low feature adoption,Resolve billing issue + Product training / onboarding
C04845,Basic,1-Year,Credit Card,Germany,Nonprofit,0.627,7,2,5.0,1,0,0.14610013216921913,Low,29,4.2369038329073545,Billing friction,Resolve billing issue
C04846,Enterprise,Month-to-month,Credit Card,India,Finance,0.02,7,2,4.47,0,3,0.3736263768837826,Medium,199,74.35164899987274,Low engagement + Month-to-month contract,Increase product engagement + Renewal / contract intervention
C04847,Pro,Month-to-month,Credit Card,Australia,SaaS/Tech,0.298,4,0,4.75,0,7,0.2838204577693264,Low,79,22.421816163776786,Low engagement + Month-to-month contract,Increase product engagement + Renewal / contract intervention
C04848,Pro,1-Year,Credit Card,India,Manufacturing,0.708,5,0,5.0,0,3,0.049672245450898565,Low,79,3.9241073906209865,No major warning signal,Standard customer success monitoring
C04849,Pro,1-Year,Credit Card,Germany,E-commerce,0.835,6,1,4.69,2,1,0.2693377370357195,Low,79,21.27768122582184,Billing friction,Resolve billing issue
C04850,Pro,Month-to-month,PayPal,India,Manufacturing,0.58,3,3,4.8,0,31,0.4389099720547778,Medium,79,34.67388779232744,High support activity + Inactivity + Month-to-month contract,Launch re-engagement campaign + Priority support review + Renewal / contract intervention
C04851,Basic,1-Year,Credit Card,USA,Manufacturing,0.841,4,1,3.96,0,2,0.10158284377610587,Low,29,2.94590246950707,No major warning signal,Standard customer success monitoring
C04852,Enterprise,2-Year,PayPal,Australia,SaaS/Tech,0.267,3,1,2.8,0,20,0.5388737653851389,Medium,199,107.23587931164263,Low engagement + Low satisfaction,Customer success outreach + Increase product engagement
C04853,Enterprise,1-Year,PayPal,Australia,Nonprofit,0.791,2,1,4.06,1,3,0.37365332022642644,Medium,199,74.35701072505886,Billing friction + Low feature adoption,Resolve billing issue + Product training / onboarding
C04857,Basic,Month-to-month,Credit Card,India,Finance,0.309,9,0,4.85,1,47,0.3817174763978188,Medium,29,11.069806815536744,Low engagement + Billing friction + Inactivity + Month-to-month contract,Resolve billing issue + Increase product engagement + Launch re-engagement campaign + Renewal / contract intervention
C04858,Pro,Month-to-month,ACH/Bank Transfer,India,SaaS/Tech,0.291,6,2,4.33,0,0,0.33278092978637464,Medium,79,26.289693453123597,Low engagement + Month-to-month contract,Increase product engagement + Renewal / contract intervention
C04859,Pro,Month-to-month,Credit Card,India,SaaS/Tech,0.857,5,0,4.19,0,9,0.13145723681537616,Low,79,10.385121708414717,Month-to-month contract,Renewal / contract intervention
C04860,Enterprise,Month-to-month,Credit Card,USA,E-commerce,0.399,4,0,4.07,1,21,0.5912140575838284,Medium,199,117.65159745918184,Low engagement + Billing friction + Month-to-month contract,Resolve billing issue + Increase product engagement + Renewal / contract intervention
C04861,Enterprise,1-Year,ACH/Bank Transfer,UK,Manufacturing,0.917,4,1,3.44,1,1,0.3031009655095441,Medium,199,60.31709213639927,Billing friction,Resolve billing issue
C04863,Basic,Month-to-month,Credit Card,UK,E-commerce,0.654,0,2,3.91,0,6,0.5634538191260848,Medium,29,16.34016075465646,Month-to-month contract + Low feature adoption,Product training / onboarding + Renewal / contract intervention
C04864,Basic,Month-to-month,Credit Card,UK,Marketing/Agency,0.503,5,0,3.3,0,9,0.35791632901985176,Medium,29,10.3795735415757,Month-to-month contract,Renewal / contract intervention
C04866,Pro,1-Year,Credit Card,Canada,Healthcare,0.713,5,2,4.66,0,30,0.18331409901132537,Low,79,14.481813821894704,No major warning signal,Standard customer success monitoring
C04867,Pro,Month-to-month,Credit Card,USA,Nonprofit,0.595,4,0,4.5,1,4,0.37355020917079956,Medium,79,29.510466524493165,Billing friction + Month-to-month contract,Resolve billing issue + Renewal / contract intervention
C04868,Basic,1-Year,Credit Card,Canada,Healthcare,0.466,6,2,3.63,1,13,0.48552126356543357,Medium,29,14.080116643397574,Billing friction,Resolve billing issue
C04869,Enterprise,1-Year,Credit Card,India,Education,0.494,2,0,2.26,0,14,0.5092188546890918,Medium,199,101.33455208312927,Low satisfaction + Low feature adoption,Customer success outreach + Product training / onboarding
C04870,Pro,Month-to-month,Credit Card,Australia,E-commerce,0.537,7,1,3.61,0,1,0.25289899311837183,Low,79,19.979020456351375,Month-to-month contract,Renewal / contract intervention
C04871,Basic,1-Year,Credit Card,India,Education,0.392,3,1,3.93,0,14,0.3275046203561103,Medium,29,9.497633990327198,Low engagement,Increase product engagement
C04872,Pro,Month-to-month,Manual Invoice,USA,Nonprofit,0.699,5,1,3.62,0,20,0.25168533317020186,Low,79,19.883141320445947,Month-to-month contract,Renewal / contract intervention
C04873,Pro,Month-to-month,Credit Card,India,Education,0.543,5,0,4.25,0,7,0.20721189112819843,Low,79,16.369739399127678,Month-to-month contract,Renewal / contract intervention
C04874,Basic,1-Year,ACH/Bank Transfer,Canada,Nonprofit,0.308,3,1,3.87,1,0,0.584316388647316,Medium,29,16.945175270772165,Low engagement + Billing friction,Resolve billing issue + Increase product engagement
C04875,Basic,Month-to-month,Credit Card,India,Healthcare,0.457,8,2,5.0,1,21,0.35406183723892604,Medium,29,10.267793279928854,Billing friction + Month-to-month contract,Resolve billing issue + Renewal / contract intervention
C04876,Pro,Month-to-month,Credit Card,India,Healthcare,0.429,8,1,3.41,0,0,0.23905517649883037,Low,79,18.8853589434076,Month-to-month contract,Renewal / contract intervention
C04877,Basic,Month-to-month,ACH/Bank Transfer,UK,Education,0.652,4,1,4.28,1,11,0.5043517121311739,Medium,29,14.626199651804043,Billing friction + Month-to-month contract,Resolve billing issue + Renewal / contract intervention
C04881,Pro,1-Year,Credit Card,USA,Healthcare,0.788,5,4,3.55,0,2,0.25932915198138695,Low,79,20.48700300652957,High support activity,Priority support review
C04882,Basic,Month-to-month,PayPal,UK,Finance,0.377,5,3,3.96,1,0,0.685078673959724,High,29,19.867281544831997,Low engagement + Billing friction + High support activity + Month-to-month contract,Resolve billing issue + Increase product engagement + Priority support review + Renewal / contract intervention
C04883,Enterprise,Month-to-month,Credit Card,India,Manufacturing,0.315,5,1,5.0,0,10,0.2264448838055945,Low,199,45.062531877313305,Low engagement + Month-to-month contract,Increase product engagement + Renewal / contract intervention
C04884,Basic,1-Year,ACH/Bank Transfer,UK,Education,0.486,3,2,5.0,0,3,0.21569264940872482,Low,29,6.25508683285302,No major warning signal,Standard customer success monitoring
C04885,Basic,1-Year,ACH/Bank Transfer,Germany,Healthcare,0.576,6,2,4.73,0,11,0.11204049024429086,Low,29,3.249174217084435,No major warning signal,Standard customer success monitoring
C04886,Pro,2-Year,PayPal,Canada,Nonprofit,0.678,10,3,5.0,1,3,0.11174837372446428,Low,79,8.828121524232678,Billing friction + High support activity,Resolve billing issue + Priority support review
C04887,Basic,Month-to-month,PayPal,USA,Healthcare,0.397,3,3,5.0,0,12,0.39551268891431224,Medium,29,11.469867978515055,Low engagement + High support activity + Month-to-month contract,Increase product engagement + Priority support review + Renewal / contract intervention
C04888,Pro,2-Year,Credit Card,India,Marketing/Agency,0.924,4,1,4.36,2,2,0.37104866241360984,Medium,79,29.312844330675176,Billing friction,Resolve billing issue
C04889,Enterprise,Month-to-month,Credit Card,Australia,Healthcare,0.44,2,2,5.0,2,4,0.8075016261438084,High,199,160.69282360261786,Billing friction + Month-to-month contract + Low feature adoption,Resolve billing issue + Product training / onboarding + Renewal / contract intervention
C04890,Basic,2-Year,ACH/Bank Transfer,USA,Education,0.912,3,3,3.67,0,30,0.3088248879186275,Medium,29,8.955921749640197,High support activity,Priority support review
C04891,Basic,1-Year,Credit Card,USA,Nonprofit,0.394,3,0,3.75,0,0,0.23448526447720963,Low,29,6.800072669839079,Low engagement,Increase product engagement
C04892,Basic,Month-to-month,ACH/Bank Transfer,UK,SaaS/Tech,0.343,6,2,4.79,0,8,0.2906808295285969,Low,29,8.42974405632931,Low engagement + Month-to-month contract,Increase product engagement + Renewal / contract intervention
C04893,Pro,Month-to-month,Credit Card,India,Manufacturing,0.332,2,0,3.85,0,0,0.4124679717095594,Medium,79,32.58496976505519,Low engagement + Month-to-month contract + Low feature adoption,Increase product engagement + Product training / onboarding + Renewal / contract intervention
C04894,Basic,Month-to-month,PayPal,Germany,SaaS/Tech,0.764,6,1,4.01,0,17,0.15631641148259898,Low,29,4.533175932995371,Month-to-month contract,Renewal / contract intervention
C04895,Pro,1-Year,ACH/Bank Transfer,UK,SaaS/Tech,0.588,2,1,4.67,1,2,0.40368215955778297,Medium,79,31.890890605064854,Billing friction + Low feature adoption,Resolve billing issue + Product training / onboarding
C04896,Pro,Month-to-month,Credit Card,Canada,Manufacturing,0.58,4,0,3.13,0,7,0.35702163641327406,Medium,79,28.20470927664865,Month-to-month contract,Renewal / contract intervention
C04898,Basic,1-Year,Credit Card,Canada,SaaS/Tech,0.81,3,3,3.98,0,42,0.3996918945178763,Medium,29,11.591064941018413,High support activity + Inactivity,Launch re-engagement campaign + Priority support review
C04899,Basic,Month-to-month,PayPal,USA,Nonprofit,0.226,4,2,4.61,1,8,0.643364726761436,High,29,18.657577076081644,Low engagement + Billing friction + Month-to-month contract,Resolve billing issue + Increase product engagement + Renewal / contract intervention
C04900,Basic,Month-to-month,PayPal,Canada,Education,0.521,4,2,4.46,0,5,0.32021779836805664,Medium,29,9.286316152673642,Month-to-month contract,Renewal / contract intervention
C04901,Basic,1-Year,PayPal,India,E-commerce,0.638,2,5,3.93,1,9,0.7117783456071816,High,29,20.641572022608266,Billing friction + High support activity + Low feature adoption,Resolve billing issue + Product training / onboarding + Priority support review
C04902,Basic,2-Year,Credit Card,India,Manufacturing,0.744,4,2,3.66,1,1,0.3324191636931763,Medium,29,9.640155747102114,Billing friction,Resolve billing issue
C04903,Pro,1-Year,Credit Card,UK,Marketing/Agency,0.101,4,3,4.35,0,0,0.47708807230240086,Medium,79,37.68995771188967,Low engagement + High support activity,Increase product engagement + Priority support review
C04904,Enterprise,Month-to-month,Credit Card,Canada,Finance,0.606,3,3,5.0,0,13,0.3730480157054526,Medium,199,74.23655512538507,High support activity + Month-to-month contract,Priority support review + Renewal / contract intervention
C04905,Basic,Month-to-month,Credit Card,USA,Healthcare,0.73,3,3,4.83,1,1,0.47230290228419913,Medium,29,13.696784166241775,Billing friction + High support activity + Month-to-month contract,Resolve billing issue + Priority support review + Renewal / contract intervention
C04907,Pro,2-Year,Manual Invoice,Canada,Manufacturing,0.773,4,0,4.54,0,6,0.049760177793179594,Low,79,3.9310540456611878,No major warning signal,Standard customer success monitoring
C04909,Pro,Month-to-month,Credit Card,Canada,E-commerce,0.479,3,1,5.0,0,4,0.28228907186163593,Low,79,22.30083667706924,Month-to-month contract,Renewal / contract intervention
C04910,Enterprise,Month-to-month,Credit Card,USA,Manufacturing,0.502,4,0,4.82,0,3,0.15059522765251376,Low,199,29.96845030285024,Month-to-month contract,Renewal / contract intervention
C04911,Basic,2-Year,Manual Invoice,USA,SaaS/Tech,0.57,1,2,3.91,2,12,0.7239805909932584,High,29,20.995437138804494,Billing friction + Low feature adoption,Resolve billing issue + Product training / onboarding
C04912,Enterprise,Month-to-month,Credit Card,UK,Marketing/Agency,0.633,4,0,4.2,0,11,0.2532937321388429,Low,199,50.405452695629734,Month-to-month contract,Renewal / contract intervention
C04913,Basic,Month-to-month,Credit Card,USA,Nonprofit,0.073,4,0,2.58,0,14,0.6803523925331671,High,29,19.730219383461847,Low engagement + Low satisfaction + Month-to-month contract,Customer success outreach + Increase product engagement + Renewal / contract intervention
C04914,Pro,2-Year,Credit Card,India,Nonprofit,0.835,3,0,2.42,2,21,0.7425650625106973,High,79,58.66263993834509,Low satisfaction + Billing friction,Resolve billing issue + Customer success outreach
C04915,Enterprise,Month-to-month,Credit Card,USA,Manufacturing,0.592,2,2,3.05,0,9,0.5620133593660568,Medium,199,111.8406585138453,Month-to-month contract + Low feature adoption,Product training / onboarding + Renewal / contract intervention
C04916,Pro,2-Year,ACH/Bank Transfer,India,Education,0.601,3,1,2.8,1,7,0.591166770469836,Medium,79,46.702174867117044,Low satisfaction + Billing friction,Resolve billing issue + Customer success outreach
C04917,Pro,1-Year,Credit Card,USA,Finance,0.348,5,2,3.79,1,1,0.5138384210332,Medium,79,40.5932352616228,Low engagement + Billing friction,Resolve billing issue + Increase product engagement
C04918,Basic,Month-to-month,Manual Invoice,Australia,Healthcare,0.538,6,4,3.95,1,14,0.6223830803859487,High,29,18.04910933119251,Billing friction + High support activity + Month-to-month contract,Resolve billing issue + Priority support review + Renewal / contract intervention
C04920,Basic,Month-to-month,Credit Card,USA,E-commerce,0.338,3,1,4.3,0,31,0.4857209776288201,Medium,29,14.085908351235783,Low engagement + Inactivity + Month-to-month contract,Increase product engagement + Launch re-engagement campaign + Renewal / contract intervention
C04921,Pro,Month-to-month,Credit Card,Germany,Healthcare,0.657,5,0,3.72,1,19,0.43050102467521195,Medium,79,34.009580949341746,Billing friction + Month-to-month contract,Resolve billing issue + Renewal / contract intervention
C04922,Basic,1-Year,ACH/Bank Transfer,UK,Finance,0.57,4,0,3.18,0,1,0.23789733748113118,Low,29,6.899022786952804,No major warning signal,Standard customer success monitoring
C04923,Pro,2-Year,Credit Card,Canada,Finance,0.258,5,3,3.67,1,0,0.6288792455921,High,79,49.681460401775894,Low engagement + Billing friction + High support activity,Resolve billing issue + Increase product engagement + Priority support review
C04924,Pro,2-Year,Credit Card,India,SaaS/Tech,0.677,5,0,4.7,0,1,0.058583441552801846,Low,79,4.628091882671346,No major warning signal,Standard customer success monitoring
C04925,Basic,Month-to-month,ACH/Bank Transfer,UK,Healthcare,0.913,4,2,4.94,0,1,0.1484831954028591,Low,29,4.306012666682913,Month-to-month contract,Renewal / contract intervention
C04926,Pro,Month-to-month,Credit Card,India,Manufacturing,0.542,3,1,4.16,0,1,0.3030829996475488,Medium,79,23.943556972156355,Month-to-month contract,Renewal / contract intervention
C04927,Basic,Month-to-month,Credit Card,USA,Nonprofit,0.459,6,1,4.04,1,3,0.44712779592820723,Medium,29,12.96670608191801,Billing friction + Month-to-month contract,Resolve billing issue + Renewal / contract intervention
C04928,Enterprise,1-Year,Credit Card,UK,E-commerce,0.625,3,3,4.38,0,8,0.29881271099539397,Low,199,59.4637294880834,High support activity,Priority support review
C04930,Pro,1-Year,Credit Card,India,Education,0.385,5,2,3.81,2,2,0.730627733695197,High,79,57.71959096192056,Low engagement + Billing friction,Resolve billing issue + Increase product engagement
C04931,Enterprise,1-Year,ACH/Bank Transfer,UK,Healthcare,0.473,3,3,5.0,0,14,0.2989933941910628,Low,199,59.499685444021495,High support activity,Priority support review
C04932,Basic,Month-to-month,Manual Invoice,USA,Education,0.27,5,2,5.0,1,34,0.5711691166906228,Medium,29,16.56390438402806,Low engagement + Billing friction + Inactivity + Month-to-month contract,Resolve billing issue + Increase product engagement + Launch re-engagement campaign + Renewal / contract intervention
C04933,Pro,1-Year,Manual Invoice,UK,Marketing/Agency,0.397,3,3,5.0,0,13,0.2903925503986167,Low,79,22.941011481490722,Low engagement + High support activity,Increase product engagement + Priority support review
C04936,Enterprise,Month-to-month,ACH/Bank Transfer,USA,Education,0.633,5,4,4.23,0,8,0.400859721236745,Medium,199,79.77108452611226,High support activity + Month-to-month contract,Priority support review + Renewal / contract intervention
C04937,Pro,1-Year,Credit Card,Australia,SaaS/Tech,0.668,4,1,3.92,1,1,0.3451086875033433,Medium,79,27.26358631276412,Billing friction,Resolve billing issue
C04939,Pro,Month-to-month,ACH/Bank Transfer,USA,Education,0.427,2,1,5.0,0,4,0.3216330311238434,Medium,79,25.40900945878363,Month-to-month contract + Low feature adoption,Product training / onboarding + Renewal / contract intervention
C04940,Basic,2-Year,Credit Card,Canada,Healthcare,0.456,5,0,3.94,0,15,0.1605311476124955,Low,29,4.6554032807623695,No major warning signal,Standard customer success monitoring
C04942,Enterprise,2-Year,Credit Card,India,SaaS/Tech,0.431,6,0,4.21,2,4,0.4208234096081021,Medium,199,83.74385851201232,Billing friction,Resolve billing issue
C04943,Basic,2-Year,Credit Card,USA,Manufacturing,0.743,6,0,3.46,2,3,0.35091075629850793,Medium,29,10.17641193265673,Billing friction,Resolve billing issue
C04944,Enterprise,1-Year,ACH/Bank Transfer,Australia,E-commerce,0.376,6,2,3.95,0,9,0.28444404299519477,Low,199,56.604364556043755,Low engagement,Increase product engagement
C04945,Basic,1-Year,Credit Card,Canada,Nonprofit,0.492,5,0,4.58,2,6,0.4680437653315594,Medium,29,13.573269194615222,Billing friction,Resolve billing issue
C04947,Basic,2-Year,ACH/Bank Transfer,UK,SaaS/Tech,1.0,7,1,2.26,0,1,0.12431748750929726,Low,29,3.6052071377696207,Low satisfaction,Customer success outreach
C04948,Basic,Month-to-month,Manual Invoice,Canada,SaaS/Tech,0.867,4,1,5.0,0,11,0.10069881106742326,Low,29,2.9202655209552746,Month-to-month contract,Renewal / contract intervention
C04950,Basic,Month-to-month,PayPal,USA,Marketing/Agency,0.832,5,0,3.68,1,22,0.39900072836359557,Medium,29,11.571021122544272,Billing friction + Month-to-month contract,Resolve billing issue + Renewal / contract intervention
C04951,Basic,1-Year,Credit Card,USA,Healthcare,0.55,5,2,4.03,2,2,0.5947877926391604,Medium,29,17.248845986535652,Billing friction,Resolve billing issue
C04952,Pro,Month-to-month,Credit Card,India,Manufacturing,0.532,3,1,4.42,0,7,0.29704095639737915,Low,79,23.466235555392952,Month-to-month contract,Renewal / contract intervention
C04954,Pro,Month-to-month,Credit Card,Germany,SaaS/Tech,0.392,2,1,3.62,0,2,0.4800531270006076,Medium,79,37.924197033048,Low engagement + Month-to-month contract + Low feature adoption,Increase product engagement + Product training / onboarding + Renewal / contract intervention
C04956,Pro,1-Year,ACH/Bank Transfer,USA,Education,0.599,5,1,5.0,0,6,0.09725423511741516,Low,79,7.683084574275798,No major warning signal,Standard customer success monitoring
C04957,Pro,1-Year,ACH/Bank Transfer,Australia,Nonprofit,0.447,0,2,3.19,1,16,0.8556919446027534,High,79,67.59966362361752,Billing friction + Low feature adoption,Resolve billing issue + Product training / onboarding
C04960,Basic,Month-to-month,Credit Card,UK,Marketing/Agency,0.875,3,0,5.0,0,38,0.21529535502680358,Low,29,6.243565295777304,Inactivity + Month-to-month contract,Launch re-engagement campaign + Renewal / contract intervention
C04961,Basic,1-Year,Credit Card,USA,Marketing/Agency,0.333,4,2,3.49,0,39,0.5625540620229693,Medium,29,16.31406779866611,Low engagement + Inactivity,Increase product engagement + Launch re-engagement campaign
C04962,Pro,2-Year,Credit Card,Germany,Manufacturing,0.301,6,4,5.0,0,2,0.1720497365874853,Low,79,13.591929190411339,Low engagement + High support activity,Increase product engagement + Priority support review
C04963,Enterprise,1-Year,PayPal,Germany,Finance,1.0,7,0,3.8,1,11,0.09763647782952528,Low,199,19.42965908807553,Billing friction,Resolve billing issue
C04964,Pro,Month-to-month,Manual Invoice,India,E-commerce,0.473,3,1,4.15,0,22,0.38075618565029085,Medium,79,30.079738666372975,Month-to-month contract,Renewal / contract intervention
C04965,Pro,Month-to-month,Credit Card,India,SaaS/Tech,0.533,6,1,3.58,0,0,0.26220937656282634,Low,79,20.714540748463282,Month-to-month contract,Renewal / contract intervention
C04966,Enterprise,1-Year,Manual Invoice,India,E-commerce,1.0,5,0,2.79,0,5,0.09106830016444749,Low,199,18.12259173272505,Low satisfaction,Customer success outreach
C04967,Enterprise,Month-to-month,Credit Card,USA,Marketing/Agency,0.798,4,3,2.61,0,13,0.5790811137109847,Medium,199,115.23714162848596,Low satisfaction + High support activity + Month-to-month contract,Customer success outreach + Priority support review + Renewal / contract intervention
C04968,Pro,1-Year,Credit Card,USA,SaaS/Tech,0.505,4,3,3.71,0,5,0.3486769781236635,Medium,79,27.545481271769415,High support activity,Priority support review
C04969,Basic,Month-to-month,Credit Card,Canada,E-commerce,0.509,7,3,4.37,1,8,0.5224852465217824,Medium,29,15.15207214913169,Billing friction + High support activity + Month-to-month contract,Resolve billing issue + Priority support review + Renewal / contract intervention
C04970,Basic,1-Year,Manual Invoice,India,Education,0.38,7,3,3.04,0,5,0.2868131642052843,Low,29,8.317581761953244,Low engagement + High support activity,Increase product engagement + Priority support review
C04972,Enterprise,2-Year,Credit Card,Canada,Healthcare,0.301,4,1,5.0,1,4,0.32015381844372903,Medium,199,63.71060987030208,Low engagement + Billing friction,Resolve billing issue + Increase product engagement
C04973,Pro,1-Year,PayPal,USA,SaaS/Tech,0.708,6,0,4.08,0,1,0.06715434581005697,Low,79,5.305193318994501,No major warning signal,Standard customer success monitoring
C04974,Basic,Month-to-month,Credit Card,Germany,SaaS/Tech,0.659,4,0,2.35,0,6,0.3780944607617421,Medium,29,10.964739362090521,Low satisfaction + Month-to-month contract,Customer success outreach + Renewal / contract intervention
C04975,Pro,Month-to-month,Credit Card,USA,E-commerce,0.781,12,1,4.23,2,27,0.3385930000063015,Medium,79,26.74884700049782,Billing friction + Month-to-month contract,Resolve billing issue + Renewal / contract intervention
C04976,Enterprise,Month-to-month,ACH/Bank Transfer,USA,SaaS/Tech,0.446,5,2,5.0,2,7,0.6854336710810705,High,199,136.401300545133,Billing friction + Month-to-month contract,Resolve billing issue + Renewal / contract intervention
C04977,Enterprise,Month-to-month,PayPal,Canada,Finance,0.658,4,2,4.58,0,24,0.32561281962435723,Medium,199,64.79695110524709,Month-to-month contract,Renewal / contract intervention
C04978,Basic,Month-to-month,Credit Card,USA,Finance,0.692,2,1,3.23,0,26,0.5248257006351277,Medium,29,15.219945318418702,Month-to-month contract + Low feature adoption,Product training / onboarding + Renewal / contract intervention
C04981,Basic,1-Year,Credit Card,India,E-commerce,0.425,7,0,4.22,0,5,0.09990557392791258,Low,29,2.8972616439094647,No major warning signal,Standard customer success monitoring
C04982,Pro,Month-to-month,ACH/Bank Transfer,Canada,Healthcare,0.785,1,0,3.36,0,6,0.39722231148672843,Medium,79,31.380562607451544,Month-to-month contract + Low feature adoption,Product training / onboarding + Renewal / contract intervention
C04983,Pro,Month-to-month,PayPal,USA,Manufacturing,0.945,2,0,5.0,0,8,0.1046843409318696,Low,79,8.270062933617698,Month-to-month contract + Low feature adoption,Product training / onboarding + Renewal / contract intervention
C04984,Pro,Month-to-month,PayPal,USA,Healthcare,0.02,4,0,3.52,2,18,0.8987166602715079,High,79,70.99861616144912,Low engagement + Billing friction + Month-to-month contract,Resolve billing issue + Increase product engagement + Renewal / contract intervention
C04989,Basic,1-Year,PayPal,USA,Marketing/Agency,0.211,3,2,5.0,0,5,0.2858440971048408,Low,29,8.289478816040385,Low engagement,Increase product engagement
C04990,Pro,Month-to-month,Credit Card,USA,Finance,0.867,3,3,3.96,1,18,0.645989283618999,High,79,51.03315340590092,Billing friction + High support activity + Month-to-month contract,Resolve billing issue + Priority support review + Renewal / contract intervention
C04991,Basic,Month-to-month,PayPal,Canada,Manufacturing,0.796,10,6,4.0,2,6,0.6703074007539458,High,29,19.438914621864427,Billing friction + High support activity + Month-to-month contract,Resolve billing issue + Priority support review + Renewal / contract intervention
C04993,Basic,Month-to-month,Credit Card,USA,Finance,0.454,2,1,3.56,0,10,0.5170203105512,Medium,29,14.9935890059848,Month-to-month contract + Low feature adoption,Product training / onboarding + Renewal / contract intervention
C04995,Basic,Month-to-month,ACH/Bank Transfer,India,Education,0.519,4,3,3.74,1,2,0.7152826963593113,High,29,20.743198194420028,Billing friction + High support activity + Month-to-month contract,Resolve billing issue + Priority support review + Renewal / contract intervention
C04996,Pro,Month-to-month,ACH/Bank Transfer,UK,SaaS/Tech,0.694,1,2,5.0,1,15,0.6306641821160082,High,79,49.82247038716464,Billing friction + Month-to-month contract + Low feature adoption,Resolve billing issue + Product training / onboarding + Renewal / contract intervention
C04997,Enterprise,1-Year,Credit Card,USA,E-commerce,0.541,4,2,3.48,0,4,0.2974734971322169,Low,199,59.19722592931116,No major warning signal,Standard customer success monitoring
C04999,Pro,1-Year,Credit Card,Germany,E-commerce,0.39,0,2,4.79,0,29,0.4728429394245856,Medium,79,37.354592214542265,Low engagement + Low feature adoption,Increase product engagement + Product training / onboarding
C05000,Basic,Month-to-month,Credit Card,UK,Healthcare,0.441,3,0,4.85,1,1,0.41871469379081455,Medium,29,12.142726119933622,Billing friction + Month-to-month contract,Resolve billing issue + Renewal / contract intervention
C05001,Pro,1-Year,Credit Card,USA,Nonprofit,0.568,7,1,3.76,0,5,0.13104650686643537,Low,79,10.352674042448395,No major warning signal,Standard customer success monitoring
C05002,Basic,1-Year,Credit Card,USA,E-commerce,0.328,4,1,4.26,1,3,0.4313207939250703,Medium,29,12.508303023827038,Low engagement + Billing friction,Resolve billing issue + Increase product engagement
C05003,Pro,2-Year,Credit Card,Germany,Education,0.102,2,4,5.0,1,8,0.695292697417339,High,79,54.92812309596978,Low engagement + Billing friction + High support activity + Low feature adoption,Resolve billing issue + Increase product engagement + Product training / onboarding + Priority support review
C05004,Basic,1-Year,Credit Card,India,Healthcare,0.743,5,3,4.4,1,7,0.3242829236271315,Medium,29,9.404204785186813,Billing friction + High support activity,Resolve billing issue + Priority support review
C05005,Pro,1-Year,Credit Card,India,Manufacturing,0.831,5,0,3.49,0,6,0.09631805110484087,Low,79,7.609126037282429,No major warning signal,Standard customer success monitoring
C05006,Basic,Month-to-month,Credit Card,USA,Nonprofit,0.756,4,3,2.96,0,12,0.518872417338162,Medium,29,15.047300102806698,Low satisfaction + High support activity + Month-to-month contract,Customer success outreach + Priority support review + Renewal / contract intervention
C05007,Pro,1-Year,ACH/Bank Transfer,India,Finance,0.655,4,2,5.0,1,8,0.3126466235299535,Medium,79,24.699083258866324,Billing friction,Resolve billing issue
C05008,Enterprise,Month-to-month,Credit Card,Germany,Marketing/Agency,0.591,2,0,4.19,1,6,0.514869635152336,Medium,199,102.45905739531486,Billing friction + Month-to-month contract + Low feature adoption,Resolve billing issue + Product training / onboarding + Renewal / contract intervention
C05009,Pro,2-Year,PayPal,Canada,SaaS/Tech,0.807,3,1,3.1,0,18,0.26233729228447583,Low,79,20.72464609047359,No major warning signal,Standard customer success monitoring
C05011,Enterprise,Month-to-month,Credit Card,USA,Education,0.734,5,4,2.8,0,1,0.5150199850801183,Medium,199,102.48897703094353,Low satisfaction + High support activity + Month-to-month contract,Customer success outreach + Priority support review + Renewal / contract intervention
C05012,Pro,2-Year,ACH/Bank Transfer,UK,Healthcare,0.826,4,1,3.8,1,3,0.29159817131265475,Low,79,23.036255533699727,Billing friction,Resolve billing issue
C05013,Basic,2-Year,PayPal,USA,Marketing/Agency,0.767,3,1,5.0,0,39,0.145591310212728,Low,29,4.222147996169112,Inactivity,Launch re-engagement campaign
C05014,Enterprise,1-Year,ACH/Bank Transfer,USA,Healthcare,0.585,2,1,4.56,2,16,0.6487861799452134,High,199,129.10844980909746,Billing friction + Low feature adoption,Resolve billing issue + Product training / onboarding
C05015,Enterprise,Month-to-month,Credit Card,USA,Finance,0.419,6,2,4.56,0,2,0.23749508394693647,Low,199,47.26152170544036,Month-to-month contract,Renewal / contract intervention
C05016,Basic,Month-to-month,Manual Invoice,India,Nonprofit,0.83,4,2,3.43,0,53,0.46364055874159427,Medium,29,13.445576203506233,Inactivity + Month-to-month contract,Launch re-engagement campaign + Renewal / contract intervention
C05017,Pro,1-Year,PayPal,USA,Healthcare,0.384,7,0,5.0,0,3,0.05914889343899331,Low,79,4.672762581680471,Low engagement,Increase product engagement
C05018,Pro,Month-to-month,Credit Card,USA,Manufacturing,0.729,2,0,3.77,1,1,0.46808156603353923,Medium,79,36.9784437166496,Billing friction + Month-to-month contract + Low feature adoption,Resolve billing issue + Product training / onboarding + Renewal / contract intervention
C05019,Basic,1-Year,Credit Card,UK,SaaS/Tech,0.552,3,2,4.43,0,1,0.22809532613052516,Low,29,6.614764457785229,No major warning signal,Standard customer success monitoring
C05020,Basic,Month-to-month,Credit Card,Australia,Education,0.605,6,2,3.73,0,19,0.3700993662411869,Medium,29,10.73288162099442,Month-to-month contract,Renewal / contract intervention
C05021,Basic,Month-to-month,ACH/Bank Transfer,Australia,SaaS/Tech,0.761,5,2,3.72,0,10,0.31454035602846225,Medium,29,9.121670324825406,Month-to-month contract,Renewal / contract intervention
C05022,Enterprise,1-Year,Credit Card,Germany,E-commerce,0.738,4,1,4.44,1,3,0.22631914307557466,Low,199,45.03750947203936,Billing friction,Resolve billing issue
C05024,Enterprise,Month-to-month,ACH/Bank Transfer,Canada,Education,0.94,0,3,3.94,0,15,0.5535411415643224,Medium,199,110.15468717130017,High support activity + Month-to-month contract + Low feature adoption,Product training / onboarding + Priority support review + Renewal / contract intervention
C05025,Enterprise,1-Year,Credit Card,UK,Education,0.644,2,1,3.53,0,0,0.290937504994135,Low,199,57.896563493832865,Low feature adoption,Product training / onboarding
C05026,Enterprise,Month-to-month,Credit Card,USA,E-commerce,0.789,7,1,3.84,0,12,0.15655639443395877,Low,199,31.154722492357795,Month-to-month contract,Renewal / contract intervention
C05027,Basic,2-Year,Credit Card,Germany,E-commerce,0.626,3,1,4.13,0,0,0.13985267839873872,Low,29,4.055727673563423,No major warning signal,Standard customer success monitoring
C05028,Basic,2-Year,Credit Card,USA,SaaS/Tech,0.177,5,0,3.54,0,10,0.23922462510736398,Low,29,6.9375141281135555,Low engagement,Increase product engagement
C05029,Pro,1-Year,Credit Card,Canada,E-commerce,0.67,5,1,4.01,0,12,0.17138512979567033,Low,79,13.539425253857956,No major warning signal,Standard customer success monitoring
C05031,Pro,Month-to-month,ACH/Bank Transfer,Canada,Finance,0.573,6,0,4.89,1,5,0.2848117095861664,Low,79,22.500125057307148,Billing friction + Month-to-month contract,Resolve billing issue + Renewal / contract intervention
C05033,Pro,Month-to-month,Credit Card,Canada,SaaS/Tech,0.689,6,2,4.38,0,1,0.19386660122296379,Low,79,15.31546149661414,Month-to-month contract,Renewal / contract intervention
C05034,Pro,1-Year,Manual Invoice,Germany,Nonprofit,0.769,5,1,3.57,0,11,0.11278121462319862,Low,79,8.909715955232691,No major warning signal,Standard customer success monitoring
C05036,Pro,1-Year,Credit Card,USA,Education,0.223,4,2,3.92,0,2,0.3661835049465452,Medium,79,28.928496890777073,Low engagement,Increase product engagement
C05038,Pro,2-Year,PayPal,India,Manufacturing,0.464,6,2,3.25,1,0,0.4089196722887301,Medium,79,32.30465411080968,Billing friction,Resolve billing issue
C05040,Enterprise,Month-to-month,Credit Card,Canada,Education,0.688,7,0,2.9,0,14,0.2547680329757299,Low,199,50.69883856217025,Low satisfaction + Month-to-month contract,Customer success outreach + Renewal / contract intervention
C05041,Basic,1-Year,Credit Card,Australia,Nonprofit,0.408,7,0,3.41,0,19,0.21087112410918385,Low,29,6.115262599166332,No major warning signal,Standard customer success monitoring
C05042,Basic,1-Year,Credit Card,UK,Education,0.709,6,0,5.0,0,32,0.08026366759964725,Low,29,2.32764636038977,Inactivity,Launch re-engagement campaign
C05043,Basic,2-Year,Credit Card,Germany,Finance,0.539,6,2,4.01,0,5,0.13542614659521449,Low,29,3.92735825126122,No major warning signal,Standard customer success monitoring
C05044,Basic,Month-to-month,Credit Card,USA,SaaS/Tech,0.669,8,1,3.12,2,0,0.5864474243425781,Medium,29,17.006975305934766,Billing friction + Month-to-month contract,Resolve billing issue + Renewal / contract intervention
C05046,Pro,1-Year,Credit Card,India,E-commerce,0.671,3,0,4.03,0,38,0.2601085879027394,Low,79,20.548578444316412,Inactivity,Launch re-engagement campaign
C05047,Basic,Month-to-month,ACH/Bank Transfer,USA,Healthcare,0.881,4,0,4.21,1,12,0.3107466324467324,Medium,29,9.011652340955239,Billing friction + Month-to-month contract,Resolve billing issue + Renewal / contract intervention
C05048,Pro,1-Year,Credit Card,Germany,Marketing/Agency,0.466,3,0,3.48,0,5,0.2627998740873565,Low,79,20.761190052901163,No major warning signal,Standard customer success monitoring
C05050,Pro,Month-to-month,Credit Card,India,Finance,0.541,4,3,3.56,0,2,0.493394246668877,Medium,79,38.978145486841285,High support activity + Month-to-month contract,Priority support review + Renewal / contract intervention
C05051,Basic,1-Year,ACH/Bank Transfer,Canada,Finance,0.666,2,1,5.0,2,12,0.5907811204379992,Medium,29,17.13265249270198,Billing friction + Low feature adoption,Resolve billing issue + Product training / onboarding
C05053,Basic,1-Year,Credit Card,USA,Education,0.576,1,1,4.21,1,20,0.5487072104632582,Medium,29,15.912509103434488,Billing friction + Low feature adoption,Resolve billing issue + Product training / onboarding
C05054,Basic,1-Year,PayPal,USA,SaaS/Tech,0.223,2,2,4.48,0,6,0.36570770747953457,Medium,29,10.605523516906503,Low engagement + Low feature adoption,Increase product engagement + Product training / onboarding
C05055,Basic,1-Year,Credit Card,USA,Education,0.2,4,1,2.16,0,13,0.6039601148713085,High,29,17.514843331267947,Low engagement + Low satisfaction,Customer success outreach + Increase product engagement
C05056,Enterprise,2-Year,Credit Card,India,SaaS/Tech,0.402,9,3,3.7,2,11,0.5964613711549543,Medium,199,118.69581285983591,Billing friction + High support activity,Resolve billing issue + Priority support review
C05058,Pro,2-Year,Credit Card,Germany,Healthcare,0.83,3,2,4.53,0,3,0.10648677733304916,Low,79,8.412455409310883,No major warning signal,Standard customer success monitoring
C05059,Basic,1-Year,PayPal,USA,Marketing/Agency,0.487,4,1,3.79,0,10,0.2505065708785536,Low,29,7.2646905554780545,No major warning signal,Standard customer success monitoring
C05060,Basic,Month-to-month,PayPal,USA,Nonprofit,1.0,3,2,3.1,0,28,0.4248314274302315,Medium,29,12.320111395476713,Month-to-month contract,Renewal / contract intervention
C05061,Basic,1-Year,ACH/Bank Transfer,Canada,Marketing/Agency,0.435,5,1,2.9,1,2,0.5974609449369409,Medium,29,17.326367403171286,Low satisfaction + Billing friction,Resolve billing issue + Customer success outreach
C05062,Enterprise,1-Year,Credit Card,UK,Manufacturing,0.653,6,3,1.74,0,1,0.4477830678796611,Medium,199,89.10883050805256,Low satisfaction + High support activity,Customer success outreach + Priority support review
C05063,Pro,Month-to-month,ACH/Bank Transfer,USA,Finance,0.561,3,2,4.27,0,3,0.383801108732329,Medium,79,30.32028758985399,Month-to-month contract,Renewal / contract intervention
C05064,Pro,1-Year,ACH/Bank Transfer,India,Education,0.298,7,0,3.44,2,13,0.6611994859997923,High,79,52.23475939398359,Low engagement + Billing friction,Resolve billing issue + Increase product engagement
C05065,Enterprise,Month-to-month,Credit Card,India,Education,0.693,1,1,4.28,1,1,0.5592234455895461,Medium,199,111.28546567231966,Billing friction + Month-to-month contract + Low feature adoption,Resolve billing issue + Product training / onboarding + Renewal / contract intervention
C05066,Basic,Month-to-month,PayPal,UK,Manufacturing,0.879,6,0,4.86,1,7,0.14166477567767646,Low,29,4.108278494652618,Billing friction + Month-to-month contract,Resolve billing issue + Renewal / contract intervention
C05068,Basic,Month-to-month,Credit Card,India,Marketing/Agency,0.511,4,1,2.81,0,1,0.4969273181271401,Medium,29,14.410892225687062,Low satisfaction + Month-to-month contract,Customer success outreach + Renewal / contract intervention
C05069,Basic,2-Year,Credit Card,USA,Marketing/Agency,0.455,5,2,3.88,2,29,0.7606304630819862,High,29,22.0582834293776,Billing friction,Resolve billing issue
C05070,Pro,Month-to-month,Credit Card,UK,Manufacturing,0.342,5,4,5.0,0,3,0.3998114600225014,Medium,79,31.58510534177761,Low engagement + High support activity + Month-to-month contract,Increase product engagement + Priority support review + Renewal / contract intervention
C05073,Pro,2-Year,Credit Card,Canada,Marketing/Agency,0.59,8,2,2.35,0,30,0.3771598752056013,Medium,79,29.7956301412425,Low satisfaction,Customer success outreach
C05076,Basic,Month-to-month,ACH/Bank Transfer,India,Nonprofit,0.507,5,1,3.14,0,7,0.42106691531794865,Medium,29,12.210940544220511,Month-to-month contract,Renewal / contract intervention
C05078,Pro,1-Year,Credit Card,Australia,E-commerce,0.76,4,1,4.72,0,4,0.11180578742503507,Low,79,8.832657206577771,No major warning signal,Standard customer success monitoring
C05079,Enterprise,2-Year,Credit Card,UK,Manufacturing,0.163,3,1,2.63,0,9,0.549363909993761,Medium,199,109.32341808875843,Low engagement + Low satisfaction,Customer success outreach + Increase product engagement
C05080,Enterprise,Month-to-month,Credit Card,USA,Healthcare,0.565,6,2,3.76,0,33,0.39145218905510254,Medium,199,77.89898562196541,Inactivity + Month-to-month contract,Launch re-engagement campaign + Renewal / contract intervention
C05081,Pro,1-Year,ACH/Bank Transfer,India,Marketing/Agency,0.484,2,3,3.74,0,4,0.5134738465165481,Medium,79,40.56443387480731,High support activity + Low feature adoption,Product training / onboarding + Priority support review
C05082,Pro,2-Year,Credit Card,USA,Marketing/Agency,0.389,8,2,2.57,0,3,0.2894604454228707,Low,79,22.867375188406786,Low engagement + Low satisfaction,Customer success outreach + Increase product engagement
C05084,Basic,2-Year,Credit Card,USA,SaaS/Tech,0.408,6,2,3.44,0,6,0.23143685986308593,Low,29,6.711668936029492,No major warning signal,Standard customer success monitoring
C05085,Basic,Month-to-month,ACH/Bank Transfer,UK,Finance,0.267,1,4,2.96,0,34,0.9222183530143531,High,29,26.744332237416238,Low engagement + Low satisfaction + High support activity + Inactivity + Month-to-month contract + Low feature adoption,Customer success outreach + Increase product engagement + Launch re-engagement campaign + Product training / onboarding + Priority support review + Renewal / contract intervention
C05086,Pro,1-Year,ACH/Bank Transfer,USA,E-commerce,0.539,3,1,4.64,0,14,0.2099913362220347,Low,79,16.58931556154074,No major warning signal,Standard customer success monitoring
C05087,Basic,Month-to-month,PayPal,Canada,Manufacturing,0.305,2,2,5.0,0,0,0.3761691996203122,Medium,29,10.908906788989054,Low engagement + Month-to-month contract + Low feature adoption,Increase product engagement + Product training / onboarding + Renewal / contract intervention
C05088,Basic,1-Year,ACH/Bank Transfer,Australia,Nonprofit,0.389,3,1,3.05,0,4,0.454742184664637,Medium,29,13.187523355274474,Low engagement,Increase product engagement
C05089,Enterprise,Month-to-month,Credit Card,USA,E-commerce,0.839,6,1,3.72,0,5,0.14667419802126444,Low,199,29.188165406231622,Month-to-month contract,Renewal / contract intervention
C05092,Enterprise,2-Year,ACH/Bank Transfer,Germany,Education,0.598,3,3,4.28,0,4,0.23626332821226323,Low,199,47.01640231424038,High support activity,Priority support review
C05094,Basic,Month-to-month,ACH/Bank Transfer,Canada,SaaS/Tech,0.612,4,1,5.0,0,23,0.2488247259699548,Low,29,7.215917053128689,Month-to-month contract,Renewal / contract intervention
C05096,Pro,1-Year,Credit Card,Australia,E-commerce,0.666,9,1,3.2,0,0,0.1120834237202743,Low,79,8.85459047390167,No major warning signal,Standard customer success monitoring
C05097,Basic,2-Year,ACH/Bank Transfer,USA,Education,0.638,4,1,3.72,1,6,0.35748704179812685,Medium,29,10.36712421214568,Billing friction,Resolve billing issue
C05098,Basic,1-Year,Credit Card,USA,Marketing/Agency,0.885,5,0,4.99,1,19,0.13389829991993113,Low,29,3.883050697678003,Billing friction,Resolve billing issue
C05099,Enterprise,Month-to-month,Credit Card,USA,E-commerce,0.179,2,0,4.43,0,39,0.583976537765992,Medium,199,116.2113310154324,Low engagement + Inactivity + Month-to-month contract + Low feature adoption,Increase product engagement + Launch re-engagement campaign + Product training / onboarding + Renewal / contract intervention
C05100,Basic,Month-to-month,ACH/Bank Transfer,Canada,Education,0.913,5,0,2.97,2,41,0.795566576175888,High,29,23.071430709100753,Low satisfaction + Billing friction + Inactivity + Month-to-month contract,Resolve billing issue + Customer success outreach + Launch re-engagement campaign + Renewal / contract intervention
C05101,Pro,Month-to-month,Credit Card,UK,Education,0.65,1,1,3.8,0,14,0.5128396693929548,Medium,79,40.51433388204343,Month-to-month contract + Low feature adoption,Product training / onboarding + Renewal / contract intervention
C05102,Pro,1-Year,PayPal,India,Marketing/Agency,0.413,3,2,3.32,1,6,0.6906871152613339,High,79,54.564282105645376,Billing friction,Resolve billing issue
C05103,Basic,1-Year,Manual Invoice,India,Finance,0.825,8,2,2.41,0,21,0.17510605455471648,Low,29,5.078075582086778,Low satisfaction,Customer success outreach
C05104,Basic,1-Year,Credit Card,Australia,Finance,0.868,1,1,2.4,0,3,0.41297059425389016,Medium,29,11.976147233362815,Low satisfaction + Low feature adoption,Customer success outreach + Product training / onboarding
C05105,Basic,1-Year,Credit Card,USA,Education,0.431,9,2,3.56,0,22,0.1797568709103165,Low,29,5.212949256399178,No major warning signal,Standard customer success monitoring
C05106,Pro,Month-to-month,Credit Card,USA,Finance,0.441,1,0,4.1,0,0,0.3969349269565014,Medium,79,31.357859229563612,Month-to-month contract + Low feature adoption,Product training / onboarding + Renewal / contract intervention
C05107,Enterprise,1-Year,Credit Card,India,SaaS/Tech,0.415,2,1,5.0,0,12,0.22088891593476134,Low,199,43.956894271017504,Low feature adoption,Product training / onboarding
C05108,Enterprise,1-Year,Credit Card,India,Education,0.489,6,2,5.0,0,16,0.13873259452393194,Low,199,27.607786310262455,No major warning signal,Standard customer success monitoring
C05109,Enterprise,Month-to-month,PayPal,India,E-commerce,0.877,6,1,5.0,0,5,0.07789743566022167,Low,199,15.501589696384112,Month-to-month contract,Renewal / contract intervention
C05110,Enterprise,2-Year,ACH/Bank Transfer,Germany,Finance,1.0,3,2,3.65,2,34,0.6602603950394647,High,199,131.39181861285346,Billing friction + Inactivity,Resolve billing issue + Launch re-engagement campaign
C05111,Pro,Month-to-month,Credit Card,USA,Manufacturing,0.734,7,2,4.18,0,11,0.16496025378170892,Low,79,13.031860048755005,Month-to-month contract,Renewal / contract intervention
C05112,Enterprise,2-Year,Credit Card,India,Marketing/Agency,0.659,5,1,4.91,1,23,0.24411058957238627,Low,199,48.57800732490487,Billing friction,Resolve billing issue
C05113,Basic,Month-to-month,PayPal,USA,Marketing/Agency,0.667,4,1,4.07,1,21,0.5270541614072732,Medium,29,15.284570680810925,Billing friction + Month-to-month contract,Resolve billing issue + Renewal / contract intervention
C05114,Basic,Month-to-month,Credit Card,Germany,Finance,0.348,4,0,5.0,1,12,0.3964766014066841,Medium,29,11.497821440793839,Low engagement + Billing friction + Month-to-month contract,Resolve billing issue + Increase product engagement + Renewal / contract intervention
C05115,Basic,Month-to-month,Credit Card,Canada,E-commerce,0.828,4,0,4.39,0,4,0.14624146476551622,Low,29,4.24100247819997,Month-to-month contract,Renewal / contract intervention
C05116,Pro,Month-to-month,Credit Card,USA,Manufacturing,0.42,3,2,5.0,0,3,0.2915284107992034,Low,79,23.030744453137068,Month-to-month contract,Renewal / contract intervention
C05117,Basic,Month-to-month,Manual Invoice,Canada,Education,0.506,2,1,3.89,1,20,0.6708343673742256,High,29,19.454196653852545,Billing friction + Month-to-month contract + Low feature adoption,Resolve billing issue + Product training / onboarding + Renewal / contract intervention
C05118,Basic,Month-to-month,Credit Card,Canada,Education,0.371,9,0,2.81,1,2,0.46619745688014713,Medium,29,13.519726249524266,Low engagement + Low satisfaction + Billing friction + Month-to-month contract,Resolve billing issue + Customer success outreach + Increase product engagement + Renewal / contract intervention
C05121,Enterprise,Month-to-month,Credit Card,USA,Healthcare,0.719,1,1,1.9,2,0,0.9215275021033335,High,199,183.38397291856336,Low satisfaction + Billing friction + Month-to-month contract + Low feature adoption,Resolve billing issue + Customer success outreach + Product training / onboarding + Renewal / contract intervention
C05122,Basic,1-Year,Credit Card,Australia,Nonprofit,0.546,3,1,2.44,0,18,0.5232852668404399,Medium,29,15.175272738372756,Low satisfaction,Customer success outreach
C05123,Pro,2-Year,Credit Card,USA,Marketing/Agency,0.59,7,1,3.27,0,2,0.14527038434708703,Low,79,11.476360363419875,No major warning signal,Standard customer success monitoring
C05124,Basic,2-Year,PayPal,India,Nonprofit,0.769,3,1,4.54,1,7,0.23828171490010475,Low,29,6.9101697321030375,Billing friction,Resolve billing issue
C05125,Enterprise,Month-to-month,Credit Card,India,E-commerce,0.759,2,0,4.13,0,1,0.22837815428957356,Low,199,45.44725270362514,Month-to-month contract + Low feature adoption,Product training / onboarding + Renewal / contract intervention
C05127,Basic,2-Year,Credit Card,India,Marketing/Agency,0.539,6,0,4.92,2,57,0.5423800784838131,Medium,29,15.72902227603058,Billing friction + Inactivity,Resolve billing issue + Launch re-engagement campaign
C05128,Enterprise,1-Year,ACH/Bank Transfer,USA,Healthcare,0.522,6,4,3.95,0,0,0.26217107159699277,Low,199,52.17204324780156,High support activity,Priority support review
C05130,Basic,Month-to-month,Credit Card,UK,SaaS/Tech,0.833,1,2,3.65,1,38,0.7993256890313813,High,29,23.18044498191006,Billing friction + Inactivity + Month-to-month contract + Low feature adoption,Resolve billing issue + Launch re-engagement campaign + Product training / onboarding + Renewal / contract intervention
C05131,Pro,2-Year,Credit Card,India,Nonprofit,0.53,7,0,5.0,1,16,0.1420251977421639,Low,79,11.219990621630949,Billing friction,Resolve billing issue
C05133,Pro,1-Year,Credit Card,Germany,Nonprofit,0.462,3,3,2.26,0,7,0.6264839125511822,High,79,49.49222909154339,Low satisfaction + High support activity,Customer success outreach + Priority support review
C05134,Basic,1-Year,Credit Card,Canada,Marketing/Agency,0.388,5,0,5.0,0,5,0.11643715957053988,Low,29,3.3766776275456563,Low engagement,Increase product engagement
C05135,Enterprise,1-Year,Credit Card,USA,Healthcare,0.268,3,0,3.86,0,8,0.2808688221398535,Low,199,55.892895605830844,Low engagement,Increase product engagement
C05136,Basic,Month-to-month,ACH/Bank Transfer,UK,Healthcare,0.869,3,0,3.32,1,11,0.5184174456403865,Medium,29,15.03410592357121,Billing friction + Month-to-month contract,Resolve billing issue + Renewal / contract intervention
C05137,Enterprise,Month-to-month,PayPal,USA,Healthcare,0.73,3,0,4.96,0,3,0.11606369036592003,Low,199,23.096674382818087,Month-to-month contract,Renewal / contract intervention
C05138,Pro,2-Year,Manual Invoice,UK,Finance,0.956,2,0,3.62,0,7,0.11022618447726315,Low,79,8.70786857370379,Low feature adoption,Product training / onboarding
C05139,Basic,1-Year,ACH/Bank Transfer,Canada,Marketing/Agency,0.769,3,1,3.63,1,28,0.5595318828937714,Medium,29,16.226424603919373,Billing friction,Resolve billing issue
C05141,Basic,Month-to-month,Manual Invoice,Canada,Nonprofit,0.514,5,0,4.5,0,2,0.1302355670074134,Low,29,3.7768314432149888,Month-to-month contract,Renewal / contract intervention
C05142,Enterprise,1-Year,ACH/Bank Transfer,Australia,Healthcare,0.65,3,2,3.92,0,5,0.2762396828308319,Low,199,54.97169688333555,No major warning signal,Standard customer success monitoring
C05143,Pro,Month-to-month,Credit Card,USA,Healthcare,0.533,3,0,3.19,2,15,0.8398322810364746,High,79,66.34675020188149,Billing friction + Month-to-month contract,Resolve billing issue + Renewal / contract intervention
C05144,Enterprise,2-Year,ACH/Bank Transfer,USA,SaaS/Tech,0.676,4,3,4.3,0,2,0.18067573744145704,Low,199,35.954471750849955,High support activity,Priority support review
C05145,Pro,Month-to-month,Credit Card,UK,Nonprofit,0.838,7,3,4.78,1,6,0.3218550402025049,Medium,79,25.426548175997887,Billing friction + High support activity + Month-to-month contract,Resolve billing issue + Priority support review + Renewal / contract intervention
C05146,Pro,Month-to-month,Credit Card,Germany,E-commerce,0.572,4,3,3.24,0,11,0.5439311280749147,Medium,79,42.97055911791826,High support activity + Month-to-month contract,Priority support review + Renewal / contract intervention
C05147,Basic,1-Year,ACH/Bank Transfer,Germany,SaaS/Tech,0.655,2,1,3.81,0,24,0.2962862170519822,Low,29,8.592300294507485,Low feature adoption,Product training / onboarding
C05148,Pro,Month-to-month,ACH/Bank Transfer,Canada,E-commerce,1.0,2,0,1.82,0,32,0.627042366174573,High,79,49.536346927791264,Low satisfaction + Inactivity + Month-to-month contract + Low feature adoption,Customer success outreach + Launch re-engagement campaign + Product training / onboarding + Renewal / contract intervention
C05150,Pro,Month-to-month,ACH/Bank Transfer,USA,Education,0.362,5,0,2.57,0,29,0.600860652181098,High,79,47.46799152230674,Low engagement + Low satisfaction + Month-to-month contract,Customer success outreach + Increase product engagement + Renewal / contract intervention
C05151,Basic,2-Year,Credit Card,Canada,Marketing/Agency,0.825,2,2,4.73,0,0,0.1466217614269857,Low,29,4.252031081382585,Low feature adoption,Product training / onboarding
C05153,Pro,2-Year,Credit Card,Australia,SaaS/Tech,0.634,0,0,2.14,0,5,0.5096227560508005,Medium,79,40.260197728013246,Low satisfaction + Low feature adoption,Customer success outreach + Product training / onboarding
C05155,Pro,1-Year,Credit Card,USA,Education,0.72,7,1,5.0,0,13,0.0582583381516694,Low,79,4.602408713981882,No major warning signal,Standard customer success monitoring
C05156,Pro,1-Year,PayPal,Canada,Nonprofit,0.913,2,2,4.46,0,33,0.2561944973851757,Low,79,20.23936529342888,Inactivity + Low feature adoption,Launch re-engagement campaign + Product training / onboarding
C05157,Enterprise,1-Year,Credit Card,Germany,Finance,0.426,6,3,4.79,1,10,0.35503524742694315,Medium,199,70.65201423796168,Billing friction + High support activity,Resolve billing issue + Priority support review
C05158,Enterprise,1-Year,Credit Card,UK,Finance,0.512,3,0,2.84,1,1,0.5620644541893483,Medium,199,111.8508263836803,Low satisfaction + Billing friction,Resolve billing issue + Customer success outreach
C05159,Pro,2-Year,PayPal,Canada,SaaS/Tech,0.661,2,1,4.1,0,2,0.17706683200746715,Low,79,13.988279728589905,Low feature adoption,Product training / onboarding
C05161,Basic,1-Year,ACH/Bank Transfer,USA,SaaS/Tech,0.409,2,4,5.0,0,11,0.39437315258382183,Medium,29,11.436821424930834,High support activity + Low feature adoption,Product training / onboarding + Priority support review
C05162,Basic,1-Year,Credit Card,India,Finance,0.144,4,0,3.9,0,0,0.2696456850343281,Low,29,7.819724865995515,Low engagement,Increase product engagement
C05163,Pro,Month-to-month,PayPal,Canada,Nonprofit,0.849,4,1,4.98,0,2,0.12388858423321851,Low,79,9.787198154424262,Month-to-month contract,Renewal / contract intervention
C05164,Enterprise,2-Year,ACH/Bank Transfer,USA,Marketing/Agency,0.437,5,0,4.95,0,0,0.08317650089512736,Low,199,16.552123678130346,No major warning signal,Standard customer success monitoring
C05165,Pro,1-Year,Credit Card,UK,Finance,0.727,6,0,4.54,1,1,0.15092898935919052,Low,79,11.923390159376051,Billing friction,Resolve billing issue
C05166,Pro,1-Year,ACH/Bank Transfer,Canada,Education,0.708,1,2,2.78,0,3,0.5234924056685453,Medium,79,41.35590004781508,Low satisfaction + Low feature adoption,Customer success outreach + Product training / onboarding
C05168,Enterprise,1-Year,Credit Card,USA,Healthcare,0.446,2,0,4.84,0,1,0.14470691395125065,Low,199,28.79667587629888,Low feature adoption,Product training / onboarding
C05169,Basic,Month-to-month,Manual Invoice,USA,Education,0.463,3,0,3.28,0,10,0.3567247114936547,Medium,29,10.345016633315986,Month-to-month contract,Renewal / contract intervention
C05170,Basic,Month-to-month,Manual Invoice,UK,Marketing/Agency,0.109,11,1,3.95,0,11,0.19242865004532805,Low,29,5.580430851314514,Low engagement + Month-to-month contract,Increase product engagement + Renewal / contract intervention
C05172,Pro,Month-to-month,PayPal,India,Education,0.764,5,0,3.2,0,6,0.22467843968657203,Low,79,17.74959673523919,Month-to-month contract,Renewal / contract intervention
C05173,Basic,Month-to-month,Credit Card,UK,Education,0.55,3,3,3.3,0,1,0.5896377663919005,Medium,29,17.099495225365114,High support activity + Month-to-month contract,Priority support review + Renewal / contract intervention
C05175,Enterprise,1-Year,PayPal,USA,Finance,0.526,4,0,5.0,0,0,0.07947338998575741,Low,199,15.815204607165725,No major warning signal,Standard customer success monitoring
C05176,Pro,Month-to-month,Credit Card,Australia,Manufacturing,0.02,8,1,4.37,1,3,0.5190319425881085,Medium,79,41.00352346446057,Low engagement + Billing friction + Month-to-month contract,Resolve billing issue + Increase product engagement + Renewal / contract intervention
C05178,Basic,2-Year,Credit Card,India,Finance,0.458,4,0,2.99,0,1,0.2402856223540264,Low,29,6.968283048266765,Low satisfaction,Customer success outreach
C05179,Enterprise,Month-to-month,Credit Card,Germany,Healthcare,0.711,4,1,5.0,0,2,0.12158284644518073,Low,199,24.194986442590967,Month-to-month contract,Renewal / contract intervention
C05180,Basic,1-Year,Credit Card,USA,Nonprofit,0.7,6,1,3.97,2,15,0.49334707794057736,Medium,29,14.307065260276744,Billing friction,Resolve billing issue
C05182,Pro,Month-to-month,PayPal,USA,Marketing/Agency,0.766,3,3,4.88,0,1,0.26820711701613226,Low,79,21.188362244274447,High support activity + Month-to-month contract,Priority support review + Renewal / contract intervention
C05183,Basic,Month-to-month,Credit Card,Australia,Nonprofit,0.346,4,3,3.08,0,0,0.6684470829445041,High,29,19.384965405390616,Low engagement + High support activity + Month-to-month contract,Increase product engagement + Priority support review + Renewal / contract intervention
C05184,Pro,Month-to-month,Credit Card,USA,Healthcare,0.956,5,1,5.0,2,7,0.38187896335759314,Medium,79,30.16843810524986,Billing friction + Month-to-month contract,Resolve billing issue + Renewal / contract intervention
C05185,Enterprise,Month-to-month,Credit Card,USA,Finance,0.81,5,1,3.41,1,5,0.43551958832798127,Medium,199,86.66839807726828,Billing friction + Month-to-month contract,Resolve billing issue + Renewal / contract intervention
C05186,Basic,Month-to-month,Credit Card,Canada,SaaS/Tech,0.908,2,3,5.0,0,0,0.23868424563685478,Low,29,6.921843123468789,High support activity + Month-to-month contract + Low feature adoption,Product training / onboarding + Priority support review + Renewal / contract intervention
C05187,Basic,2-Year,Credit Card,Canada,Healthcare,0.676,5,2,4.54,0,4,0.1126228379089532,Low,29,3.2660622993596427,No major warning signal,Standard customer success monitoring
C05188,Pro,1-Year,Credit Card,Germany,Healthcare,0.646,4,3,2.59,0,16,0.4665174570040923,Medium,79,36.85487910332329,Low satisfaction + High support activity,Customer success outreach + Priority support review
C05189,Basic,Month-to-month,Credit Card,USA,E-commerce,0.554,6,2,3.41,0,2,0.333426794594879,Medium,29,9.66937704325149,Month-to-month contract,Renewal / contract intervention
C05190,Enterprise,1-Year,ACH/Bank Transfer,India,Marketing/Agency,0.814,6,1,3.35,2,6,0.5471937581849071,Medium,199,108.89155787879652,Billing friction,Resolve billing issue
C05191,Basic,Month-to-month,ACH/Bank Transfer,USA,Manufacturing,0.02,5,3,3.61,0,1,0.632440328453773,High,29,18.340769525159416,Low engagement + High support activity + Month-to-month contract,Increase product engagement + Priority support review + Renewal / contract intervention
C05192,Pro,1-Year,PayPal,USA,Education,0.705,7,2,4.98,1,3,0.1468315285264685,Low,79,11.59969075359101,Billing friction,Resolve billing issue
C05193,Enterprise,Month-to-month,PayPal,USA,Education,0.341,5,0,5.0,1,4,0.3341645237543757,Medium,199,66.49874022712076,Low engagement + Billing friction + Month-to-month contract,Resolve billing issue + Increase product engagement + Renewal / contract intervention
C05194,Basic,Month-to-month,Credit Card,Canada,SaaS/Tech,0.988,3,1,3.65,0,4,0.23236807044231075,Low,29,6.738674042827012,Month-to-month contract,Renewal / contract intervention
C05195,Pro,1-Year,Credit Card,Australia,E-commerce,0.482,4,2,2.65,0,7,0.5055019771068437,Medium,79,39.93465619144066,Low satisfaction,Customer success outreach
C05196,Basic,1-Year,Manual Invoice,Canada,E-commerce,0.67,2,1,3.27,0,8,0.2775352495385206,Low,29,8.048522236617098,Low feature adoption,Product training / onboarding
C05197,Pro,Month-to-month,Manual Invoice,India,Education,0.661,2,1,4.81,1,1,0.38440757513060975,Medium,79,30.36819843531817,Billing friction + Month-to-month contract + Low feature adoption,Resolve billing issue + Product training / onboarding + Renewal / contract intervention
C05198,Basic,Month-to-month,Credit Card,India,E-commerce,0.396,2,2,4.36,0,15,0.5356305413039486,Medium,29,15.53328569781451,Low engagement + Month-to-month contract + Low feature adoption,Increase product engagement + Product training / onboarding + Renewal / contract intervention
C05200,Pro,Month-to-month,Credit Card,Canada,E-commerce,0.813,8,2,5.0,1,13,0.21775597216687406,Low,79,17.20272180118305,Billing friction + Month-to-month contract,Resolve billing issue + Renewal / contract intervention
C05201,Pro,Month-to-month,ACH/Bank Transfer,USA,Marketing/Agency,0.654,5,0,5.0,1,1,0.2568205709634732,Low,79,20.288825106114384,Billing friction + Month-to-month contract,Resolve billing issue + Renewal / contract intervention
C05202,Pro,2-Year,Manual Invoice,India,SaaS/Tech,0.653,9,0,3.57,0,12,0.0467280575930884,Low,79,3.6915165498539837,No major warning signal,Standard customer success monitoring
C05205,Pro,1-Year,Manual Invoice,India,Manufacturing,0.125,3,1,3.59,1,3,0.5869368514081782,Medium,79,46.368011261246075,Low engagement + Billing friction,Resolve billing issue + Increase product engagement
C05206,Pro,2-Year,Credit Card,Australia,E-commerce,0.819,3,0,4.01,1,4,0.2646322199660543,Low,79,20.90594537731829,Billing friction,Resolve billing issue
C05207,Basic,Month-to-month,Credit Card,USA,Manufacturing,0.359,2,0,3.78,0,1,0.3847077380527234,Medium,29,11.156524403528978,Low engagement + Month-to-month contract + Low feature adoption,Increase product engagement + Product training / onboarding + Renewal / contract intervention
C05208,Basic,Month-to-month,ACH/Bank Transfer,USA,Marketing/Agency,0.305,6,3,4.33,0,25,0.5177012470396299,Medium,29,15.013336164149269,Low engagement + High support activity + Month-to-month contract,Increase product engagement + Priority support review + Renewal / contract intervention
C05209,Pro,1-Year,Credit Card,USA,E-commerce,0.735,2,0,3.95,0,10,0.18791628389977774,Low,79,14.845386428082442,Low feature adoption,Product training / onboarding
C05210,Enterprise,Month-to-month,ACH/Bank Transfer,USA,Healthcare,0.287,5,0,3.3,0,6,0.3952044324083254,Medium,199,78.64568204925676,Low engagement + Month-to-month contract,Increase product engagement + Renewal / contract intervention
C05211,Pro,Month-to-month,ACH/Bank Transfer,India,Finance,0.632,6,0,3.38,1,13,0.4780030535625199,Medium,79,37.76224123143907,Billing friction + Month-to-month contract,Resolve billing issue + Renewal / contract intervention
C05212,Basic,1-Year,Credit Card,USA,Marketing/Agency,0.673,6,2,2.99,0,0,0.22668662868468795,Low,29,6.57391223185595,Low satisfaction,Customer success outreach
C05213,Enterprise,2-Year,Credit Card,Germany,E-commerce,0.627,1,1,4.81,0,5,0.15259524894227994,Low,199,30.366454539513708,Low feature adoption,Product training / onboarding
C05214,Basic,Month-to-month,Credit Card,India,Healthcare,0.582,4,2,2.14,0,2,0.5986919940078942,Medium,29,17.36206782622893,Low satisfaction + Month-to-month contract,Customer success outreach + Renewal / contract intervention
C05215,Basic,1-Year,PayPal,Germany,Manufacturing,0.78,3,1,3.21,0,2,0.16849888154623247,Low,29,4.886467564840742,No major warning signal,Standard customer success monitoring
C05216,Pro,Month-to-month,Credit Card,USA,Healthcare,0.771,2,1,3.42,0,3,0.3661397770930138,Medium,79,28.925042390348093,Month-to-month contract + Low feature adoption,Product training / onboarding + Renewal / contract intervention
C05218,Basic,Month-to-month,ACH/Bank Transfer,India,Finance,0.445,7,1,4.52,2,22,0.6747945469951525,High,29,19.56904186285942,Billing friction + Month-to-month contract,Resolve billing issue + Renewal / contract intervention
C05219,Basic,Month-to-month,Credit Card,India,Manufacturing,0.459,6,0,3.02,0,8,0.30184551040341107,Medium,29,8.753519801698921,Month-to-month contract,Renewal / contract intervention
C05220,Basic,2-Year,ACH/Bank Transfer,USA,Education,0.493,3,2,3.32,0,14,0.40154878517471176,Medium,29,11.644914770066642,No major warning signal,Standard customer success monitoring
C05221,Enterprise,1-Year,PayPal,USA,Marketing/Agency,0.841,5,0,4.3,1,5,0.1573783075133949,Low,199,31.318283195165588,Billing friction,Resolve billing issue
C05223,Basic,1-Year,ACH/Bank Transfer,USA,Healthcare,0.709,7,2,4.41,1,0,0.18502453140398334,Low,29,5.365711410715517,Billing friction,Resolve billing issue
C05224,Pro,1-Year,Credit Card,USA,Marketing/Agency,0.511,2,1,5.0,1,7,0.3924300889864909,Medium,79,31.00197702993278,Billing friction + Low feature adoption,Resolve billing issue + Product training / onboarding
C05225,Basic,1-Year,Manual Invoice,UK,E-commerce,0.372,6,1,3.81,0,22,0.2162612779722906,Low,29,6.271577061196428,Low engagement,Increase product engagement
C05227,Enterprise,1-Year,PayPal,Australia,Finance,0.608,4,1,4.14,0,14,0.20040543473453856,Low,199,39.880681512173176,No major warning signal,Standard customer success monitoring
C05228,Pro,Month-to-month,Credit Card,India,SaaS/Tech,0.724,2,1,4.64,0,1,0.23770622205009664,Low,79,18.778791541957634,Month-to-month contract + Low feature adoption,Product training / onboarding + Renewal / contract intervention
C05232,Basic,2-Year,Manual Invoice,UK,E-commerce,0.511,5,1,3.24,0,29,0.2594936955429339,Low,29,7.525317170745083,No major warning signal,Standard customer success monitoring
C05234,Basic,Month-to-month,Credit Card,Canada,Healthcare,0.744,2,0,5.0,0,2,0.15523654655523053,Low,29,4.5018598501016855,Month-to-month contract + Low feature adoption,Product training / onboarding + Renewal / contract intervention
C05235,Basic,1-Year,PayPal,USA,Finance,0.169,2,3,3.75,0,2,0.5593195465371568,Medium,29,16.220266849577545,Low engagement + High support activity + Low feature adoption,Increase product engagement + Product training / onboarding + Priority support review
C05236,Basic,Month-to-month,ACH/Bank Transfer,USA,Manufacturing,1.0,1,1,3.63,2,14,0.7590896952722045,High,29,22.01360116289393,Billing friction + Month-to-month contract + Low feature adoption,Resolve billing issue + Product training / onboarding + Renewal / contract intervention
C05237,Enterprise,1-Year,Credit Card,USA,E-commerce,0.673,5,0,5.0,0,35,0.10028417152670885,Low,199,19.95655013381506,Inactivity,Launch re-engagement campaign
C05238,Pro,Month-to-month,Credit Card,USA,Education,0.395,4,2,4.31,2,29,0.8737035708721896,High,79,69.02258209890299,Low engagement + Billing friction + Month-to-month contract,Resolve billing issue + Increase product engagement + Renewal / contract intervention
C05239,Pro,1-Year,Credit Card,USA,Healthcare,0.726,8,1,2.83,0,1,0.12074865697173456,Low,79,9.53914390076703,Low satisfaction,Customer success outreach
C05240,Basic,Month-to-month,PayPal,India,E-commerce,0.627,3,1,3.53,0,19,0.42569652350426435,Medium,29,12.345199181623666,Month-to-month contract,Renewal / contract intervention
C05241,Basic,1-Year,Credit Card,Canada,Healthcare,0.786,4,2,5.0,0,3,0.09850716437612198,Low,29,2.856707766907537,No major warning signal,Standard customer success monitoring
C05242,Pro,Month-to-month,Credit Card,Australia,Healthcare,0.516,6,1,3.39,0,7,0.3405170243938137,Medium,79,26.900844927111283,Month-to-month contract,Renewal / contract intervention
C05243,Basic,Month-to-month,Credit Card,India,E-commerce,1.0,3,3,4.82,0,32,0.29389768670483074,Low,29,8.523032914440092,High support activity + Inactivity + Month-to-month contract,Launch re-engagement campaign + Priority support review + Renewal / contract intervention
C05244,Basic,1-Year,Credit Card,Germany,Marketing/Agency,0.637,4,1,4.52,2,5,0.49451076174820946,Medium,29,14.340812090698074,Billing friction,Resolve billing issue
C05245,Basic,2-Year,Credit Card,USA,SaaS/Tech,0.542,4,1,4.92,1,11,0.24171092841986658,Low,29,7.009616924176131,Billing friction,Resolve billing issue
C05246,Pro,Month-to-month,Credit Card,India,Nonprofit,0.505,8,2,4.46,0,5,0.18191529126631453,Low,79,14.371308010038849,Month-to-month contract,Renewal / contract intervention
C05248,Pro,1-Year,Credit Card,India,Healthcare,0.475,4,0,5.0,2,21,0.507875616149159,Medium,79,40.12217367578356,Billing friction,Resolve billing issue
C05249,Pro,Month-to-month,Credit Card,India,E-commerce,0.269,5,2,5.0,0,20,0.3855381845636509,Medium,79,30.457516580528424,Low engagement + Month-to-month contract,Increase product engagement + Renewal / contract intervention
C05250,Basic,Month-to-month,PayPal,India,E-commerce,0.327,7,0,3.53,0,1,0.2345524381557055,Low,29,6.80202070651546,Low engagement + Month-to-month contract,Increase product engagement + Renewal / contract intervention
C05251,Basic,2-Year,PayPal,USA,Nonprofit,0.656,3,0,4.1,0,0,0.10870878925408167,Low,29,3.1525548883683685,No major warning signal,Standard customer success monitoring
C05252,Basic,Month-to-month,PayPal,USA,Marketing/Agency,0.571,7,1,2.91,0,7,0.30969942896708075,Medium,29,8.981283440045342,Low satisfaction + Month-to-month contract,Customer success outreach + Renewal / contract intervention
C05253,Pro,2-Year,Credit Card,Canada,Manufacturing,0.928,4,2,5.0,0,4,0.06916598512921701,Low,79,5.464112825208144,No major warning signal,Standard customer success monitoring
C05254,Enterprise,Month-to-month,PayPal,Germany,SaaS/Tech,0.28,0,1,5.0,1,23,0.7139250238432456,High,199,142.07107974480587,Low engagement + Billing friction + Month-to-month contract + Low feature adoption,Resolve billing issue + Increase product engagement + Product training / onboarding + Renewal / contract intervention
C05256,Pro,1-Year,Credit Card,USA,Nonprofit,0.452,0,3,2.93,0,8,0.7057571683190068,High,79,55.754816297201536,Low satisfaction + High support activity + Low feature adoption,Customer success outreach + Product training / onboarding + Priority support review
C05257,Pro,1-Year,ACH/Bank Transfer,UK,Healthcare,0.626,3,3,3.08,0,10,0.5052801283276652,Medium,79,39.91713013788555,High support activity,Priority support review
C05258,Enterprise,Month-to-month,PayPal,UK,Healthcare,0.766,6,1,4.4,2,59,0.7339562067050562,High,199,146.0572851343062,Billing friction + Inactivity + Month-to-month contract,Resolve billing issue + Launch re-engagement campaign + Renewal / contract intervention
C05260,Pro,1-Year,ACH/Bank Transfer,Australia,Nonprofit,0.963,4,1,2.67,0,103,0.6653015479352539,High,79,52.558822286885054,Low satisfaction + Inactivity,Customer success outreach + Launch re-engagement campaign
C05261,Pro,Month-to-month,ACH/Bank Transfer,USA,Nonprofit,0.425,4,1,3.85,0,7,0.4090115867728233,Medium,79,32.31191535505304,Month-to-month contract,Renewal / contract intervention
C05262,Basic,Month-to-month,Credit Card,USA,Marketing/Agency,0.515,5,0,4.21,2,7,0.6519943783479117,High,29,18.90783697208944,Billing friction + Month-to-month contract,Resolve billing issue + Renewal / contract intervention
C05263,Basic,2-Year,Credit Card,Australia,E-commerce,0.351,6,0,4.7,1,5,0.2258159446706044,Low,29,6.548662395447527,Low engagement + Billing friction,Resolve billing issue + Increase product engagement
C05264,Basic,Month-to-month,Credit Card,USA,Nonprofit,0.604,6,1,4.28,0,11,0.1933350782488266,Low,29,5.606717269215971,Month-to-month contract,Renewal / contract intervention
C05268,Basic,1-Year,Credit Card,UK,Marketing/Agency,0.232,3,0,4.36,1,2,0.49389923805532976,Medium,29,14.323077903604563,Low engagement + Billing friction,Resolve billing issue + Increase product engagement
C05269,Pro,Month-to-month,Credit Card,India,Finance,0.443,7,1,2.72,0,5,0.39266588795311164,Medium,79,31.020605148295818,Low satisfaction + Month-to-month contract,Customer success outreach + Renewal / contract intervention
C05270,Basic,Month-to-month,Credit Card,India,Nonprofit,0.302,4,1,3.93,0,7,0.43063694657175333,Medium,29,12.488471450580846,Low engagement + Month-to-month contract,Increase product engagement + Renewal / contract intervention
C05271,Pro,Month-to-month,Credit Card,Australia,Manufacturing,0.416,3,0,4.7,0,11,0.2828068665027698,Low,79,22.341742453718815,Month-to-month contract,Renewal / contract intervention
C05272,Enterprise,1-Year,Credit Card,UK,Manufacturing,0.672,4,0,3.14,1,11,0.40891853017701835,Medium,199,81.37478750522665,Billing friction,Resolve billing issue
C05273,Pro,Month-to-month,Credit Card,UK,Manufacturing,0.394,3,0,4.03,1,12,0.6192539740972565,High,79,48.92106395368326,Low engagement + Billing friction + Month-to-month contract,Resolve billing issue + Increase product engagement + Renewal / contract intervention
C05274,Basic,2-Year,Credit Card,Australia,Finance,0.15,3,2,5.0,0,2,0.28760755753121287,Low,29,8.340619168405173,Low engagement,Increase product engagement
C05277,Enterprise,Month-to-month,Credit Card,USA,Healthcare,0.557,1,0,5.0,0,3,0.2244126300388985,Low,199,44.658113377740804,Month-to-month contract + Low feature adoption,Product training / onboarding + Renewal / contract intervention
C05278,Basic,1-Year,Manual Invoice,USA,Finance,0.63,3,4,4.75,2,14,0.6780435324269992,High,29,19.663262440382976,Billing friction + High support activity,Resolve billing issue + Priority support review
C05279,Enterprise,Month-to-month,Credit Card,India,Education,0.698,5,1,3.96,0,12,0.241765352799393,Low,199,48.11130520707921,Month-to-month contract,Renewal / contract intervention
C05280,Basic,Month-to-month,Credit Card,USA,Marketing/Agency,0.483,5,1,4.11,0,14,0.31036407727724835,Medium,29,9.000558241040203,Month-to-month contract,Renewal / contract intervention
C05281,Basic,1-Year,Credit Card,UK,Manufacturing,0.367,2,2,4.39,0,12,0.3687754867881332,Medium,29,10.694489116855863,Low engagement + Low feature adoption,Increase product engagement + Product training / onboarding
C05282,Basic,Month-to-month,Credit Card,USA,Marketing/Agency,0.02,4,1,2.3,0,0,0.755758029444737,High,29,21.916982853897373,Low engagement + Low satisfaction + Month-to-month contract,Customer success outreach + Increase product engagement + Renewal / contract intervention
C05283,Pro,1-Year,Credit Card,USA,Finance,0.724,5,0,3.86,0,12,0.120237535868453,Low,79,9.498765333607787,No major warning signal,Standard customer success monitoring
C05284,Basic,1-Year,Credit Card,Canada,SaaS/Tech,0.159,2,1,5.0,1,3,0.5178865419485823,Medium,29,15.018709716508887,Low engagement + Billing friction + Low feature adoption,Resolve billing issue + Increase product engagement + Product training / onboarding
C05285,Pro,Month-to-month,Credit Card,USA,Nonprofit,0.895,3,1,3.3,2,2,0.7427758073167098,High,79,58.67928877802007,Billing friction + Month-to-month contract,Resolve billing issue + Renewal / contract intervention
C05286,Pro,Month-to-month,PayPal,India,Healthcare,0.279,2,3,2.95,0,12,0.7933240300949655,High,79,62.672598377502275,Low engagement + Low satisfaction + High support activity + Month-to-month contract + Low feature adoption,Customer success outreach + Increase product engagement + Product training / onboarding + Priority support review + Renewal / contract intervention
C05287,Enterprise,Month-to-month,Credit Card,India,Nonprofit,0.444,6,0,3.34,2,8,0.7419878741277117,High,199,147.65558695141462,Billing friction + Month-to-month contract,Resolve billing issue + Renewal / contract intervention
C05288,Basic,Month-to-month,Credit Card,India,Marketing/Agency,0.532,7,2,3.69,0,13,0.3340867413568717,Medium,29,9.688515499349279,Month-to-month contract,Renewal / contract intervention
C05289,Enterprise,Month-to-month,Credit Card,India,Education,0.767,5,1,4.89,0,1,0.11688019515357052,Low,199,23.259158835560534,Month-to-month contract,Renewal / contract intervention
C05291,Basic,2-Year,Credit Card,USA,Nonprofit,0.532,2,0,5.0,1,3,0.2365590548601689,Low,29,6.860212590944898,Billing friction + Low feature adoption,Resolve billing issue + Product training / onboarding
C05292,Pro,1-Year,Credit Card,Germany,Healthcare,0.375,9,1,4.17,0,17,0.1042307507694749,Low,79,8.234229310788518,Low engagement,Increase product engagement
C05293,Basic,2-Year,Credit Card,USA,Nonprofit,0.285,5,1,3.1,0,0,0.28674243193702265,Low,29,8.315530526173657,Low engagement,Increase product engagement
C05295,Basic,Month-to-month,Credit Card,India,Healthcare,0.375,3,2,3.7,1,7,0.7503609911782031,High,29,21.76046874416789,Low engagement + Billing friction + Month-to-month contract,Resolve billing issue + Increase product engagement + Renewal / contract intervention
C05296,Pro,Month-to-month,Credit Card,Australia,Marketing/Agency,0.759,6,2,5.0,2,9,0.5827138861803277,Medium,79,46.03439700824589,Billing friction + Month-to-month contract,Resolve billing issue + Renewal / contract intervention
C05297,Pro,Month-to-month,Credit Card,Germany,Healthcare,0.585,4,0,5.0,1,8,0.2893271618342747,Low,79,22.8568457849077,Billing friction + Month-to-month contract,Resolve billing issue + Renewal / contract intervention
C05298,Pro,Month-to-month,Credit Card,USA,Nonprofit,0.229,4,1,3.19,0,2,0.5562179295960353,Medium,79,43.94121643808679,Low engagement + Month-to-month contract,Increase product engagement + Renewal / contract intervention
C05299,Basic,Month-to-month,Manual Invoice,India,Nonprofit,0.376,6,1,4.25,0,9,0.2149525245964227,Low,29,6.233623213296259,Low engagement + Month-to-month contract,Increase product engagement + Renewal / contract intervention
C05300,Basic,1-Year,Manual Invoice,Australia,E-commerce,0.546,0,0,4.54,2,64,0.8313682465926836,High,29,24.109679151187823,Billing friction + Inactivity + Low feature adoption,Resolve billing issue + Launch re-engagement campaign + Product training / onboarding
C05301,Basic,Month-to-month,Credit Card,USA,Healthcare,0.425,4,1,3.83,1,13,0.620197339430367,High,29,17.985722843480644,Billing friction + Month-to-month contract,Resolve billing issue + Renewal / contract intervention
C05303,Basic,Month-to-month,Manual Invoice,Australia,Nonprofit,0.867,7,3,4.4,1,6,0.26303682603371087,Low,29,7.628067954977615,Billing friction + High support activity + Month-to-month contract,Resolve billing issue + Priority support review + Renewal / contract intervention
C05304,Basic,Month-to-month,Credit Card,USA,Education,0.502,5,0,5.0,1,1,0.2720906612565972,Low,29,7.890629176441319,Billing friction + Month-to-month contract,Resolve billing issue + Renewal / contract intervention
C05305,Basic,1-Year,Credit Card,Germany,SaaS/Tech,0.813,4,0,3.39,0,14,0.13605782891907492,Low,29,3.9456770386531725,No major warning signal,Standard customer success monitoring
C05308,Basic,Month-to-month,Credit Card,Australia,Finance,0.561,7,0,5.0,0,8,0.09945707067749356,Low,29,2.884255049647313,Month-to-month contract,Renewal / contract intervention
C05310,Pro,2-Year,Credit Card,USA,Education,0.608,5,1,3.26,0,9,0.20218307094168358,Low,79,15.972462604393003,No major warning signal,Standard customer success monitoring
C05311,Basic,Month-to-month,ACH/Bank Transfer,Germany,E-commerce,0.541,4,2,4.57,1,9,0.5245180957227673,Medium,29,15.211024775960253,Billing friction + Month-to-month contract,Resolve billing issue + Renewal / contract intervention
C05312,Pro,Month-to-month,ACH/Bank Transfer,Germany,Healthcare,0.323,10,3,2.89,0,2,0.3659324991720366,Medium,79,28.90866743459089,Low engagement + Low satisfaction + High support activity + Month-to-month contract,Customer success outreach + Increase product engagement + Priority support review + Renewal / contract intervention
C05313,Pro,2-Year,Credit Card,UK,E-commerce,0.869,7,0,2.02,0,13,0.17534069014997888,Low,79,13.851914521848332,Low satisfaction,Customer success outreach
C05314,Pro,Month-to-month,Credit Card,India,E-commerce,0.359,7,0,4.99,0,2,0.1271015132446994,Low,79,10.041019546331253,Low engagement + Month-to-month contract,Increase product engagement + Renewal / contract intervention
C05315,Pro,2-Year,Credit Card,Australia,Nonprofit,0.613,7,3,3.74,0,10,0.21256463945373255,Low,79,16.79260651684487,High support activity,Priority support review
C05316,Enterprise,Month-to-month,PayPal,UK,Finance,0.95,5,1,5.0,2,1,0.3731191048196118,Medium,199,74.25070185910275,Billing friction + Month-to-month contract,Resolve billing issue + Renewal / contract intervention
C05317,Pro,Month-to-month,Manual Invoice,UK,Finance,0.407,1,0,4.41,0,18,0.4058160061855906,Medium,79,32.05946448866166,Month-to-month contract + Low feature adoption,Product training / onboarding + Renewal / contract intervention
C05318,Basic,Month-to-month,Credit Card,UK,E-commerce,0.02,2,3,4.43,0,2,0.7184922291038836,High,29,20.836274644012622,Low engagement + High support activity + Month-to-month contract + Low feature adoption,Increase product engagement + Product training / onboarding + Priority support review + Renewal / contract intervention
C05319,Basic,Month-to-month,Credit Card,India,Manufacturing,0.865,6,2,4.02,0,10,0.17038576613499365,Low,29,4.941187217914816,Month-to-month contract,Renewal / contract intervention
C05321,Basic,Month-to-month,Manual Invoice,Germany,Healthcare,0.569,5,1,4.58,0,34,0.1943485764717835,Low,29,5.636108717681721,Inactivity + Month-to-month contract,Launch re-engagement campaign + Renewal / contract intervention
C05325,Enterprise,2-Year,Credit Card,Canada,SaaS/Tech,0.648,2,3,3.45,1,0,0.6110509848839387,High,199,121.59914599190381,Billing friction + High support activity + Low feature adoption,Resolve billing issue + Product training / onboarding + Priority support review
C05326,Pro,1-Year,Credit Card,UK,SaaS/Tech,0.735,6,1,4.44,2,3,0.3935338338504615,Medium,79,31.089172874186456,Billing friction,Resolve billing issue
C05327,Basic,2-Year,Credit Card,USA,Healthcare,0.534,5,0,3.51,0,21,0.1728182840410335,Low,29,5.011730237189972,No major warning signal,Standard customer success monitoring
C05331,Pro,1-Year,Credit Card,Australia,Marketing/Agency,0.529,3,2,3.13,1,4,0.70156953977762,High,79,55.42399364243198,Billing friction,Resolve billing issue
C05332,Enterprise,Month-to-month,Credit Card,USA,E-commerce,0.727,0,2,3.44,0,3,0.5582417539282601,Medium,199,111.09010903172377,Month-to-month contract + Low feature adoption,Product training / onboarding + Renewal / contract intervention
C05333,Enterprise,Month-to-month,Manual Invoice,USA,Finance,0.414,2,3,4.26,0,20,0.5404254647696481,Medium,199,107.54466748915998,High support activity + Month-to-month contract + Low feature adoption,Product training / onboarding + Priority support review + Renewal / contract intervention
C05334,Enterprise,2-Year,Credit Card,UK,Manufacturing,0.607,5,2,5.0,1,4,0.21497510761904645,Low,199,42.780046416190245,Billing friction,Resolve billing issue
C05335,Basic,Month-to-month,Credit Card,USA,E-commerce,0.418,4,1,2.67,0,16,0.5921167589790295,Medium,29,17.171386010391856,Low satisfaction + Month-to-month contract,Customer success outreach + Renewal / contract intervention
C05336,Pro,Month-to-month,Credit Card,UK,Marketing/Agency,0.249,3,4,3.73,0,4,0.7625357471199677,High,79,60.24032402247745,Low engagement + High support activity + Month-to-month contract,Increase product engagement + Priority support review + Renewal / contract intervention
C05337,Pro,Month-to-month,Credit Card,USA,Nonprofit,0.526,3,0,4.98,1,2,0.37572948766406605,Medium,79,29.68262952546122,Billing friction + Month-to-month contract,Resolve billing issue + Renewal / contract intervention
C05338,Basic,2-Year,Credit Card,Canada,Nonprofit,0.715,2,3,3.65,0,20,0.39769222220280065,Medium,29,11.533074443881219,High support activity + Low feature adoption,Product training / onboarding + Priority support review
C05340,Basic,1-Year,Credit Card,Canada,Nonprofit,0.052,2,2,3.87,1,6,0.7885745853722441,High,29,22.86866297579508,Low engagement + Billing friction + Low feature adoption,Resolve billing issue + Increase product engagement + Product training / onboarding
C05341,Basic,2-Year,Credit Card,Germany,SaaS/Tech,0.871,5,2,4.62,0,4,0.0560368229702063,Low,29,1.6250678661359825,No major warning signal,Standard customer success monitoring
C05342,Basic,Month-to-month,ACH/Bank Transfer,Germany,Education,0.752,5,1,5.0,0,1,0.10317646611477187,Low,29,2.992117517328384,Month-to-month contract,Renewal / contract intervention
C05343,Enterprise,1-Year,PayPal,UK,Nonprofit,0.681,4,2,3.25,0,6,0.29834135569267595,Low,199,59.36992978284251,No major warning signal,Standard customer success monitoring
C05345,Basic,2-Year,Credit Card,USA,SaaS/Tech,0.169,2,1,4.86,0,8,0.25529107285817937,Low,29,7.403441112887202,Low engagement + Low feature adoption,Increase product engagement + Product training / onboarding
C05346,Enterprise,1-Year,PayPal,USA,Finance,0.673,3,4,4.45,1,11,0.5235625921355606,Medium,199,104.18895583497655,Billing friction + High support activity,Resolve billing issue + Priority support review
C05347,Pro,1-Year,Credit Card,India,SaaS/Tech,0.491,3,0,3.23,0,4,0.2793009370747744,Low,79,22.064774028907177,No major warning signal,Standard customer success monitoring
C05348,Basic,Month-to-month,PayPal,Australia,Manufacturing,0.51,3,2,4.18,0,1,0.36790642998747364,Medium,29,10.669286469636736,Month-to-month contract,Renewal / contract intervention
C05349,Pro,2-Year,ACH/Bank Transfer,UK,Marketing/Agency,0.639,7,1,3.79,1,27,0.3681649727604863,Medium,79,29.08503284807842,Billing friction,Resolve billing issue
C05350,Basic,1-Year,PayPal,USA,E-commerce,0.544,6,4,3.82,0,11,0.29054699201291734,Low,29,8.425862768374603,High support activity,Priority support review
C05351,Basic,2-Year,Manual Invoice,USA,SaaS/Tech,0.853,2,3,4.2,0,6,0.1567044791685861,Low,29,4.544429895888997,High support activity + Low feature adoption,Product training / onboarding + Priority support review
C05352,Basic,1-Year,Credit Card,USA,Nonprofit,0.274,5,1,3.27,1,7,0.5673597706350643,Medium,29,16.453433348416862,Low engagement + Billing friction,Resolve billing issue + Increase product engagement
C05355,Basic,Month-to-month,ACH/Bank Transfer,Canada,Marketing/Agency,0.47,4,3,4.52,0,0,0.43322345072999546,Medium,29,12.563480071169868,High support activity + Month-to-month contract,Priority support review + Renewal / contract intervention
C05359,Basic,Month-to-month,ACH/Bank Transfer,USA,SaaS/Tech,0.83,4,1,2.93,0,9,0.34276943926929443,Medium,29,9.940313738809538,Low satisfaction + Month-to-month contract,Customer success outreach + Renewal / contract intervention
C05360,Basic,Month-to-month,Credit Card,USA,Nonprofit,0.679,4,1,3.82,0,14,0.3055496957914137,Medium,29,8.860941177950998,Month-to-month contract,Renewal / contract intervention
C05362,Basic,Month-to-month,Credit Card,Germany,Marketing/Agency,0.111,2,1,3.85,1,7,0.8069927392194891,High,29,23.402789437365183,Low engagement + Billing friction + Month-to-month contract + Low feature adoption,Resolve billing issue + Increase product engagement + Product training / onboarding + Renewal / contract intervention
C05363,Pro,Month-to-month,Credit Card,USA,Nonprofit,0.665,4,1,4.02,1,31,0.5983472006650387,Medium,79,47.269428852538056,Billing friction + Inactivity + Month-to-month contract,Resolve billing issue + Launch re-engagement campaign + Renewal / contract intervention
C05366,Pro,1-Year,Credit Card,Germany,E-commerce,0.719,3,3,4.25,1,4,0.4344386885874452,Medium,79,34.320656398408175,Billing friction + High support activity,Resolve billing issue + Priority support review
C05368,Pro,2-Year,Credit Card,India,Nonprofit,0.512,4,0,2.84,1,14,0.5260951672476617,Medium,79,41.561518212565275,Low satisfaction + Billing friction,Resolve billing issue + Customer success outreach
C05370,Pro,1-Year,Credit Card,Australia,SaaS/Tech,0.642,1,1,5.0,0,6,0.19548106190852707,Low,79,15.443003890773639,Low feature adoption,Product training / onboarding
C05372,Basic,Month-to-month,ACH/Bank Transfer,UK,Healthcare,0.467,6,2,4.89,0,6,0.2259528690456442,Low,29,6.552633202323682,Month-to-month contract,Renewal / contract intervention
C05373,Pro,2-Year,Credit Card,UK,Healthcare,0.797,1,2,5.0,0,5,0.16374367679868862,Low,79,12.935750467096401,Low feature adoption,Product training / onboarding
C05374,Basic,1-Year,Manual Invoice,Canada,Marketing/Agency,0.576,8,4,3.81,1,4,0.3655534032518137,Medium,29,10.601048694302596,Billing friction + High support activity,Resolve billing issue + Priority support review
C05375,Pro,Month-to-month,Credit Card,UK,Healthcare,0.314,2,1,4.25,0,0,0.46959363865661236,Medium,79,37.09789745387238,Low engagement + Month-to-month contract + Low feature adoption,Increase product engagement + Product training / onboarding + Renewal / contract intervention
C05376,Enterprise,Month-to-month,PayPal,Germany,Healthcare,0.737,4,1,5.0,0,3,0.11160604545669521,Low,199,22.209603045882346,Month-to-month contract,Renewal / contract intervention
C05377,Basic,2-Year,Credit Card,India,Manufacturing,0.196,1,0,2.36,0,5,0.564285162091179,Medium,29,16.36426970064419,Low engagement + Low satisfaction + Low feature adoption,Customer success outreach + Increase product engagement + Product training / onboarding
C05378,Pro,2-Year,Credit Card,Canada,Education,0.473,2,0,5.0,0,1,0.13798679425392843,Low,79,10.900956746060347,Low feature adoption,Product training / onboarding
C05379,Basic,Month-to-month,Credit Card,UK,SaaS/Tech,0.361,7,1,3.92,2,11,0.7342703418413391,High,29,21.293839913398834,Low engagement + Billing friction + Month-to-month contract,Resolve billing issue + Increase product engagement + Renewal / contract intervention
C05380,Basic,1-Year,ACH/Bank Transfer,India,Education,0.377,4,0,4.08,0,2,0.1883994851715868,Low,29,5.463585069976017,Low engagement,Increase product engagement
C05381,Pro,Month-to-month,Manual Invoice,UK,SaaS/Tech,0.446,8,0,4.97,2,1,0.33406897001622293,Medium,79,26.391448631281612,Billing friction + Month-to-month contract,Resolve billing issue + Renewal / contract intervention
C05382,Basic,1-Year,Credit Card,Germany,Manufacturing,0.772,5,1,3.41,0,0,0.11362313277282406,Low,29,3.2950708504118977,No major warning signal,Standard customer success monitoring
C05385,Pro,Month-to-month,Credit Card,USA,Nonprofit,0.196,1,1,4.29,0,15,0.6198613291615229,High,79,48.969045003760314,Low engagement + Month-to-month contract + Low feature adoption,Increase product engagement + Product training / onboarding + Renewal / contract intervention
C05386,Pro,1-Year,Credit Card,USA,Manufacturing,0.303,8,2,4.7,2,18,0.5293762253101223,Medium,79,41.82072179949966,Low engagement + Billing friction,Resolve billing issue + Increase product engagement
C05387,Pro,1-Year,Manual Invoice,Australia,Finance,0.584,3,2,3.92,1,27,0.5693248253051578,Medium,79,44.97666119910747,Billing friction,Resolve billing issue
C05389,Basic,2-Year,Credit Card,UK,Education,0.344,1,2,3.31,0,19,0.6138456364507962,High,29,17.80152345707309,Low engagement + Low feature adoption,Increase product engagement + Product training / onboarding
C05390,Enterprise,Month-to-month,PayPal,USA,Finance,0.43,1,5,4.9,0,8,0.6285287933455668,High,199,125.07722987576778,High support activity + Month-to-month contract + Low feature adoption,Product training / onboarding + Priority support review + Renewal / contract intervention
C05391,Basic,Month-to-month,Credit Card,USA,Healthcare,0.858,3,0,5.0,2,4,0.42494330870641484,Medium,29,12.32335595248603,Billing friction + Month-to-month contract,Resolve billing issue + Renewal / contract intervention
C05392,Pro,Month-to-month,Credit Card,Germany,Finance,0.295,3,0,4.8,0,0,0.2462165430635411,Low,79,19.451106902019745,Low engagement + Month-to-month contract,Increase product engagement + Renewal / contract intervention
C05395,Pro,1-Year,PayPal,Germany,Manufacturing,0.33,2,1,4.08,1,24,0.5926847124582652,Medium,79,46.822092284202945,Low engagement + Billing friction + Low feature adoption,Resolve billing issue + Increase product engagement + Product training / onboarding
C05396,Pro,1-Year,PayPal,India,Nonprofit,0.66,3,0,4.6,2,13,0.506547282528997,Medium,79,40.01723531979076,Billing friction,Resolve billing issue
C05397,Basic,Month-to-month,ACH/Bank Transfer,USA,Finance,0.689,4,1,3.5,1,1,0.5316511901729153,Medium,29,15.417884515014544,Billing friction + Month-to-month contract,Resolve billing issue + Renewal / contract intervention
C05398,Enterprise,Month-to-month,PayPal,UK,Education,0.44,2,0,5.0,0,4,0.2550329684209031,Low,199,50.75156071575972,Month-to-month contract + Low feature adoption,Product training / onboarding + Renewal / contract intervention
C05399,Pro,Month-to-month,Manual Invoice,Germany,Healthcare,0.646,6,1,4.19,1,0,0.24098547154325392,Low,79,19.03785225191706,Billing friction + Month-to-month contract,Resolve billing issue + Renewal / contract intervention
C05402,Pro,2-Year,Credit Card,Canada,Manufacturing,0.362,3,2,4.18,1,18,0.5704734417748955,Medium,79,45.067401900216744,Low engagement + Billing friction,Resolve billing issue + Increase product engagement
C05403,Enterprise,1-Year,Credit Card,India,Nonprofit,0.719,2,3,4.08,0,1,0.2993950227246652,Low,199,59.57960952220838,High support activity + Low feature adoption,Product training / onboarding + Priority support review
C05404,Enterprise,Month-to-month,Credit Card,India,Education,0.365,5,1,3.19,2,7,0.8528401533771296,High,199,169.7151905220488,Low engagement + Billing friction + Month-to-month contract,Resolve billing issue + Increase product engagement + Renewal / contract intervention
C05405,Basic,Month-to-month,Manual Invoice,Canada,Nonprofit,0.243,4,1,5.0,0,20,0.3080452483087604,Medium,29,8.933312200954052,Low engagement + Month-to-month contract,Increase product engagement + Renewal / contract intervention
C05407,Pro,Month-to-month,ACH/Bank Transfer,Canada,Nonprofit,0.68,5,2,3.02,0,9,0.47489060921791315,Medium,79,37.51635812821514,Month-to-month contract,Renewal / contract intervention
C05408,Basic,1-Year,Credit Card,India,Education,0.682,2,2,4.08,0,40,0.37705461135196583,Medium,29,10.93458372920701,Inactivity + Low feature adoption,Launch re-engagement campaign + Product training / onboarding
C05409,Pro,Month-to-month,Credit Card,India,Manufacturing,0.758,7,0,2.87,2,5,0.6047328245581757,High,79,47.77389314009588,Low satisfaction + Billing friction + Month-to-month contract,Resolve billing issue + Customer success outreach + Renewal / contract intervention
C05410,Basic,1-Year,PayPal,India,Marketing/Agency,0.571,4,2,4.43,2,0,0.598539416526026,Medium,29,17.357643079254757,Billing friction,Resolve billing issue
C05411,Pro,Month-to-month,Credit Card,India,Nonprofit,0.611,5,2,4.55,2,22,0.7539903678837621,High,79,59.565239062817206,Billing friction + Month-to-month contract,Resolve billing issue + Renewal / contract intervention
C05412,Basic,Month-to-month,Credit Card,UK,Healthcare,0.139,7,0,5.0,0,2,0.16967212223001402,Low,29,4.920491544670407,Low engagement + Month-to-month contract,Increase product engagement + Renewal / contract intervention
C05413,Enterprise,Month-to-month,ACH/Bank Transfer,UK,SaaS/Tech,0.702,7,3,5.0,0,22,0.21108959777503142,Low,199,42.006829957231254,High support activity + Month-to-month contract,Priority support review + Renewal / contract intervention
C05414,Enterprise,Month-to-month,Manual Invoice,India,E-commerce,0.44,7,2,3.47,0,1,0.2502003975656484,Low,199,49.78987911556403,Month-to-month contract,Renewal / contract intervention
C05415,Enterprise,1-Year,Manual Invoice,Canada,Healthcare,0.145,4,1,3.04,0,14,0.44087598303798253,Medium,199,87.73432062455852,Low engagement,Increase product engagement
C05416,Pro,Month-to-month,Credit Card,USA,Nonprofit,0.198,1,2,4.91,1,1,0.7489520097898811,High,79,59.1672087734006,Low engagement + Billing friction + Month-to-month contract + Low feature adoption,Resolve billing issue + Increase product engagement + Product training / onboarding + Renewal / contract intervention
C05417,Basic,Month-to-month,Credit Card,USA,Manufacturing,0.444,1,2,2.72,1,0,0.8472377298191154,High,29,24.569894164754345,Low satisfaction + Billing friction + Month-to-month contract + Low feature adoption,Resolve billing issue + Customer success outreach + Product training / onboarding + Renewal / contract intervention
C05418,Basic,1-Year,Credit Card,Canada,Education,0.258,1,1,4.88,1,8,0.5743557639056304,Medium,29,16.65631715326328,Low engagement + Billing friction + Low feature adoption,Resolve billing issue + Increase product engagement + Product training / onboarding
C05420,Basic,1-Year,Credit Card,UK,Education,0.845,5,1,3.9,0,5,0.11833485001035839,Low,29,3.4317106503003934,No major warning signal,Standard customer success monitoring
C05421,Basic,1-Year,Credit Card,India,E-commerce,0.512,3,2,3.84,2,11,0.7823770530038983,High,29,22.68893453711305,Billing friction,Resolve billing issue
C05422,Pro,1-Year,PayPal,UK,Healthcare,0.806,2,2,3.46,0,13,0.3307783651610162,Medium,79,26.131490847720283,Low feature adoption,Product training / onboarding
C05425,Pro,1-Year,PayPal,USA,Manufacturing,0.551,4,0,4.25,0,6,0.11652767888744613,Low,79,9.205686632108243,No major warning signal,Standard customer success monitoring
C05426,Enterprise,Month-to-month,Credit Card,USA,Marketing/Agency,0.192,6,1,5.0,2,12,0.7164276922722833,High,199,142.56911076218438,Low engagement + Billing friction + Month-to-month contract,Resolve billing issue + Increase product engagement + Renewal / contract intervention
C05427,Enterprise,1-Year,Manual Invoice,USA,Manufacturing,0.516,3,2,5.0,0,19,0.1508248926769963,Low,199,30.014153642722267,No major warning signal,Standard customer success monitoring
C05428,Basic,Month-to-month,ACH/Bank Transfer,USA,Marketing/Agency,0.446,4,1,3.2,0,1,0.47369456782081876,Medium,29,13.737142466803745,Month-to-month contract,Renewal / contract intervention
C05429,Pro,Month-to-month,PayPal,USA,E-commerce,0.334,1,0,3.05,0,1,0.5842046016943777,Medium,79,46.15216353385584,Low engagement + Month-to-month contract + Low feature adoption,Increase product engagement + Product training / onboarding + Renewal / contract intervention
C05430,Pro,1-Year,Credit Card,UK,Finance,0.22,4,1,4.46,0,1,0.2691613636770797,Low,79,21.263747730489296,Low engagement,Increase product engagement
C05431,Pro,2-Year,ACH/Bank Transfer,USA,Nonprofit,0.229,5,0,5.0,1,4,0.2604316252898004,Low,79,20.574098397894232,Low engagement + Billing friction,Resolve billing issue + Increase product engagement
C05432,Pro,Month-to-month,ACH/Bank Transfer,India,Nonprofit,0.81,4,2,2.7,0,18,0.5318341868389851,Medium,79,42.01490076027982,Low satisfaction + Month-to-month contract,Customer success outreach + Renewal / contract intervention
C05433,Basic,Month-to-month,Credit Card,Australia,SaaS/Tech,0.617,2,1,3.23,1,7,0.7274030706389342,High,29,21.09468904852909,Billing friction + Month-to-month contract + Low feature adoption,Resolve billing issue + Product training / onboarding + Renewal / contract intervention
C05434,Basic,Month-to-month,Credit Card,India,Finance,0.614,6,1,5.0,2,15,0.5391670073853184,Medium,29,15.635843214174233,Billing friction + Month-to-month contract,Resolve billing issue + Renewal / contract intervention
C05435,Basic,Month-to-month,ACH/Bank Transfer,India,Manufacturing,0.553,3,0,2.25,2,10,0.8887642348356243,High,29,25.774162810233104,Low satisfaction + Billing friction + Month-to-month contract,Resolve billing issue + Customer success outreach + Renewal / contract intervention
C05437,Enterprise,1-Year,Manual Invoice,India,SaaS/Tech,0.657,4,2,4.0,0,8,0.16330323777767616,Low,199,32.49734431775756,No major warning signal,Standard customer success monitoring
C05438,Pro,2-Year,Credit Card,Australia,Education,0.621,0,0,5.0,0,9,0.17757717989479122,Low,79,14.028597211688506,Low feature adoption,Product training / onboarding
C05439,Pro,1-Year,Credit Card,USA,Healthcare,0.793,4,2,3.59,0,30,0.28443713821021305,Low,79,22.47053391860683,No major warning signal,Standard customer success monitoring
C05440,Pro,Month-to-month,Credit Card,India,Manufacturing,0.862,1,2,3.77,0,3,0.3851866565365618,Medium,79,30.429745866388384,Month-to-month contract + Low feature adoption,Product training / onboarding + Renewal / contract intervention
C05442,Pro,1-Year,ACH/Bank Transfer,Canada,Marketing/Agency,0.038,4,2,3.52,1,8,0.8015683943722272,High,79,63.323903155405944,Low engagement + Billing friction,Resolve billing issue + Increase product engagement
C05443,Pro,Month-to-month,ACH/Bank Transfer,USA,Education,0.741,2,1,4.69,1,2,0.45020199338242356,Medium,79,35.56595747721146,Billing friction + Month-to-month contract + Low feature adoption,Resolve billing issue + Product training / onboarding + Renewal / contract intervention
C05444,Pro,1-Year,ACH/Bank Transfer,Australia,Marketing/Agency,0.588,4,1,3.73,0,9,0.2849145576440815,Low,79,22.508250053882442,No major warning signal,Standard customer success monitoring
C05445,Enterprise,2-Year,PayPal,Germany,Healthcare,0.378,6,1,3.96,1,0,0.2573010329599369,Low,199,51.20290555902744,Low engagement + Billing friction,Resolve billing issue + Increase product engagement
C05448,Basic,1-Year,ACH/Bank Transfer,Germany,Marketing/Agency,0.473,3,0,5.0,1,3,0.2666904365895506,Low,29,7.734022661096968,Billing friction,Resolve billing issue
C05449,Basic,1-Year,ACH/Bank Transfer,India,Finance,0.252,8,2,3.87,0,1,0.2082158559416903,Low,29,6.038259822309018,Low engagement,Increase product engagement
C05450,Basic,Month-to-month,Manual Invoice,USA,SaaS/Tech,0.815,3,0,3.62,1,1,0.3038017031550606,Medium,29,8.810249391496757,Billing friction + Month-to-month contract,Resolve billing issue + Renewal / contract intervention
C05453,Enterprise,1-Year,PayPal,Germany,Manufacturing,0.482,6,0,3.08,2,4,0.4850727070716181,Medium,199,96.529468707252,Billing friction,Resolve billing issue
C05454,Pro,1-Year,Credit Card,UK,Education,0.413,7,1,5.0,0,0,0.09035424326152712,Low,79,7.137985217660643,No major warning signal,Standard customer success monitoring
C05455,Pro,Month-to-month,Credit Card,USA,SaaS/Tech,0.592,3,0,4.55,0,29,0.2857741733986619,Low,79,22.57615969849429,Month-to-month contract,Renewal / contract intervention
C05456,Enterprise,1-Year,PayPal,Germany,Healthcare,0.339,2,2,3.81,0,14,0.4190851840525463,Medium,199,83.39795162645672,Low engagement + Low feature adoption,Increase product engagement + Product training / onboarding
C05457,Basic,Month-to-month,Credit Card,Australia,Finance,0.563,8,3,3.46,0,11,0.36365395529319666,Medium,29,10.545964703502703,High support activity + Month-to-month contract,Priority support review + Renewal / contract intervention
C05458,Enterprise,1-Year,PayPal,USA,Manufacturing,0.736,2,2,4.65,0,5,0.1546218780875902,Low,199,30.76975373943045,Low feature adoption,Product training / onboarding
C05459,Basic,Month-to-month,Manual Invoice,USA,SaaS/Tech,0.523,4,4,5.0,0,17,0.32693794965202,Medium,29,9.48120053990858,High support activity + Month-to-month contract,Priority support review + Renewal / contract intervention
C05460,Pro,Month-to-month,ACH/Bank Transfer,UK,Marketing/Agency,0.559,0,0,3.57,0,53,0.7647882619832285,High,79,60.41827269667505,Inactivity + Month-to-month contract + Low feature adoption,Launch re-engagement campaign + Product training / onboarding + Renewal / contract intervention
C05461,Basic,1-Year,Credit Card,India,Education,0.644,4,1,4.11,2,6,0.5657514724124467,Medium,29,16.406792699960956,Billing friction,Resolve billing issue
C05462,Pro,Month-to-month,PayPal,Australia,Marketing/Agency,0.847,7,1,4.17,1,22,0.35141694493633735,Medium,79,27.761938649970652,Billing friction + Month-to-month contract,Resolve billing issue + Renewal / contract intervention
C05463,Pro,2-Year,Credit Card,UK,Education,0.437,5,1,2.17,1,2,0.6399362958027783,High,79,50.55496736841949,Low satisfaction + Billing friction,Resolve billing issue + Customer success outreach
C05464,Enterprise,1-Year,Manual Invoice,Australia,Finance,0.156,4,0,3.7,0,6,0.2738699411105356,Low,199,54.50011828099658,Low engagement,Increase product engagement
C05465,Basic,2-Year,Credit Card,USA,Education,0.251,6,1,3.08,0,17,0.3243843371181337,Medium,29,9.407145776425876,Low engagement,Increase product engagement
C05466,Basic,2-Year,ACH/Bank Transfer,USA,Manufacturing,0.389,2,4,4.83,0,24,0.42791962153027896,Medium,29,12.40966902437809,Low engagement + High support activity + Low feature adoption,Increase product engagement + Product training / onboarding + Priority support review
C05467,Enterprise,2-Year,Manual Invoice,USA,SaaS/Tech,0.646,5,1,4.44,1,21,0.1986025150173699,Low,199,39.52190048845661,Billing friction,Resolve billing issue
C05468,Basic,1-Year,Credit Card,USA,Nonprofit,0.558,2,0,3.67,0,17,0.2857574012551278,Low,29,8.286964636398706,Low feature adoption,Product training / onboarding
C05469,Pro,Month-to-month,ACH/Bank Transfer,UK,Marketing/Agency,0.6,2,2,4.36,0,31,0.5811444106086753,Medium,79,45.91040843808535,Inactivity + Month-to-month contract + Low feature adoption,Launch re-engagement campaign + Product training / onboarding + Renewal / contract intervention
C05470,Pro,Month-to-month,Credit Card,UK,Finance,0.435,2,1,2.89,0,39,0.7769891517008556,High,79,61.38214298436759,Low satisfaction + Inactivity + Month-to-month contract + Low feature adoption,Customer success outreach + Launch re-engagement campaign + Product training / onboarding + Renewal / contract intervention
C05471,Enterprise,Month-to-month,ACH/Bank Transfer,USA,Marketing/Agency,0.731,5,1,3.05,0,0,0.31697185948864737,Medium,199,63.077400038240825,Month-to-month contract,Renewal / contract intervention
C05474,Pro,2-Year,PayPal,India,Manufacturing,0.02,7,1,3.95,2,5,0.6389282410346832,High,79,50.47533104173997,Low engagement + Billing friction,Resolve billing issue + Increase product engagement
C05477,Pro,Month-to-month,Credit Card,USA,Manufacturing,0.572,6,0,2.86,1,9,0.5099497785216426,Medium,79,40.28603250320976,Low satisfaction + Billing friction + Month-to-month contract,Resolve billing issue + Customer success outreach + Renewal / contract intervention
C05478,Enterprise,1-Year,ACH/Bank Transfer,UK,Education,0.672,4,1,3.21,2,15,0.7485147609490641,High,199,148.95443742886377,Billing friction,Resolve billing issue
C05479,Enterprise,Month-to-month,ACH/Bank Transfer,India,SaaS/Tech,0.437,3,1,4.2,0,9,0.3948661955980868,Medium,199,78.57837292401926,Month-to-month contract,Renewal / contract intervention
C05480,Pro,Month-to-month,Credit Card,Germany,Manufacturing,0.766,5,2,4.25,0,1,0.16984398322997224,Low,79,13.417674675167808,Month-to-month contract,Renewal / contract intervention
C05482,Basic,Month-to-month,PayPal,Australia,SaaS/Tech,0.578,5,0,3.63,2,14,0.7195997327451443,High,29,20.868392249609187,Billing friction + Month-to-month contract,Resolve billing issue + Renewal / contract intervention
C05484,Pro,1-Year,ACH/Bank Transfer,India,Education,0.648,3,1,4.34,0,1,0.17662434119512155,Low,79,13.953322954414602,No major warning signal,Standard customer success monitoring
C05485,Basic,1-Year,Credit Card,Canada,Education,0.641,8,2,4.07,2,3,0.44579481522392134,Medium,29,12.928049641493718,Billing friction,Resolve billing issue
C05489,Basic,1-Year,Credit Card,UK,Finance,0.622,2,1,4.59,0,17,0.2296750507428176,Low,29,6.66057647154171,Low feature adoption,Product training / onboarding
C05490,Pro,Month-to-month,ACH/Bank Transfer,Germany,Nonprofit,0.591,0,5,3.87,0,1,0.7394228217523576,High,79,58.41440291843625,High support activity + Month-to-month contract + Low feature adoption,Product training / onboarding + Priority support review + Renewal / contract intervention
C05491,Pro,1-Year,ACH/Bank Transfer,India,E-commerce,0.475,3,1,2.68,0,15,0.5145180295226169,Medium,79,40.64692433228674,Low satisfaction,Customer success outreach
C05492,Enterprise,2-Year,Credit Card,Australia,Finance,0.669,5,1,4.14,1,17,0.3133042003502932,Medium,199,62.34753586970835,Billing friction,Resolve billing issue
C05493,Basic,Month-to-month,Credit Card,USA,Marketing/Agency,0.425,5,3,3.29,0,0,0.5366666561018767,Medium,29,15.563333026954425,High support activity + Month-to-month contract,Priority support review + Renewal / contract intervention
C05494,Pro,Month-to-month,Credit Card,Canada,E-commerce,0.625,6,2,3.38,1,20,0.6644146800696515,High,79,52.48875972550247,Billing friction + Month-to-month contract,Resolve billing issue + Renewal / contract intervention
C05496,Pro,2-Year,Credit Card,USA,Finance,0.787,2,1,4.29,1,23,0.3791327345986787,Medium,79,29.951486033295616,Billing friction + Low feature adoption,Resolve billing issue + Product training / onboarding
C05497,Basic,Month-to-month,Credit Card,USA,Healthcare,0.476,2,2,5.0,1,7,0.5709847239792903,Medium,29,16.55855699539942,Billing friction + Month-to-month contract + Low feature adoption,Resolve billing issue + Product training / onboarding + Renewal / contract intervention
C05498,Basic,1-Year,Credit Card,USA,Manufacturing,0.503,6,0,2.49,0,12,0.23563422478726734,Low,29,6.8333925188307525,Low satisfaction,Customer success outreach
C05499,Basic,1-Year,Credit Card,Germany,Education,0.634,6,0,4.41,0,12,0.07030436638936349,Low,29,2.0388266252915415,No major warning signal,Standard customer success monitoring
C05500,Pro,Month-to-month,PayPal,India,Manufacturing,0.697,2,4,4.17,0,5,0.4823250441029524,Medium,79,38.10367848413324,High support activity + Month-to-month contract + Low feature adoption,Product training / onboarding + Priority support review + Renewal / contract intervention
C05501,Pro,Month-to-month,ACH/Bank Transfer,Canada,Manufacturing,0.378,4,0,3.15,1,47,0.8222431746303676,High,79,64.95721079579904,Low engagement + Billing friction + Inactivity + Month-to-month contract,Resolve billing issue + Increase product engagement + Launch re-engagement campaign + Renewal / contract intervention
C05502,Basic,Month-to-month,Credit Card,India,Healthcare,0.573,2,4,2.7,0,23,0.804852652502665,High,29,23.340726922577286,Low satisfaction + High support activity + Month-to-month contract + Low feature adoption,Customer success outreach + Product training / onboarding + Priority support review + Renewal / contract intervention
C05503,Basic,1-Year,Manual Invoice,India,Healthcare,0.651,5,1,3.07,1,1,0.31922622824771957,Medium,29,9.257560619183867,Billing friction,Resolve billing issue
C05505,Pro,1-Year,Credit Card,India,Manufacturing,0.683,7,1,4.86,0,4,0.053065376146389606,Low,79,4.192164715564779,No major warning signal,Standard customer success monitoring
C05506,Basic,1-Year,ACH/Bank Transfer,Australia,Education,0.79,3,1,5.0,0,5,0.10791001850051826,Low,29,3.1293905365150296,No major warning signal,Standard customer success monitoring
C05507,Pro,2-Year,ACH/Bank Transfer,USA,Finance,0.317,8,0,4.48,0,5,0.07735046731782284,Low,79,6.110686918108005,Low engagement,Increase product engagement
C05508,Enterprise,Month-to-month,PayPal,UK,Finance,0.631,2,0,3.72,0,5,0.3464984296528811,Medium,199,68.95318750092333,Month-to-month contract + Low feature adoption,Product training / onboarding + Renewal / contract intervention
C05509,Enterprise,1-Year,Credit Card,Canada,Manufacturing,0.783,4,3,5.0,0,16,0.15156014276563945,Low,199,30.16046841036225,High support activity,Priority support review
C05511,Basic,1-Year,PayPal,India,Nonprofit,0.635,5,3,2.8,0,8,0.3764735771233966,Medium,29,10.917733736578501,Low satisfaction + High support activity,Customer success outreach + Priority support review
C05512,Enterprise,1-Year,Manual Invoice,India,Marketing/Agency,0.499,1,0,4.42,1,35,0.5158725866923282,Medium,199,102.65864475177331,Billing friction + Inactivity + Low feature adoption,Resolve billing issue + Launch re-engagement campaign + Product training / onboarding
C05513,Enterprise,Month-to-month,PayPal,USA,Education,0.557,1,1,3.24,0,5,0.532052559929731,Medium,199,105.87845942601646,Month-to-month contract + Low feature adoption,Product training / onboarding + Renewal / contract intervention
C05514,Pro,1-Year,Credit Card,Germany,Education,0.615,2,1,3.65,0,16,0.3004846060522763,Medium,79,23.738283878129828,Low feature adoption,Product training / onboarding
C05515,Pro,Month-to-month,Manual Invoice,USA,Healthcare,1.0,3,0,3.99,0,0,0.101612424707273,Low,79,8.027381551874567,Month-to-month contract,Renewal / contract intervention
C05516,Basic,Month-to-month,ACH/Bank Transfer,India,Marketing/Agency,0.785,2,0,3.66,0,5,0.32043708352431705,Medium,29,9.292675422205194,Month-to-month contract + Low feature adoption,Product training / onboarding + Renewal / contract intervention
C05517,Enterprise,Month-to-month,Credit Card,USA,Manufacturing,0.863,3,2,5.0,2,8,0.569106905197944,Medium,199,113.25227413439086,Billing friction + Month-to-month contract,Resolve billing issue + Renewal / contract intervention
C05518,Enterprise,1-Year,Credit Card,India,Education,0.212,3,1,4.66,2,5,0.7179262935323046,High,199,142.86733241292862,Low engagement + Billing friction,Resolve billing issue + Increase product engagement
C05520,Basic,2-Year,ACH/Bank Transfer,Germany,Nonprofit,0.305,4,4,3.43,0,20,0.5631121463136474,Medium,29,16.330252243095774,Low engagement + High support activity,Increase product engagement + Priority support review
C05521,Pro,1-Year,ACH/Bank Transfer,USA,SaaS/Tech,0.681,6,0,5.0,0,5,0.05151601136117158,Low,79,4.069764897532555,No major warning signal,Standard customer success monitoring
C05522,Enterprise,Month-to-month,PayPal,Canada,SaaS/Tech,0.847,1,1,2.35,0,23,0.6341149970554301,High,199,126.18888441403058,Low satisfaction + Month-to-month contract + Low feature adoption,Customer success outreach + Product training / onboarding + Renewal / contract intervention
C05525,Pro,2-Year,ACH/Bank Transfer,UK,SaaS/Tech,0.224,1,1,3.14,0,13,0.6120426508894681,High,79,48.35136942026798,Low engagement + Low feature adoption,Increase product engagement + Product training / onboarding
C05526,Pro,Month-to-month,Credit Card,Germany,Finance,0.21,8,0,3.86,1,7,0.4241613888278114,Medium,79,33.5087497173971,Low engagement + Billing friction + Month-to-month contract,Resolve billing issue + Increase product engagement + Renewal / contract intervention
C05527,Pro,Month-to-month,Credit Card,UK,Education,0.182,3,0,3.47,1,3,0.760756545547797,High,79,60.09976709827597,Low engagement + Billing friction + Month-to-month contract,Resolve billing issue + Increase product engagement + Renewal / contract intervention
C05528,Basic,Month-to-month,ACH/Bank Transfer,UK,Manufacturing,0.049,2,0,3.98,0,3,0.5577012193646711,Medium,29,16.17333536157546,Low engagement + Month-to-month contract + Low feature adoption,Increase product engagement + Product training / onboarding + Renewal / contract intervention
C05529,Basic,1-Year,Credit Card,USA,Healthcare,0.045,4,1,3.29,0,12,0.48124915574492766,Medium,29,13.956225516602903,Low engagement,Increase product engagement
C05530,Pro,Month-to-month,ACH/Bank Transfer,USA,Manufacturing,0.72,4,1,3.05,1,2,0.5643691301301224,Medium,79,44.585161280279664,Billing friction + Month-to-month contract,Resolve billing issue + Renewal / contract intervention
C05531,Pro,Month-to-month,ACH/Bank Transfer,USA,Education,0.907,4,4,4.52,0,5,0.2932002994888121,Low,79,23.162823659616155,High support activity + Month-to-month contract,Priority support review + Renewal / contract intervention
C05532,Basic,Month-to-month,PayPal,UK,Finance,0.96,3,2,5.0,2,5,0.5610672740885112,Medium,29,16.270950948566824,Billing friction + Month-to-month contract,Resolve billing issue + Renewal / contract intervention
C05533,Enterprise,2-Year,Credit Card,UK,Nonprofit,1.0,6,2,5.0,1,5,0.11225943305282751,Low,199,22.339627177512675,Billing friction,Resolve billing issue
C05534,Basic,Month-to-month,Credit Card,USA,Healthcare,1.0,2,2,5.0,0,5,0.15759317398661313,Low,29,4.570202045611781,Month-to-month contract + Low feature adoption,Product training / onboarding + Renewal / contract intervention
C05535,Enterprise,2-Year,PayPal,UK,Education,0.794,5,1,3.27,0,5,0.14699220517821734,Low,199,29.25144883046525,No major warning signal,Standard customer success monitoring
C05536,Pro,Month-to-month,Credit Card,USA,Manufacturing,0.661,3,1,3.31,2,0,0.7826522550701568,High,79,61.82952815054239,Billing friction + Month-to-month contract,Resolve billing issue + Renewal / contract intervention
C05538,Basic,2-Year,ACH/Bank Transfer,Germany,Finance,0.775,2,1,4.61,0,13,0.12826695901768462,Low,29,3.7197418115128538,Low feature adoption,Product training / onboarding
C05539,Pro,2-Year,Manual Invoice,UK,Marketing/Agency,1.0,3,1,3.12,0,1,0.14088410828019218,Low,79,11.129844554135182,No major warning signal,Standard customer success monitoring
C05540,Basic,2-Year,ACH/Bank Transfer,Germany,Education,0.224,7,2,4.31,1,43,0.5144506968880872,Medium,29,14.919070209754528,Low engagement + Billing friction + Inactivity,Resolve billing issue + Increase product engagement + Launch re-engagement campaign
C05541,Pro,1-Year,PayPal,Germany,Education,0.449,8,1,5.0,0,34,0.09329653023989597,Low,79,7.3704258889517815,Inactivity,Launch re-engagement campaign
C05542,Basic,2-Year,ACH/Bank Transfer,Germany,Manufacturing,0.663,2,1,4.55,0,13,0.14485542201305815,Low,29,4.200807238378687,Low feature adoption,Product training / onboarding
C05543,Basic,2-Year,Credit Card,UK,E-commerce,0.831,6,0,2.22,0,2,0.14659364542694503,Low,29,4.251215717381406,Low satisfaction,Customer success outreach
C05544,Basic,1-Year,ACH/Bank Transfer,Germany,SaaS/Tech,0.742,1,1,2.41,0,3,0.4086211464307367,Medium,29,11.850013246491365,Low satisfaction + Low feature adoption,Customer success outreach + Product training / onboarding
C05545,Pro,2-Year,PayPal,India,Finance,0.453,3,2,3.65,0,5,0.332030791582263,Medium,79,26.230432534998776,No major warning signal,Standard customer success monitoring
C05546,Pro,Month-to-month,Credit Card,USA,Nonprofit,0.403,6,1,2.69,1,12,0.7197529216201947,High,79,56.86048080799538,Low satisfaction + Billing friction + Month-to-month contract,Resolve billing issue + Customer success outreach + Renewal / contract intervention
C05549,Enterprise,Month-to-month,Manual Invoice,India,Marketing/Agency,0.359,6,1,5.0,0,25,0.20950043404476829,Low,199,41.69058637490889,Low engagement + Month-to-month contract,Increase product engagement + Renewal / contract intervention
C05552,Pro,Month-to-month,Credit Card,Germany,Healthcare,0.682,7,1,3.61,1,17,0.3828639898961108,Medium,79,30.246255201792753,Billing friction + Month-to-month contract,Resolve billing issue + Renewal / contract intervention
C05553,Enterprise,Month-to-month,Credit Card,India,Education,0.926,4,2,5.0,0,8,0.1411738997127482,Low,199,28.093606042836896,Month-to-month contract,Renewal / contract intervention
C05554,Basic,1-Year,PayPal,Australia,Marketing/Agency,0.622,5,1,3.6,2,17,0.6833093318121133,High,29,19.815970622551283,Billing friction,Resolve billing issue
C05555,Pro,Month-to-month,Credit Card,India,Education,0.736,4,1,4.67,0,1,0.16938976100835723,Low,79,13.381791119660221,Month-to-month contract,Renewal / contract intervention
C05557,Basic,1-Year,Manual Invoice,Australia,Education,0.785,3,1,3.77,1,9,0.33453752366288636,Medium,29,9.701588186223704,Billing friction,Resolve billing issue
C05559,Enterprise,Month-to-month,Manual Invoice,Canada,SaaS/Tech,0.624,5,0,3.35,1,13,0.44326940303088574,Medium,199,88.21061120314626,Billing friction + Month-to-month contract,Resolve billing issue + Renewal / contract intervention
C05560,Basic,Month-to-month,Credit Card,Germany,Marketing/Agency,0.577,1,2,4.27,0,2,0.4406177296740261,Medium,29,12.777914160546757,Month-to-month contract + Low feature adoption,Product training / onboarding + Renewal / contract intervention
C05561,Pro,Month-to-month,Credit Card,Canada,SaaS/Tech,0.49,2,2,5.0,1,4,0.6053062238673415,High,79,47.819191685519975,Billing friction + Month-to-month contract + Low feature adoption,Resolve billing issue + Product training / onboarding + Renewal / contract intervention
C05562,Basic,1-Year,Manual Invoice,UK,E-commerce,0.636,4,1,4.34,0,1,0.11162430656004275,Low,29,3.23710489024124,No major warning signal,Standard customer success monitoring
C05564,Pro,Month-to-month,Manual Invoice,Canada,E-commerce,0.705,3,2,5.0,2,21,0.6981359464799782,High,79,55.15273977191828,Billing friction + Month-to-month contract,Resolve billing issue + Renewal / contract intervention
C05566,Basic,1-Year,Credit Card,Canada,Nonprofit,0.779,6,3,4.04,2,3,0.5645277779571203,Medium,29,16.37130556075649,Billing friction + High support activity,Resolve billing issue + Priority support review
C05567,Pro,Month-to-month,Manual Invoice,Canada,Marketing/Agency,0.4,4,0,2.1,0,2,0.5453982802849935,Medium,79,43.08646414251449,Low satisfaction + Month-to-month contract,Customer success outreach + Renewal / contract intervention
C05569,Basic,Month-to-month,Credit Card,UK,Manufacturing,0.941,5,3,3.46,0,0,0.270829579716631,Low,29,7.854057811782299,High support activity + Month-to-month contract,Priority support review + Renewal / contract intervention
C05570,Pro,1-Year,Manual Invoice,Canada,Nonprofit,0.754,4,0,5.0,0,8,0.05788168023252662,Low,79,4.572652738369603,No major warning signal,Standard customer success monitoring
C05572,Pro,Month-to-month,Credit Card,USA,Finance,0.526,3,1,3.17,0,4,0.4808393214216754,Medium,79,37.98630639231236,Month-to-month contract,Renewal / contract intervention
C05573,Pro,Month-to-month,PayPal,India,SaaS/Tech,0.455,5,0,2.86,0,15,0.42346928648201987,Medium,79,33.45407363207957,Low satisfaction + Month-to-month contract,Customer success outreach + Renewal / contract intervention
C05574,Pro,Month-to-month,Manual Invoice,USA,Finance,0.627,2,0,2.67,1,17,0.6984620186448596,High,79,55.178499472943905,Low satisfaction + Billing friction + Month-to-month contract + Low feature adoption,Resolve billing issue + Customer success outreach + Product training / onboarding + Renewal / contract intervention
C05575,Pro,1-Year,Credit Card,India,Finance,0.418,2,1,5.0,2,51,0.8138193866295519,High,79,64.2917315437346,Billing friction + Inactivity + Low feature adoption,Resolve billing issue + Launch re-engagement campaign + Product training / onboarding
C05576,Basic,Month-to-month,ACH/Bank Transfer,USA,SaaS/Tech,0.703,4,0,4.47,1,1,0.3062719623988884,Medium,29,8.881886909567763,Billing friction + Month-to-month contract,Resolve billing issue + Renewal / contract intervention
C05577,Pro,Month-to-month,Manual Invoice,India,Marketing/Agency,0.465,4,0,4.9,1,44,0.5097684414306829,Medium,79,40.27170687302395,Billing friction + Inactivity + Month-to-month contract,Resolve billing issue + Launch re-engagement campaign + Renewal / contract intervention
C05578,Enterprise,Month-to-month,Credit Card,USA,Marketing/Agency,0.152,5,0,5.0,0,6,0.25076712227548176,Low,199,49.90265733282087,Low engagement + Month-to-month contract,Increase product engagement + Renewal / contract intervention
C05580,Pro,1-Year,Credit Card,India,Marketing/Agency,0.563,2,1,2.17,0,24,0.642463346673388,High,79,50.75460438719765,Low satisfaction + Low feature adoption,Customer success outreach + Product training / onboarding
C05582,Pro,1-Year,Credit Card,UK,Education,0.449,5,1,3.12,0,2,0.3094521486760175,Medium,79,24.44671974540538,No major warning signal,Standard customer success monitoring
C05583,Pro,1-Year,Credit Card,India,Healthcare,0.924,1,3,4.45,0,29,0.31847519368536414,Medium,79,25.159540301143767,High support activity + Low feature adoption,Product training / onboarding + Priority support review
C05584,Basic,1-Year,Credit Card,Germany,Healthcare,0.529,6,3,4.59,0,17,0.1697733872786549,Low,29,4.923428231080992,High support activity,Priority support review
C05585,Basic,1-Year,ACH/Bank Transfer,USA,Education,0.46,4,1,5.0,0,4,0.13209648832554408,Low,29,3.8307981614407782,No major warning signal,Standard customer success monitoring
C05586,Enterprise,Month-to-month,Credit Card,USA,Healthcare,0.363,3,1,3.83,2,12,0.8507723532116945,High,199,169.30369828912723,Low engagement + Billing friction + Month-to-month contract,Resolve billing issue + Increase product engagement + Renewal / contract intervention
C05588,Pro,Month-to-month,PayPal,Canada,Nonprofit,0.383,3,1,3.75,0,11,0.5119443726282551,Medium,79,40.44360543763215,Low engagement + Month-to-month contract,Increase product engagement + Renewal / contract intervention
C05590,Basic,Month-to-month,Credit Card,USA,Finance,0.318,7,3,4.2,0,1,0.3338028100726506,Medium,29,9.680281492106868,Low engagement + High support activity + Month-to-month contract,Increase product engagement + Priority support review + Renewal / contract intervention
C05591,Basic,2-Year,Manual Invoice,UK,Manufacturing,0.564,1,3,3.49,2,5,0.807522921240766,High,29,23.418164715982215,Billing friction + High support activity + Low feature adoption,Resolve billing issue + Product training / onboarding + Priority support review
C05592,Enterprise,Month-to-month,Credit Card,Germany,Finance,0.359,5,0,3.02,1,4,0.6039745412282327,High,199,120.1909337044183,Low engagement + Billing friction + Month-to-month contract,Resolve billing issue + Increase product engagement + Renewal / contract intervention
C05593,Basic,1-Year,ACH/Bank Transfer,Germany,Finance,0.5,4,0,1.92,0,58,0.6293067203528304,High,29,18.24989489023208,Low satisfaction + Inactivity,Customer success outreach + Launch re-engagement campaign
C05594,Pro,1-Year,Credit Card,Australia,Nonprofit,0.44,7,0,3.23,0,5,0.18819746965944942,Low,79,14.867600103096503,No major warning signal,Standard customer success monitoring
C05596,Pro,1-Year,Credit Card,India,SaaS/Tech,0.672,8,2,3.78,0,2,0.11062833592824409,Low,79,8.739638538331283,No major warning signal,Standard customer success monitoring
C05597,Basic,Month-to-month,Credit Card,USA,Finance,0.151,2,0,3.36,0,11,0.6202827133491569,High,29,17.98819868712555,Low engagement + Month-to-month contract + Low feature adoption,Increase product engagement + Product training / onboarding + Renewal / contract intervention
C05600,Basic,Month-to-month,Manual Invoice,Germany,Nonprofit,0.471,7,0,3.51,0,3,0.14295806088181354,Low,29,4.145783765572593,Month-to-month contract,Renewal / contract intervention
C05601,Pro,2-Year,PayPal,UK,Nonprofit,0.366,3,1,4.35,0,28,0.3298377179216758,Medium,79,26.05717971581239,Low engagement,Increase product engagement
C05602,Pro,2-Year,ACH/Bank Transfer,Canada,Healthcare,0.246,5,1,3.46,0,2,0.3061492298973485,Medium,79,24.185789161890533,Low engagement,Increase product engagement
C05604,Enterprise,Month-to-month,Credit Card,India,Finance,0.734,2,0,5.0,0,47,0.2943422705814398,Low,199,58.57411184570652,Inactivity + Month-to-month contract + Low feature adoption,Launch re-engagement campaign + Product training / onboarding + Renewal / contract intervention
C05605,Pro,Month-to-month,Credit Card,Canada,SaaS/Tech,0.438,5,1,2.64,0,18,0.5809430309298153,Medium,79,45.8944994434554,Low satisfaction + Month-to-month contract,Customer success outreach + Renewal / contract intervention
C05606,Pro,Month-to-month,Credit Card,India,Finance,0.506,5,2,5.0,1,20,0.5107383860376735,Medium,79,40.348332496976205,Billing friction + Month-to-month contract,Resolve billing issue + Renewal / contract intervention
C05607,Basic,Month-to-month,Credit Card,India,SaaS/Tech,0.527,4,3,4.78,0,1,0.30571069107663684,Medium,29,8.86561004122247,High support activity + Month-to-month contract,Priority support review + Renewal / contract intervention
C05609,Basic,2-Year,ACH/Bank Transfer,India,Nonprofit,0.894,7,0,4.31,2,53,0.3773024183572212,Medium,29,10.941770132359416,Billing friction + Inactivity,Resolve billing issue + Launch re-engagement campaign
C05612,Pro,Month-to-month,PayPal,USA,E-commerce,0.537,4,0,5.0,2,0,0.5282770577026378,Medium,79,41.733887558508385,Billing friction + Month-to-month contract,Resolve billing issue + Renewal / contract intervention
C05613,Enterprise,Month-to-month,Credit Card,USA,Manufacturing,0.594,3,1,4.72,1,3,0.40436857712164426,Medium,199,80.4693468472072,Billing friction + Month-to-month contract,Resolve billing issue + Renewal / contract intervention
C05614,Basic,1-Year,Credit Card,Australia,E-commerce,0.432,1,0,3.8,0,16,0.40042032756324003,Medium,29,11.612189499333962,Low feature adoption,Product training / onboarding
C05615,Pro,2-Year,PayPal,USA,E-commerce,0.326,4,2,3.38,1,6,0.6067363399420802,High,79,47.93217085542434,Low engagement + Billing friction,Resolve billing issue + Increase product engagement
C05616,Basic,Month-to-month,PayPal,Australia,E-commerce,0.749,6,2,4.35,0,8,0.19629425154974497,Low,29,5.692533294942605,Month-to-month contract,Renewal / contract intervention
C05617,Basic,Month-to-month,Credit Card,USA,Finance,0.559,2,0,4.16,1,4,0.5231960665768104,Medium,29,15.172685930727502,Billing friction + Month-to-month contract + Low feature adoption,Resolve billing issue + Product training / onboarding + Renewal / contract intervention
C05619,Pro,Month-to-month,Credit Card,India,Marketing/Agency,0.648,2,1,5.0,0,26,0.3460016626898487,Medium,79,27.334131352498048,Month-to-month contract + Low feature adoption,Product training / onboarding + Renewal / contract intervention
C05620,Basic,1-Year,Credit Card,Australia,Education,0.496,1,2,3.82,2,2,0.8373508652038749,High,29,24.283175090912373,Billing friction + Low feature adoption,Resolve billing issue + Product training / onboarding
C05621,Enterprise,Month-to-month,Manual Invoice,Germany,E-commerce,0.522,6,0,3.28,2,3,0.5918697042773816,Medium,199,117.78207115119893,Billing friction + Month-to-month contract,Resolve billing issue + Renewal / contract intervention
C05622,Pro,1-Year,Credit Card,USA,Finance,0.242,5,0,4.9,1,16,0.3271632590540579,Medium,79,25.845897465270575,Low engagement + Billing friction,Resolve billing issue + Increase product engagement
C05624,Enterprise,2-Year,Credit Card,UK,SaaS/Tech,0.02,2,2,5.0,0,14,0.41073744442015603,Medium,199,81.73675143961106,Low engagement + Low feature adoption,Increase product engagement + Product training / onboarding
C05626,Pro,1-Year,Credit Card,India,Marketing/Agency,0.45,5,1,4.29,0,15,0.21272575186370551,Low,79,16.805334397232734,No major warning signal,Standard customer success monitoring
C05628,Basic,Month-to-month,PayPal,USA,Nonprofit,0.898,3,3,4.15,0,10,0.30776064688358934,Medium,29,8.925058759624092,High support activity + Month-to-month contract,Priority support review + Renewal / contract intervention
C05629,Pro,Month-to-month,Credit Card,USA,Healthcare,0.859,5,0,3.41,1,26,0.4432854117716192,Medium,79,35.01954752995791,Billing friction + Month-to-month contract,Resolve billing issue + Renewal / contract intervention
C05630,Basic,2-Year,PayPal,USA,E-commerce,0.335,7,2,3.5,0,10,0.22509564266092047,Low,29,6.5277736371666935,Low engagement,Increase product engagement
C05631,Pro,1-Year,Credit Card,USA,Manufacturing,0.377,6,2,3.07,0,17,0.3595541532203659,Medium,79,28.404778104408905,Low engagement,Increase product engagement
C05632,Pro,Month-to-month,Credit Card,India,Marketing/Agency,0.074,3,4,2.8,0,4,0.8777653799109775,High,79,69.34346501296721,Low engagement + Low satisfaction + High support activity + Month-to-month contract,Customer success outreach + Increase product engagement + Priority support review + Renewal / contract intervention
C05634,Pro,1-Year,Manual Invoice,USA,Nonprofit,0.107,6,2,3.81,0,16,0.32881266867830694,Medium,79,25.976200825586247,Low engagement,Increase product engagement
C05635,Basic,Month-to-month,Credit Card,USA,Nonprofit,0.786,2,2,2.59,1,2,0.7540730774953918,High,29,21.868119247366362,Low satisfaction + Billing friction + Month-to-month contract + Low feature adoption,Resolve billing issue + Customer success outreach + Product training / onboarding + Renewal / contract intervention
C05636,Pro,1-Year,ACH/Bank Transfer,India,Nonprofit,0.663,2,2,4.34,2,21,0.7718295247000521,High,79,60.974532451304114,Billing friction + Low feature adoption,Resolve billing issue + Product training / onboarding
C05637,Enterprise,2-Year,Credit Card,USA,Finance,0.577,4,2,3.9,0,17,0.24807340106778936,Low,199,49.36660681249008,No major warning signal,Standard customer success monitoring
C05638,Pro,Month-to-month,PayPal,Germany,Healthcare,0.748,3,1,3.86,0,0,0.23093674933296587,Low,79,18.244003197304306,Month-to-month contract,Renewal / contract intervention
C05639,Enterprise,1-Year,Credit Card,USA,Education,0.83,3,3,4.25,2,9,0.6533186339185336,High,199,130.0104081497882,Billing friction + High support activity,Resolve billing issue + Priority support review
C05640,Enterprise,1-Year,Credit Card,UK,Manufacturing,0.538,0,0,3.56,0,25,0.43899578499941877,Medium,199,87.36016121488433,Low feature adoption,Product training / onboarding
C05644,Enterprise,1-Year,Manual Invoice,Germany,SaaS/Tech,0.506,3,1,3.22,0,8,0.24595478950119612,Low,199,48.94500311073803,No major warning signal,Standard customer success monitoring
C05645,Basic,1-Year,Credit Card,India,Nonprofit,0.509,2,1,2.1,0,3,0.5464552422959386,Medium,29,15.847202026582218,Low satisfaction + Low feature adoption,Customer success outreach + Product training / onboarding
C05646,Pro,2-Year,ACH/Bank Transfer,India,Healthcare,0.237,1,0,4.25,0,23,0.39417432006286324,Medium,79,31.139771284966194,Low engagement + Low feature adoption,Increase product engagement + Product training / onboarding
C05647,Pro,Month-to-month,ACH/Bank Transfer,UK,E-commerce,0.451,3,0,3.63,0,1,0.41737153548817346,Medium,79,32.9723513035657,Month-to-month contract,Renewal / contract intervention
C05648,Basic,2-Year,Credit Card,Germany,E-commerce,0.251,1,1,4.88,1,1,0.45386092813887075,Medium,29,13.161966916027252,Low engagement + Billing friction + Low feature adoption,Resolve billing issue + Increase product engagement + Product training / onboarding
C05649,Basic,Month-to-month,ACH/Bank Transfer,USA,SaaS/Tech,0.626,5,3,3.42,1,11,0.6833760813338569,High,29,19.81790635868185,Billing friction + High support activity + Month-to-month contract,Resolve billing issue + Priority support review + Renewal / contract intervention
C05651,Pro,Month-to-month,Manual Invoice,Canada,Nonprofit,0.789,2,1,4.93,0,11,0.18844782422143969,Low,79,14.887378113493735,Month-to-month contract + Low feature adoption,Product training / onboarding + Renewal / contract intervention
C05652,Basic,2-Year,Manual Invoice,India,SaaS/Tech,0.403,8,1,2.62,1,2,0.314359258449472,Medium,29,9.116418495034688,Low satisfaction + Billing friction,Resolve billing issue + Customer success outreach
C05653,Basic,1-Year,Credit Card,USA,SaaS/Tech,0.771,3,2,4.76,1,16,0.3253781098995398,Medium,29,9.435965187086655,Billing friction,Resolve billing issue
C05654,Pro,Month-to-month,Credit Card,USA,Manufacturing,0.697,5,3,2.92,0,24,0.5358638184247662,Medium,79,42.33324165555653,Low satisfaction + High support activity + Month-to-month contract,Customer success outreach + Priority support review + Renewal / contract intervention
C05655,Pro,1-Year,Credit Card,USA,SaaS/Tech,0.675,7,1,4.43,1,2,0.15695113840475275,Low,79,12.399139933975468,Billing friction,Resolve billing issue
C05656,Basic,1-Year,Credit Card,Germany,SaaS/Tech,0.51,0,1,4.26,2,6,0.7323505875282007,High,29,21.23816703831782,Billing friction + Low feature adoption,Resolve billing issue + Product training / onboarding
C05657,Basic,1-Year,PayPal,Australia,SaaS/Tech,0.463,3,2,4.27,2,0,0.7095991076669285,High,29,20.578374122340925,Billing friction,Resolve billing issue
C05658,Basic,Month-to-month,Credit Card,USA,Manufacturing,0.635,7,0,4.41,0,11,0.09961935431327032,Low,29,2.8889612750848395,Month-to-month contract,Renewal / contract intervention
C05659,Basic,2-Year,Credit Card,India,Education,0.809,1,1,2.74,1,2,0.5324434052545703,Medium,29,15.44085875238254,Low satisfaction + Billing friction + Low feature adoption,Resolve billing issue + Customer success outreach + Product training / onboarding
C05660,Basic,2-Year,ACH/Bank Transfer,UK,Finance,0.304,4,0,5.0,0,15,0.16052698842878704,Low,29,4.655282664434824,Low engagement,Increase product engagement
C05661,Pro,Month-to-month,Credit Card,UK,E-commerce,0.62,6,3,2.94,1,26,0.7969801599489071,High,79,62.96143263596366,Low satisfaction + Billing friction + High support activity + Month-to-month contract,Resolve billing issue + Customer success outreach + Priority support review + Renewal / contract intervention
C05662,Basic,2-Year,ACH/Bank Transfer,USA,Finance,0.53,3,1,3.78,0,2,0.22289368684183244,Low,29,6.463916918413141,No major warning signal,Standard customer success monitoring
C05663,Pro,1-Year,Credit Card,UK,SaaS/Tech,0.148,7,1,3.76,1,10,0.5053766094856459,Medium,79,39.92475214936603,Low engagement + Billing friction,Resolve billing issue + Increase product engagement
C05668,Enterprise,Month-to-month,ACH/Bank Transfer,Canada,SaaS/Tech,0.554,3,0,4.38,0,9,0.2792966212967969,Low,199,55.58002763806258,Month-to-month contract,Renewal / contract intervention
C05669,Enterprise,Month-to-month,Credit Card,India,Manufacturing,0.719,5,3,5.0,2,6,0.6080279031491747,High,199,120.99755272668575,Billing friction + High support activity + Month-to-month contract,Resolve billing issue + Priority support review + Renewal / contract intervention
C05670,Basic,1-Year,Manual Invoice,Germany,E-commerce,0.301,4,1,3.6,0,3,0.22513561772222432,Low,29,6.528932913944505,Low engagement,Increase product engagement
C05671,Enterprise,1-Year,Credit Card,India,E-commerce,0.845,3,2,4.65,0,16,0.15990270115174146,Low,199,31.82063752919655,No major warning signal,Standard customer success monitoring
C05672,Basic,Month-to-month,PayPal,UK,SaaS/Tech,0.594,3,1,3.17,0,7,0.4559391286446046,Medium,29,13.222234730693534,Month-to-month contract,Renewal / contract intervention
C05673,Basic,Month-to-month,Credit Card,Australia,Manufacturing,0.709,3,0,3.56,1,5,0.5026652936576156,Medium,29,14.577293516070853,Billing friction + Month-to-month contract,Resolve billing issue + Renewal / contract intervention
C05674,Basic,Month-to-month,Credit Card,UK,E-commerce,0.531,5,0,5.0,0,5,0.14667275040122554,Low,29,4.253509761635541,Month-to-month contract,Renewal / contract intervention
C05675,Basic,Month-to-month,Credit Card,Germany,Marketing/Agency,0.081,4,0,4.81,1,4,0.541361427590625,Medium,29,15.699481400128125,Low engagement + Billing friction + Month-to-month contract,Resolve billing issue + Increase product engagement + Renewal / contract intervention
C05677,Enterprise,Month-to-month,PayPal,Canada,Marketing/Agency,0.701,4,2,3.68,0,19,0.4360811976029551,Medium,199,86.78015832298807,Month-to-month contract,Renewal / contract intervention
C05678,Basic,2-Year,Credit Card,Germany,Finance,0.859,7,2,4.39,1,33,0.19822063547350652,Low,29,5.748398428731689,Billing friction + Inactivity,Resolve billing issue + Launch re-engagement campaign
C05679,Pro,Month-to-month,PayPal,USA,Healthcare,1.0,5,2,2.69,0,23,0.3609968555839916,Medium,79,28.518751591135334,Low satisfaction + Month-to-month contract,Customer success outreach + Renewal / contract intervention
C05680,Pro,Month-to-month,Credit Card,UK,SaaS/Tech,0.375,3,0,3.94,1,3,0.6209432690430563,High,79,49.05451825440145,Low engagement + Billing friction + Month-to-month contract,Resolve billing issue + Increase product engagement + Renewal / contract intervention
C05681,Enterprise,Month-to-month,PayPal,India,E-commerce,0.828,4,3,4.32,0,11,0.29075606812469956,Low,199,57.86045755681521,High support activity + Month-to-month contract,Priority support review + Renewal / contract intervention
C05682,Pro,Month-to-month,Credit Card,Canada,Nonprofit,0.393,7,5,3.49,0,16,0.6536334613961691,High,79,51.637043450297355,Low engagement + High support activity + Month-to-month contract,Increase product engagement + Priority support review + Renewal / contract intervention
C05683,Basic,1-Year,Credit Card,Australia,Education,0.641,5,0,4.08,0,2,0.1118619222332873,Low,29,3.2439957447653316,No major warning signal,Standard customer success monitoring
C05684,Basic,Month-to-month,PayPal,UK,SaaS/Tech,1.0,4,1,4.57,0,6,0.12050442681023606,Low,29,3.494628377496846,Month-to-month contract,Renewal / contract intervention
C05685,Enterprise,2-Year,ACH/Bank Transfer,Germany,Healthcare,0.468,5,3,4.47,2,23,0.6722213390324187,High,199,133.7720464674513,Billing friction + High support activity,Resolve billing issue + Priority support review
C05686,Basic,Month-to-month,ACH/Bank Transfer,Germany,Marketing/Agency,0.625,3,2,4.46,0,7,0.32995981673133234,Medium,29,9.568834685208637,Month-to-month contract,Renewal / contract intervention
C05687,Pro,2-Year,ACH/Bank Transfer,Germany,Healthcare,0.464,2,1,3.08,2,7,0.8000994836885472,High,79,63.20785921139523,Billing friction + Low feature adoption,Resolve billing issue + Product training / onboarding
C05689,Pro,1-Year,ACH/Bank Transfer,Germany,Nonprofit,0.503,2,3,3.25,0,0,0.4966060210791213,Medium,79,39.231875665250584,High support activity + Low feature adoption,Product training / onboarding + Priority support review
C05690,Enterprise,Month-to-month,Credit Card,USA,Marketing/Agency,0.855,3,1,3.35,0,0,0.3057518222059615,Medium,199,60.84461261898633,Month-to-month contract,Renewal / contract intervention
C05691,Basic,Month-to-month,Credit Card,USA,Finance,0.711,5,3,4.5,1,12,0.49501905272326857,Medium,29,14.355552528974789,Billing friction + High support activity + Month-to-month contract,Resolve billing issue + Priority support review + Renewal / contract intervention
C05692,Basic,Month-to-month,Credit Card,USA,Education,0.875,3,2,4.87,0,10,0.1956510054507083,Low,29,5.67387915807054,Month-to-month contract,Renewal / contract intervention
C05696,Basic,1-Year,Credit Card,India,E-commerce,0.717,2,1,4.49,0,3,0.1646108155807246,Low,29,4.773713651841013,Low feature adoption,Product training / onboarding
C05697,Pro,2-Year,Credit Card,USA,Nonprofit,0.159,3,0,4.49,0,15,0.2652394914910361,Low,79,20.95391982779185,Low engagement,Increase product engagement
C05698,Basic,1-Year,Manual Invoice,Germany,Finance,0.656,3,1,5.0,1,1,0.16925550228590489,Low,29,4.908409566291241,Billing friction,Resolve billing issue
C05699,Basic,2-Year,ACH/Bank Transfer,Germany,Manufacturing,0.635,10,2,4.3,0,18,0.054415498236620986,Low,29,1.5780494488620087,No major warning signal,Standard customer success monitoring
C05700,Basic,1-Year,ACH/Bank Transfer,Australia,Finance,0.713,7,3,1.53,0,12,0.5039776027272691,Medium,29,14.615350479090804,Low satisfaction + High support activity,Customer success outreach + Priority support review
C05701,Basic,2-Year,PayPal,UK,Marketing/Agency,0.295,7,3,3.83,1,56,0.7202949563923853,High,29,20.888553735379173,Low engagement + Billing friction + High support activity + Inactivity,Resolve billing issue + Increase product engagement + Launch re-engagement campaign + Priority support review
C05702,Basic,1-Year,Credit Card,UK,Education,0.591,2,2,2.61,1,5,0.742874238421786,High,29,21.543352914231793,Low satisfaction + Billing friction + Low feature adoption,Resolve billing issue + Customer success outreach + Product training / onboarding
C05703,Pro,Month-to-month,PayPal,USA,E-commerce,0.885,5,1,4.25,1,4,0.26582222964987956,Low,79,20.999956142340487,Billing friction + Month-to-month contract,Resolve billing issue + Renewal / contract intervention
C05704,Basic,Month-to-month,ACH/Bank Transfer,Canada,Healthcare,0.499,4,1,5.0,0,4,0.2201552699377984,Low,29,6.384502828196154,Month-to-month contract,Renewal / contract intervention
C05705,Enterprise,1-Year,Credit Card,India,E-commerce,0.609,6,1,5.0,2,31,0.4738885828919488,Medium,199,94.30382799549781,Billing friction + Inactivity,Resolve billing issue + Launch re-engagement campaign
C05706,Pro,Month-to-month,Credit Card,Australia,Education,0.508,2,2,2.63,1,5,0.8632901532018893,High,79,68.19992210294926,Low satisfaction + Billing friction + Month-to-month contract + Low feature adoption,Resolve billing issue + Customer success outreach + Product training / onboarding + Renewal / contract intervention
C05708,Pro,Month-to-month,PayPal,Germany,Education,0.833,3,4,4.98,1,18,0.5407001728735545,Medium,79,42.71531365701081,Billing friction + High support activity + Month-to-month contract,Resolve billing issue + Priority support review + Renewal / contract intervention
C05711,Pro,1-Year,PayPal,UK,SaaS/Tech,0.501,6,0,3.98,1,13,0.3000610004476597,Medium,79,23.704819035365116,Billing friction,Resolve billing issue
C05713,Enterprise,Month-to-month,Credit Card,Canada,SaaS/Tech,0.834,5,1,3.81,0,20,0.24706438201306677,Low,199,49.165812020600285,Month-to-month contract,Renewal / contract intervention
C05714,Basic,Month-to-month,Credit Card,UK,SaaS/Tech,0.191,3,1,5.0,0,3,0.369090850333982,Medium,29,10.703634659685477,Low engagement + Month-to-month contract,Increase product engagement + Renewal / contract intervention
C05715,Basic,Month-to-month,Credit Card,USA,Manufacturing,0.721,3,2,4.94,1,28,0.49554561039534983,Medium,29,14.370822701465146,Billing friction + Month-to-month contract,Resolve billing issue + Renewal / contract intervention
C05716,Basic,1-Year,Credit Card,India,Marketing/Agency,0.02,2,2,4.06,1,10,0.7860827664624289,High,29,22.796400227410437,Low engagement + Billing friction + Low feature adoption,Resolve billing issue + Increase product engagement + Product training / onboarding
C05718,Pro,1-Year,Credit Card,UK,Education,0.509,3,2,5.0,2,0,0.6227693569188318,High,79,49.198779196587715,Billing friction,Resolve billing issue
C05719,Pro,1-Year,Manual Invoice,India,Marketing/Agency,0.428,4,1,5.0,0,26,0.17328340123839095,Low,79,13.689388697832886,No major warning signal,Standard customer success monitoring
C05720,Basic,2-Year,PayPal,Australia,Finance,0.575,1,3,3.27,0,8,0.5233824946533672,Medium,29,15.178092344947649,High support activity + Low feature adoption,Product training / onboarding + Priority support review
C05721,Pro,Month-to-month,Credit Card,Canada,Education,0.875,4,0,4.46,2,15,0.5533819423252078,Medium,79,43.717173443691415,Billing friction + Month-to-month contract,Resolve billing issue + Renewal / contract intervention
C05722,Basic,Month-to-month,Credit Card,USA,Manufacturing,0.586,3,3,5.0,0,22,0.3443474947801474,Medium,29,9.986077348624276,High support activity + Month-to-month contract,Priority support review + Renewal / contract intervention
C05723,Enterprise,1-Year,Credit Card,UK,Healthcare,0.339,3,1,3.15,0,5,0.4288642391276899,Medium,199,85.34398358641029,Low engagement,Increase product engagement
C05724,Pro,1-Year,Credit Card,USA,Finance,0.079,2,2,4.93,0,32,0.5258367115927204,Medium,79,41.54110021582491,Low engagement + Inactivity + Low feature adoption,Increase product engagement + Launch re-engagement campaign + Product training / onboarding
C05725,Pro,Month-to-month,Credit Card,India,Finance,0.741,4,3,4.62,0,26,0.372056134545225,Medium,79,29.392434629072778,High support activity + Month-to-month contract,Priority support review + Renewal / contract intervention
C05727,Enterprise,Month-to-month,ACH/Bank Transfer,Germany,Healthcare,0.623,7,0,4.39,1,12,0.239272481825138,Low,199,47.61522388320246,Billing friction + Month-to-month contract,Resolve billing issue + Renewal / contract intervention
C05728,Basic,1-Year,Credit Card,UK,E-commerce,0.863,4,1,3.06,0,3,0.20657364654922014,Low,29,5.990635749927384,No major warning signal,Standard customer success monitoring
C05729,Basic,Month-to-month,Credit Card,USA,E-commerce,0.632,5,1,3.87,0,26,0.3194067829660664,Medium,29,9.262796706015925,Month-to-month contract,Renewal / contract intervention
C05732,Basic,2-Year,Credit Card,India,Education,0.527,5,1,3.44,0,33,0.29028014914232175,Low,29,8.41812432512733,Inactivity,Launch re-engagement campaign
C05733,Basic,1-Year,Credit Card,Canada,Nonprofit,0.795,5,0,4.79,0,18,0.0741302290279507,Low,29,2.1497766418105706,No major warning signal,Standard customer success monitoring
C05734,Enterprise,Month-to-month,Credit Card,India,Healthcare,0.609,4,0,2.53,0,2,0.38889079137444693,Medium,199,77.38926748351494,Low satisfaction + Month-to-month contract,Customer success outreach + Renewal / contract intervention
C05736,Enterprise,1-Year,ACH/Bank Transfer,India,Education,0.594,1,3,2.81,1,39,0.8851861608426509,High,199,176.15204600768752,Low satisfaction + Billing friction + High support activity + Inactivity + Low feature adoption,Resolve billing issue + Customer success outreach + Launch re-engagement campaign + Product training / onboarding + Priority support review
C05738,Pro,Month-to-month,Credit Card,Germany,Marketing/Agency,0.602,7,0,4.82,0,5,0.08920177660824839,Low,79,7.046940352051623,Month-to-month contract,Renewal / contract intervention
C05739,Basic,2-Year,Credit Card,Canada,Healthcare,0.456,4,1,5.0,1,2,0.24943683265456335,Low,29,7.233668146982337,Billing friction,Resolve billing issue
C05741,Basic,Month-to-month,Credit Card,Canada,Education,0.655,8,2,2.76,2,0,0.7358976755767254,High,29,21.341032591725035,Low satisfaction + Billing friction + Month-to-month contract,Resolve billing issue + Customer success outreach + Renewal / contract intervention
C05742,Enterprise,Month-to-month,Credit Card,USA,Marketing/Agency,0.581,4,3,5.0,0,21,0.3630090426104457,Medium,199,72.2387994794787,High support activity + Month-to-month contract,Priority support review + Renewal / contract intervention
C05743,Basic,Month-to-month,Credit Card,USA,Manufacturing,0.742,2,4,5.0,0,7,0.33737195458581987,Medium,29,9.783786682988776,High support activity + Month-to-month contract + Low feature adoption,Product training / onboarding + Priority support review + Renewal / contract intervention
C05744,Basic,Month-to-month,Manual Invoice,UK,Healthcare,0.653,6,2,3.8,0,12,0.23221070646019032,Low,29,6.734110487345519,Month-to-month contract,Renewal / contract intervention
C05745,Pro,1-Year,Credit Card,Canada,Nonprofit,0.828,8,1,3.88,0,18,0.09220836627105117,Low,79,7.284460935413042,No major warning signal,Standard customer success monitoring
C05746,Pro,Month-to-month,PayPal,India,Nonprofit,0.363,4,0,3.49,0,7,0.3871237003009733,Medium,79,30.582772323776894,Low engagement + Month-to-month contract,Increase product engagement + Renewal / contract intervention
C05747,Enterprise,Month-to-month,Credit Card,USA,Marketing/Agency,0.284,7,1,4.92,1,25,0.4544169985611739,Medium,199,90.4289827136736,Low engagement + Billing friction + Month-to-month contract,Resolve billing issue + Increase product engagement + Renewal / contract intervention
C05748,Basic,Month-to-month,ACH/Bank Transfer,India,E-commerce,0.697,4,2,3.09,0,7,0.4651568951824255,Medium,29,13.489549960290338,Month-to-month contract,Renewal / contract intervention
C05750,Basic,2-Year,PayPal,India,SaaS/Tech,0.559,3,1,3.13,0,23,0.34251451476266154,Medium,29,9.932920928117184,No major warning signal,Standard customer success monitoring
C05751,Pro,Month-to-month,Credit Card,Canada,Education,0.615,6,1,1.0,1,30,0.8816349423874119,High,79,69.64916044860554,Low satisfaction + Billing friction + Month-to-month contract,Resolve billing issue + Customer success outreach + Renewal / contract intervention
C05752,Basic,Month-to-month,Manual Invoice,India,SaaS/Tech,0.932,2,3,3.56,1,20,0.6372168721165875,High,29,18.479289291381036,Billing friction + High support activity + Month-to-month contract + Low feature adoption,Resolve billing issue + Product training / onboarding + Priority support review + Renewal / contract intervention
C05753,Basic,Month-to-month,PayPal,USA,Manufacturing,0.487,7,0,4.05,2,6,0.5126395442303646,Medium,29,14.866546782680574,Billing friction + Month-to-month contract,Resolve billing issue + Renewal / contract intervention
C05755,Enterprise,Month-to-month,ACH/Bank Transfer,USA,Healthcare,0.586,2,1,4.77,0,10,0.2877987312243618,Low,199,57.271947513647994,Month-to-month contract + Low feature adoption,Product training / onboarding + Renewal / contract intervention
C05756,Basic,Month-to-month,PayPal,UK,E-commerce,0.374,1,1,3.2,0,16,0.6967889859230426,High,29,20.206880591768236,Low engagement + Month-to-month contract + Low feature adoption,Increase product engagement + Product training / onboarding + Renewal / contract intervention
C05757,Enterprise,Month-to-month,ACH/Bank Transfer,UK,SaaS/Tech,0.566,7,1,4.99,1,3,0.2667100133406758,Low,199,53.07529265479448,Billing friction + Month-to-month contract,Resolve billing issue + Renewal / contract intervention
C05758,Basic,Month-to-month,Credit Card,Australia,SaaS/Tech,0.72,4,0,5.0,0,8,0.12504553666357487,Low,29,3.6263205632436715,Month-to-month contract,Renewal / contract intervention
C05759,Pro,Month-to-month,Manual Invoice,Canada,Nonprofit,0.562,7,0,3.54,0,24,0.21678356640430127,Low,79,17.1259017459398,Month-to-month contract,Renewal / contract intervention
C05761,Pro,Month-to-month,Credit Card,Germany,SaaS/Tech,0.258,4,0,4.45,0,37,0.3991522233221787,Medium,79,31.533025642452117,Low engagement + Inactivity + Month-to-month contract,Increase product engagement + Launch re-engagement campaign + Renewal / contract intervention
C05762,Pro,1-Year,Credit Card,UK,Manufacturing,0.556,1,2,4.53,1,16,0.5805173862513155,Medium,79,45.86087351385393,Billing friction + Low feature adoption,Resolve billing issue + Product training / onboarding
C05763,Basic,1-Year,PayPal,USA,Healthcare,0.792,1,4,3.94,1,0,0.5767912086986133,Medium,29,16.726945052259786,Billing friction + High support activity + Low feature adoption,Resolve billing issue + Product training / onboarding + Priority support review
C05766,Basic,Month-to-month,ACH/Bank Transfer,India,Education,0.514,6,0,2.14,0,13,0.4635483649749678,Medium,29,13.442902584274067,Low satisfaction + Month-to-month contract,Customer success outreach + Renewal / contract intervention
C05767,Enterprise,Month-to-month,ACH/Bank Transfer,USA,SaaS/Tech,0.799,5,0,3.59,2,1,0.5724596052112441,Medium,199,113.91946143703757,Billing friction + Month-to-month contract,Resolve billing issue + Renewal / contract intervention
C05768,Basic,2-Year,Credit Card,USA,Manufacturing,0.697,3,3,2.9,0,8,0.36448266226537723,Medium,29,10.56999720569594,Low satisfaction + High support activity,Customer success outreach + Priority support review
C05769,Basic,1-Year,Credit Card,UK,Education,0.639,2,1,3.94,0,11,0.2843585110015286,Low,29,8.24639681904433,Low feature adoption,Product training / onboarding
C05770,Basic,1-Year,Manual Invoice,Canada,E-commerce,0.323,2,0,4.41,0,5,0.20847697740710328,Low,29,6.045832344805995,Low engagement + Low feature adoption,Increase product engagement + Product training / onboarding
C05772,Basic,2-Year,Credit Card,UK,Healthcare,0.576,3,0,3.88,0,11,0.18289642848808457,Low,29,5.303996426154453,No major warning signal,Standard customer success monitoring
C05773,Basic,Month-to-month,Credit Card,Germany,Education,1.0,6,1,4.21,0,35,0.14336703429661188,Low,29,4.157643994601744,Inactivity + Month-to-month contract,Launch re-engagement campaign + Renewal / contract intervention
C05774,Basic,2-Year,ACH/Bank Transfer,USA,Marketing/Agency,0.643,4,4,3.58,0,24,0.45089162956682327,Medium,29,13.075857257437875,High support activity,Priority support review
C05775,Pro,Month-to-month,ACH/Bank Transfer,USA,Manufacturing,0.707,5,3,3.85,1,14,0.6012817854322806,High,79,47.501261049150166,Billing friction + High support activity + Month-to-month contract,Resolve billing issue + Priority support review + Renewal / contract intervention
C05776,Basic,2-Year,Credit Card,USA,Finance,0.385,3,2,5.0,0,5,0.18940829733324888,Low,29,5.492840622664217,Low engagement,Increase product engagement
C05777,Pro,Month-to-month,ACH/Bank Transfer,India,SaaS/Tech,0.659,5,1,3.64,1,6,0.5126588433546381,Medium,79,40.500048625016404,Billing friction + Month-to-month contract,Resolve billing issue + Renewal / contract intervention
C05778,Pro,Month-to-month,Manual Invoice,India,Manufacturing,0.365,2,1,2.02,0,17,0.7203830249006435,High,79,56.91025896715084,Low engagement + Low satisfaction + Month-to-month contract + Low feature adoption,Customer success outreach + Increase product engagement + Product training / onboarding + Renewal / contract intervention
C05779,Pro,2-Year,ACH/Bank Transfer,Australia,Healthcare,0.554,3,0,5.0,2,34,0.5850348764266717,Medium,79,46.21775523770707,Billing friction + Inactivity,Resolve billing issue + Launch re-engagement campaign
C05780,Pro,Month-to-month,Credit Card,USA,SaaS/Tech,0.835,4,1,2.42,0,7,0.4026765379766848,Medium,79,31.811446500158098,Low satisfaction + Month-to-month contract,Customer success outreach + Renewal / contract intervention
C05782,Basic,Month-to-month,Credit Card,Germany,Healthcare,0.86,2,1,3.34,2,0,0.733401417471199,High,29,21.26864110666477,Billing friction + Month-to-month contract + Low feature adoption,Resolve billing issue + Product training / onboarding + Renewal / contract intervention
C05783,Basic,2-Year,Manual Invoice,USA,Nonprofit,0.54,2,1,4.53,2,13,0.5555054569045405,Medium,29,16.10965825023167,Billing friction + Low feature adoption,Resolve billing issue + Product training / onboarding
C05784,Basic,1-Year,Credit Card,USA,Finance,0.692,1,1,4.51,0,2,0.187693644437159,Low,29,5.443115688677611,Low feature adoption,Product training / onboarding
C05785,Enterprise,1-Year,Credit Card,UK,Healthcare,0.651,1,1,2.45,0,4,0.492343121309881,Medium,199,97.97628114066632,Low satisfaction + Low feature adoption,Customer success outreach + Product training / onboarding
C05786,Enterprise,1-Year,PayPal,USA,Nonprofit,0.069,1,1,4.03,1,39,0.8203293039240415,High,199,163.24553148088424,Low engagement + Billing friction + Inactivity + Low feature adoption,Resolve billing issue + Increase product engagement + Launch re-engagement campaign + Product training / onboarding
C05787,Enterprise,Month-to-month,ACH/Bank Transfer,USA,Finance,0.91,2,2,3.76,0,14,0.36201773949661503,Medium,199,72.0415301598264,Month-to-month contract + Low feature adoption,Product training / onboarding + Renewal / contract intervention
C05788,Basic,1-Year,PayPal,USA,Marketing/Agency,0.531,4,2,2.64,1,15,0.6976839582386649,High,29,20.23283478892128,Low satisfaction + Billing friction,Resolve billing issue + Customer success outreach
C05790,Pro,1-Year,Credit Card,Australia,Manufacturing,0.196,2,0,2.84,1,19,0.786903670273801,High,79,62.16538995163028,Low engagement + Low satisfaction + Billing friction + Low feature adoption,Resolve billing issue + Customer success outreach + Increase product engagement + Product training / onboarding
C05791,Basic,2-Year,PayPal,Germany,E-commerce,0.657,3,1,3.74,0,6,0.16470780047971875,Low,29,4.776526213911843,No major warning signal,Standard customer success monitoring
C05792,Basic,Month-to-month,Credit Card,USA,Marketing/Agency,0.626,2,1,4.18,1,20,0.6471375137123955,High,29,18.76698789765947,Billing friction + Month-to-month contract + Low feature adoption,Resolve billing issue + Product training / onboarding + Renewal / contract intervention
C05793,Enterprise,Month-to-month,ACH/Bank Transfer,Canada,E-commerce,0.333,2,1,3.81,0,8,0.5805906536252073,Medium,199,115.53754007141626,Low engagement + Month-to-month contract + Low feature adoption,Increase product engagement + Product training / onboarding + Renewal / contract intervention
C05794,Enterprise,Month-to-month,Credit Card,UK,Finance,0.212,5,1,2.53,0,24,0.7105488544355864,High,199,141.39922203268168,Low engagement + Low satisfaction + Month-to-month contract,Customer success outreach + Increase product engagement + Renewal / contract intervention
C05795,Enterprise,2-Year,ACH/Bank Transfer,India,SaaS/Tech,0.031,6,0,4.82,0,15,0.1627091817296531,Low,199,32.379127164200966,Low engagement,Increase product engagement
C05796,Pro,1-Year,Credit Card,Canada,SaaS/Tech,0.669,6,0,5.0,2,0,0.2682495206863036,Low,79,21.191712134217983,Billing friction,Resolve billing issue
C05798,Basic,Month-to-month,ACH/Bank Transfer,USA,Healthcare,0.635,5,2,4.69,1,29,0.5090704496065165,Medium,29,14.763043038588979,Billing friction + Month-to-month contract,Resolve billing issue + Renewal / contract intervention
C05799,Enterprise,1-Year,PayPal,India,Finance,0.217,2,1,4.58,0,9,0.3283012264824882,Medium,199,65.33194407001515,Low engagement + Low feature adoption,Increase product engagement + Product training / onboarding
C05801,Basic,Month-to-month,Credit Card,India,Nonprofit,0.593,2,2,5.0,0,10,0.3318138176780594,Medium,29,9.622600712663722,Month-to-month contract + Low feature adoption,Product training / onboarding + Renewal / contract intervention
C05802,Pro,Month-to-month,PayPal,USA,Education,0.314,4,0,4.36,0,1,0.2674901260125837,Low,79,21.131719954994114,Low engagement + Month-to-month contract,Increase product engagement + Renewal / contract intervention
C05804,Basic,1-Year,PayPal,USA,Education,0.602,2,0,5.0,1,17,0.2825278442436946,Low,29,8.193307483067143,Billing friction + Low feature adoption,Resolve billing issue + Product training / onboarding
C05805,Basic,Month-to-month,ACH/Bank Transfer,USA,E-commerce,0.336,5,0,4.9,1,30,0.5000965934665013,Medium,29,14.502801210528537,Low engagement + Billing friction + Month-to-month contract,Resolve billing issue + Increase product engagement + Renewal / contract intervention
C05806,Basic,Month-to-month,Manual Invoice,Australia,E-commerce,0.662,4,4,4.82,0,2,0.28495848130022033,Low,29,8.263795957706389,High support activity + Month-to-month contract,Priority support review + Renewal / contract intervention
C05807,Basic,1-Year,Credit Card,USA,Education,0.168,4,3,4.13,1,19,0.718363899484867,High,29,20.832553085061143,Low engagement + Billing friction + High support activity,Resolve billing issue + Increase product engagement + Priority support review
C05808,Basic,1-Year,ACH/Bank Transfer,USA,E-commerce,0.513,5,2,4.17,2,6,0.63949063855506,High,29,18.545228518096742,Billing friction,Resolve billing issue
C05809,Enterprise,Month-to-month,Credit Card,UK,Nonprofit,0.389,4,1,4.63,1,6,0.5493643509417105,Medium,199,109.3235058374004,Low engagement + Billing friction + Month-to-month contract,Resolve billing issue + Increase product engagement + Renewal / contract intervention
C05810,Pro,Month-to-month,ACH/Bank Transfer,India,SaaS/Tech,0.293,5,2,3.92,0,7,0.47355192024426945,Medium,79,37.41060169929729,Low engagement + Month-to-month contract,Increase product engagement + Renewal / contract intervention
C05812,Pro,Month-to-month,Credit Card,Australia,Marketing/Agency,0.454,8,1,4.5,0,8,0.18860689027330385,Low,79,14.899944331591005,Month-to-month contract,Renewal / contract intervention
C05814,Enterprise,Month-to-month,Credit Card,USA,Nonprofit,0.305,4,1,4.5,1,18,0.6198072326969214,High,199,123.34163930668736,Low engagement + Billing friction + Month-to-month contract,Resolve billing issue + Increase product engagement + Renewal / contract intervention
C05815,Basic,1-Year,ACH/Bank Transfer,India,Marketing/Agency,0.379,6,1,3.3,0,7,0.29178386454498545,Low,29,8.461732071804578,Low engagement,Increase product engagement
C05816,Pro,Month-to-month,Credit Card,USA,Healthcare,0.932,9,0,4.36,0,0,0.038990839291885536,Low,79,3.080276304058957,Month-to-month contract,Renewal / contract intervention
C05817,Enterprise,1-Year,ACH/Bank Transfer,Germany,Education,0.313,9,2,3.97,0,31,0.21010108481180026,Low,199,41.81011587754825,Low engagement + Inactivity,Increase product engagement + Launch re-engagement campaign
C05818,Basic,Month-to-month,Manual Invoice,USA,Manufacturing,0.298,3,0,3.77,0,10,0.3290152032266841,Medium,29,9.541440893573839,Low engagement + Month-to-month contract,Increase product engagement + Renewal / contract intervention
C05819,Pro,2-Year,Credit Card,USA,Marketing/Agency,0.02,5,0,4.93,1,12,0.3923885759471167,Medium,79,30.998697499822217,Low engagement + Billing friction,Resolve billing issue + Increase product engagement
C05820,Basic,Month-to-month,Credit Card,UK,Marketing/Agency,0.742,3,4,2.58,0,13,0.7394313172153573,High,29,21.44350819924536,Low satisfaction + High support activity + Month-to-month contract,Customer success outreach + Priority support review + Renewal / contract intervention
C05821,Enterprise,1-Year,Manual Invoice,USA,Manufacturing,0.653,5,2,2.71,0,39,0.3455648384941579,Medium,199,68.76740286033743,Low satisfaction + Inactivity,Customer success outreach + Launch re-engagement campaign
C05822,Pro,Month-to-month,Credit Card,USA,E-commerce,0.927,4,3,4.82,0,4,0.18760959774533018,Low,79,14.821158221881085,High support activity + Month-to-month contract,Priority support review + Renewal / contract intervention
C05823,Pro,Month-to-month,Credit Card,Germany,E-commerce,0.329,4,3,4.91,0,20,0.4541653710306874,Medium,79,35.8790643114243,Low engagement + High support activity + Month-to-month contract,Increase product engagement + Priority support review + Renewal / contract intervention
C05825,Pro,1-Year,Credit Card,UK,E-commerce,0.267,1,1,4.46,0,33,0.5331262994374415,Medium,79,42.116977655557875,Low engagement + Inactivity + Low feature adoption,Increase product engagement + Launch re-engagement campaign + Product training / onboarding
C05826,Pro,1-Year,Manual Invoice,UK,Nonprofit,0.217,8,1,4.83,2,0,0.3904132969410088,Medium,79,30.842650458339694,Low engagement + Billing friction,Resolve billing issue + Increase product engagement
C05827,Basic,Month-to-month,Credit Card,USA,Marketing/Agency,0.481,5,1,3.34,1,26,0.7095785043893253,High,29,20.577776627290437,Billing friction + Month-to-month contract,Resolve billing issue + Renewal / contract intervention
C05828,Basic,Month-to-month,Manual Invoice,USA,Education,0.441,5,0,5.0,1,65,0.47917741126085417,Medium,29,13.896144926564771,Billing friction + Inactivity + Month-to-month contract,Resolve billing issue + Launch re-engagement campaign + Renewal / contract intervention
C05829,Pro,1-Year,Credit Card,USA,SaaS/Tech,0.571,7,2,5.0,0,46,0.15894762669366727,Low,79,12.556862508799714,Inactivity,Launch re-engagement campaign
C05830,Pro,Month-to-month,Manual Invoice,USA,Nonprofit,0.967,2,1,4.29,0,3,0.1550587660758228,Low,79,12.249642519990001,Month-to-month contract + Low feature adoption,Product training / onboarding + Renewal / contract intervention
C05831,Enterprise,2-Year,ACH/Bank Transfer,UK,Education,0.691,1,0,4.82,1,14,0.3308391608097562,Medium,199,65.8369930011415,Billing friction + Low feature adoption,Resolve billing issue + Product training / onboarding
C05832,Basic,Month-to-month,Credit Card,Germany,Nonprofit,0.644,4,2,4.6,0,17,0.27059409289899095,Low,29,7.847228694070737,Month-to-month contract,Renewal / contract intervention
C05834,Enterprise,Month-to-month,PayPal,USA,Education,0.505,1,0,3.47,0,4,0.44420103262382926,Medium,199,88.39600549214202,Month-to-month contract + Low feature adoption,Product training / onboarding + Renewal / contract intervention
C05835,Basic,Month-to-month,Credit Card,Canada,Nonprofit,0.376,3,2,3.56,0,24,0.6659761371419025,High,29,19.313307977115173,Low engagement + Month-to-month contract,Increase product engagement + Renewal / contract intervention
C05836,Basic,Month-to-month,ACH/Bank Transfer,USA,Education,0.905,7,0,3.96,0,23,0.11768969554334219,Low,29,3.4130011707569237,Month-to-month contract,Renewal / contract intervention
C05838,Pro,2-Year,Credit Card,UK,SaaS/Tech,0.745,6,0,4.89,0,4,0.044154263044852746,Low,79,3.488186780543367,No major warning signal,Standard customer success monitoring
C05839,Pro,Month-to-month,Credit Card,USA,SaaS/Tech,0.871,4,1,4.71,1,2,0.27661908586129763,Low,79,21.852907783042514,Billing friction + Month-to-month contract,Resolve billing issue + Renewal / contract intervention
C05840,Basic,Month-to-month,ACH/Bank Transfer,USA,Nonprofit,0.696,2,4,3.77,0,11,0.607554522184649,High,29,17.619081143354823,High support activity + Month-to-month contract + Low feature adoption,Product training / onboarding + Priority support review + Renewal / contract intervention
C05841,Basic,Month-to-month,ACH/Bank Transfer,UK,Healthcare,0.416,2,1,4.15,2,1,0.8441270639421752,High,29,24.47968485432308,Billing friction + Month-to-month contract + Low feature adoption,Resolve billing issue + Product training / onboarding + Renewal / contract intervention
C05842,Basic,Month-to-month,ACH/Bank Transfer,Germany,E-commerce,1.0,6,1,2.85,0,8,0.1954954262146351,Low,29,5.669367360224418,Low satisfaction + Month-to-month contract,Customer success outreach + Renewal / contract intervention
C05843,Enterprise,2-Year,Credit Card,UK,Healthcare,0.397,6,0,3.28,0,20,0.22517610173435484,Low,199,44.810044245136616,Low engagement,Increase product engagement
C05845,Enterprise,Month-to-month,PayPal,USA,E-commerce,0.603,6,1,3.79,0,28,0.2951199238812012,Low,199,58.72886485235903,Month-to-month contract,Renewal / contract intervention
C05846,Pro,Month-to-month,Credit Card,UK,Education,0.465,8,1,5.0,1,16,0.3173716699197671,Medium,79,25.072361923661603,Billing friction + Month-to-month contract,Resolve billing issue + Renewal / contract intervention
C05847,Enterprise,1-Year,ACH/Bank Transfer,India,Healthcare,0.496,8,1,5.0,0,2,0.05832451739412441,Low,199,11.606578961430758,No major warning signal,Standard customer success monitoring
C05848,Basic,Month-to-month,Manual Invoice,Canada,Nonprofit,0.61,2,0,4.64,0,20,0.23646225976389948,Low,29,6.857405533153085,Month-to-month contract + Low feature adoption,Product training / onboarding + Renewal / contract intervention
C05849,Pro,Month-to-month,ACH/Bank Transfer,Germany,Education,0.594,10,0,4.27,0,0,0.06317908167396212,Low,79,4.991147452243007,Month-to-month contract,Renewal / contract intervention
C05850,Enterprise,1-Year,Credit Card,India,Healthcare,0.629,10,4,4.27,0,10,0.11098670955960131,Low,199,22.08635520236066,High support activity,Priority support review
C05854,Basic,Month-to-month,PayPal,USA,Healthcare,0.285,9,3,4.33,1,13,0.47782982778731137,Medium,29,13.85706500583203,Low engagement + Billing friction + High support activity + Month-to-month contract,Resolve billing issue + Increase product engagement + Priority support review + Renewal / contract intervention
C05855,Pro,Month-to-month,Credit Card,USA,Nonprofit,0.574,10,4,3.54,2,7,0.7321177389761553,High,79,57.83730137911627,Billing friction + High support activity + Month-to-month contract,Resolve billing issue + Priority support review + Renewal / contract intervention
C05856,Basic,Month-to-month,Credit Card,Canada,Education,1.0,8,1,4.76,2,10,0.3013419512085968,Medium,29,8.738916585049306,Billing friction + Month-to-month contract,Resolve billing issue + Renewal / contract intervention
C05857,Pro,Month-to-month,PayPal,Canada,Finance,0.545,3,0,5.0,1,3,0.37593009200336874,Medium,79,29.69847726826613,Billing friction + Month-to-month contract,Resolve billing issue + Renewal / contract intervention
C05858,Pro,Month-to-month,PayPal,Germany,Healthcare,0.709,1,2,3.75,1,8,0.6759359624182488,High,79,53.39894103104166,Billing friction + Month-to-month contract + Low feature adoption,Resolve billing issue + Product training / onboarding + Renewal / contract intervention
C05859,Basic,Month-to-month,Credit Card,Canada,Healthcare,0.754,5,1,3.0,0,56,0.5370978219183897,Medium,29,15.575836835633302,Inactivity + Month-to-month contract,Launch re-engagement campaign + Renewal / contract intervention
C05860,Basic,1-Year,Manual Invoice,USA,Manufacturing,0.893,6,0,2.97,1,0,0.1457079940218938,Low,29,4.22553182663492,Low satisfaction + Billing friction,Resolve billing issue + Customer success outreach
C05861,Basic,1-Year,Credit Card,UK,Finance,0.761,2,3,3.72,1,18,0.6521012908575807,High,29,18.91093743486984,Billing friction + High support activity + Low feature adoption,Resolve billing issue + Product training / onboarding + Priority support review
C05862,Pro,Month-to-month,Credit Card,Canada,Nonprofit,0.527,6,0,4.43,2,77,0.8416047881415608,High,79,66.48677826318331,Billing friction + Inactivity + Month-to-month contract,Resolve billing issue + Launch re-engagement campaign + Renewal / contract intervention
C05863,Pro,Month-to-month,ACH/Bank Transfer,UK,Finance,0.707,9,1,3.61,0,7,0.16291874344485544,Low,79,12.87058073214358,Month-to-month contract,Renewal / contract intervention
C05864,Basic,2-Year,Credit Card,India,Marketing/Agency,0.225,2,1,4.53,0,3,0.3030767771936565,Medium,29,8.789226538616038,Low engagement + Low feature adoption,Increase product engagement + Product training / onboarding
C05866,Basic,Month-to-month,Credit Card,USA,E-commerce,0.279,3,2,3.93,0,1,0.5254393497015364,Medium,29,15.237741141344555,Low engagement + Month-to-month contract,Increase product engagement + Renewal / contract intervention
C05867,Enterprise,Month-to-month,Credit Card,UK,Marketing/Agency,0.823,2,0,3.15,0,20,0.45071639863592167,Medium,199,89.69256332854842,Month-to-month contract + Low feature adoption,Product training / onboarding + Renewal / contract intervention
C05868,Basic,Month-to-month,PayPal,Canada,Manufacturing,0.568,2,2,3.3,0,10,0.553454353353957,Medium,29,16.05017624726475,Month-to-month contract + Low feature adoption,Product training / onboarding + Renewal / contract intervention
C05869,Basic,2-Year,Manual Invoice,India,SaaS/Tech,0.362,7,0,4.02,2,0,0.328459843770582,Medium,29,9.525335469346878,Low engagement + Billing friction,Resolve billing issue + Increase product engagement
C05870,Pro,Month-to-month,Credit Card,UK,Education,0.616,3,1,3.83,1,3,0.6066764108089169,High,79,47.927436453904434,Billing friction + Month-to-month contract,Resolve billing issue + Renewal / contract intervention
C05871,Enterprise,Month-to-month,Credit Card,Australia,Healthcare,0.814,4,3,5.0,1,24,0.5057219360683198,Medium,199,100.63866527759565,Billing friction + High support activity + Month-to-month contract,Resolve billing issue + Priority support review + Renewal / contract intervention
C05872,Pro,2-Year,Credit Card,USA,Manufacturing,0.68,0,2,2.77,0,16,0.5281594747581198,Medium,79,41.72459850589146,Low satisfaction + Low feature adoption,Customer success outreach + Product training / onboarding
C05873,Basic,1-Year,Credit Card,India,Manufacturing,0.323,6,4,4.69,2,14,0.7251620479533751,High,29,21.029699390647878,Low engagement + Billing friction + High support activity,Resolve billing issue + Increase product engagement + Priority support review
C05875,Enterprise,2-Year,Manual Invoice,USA,SaaS/Tech,0.416,3,3,4.39,0,1,0.2168042815000946,Low,199,43.14405201851882,High support activity,Priority support review
C05876,Pro,1-Year,ACH/Bank Transfer,Canada,Healthcare,0.423,6,0,5.0,2,22,0.47330421402247536,Medium,79,37.39103290777555,Billing friction,Resolve billing issue
C05878,Pro,Month-to-month,Credit Card,India,Nonprofit,0.513,4,0,3.6,0,41,0.4880295766850406,Medium,79,38.55433655811821,Inactivity + Month-to-month contract,Launch re-engagement campaign + Renewal / contract intervention
C05879,Pro,2-Year,ACH/Bank Transfer,India,Manufacturing,0.579,9,0,4.15,0,12,0.05141927989147266,Low,79,4.06212311142634,No major warning signal,Standard customer success monitoring
C05880,Enterprise,Month-to-month,Credit Card,USA,Marketing/Agency,0.805,2,3,3.54,0,9,0.521336838492991,Medium,199,103.7460308601052,High support activity + Month-to-month contract + Low feature adoption,Product training / onboarding + Priority support review + Renewal / contract intervention
C05881,Basic,1-Year,ACH/Bank Transfer,Canada,E-commerce,0.219,5,2,3.23,0,43,0.6427452695873045,High,29,18.63961281803183,Low engagement + Inactivity,Increase product engagement + Launch re-engagement campaign
C05882,Basic,2-Year,ACH/Bank Transfer,UK,SaaS/Tech,0.381,7,0,3.48,0,12,0.16059269618061642,Low,29,4.657188189237876,Low engagement,Increase product engagement
C05883,Basic,2-Year,Credit Card,UK,Healthcare,0.958,3,2,3.99,1,7,0.29407765983509154,Low,29,8.528252135217654,Billing friction,Resolve billing issue
C05885,Basic,1-Year,Manual Invoice,UK,Manufacturing,0.07,4,2,4.19,1,10,0.5790763607010659,Medium,29,16.793214460330912,Low engagement + Billing friction,Resolve billing issue + Increase product engagement
C05886,Enterprise,Month-to-month,Manual Invoice,UK,Marketing/Agency,0.561,3,2,4.03,0,6,0.37986947448673514,Medium,199,75.5940254228603,Month-to-month contract,Renewal / contract intervention
C05887,Enterprise,Month-to-month,PayPal,Germany,Nonprofit,0.441,2,1,5.0,1,9,0.5059155453487243,Medium,199,100.67719352439613,Billing friction + Month-to-month contract + Low feature adoption,Resolve billing issue + Product training / onboarding + Renewal / contract intervention
C05888,Pro,2-Year,Credit Card,UK,SaaS/Tech,0.553,7,2,5.0,1,6,0.19212588280190065,Low,79,15.177944741350151,Billing friction,Resolve billing issue
C05889,Basic,2-Year,Manual Invoice,Australia,SaaS/Tech,0.315,5,1,3.39,2,1,0.6438346072437503,High,29,18.67120361006876,Low engagement + Billing friction,Resolve billing issue + Increase product engagement
C05890,Basic,Month-to-month,Credit Card,Canada,Marketing/Agency,0.829,3,0,3.5,0,7,0.284986884378118,Low,29,8.264619646965421,Month-to-month contract,Renewal / contract intervention
C05891,Enterprise,1-Year,Manual Invoice,USA,Healthcare,0.666,3,2,4.97,0,20,0.13302471577852312,Low,199,26.471918439926103,No major warning signal,Standard customer success monitoring
C05892,Pro,Month-to-month,PayPal,Australia,Manufacturing,0.847,7,1,3.69,1,19,0.3441804204340495,Medium,79,27.19025321428991,Billing friction + Month-to-month contract,Resolve billing issue + Renewal / contract intervention
C05893,Enterprise,Month-to-month,Credit Card,Australia,Education,0.463,7,1,3.39,0,20,0.37092550688675835,Medium,199,73.81417587046491,Month-to-month contract,Renewal / contract intervention
C05894,Basic,Month-to-month,ACH/Bank Transfer,Canada,Healthcare,0.536,5,4,4.41,0,10,0.4427414681330047,Medium,29,12.839502575857136,High support activity + Month-to-month contract,Priority support review + Renewal / contract intervention
C05895,Pro,Month-to-month,Credit Card,Germany,Nonprofit,0.944,6,1,4.38,0,26,0.13372501137800202,Low,79,10.56427589886216,Month-to-month contract,Renewal / contract intervention
C05896,Pro,Month-to-month,Manual Invoice,Canada,E-commerce,0.66,6,3,4.02,1,0,0.44766031816183377,Medium,79,35.36516513478487,Billing friction + High support activity + Month-to-month contract,Resolve billing issue + Priority support review + Renewal / contract intervention
C05897,Enterprise,1-Year,Credit Card,USA,Education,0.366,4,1,3.51,0,20,0.3617133650057893,Medium,199,71.98095963615208,Low engagement,Increase product engagement
C05898,Pro,1-Year,Credit Card,Germany,Marketing/Agency,0.081,7,0,3.37,0,0,0.2388517512664386,Low,79,18.86928835004865,Low engagement,Increase product engagement
C05900,Pro,2-Year,Credit Card,Australia,Marketing/Agency,0.899,8,1,2.91,0,1,0.09960667275287304,Low,79,7.8689271474769695,Low satisfaction,Customer success outreach
C05902,Pro,2-Year,Manual Invoice,Germany,SaaS/Tech,0.501,3,1,5.0,0,2,0.08395823325049585,Low,79,6.632700426789173,No major warning signal,Standard customer success monitoring
C05903,Basic,2-Year,Manual Invoice,India,Healthcare,0.368,1,0,4.11,0,6,0.2056110963357495,Low,29,5.962721793736736,Low engagement + Low feature adoption,Increase product engagement + Product training / onboarding
C05904,Pro,1-Year,ACH/Bank Transfer,USA,SaaS/Tech,0.547,2,2,4.18,1,1,0.524447035865844,Medium,79,41.43131583340167,Billing friction + Low feature adoption,Resolve billing issue + Product training / onboarding
C05905,Enterprise,1-Year,Credit Card,USA,Marketing/Agency,0.625,4,2,3.91,0,6,0.2411959267456004,Low,199,47.99798942237448,No major warning signal,Standard customer success monitoring
C05906,Pro,Month-to-month,ACH/Bank Transfer,Canada,Manufacturing,0.797,1,2,3.52,0,7,0.5063984637316952,Medium,79,40.00547863480392,Month-to-month contract + Low feature adoption,Product training / onboarding + Renewal / contract intervention
C05907,Enterprise,1-Year,ACH/Bank Transfer,Canada,Education,0.763,3,2,3.01,0,29,0.4533837162825066,Medium,199,90.22335954021882,No major warning signal,Standard customer success monitoring
C05908,Pro,1-Year,PayPal,Germany,Marketing/Agency,0.835,0,0,5.0,0,19,0.13474944861384108,Low,79,10.645206440493446,Low feature adoption,Product training / onboarding
C05910,Basic,Month-to-month,Credit Card,UK,Nonprofit,0.464,2,1,5.0,0,10,0.33730269055722334,Medium,29,9.781778026159477,Month-to-month contract + Low feature adoption,Product training / onboarding + Renewal / contract intervention
C05911,Enterprise,1-Year,Manual Invoice,Germany,Finance,0.481,7,1,2.43,0,0,0.178779474442719,Low,199,35.57711541410108,Low satisfaction,Customer success outreach
C05914,Enterprise,Month-to-month,Credit Card,USA,Nonprofit,0.531,5,1,5.0,0,7,0.17104069718870316,Low,199,34.037098740551926,Month-to-month contract,Renewal / contract intervention
C05915,Basic,Month-to-month,Manual Invoice,Germany,Healthcare,0.809,5,1,3.84,1,3,0.2636051227930412,Low,29,7.644548560998195,Billing friction + Month-to-month contract,Resolve billing issue + Renewal / contract intervention
C05916,Pro,1-Year,Credit Card,Germany,Nonprofit,0.551,6,0,3.85,1,10,0.24351334970523456,Low,79,19.23755462671353,Billing friction,Resolve billing issue
C05917,Pro,Month-to-month,PayPal,Australia,SaaS/Tech,0.593,3,2,4.89,0,11,0.31173680119383623,Medium,79,24.627207294313063,Month-to-month contract,Renewal / contract intervention
C05919,Basic,1-Year,PayPal,USA,Manufacturing,0.799,0,1,3.66,1,0,0.44302209640735457,Medium,29,12.847640795813282,Billing friction + Low feature adoption,Resolve billing issue + Product training / onboarding
C05922,Basic,1-Year,Credit Card,India,Nonprofit,0.582,6,2,3.81,0,4,0.18244105005852423,Low,29,5.290790451697203,No major warning signal,Standard customer success monitoring
C05923,Pro,Month-to-month,Credit Card,India,Marketing/Agency,0.429,5,1,4.75,0,61,0.482227978892165,Medium,79,38.096010332481036,Inactivity + Month-to-month contract,Launch re-engagement campaign + Renewal / contract intervention
C05925,Pro,1-Year,Credit Card,Germany,Education,0.496,7,3,3.74,1,7,0.4226996742814502,Medium,79,33.39327426823457,Billing friction + High support activity,Resolve billing issue + Priority support review
C05926,Pro,Month-to-month,Credit Card,Germany,SaaS/Tech,0.44,2,0,4.26,1,29,0.6431736069741009,High,79,50.810714950953965,Billing friction + Month-to-month contract + Low feature adoption,Resolve billing issue + Product training / onboarding + Renewal / contract intervention
C05927,Pro,2-Year,PayPal,UK,E-commerce,0.377,0,1,4.6,0,0,0.3160213415473951,Medium,79,24.96568598224421,Low engagement + Low feature adoption,Increase product engagement + Product training / onboarding
C05928,Enterprise,1-Year,PayPal,India,E-commerce,0.539,1,0,4.14,0,1,0.2118391543760807,Low,199,42.155991720840056,Low feature adoption,Product training / onboarding
C05929,Basic,2-Year,ACH/Bank Transfer,UK,Marketing/Agency,0.544,3,0,4.19,1,0,0.34323125388182835,Medium,29,9.953706362573023,Billing friction,Resolve billing issue
C05930,Pro,1-Year,Manual Invoice,India,Marketing/Agency,0.443,8,2,4.91,0,3,0.0757398160818711,Low,79,5.983445470467816,No major warning signal,Standard customer success monitoring
C05932,Basic,Month-to-month,Credit Card,India,Manufacturing,0.727,8,1,4.59,1,14,0.20891263964633952,Low,29,6.058466549743846,Billing friction + Month-to-month contract,Resolve billing issue + Renewal / contract intervention
C05933,Pro,Month-to-month,PayPal,Germany,Marketing/Agency,0.553,2,1,4.4,0,3,0.3220548374834562,Medium,79,25.44233216119304,Month-to-month contract + Low feature adoption,Product training / onboarding + Renewal / contract intervention
C05934,Pro,Month-to-month,Manual Invoice,USA,Marketing/Agency,0.425,3,1,3.77,0,3,0.3800730261668548,Medium,79,30.02576906718153,Month-to-month contract,Renewal / contract intervention
C05935,Basic,1-Year,PayPal,UK,Manufacturing,0.587,5,2,4.09,0,58,0.3565631786370963,Medium,29,10.340332180475793,Inactivity,Launch re-engagement campaign
C05940,Basic,2-Year,Credit Card,Canada,Healthcare,0.393,4,1,4.68,0,2,0.14823173726655178,Low,29,4.298720380730002,Low engagement,Increase product engagement
C05941,Basic,1-Year,Credit Card,India,SaaS/Tech,0.626,7,0,4.05,0,6,0.07505093538436163,Low,29,2.1764771261464873,No major warning signal,Standard customer success monitoring
C05942,Basic,Month-to-month,ACH/Bank Transfer,Australia,E-commerce,0.934,6,1,3.28,0,9,0.21995904302752253,Low,29,6.3788122477981535,Month-to-month contract,Renewal / contract intervention
C05943,Pro,Month-to-month,PayPal,UK,E-commerce,0.982,5,3,2.84,0,6,0.39276667391507536,Medium,79,31.028567239290954,Low satisfaction + High support activity + Month-to-month contract,Customer success outreach + Priority support review + Renewal / contract intervention
C05944,Basic,2-Year,Credit Card,India,Finance,0.505,4,2,4.09,1,4,0.4178846341712242,Medium,29,12.118654390965501,Billing friction,Resolve billing issue
C05945,Pro,Month-to-month,Credit Card,USA,SaaS/Tech,0.238,5,1,4.18,0,9,0.3708870700142677,Medium,79,29.30007853112715,Low engagement + Month-to-month contract,Increase product engagement + Renewal / contract intervention
C05946,Basic,1-Year,Manual Invoice,Germany,Healthcare,0.303,9,1,5.0,1,0,0.09321655868901793,Low,29,2.70328020198152,Low engagement + Billing friction,Resolve billing issue + Increase product engagement
C05947,Pro,Month-to-month,Credit Card,India,SaaS/Tech,0.708,6,0,4.57,2,6,0.4536800995545701,Medium,79,35.840727864811036,Billing friction + Month-to-month contract,Resolve billing issue + Renewal / contract intervention
C05948,Pro,Month-to-month,ACH/Bank Transfer,Australia,Education,0.217,2,1,3.52,0,22,0.7403735867123761,High,79,58.48951335027771,Low engagement + Month-to-month contract + Low feature adoption,Increase product engagement + Product training / onboarding + Renewal / contract intervention
C05949,Pro,2-Year,Credit Card,UK,Healthcare,0.614,3,0,3.2,0,3,0.22468311318875767,Low,79,17.749965941911857,No major warning signal,Standard customer success monitoring
C05950,Basic,Month-to-month,PayPal,India,Healthcare,0.894,3,1,3.49,0,6,0.25804818078280534,Low,29,7.483397242701355,Month-to-month contract,Renewal / contract intervention
C05951,Enterprise,Month-to-month,ACH/Bank Transfer,India,SaaS/Tech,0.528,5,1,3.9,1,0,0.49274224004640926,Medium,199,98.05570576923544,Billing friction + Month-to-month contract,Resolve billing issue + Renewal / contract intervention
C05953,Basic,Month-to-month,Manual Invoice,India,Nonprofit,0.114,2,3,3.21,0,10,0.7608558996333291,High,29,22.064821089366543,Low engagement + High support activity + Month-to-month contract + Low feature adoption,Increase product engagement + Product training / onboarding + Priority support review + Renewal / contract intervention
C05955,Enterprise,Month-to-month,ACH/Bank Transfer,Canada,Healthcare,0.666,3,2,2.58,0,11,0.6219901026252488,High,199,123.77603042242451,Low satisfaction + Month-to-month contract,Customer success outreach + Renewal / contract intervention
C05956,Basic,Month-to-month,Manual Invoice,Germany,Marketing/Agency,0.197,7,0,3.1,1,8,0.5265206702525792,Medium,29,15.269099437324797,Low engagement + Billing friction + Month-to-month contract,Resolve billing issue + Increase product engagement + Renewal / contract intervention
C05957,Pro,1-Year,Credit Card,India,Manufacturing,0.449,3,1,2.74,2,34,0.8926823558196976,High,79,70.5219061097561,Low satisfaction + Billing friction + Inactivity,Resolve billing issue + Customer success outreach + Launch re-engagement campaign
C05959,Basic,Month-to-month,Credit Card,UK,Education,0.363,2,0,5.0,1,4,0.519910050340859,Medium,29,15.077391459884911,Low engagement + Billing friction + Month-to-month contract + Low feature adoption,Resolve billing issue + Increase product engagement + Product training / onboarding + Renewal / contract intervention
C05960,Basic,2-Year,Credit Card,Canada,E-commerce,0.289,4,0,4.32,1,3,0.3636125716303022,Medium,29,10.544764577278764,Low engagement + Billing friction,Resolve billing issue + Increase product engagement
C05961,Pro,1-Year,Manual Invoice,Australia,Marketing/Agency,0.644,3,0,2.55,0,5,0.286726043822313,Low,79,22.651357461962725,Low satisfaction,Customer success outreach
C05962,Pro,Month-to-month,ACH/Bank Transfer,Canada,Healthcare,0.45,6,2,3.8,1,16,0.6543702250941745,High,79,51.695247782439786,Billing friction + Month-to-month contract,Resolve billing issue + Renewal / contract intervention
C05965,Basic,Month-to-month,Credit Card,Germany,SaaS/Tech,0.752,3,2,5.0,0,6,0.17775389989145482,Low,29,5.15486309685219,Month-to-month contract,Renewal / contract intervention
C05967,Basic,Month-to-month,Manual Invoice,Canada,Education,0.366,5,2,3.91,0,3,0.3446611155348813,Medium,29,9.995172350511558,Low engagement + Month-to-month contract,Increase product engagement + Renewal / contract intervention
C05970,Basic,Month-to-month,Credit Card,USA,E-commerce,0.551,2,2,4.19,2,5,0.8384036249520733,High,29,24.313705123610127,Billing friction + Month-to-month contract + Low feature adoption,Resolve billing issue + Product training / onboarding + Renewal / contract intervention
C05971,Pro,Month-to-month,Credit Card,Germany,Finance,0.802,4,1,2.67,0,24,0.44221256935980907,Medium,79,34.93479297942492,Low satisfaction + Month-to-month contract,Customer success outreach + Renewal / contract intervention
C05972,Basic,Month-to-month,Credit Card,Canada,Education,0.673,6,0,3.09,0,16,0.2853425636996607,Low,29,8.274934347290161,Month-to-month contract,Renewal / contract intervention
C05973,Pro,Month-to-month,ACH/Bank Transfer,Canada,SaaS/Tech,0.263,3,2,4.39,0,0,0.503811135108235,Medium,79,39.80107967355057,Low engagement + Month-to-month contract,Increase product engagement + Renewal / contract intervention
C05974,Basic,Month-to-month,Manual Invoice,India,E-commerce,0.303,8,1,5.0,0,4,0.10768726454289955,Low,29,3.122930671744087,Low engagement + Month-to-month contract,Increase product engagement + Renewal / contract intervention
C05975,Enterprise,Month-to-month,PayPal,Canada,Marketing/Agency,0.344,2,0,3.88,0,25,0.5636521424218849,Medium,199,112.16677634195509,Low engagement + Month-to-month contract + Low feature adoption,Increase product engagement + Product training / onboarding + Renewal / contract intervention
C05976,Pro,2-Year,Credit Card,India,Finance,0.212,4,1,3.93,0,0,0.2820545599957432,Low,79,22.282310239663712,Low engagement,Increase product engagement
C05977,Pro,Month-to-month,ACH/Bank Transfer,Germany,Nonprofit,0.825,1,1,2.55,2,1,0.880461961564065,High,79,69.55649496356114,Low satisfaction + Billing friction + Month-to-month contract + Low feature adoption,Resolve billing issue + Customer success outreach + Product training / onboarding + Renewal / contract intervention
C05978,Basic,2-Year,PayPal,Germany,SaaS/Tech,0.836,2,2,4.57,0,22,0.15114399977512427,Low,29,4.383175993478604,Low feature adoption,Product training / onboarding
C05979,Pro,Month-to-month,Credit Card,UK,E-commerce,0.897,4,4,4.04,1,3,0.5804560534989605,Medium,79,45.85602822641788,Billing friction + High support activity + Month-to-month contract,Resolve billing issue + Priority support review + Renewal / contract intervention
C05980,Basic,1-Year,PayPal,India,Finance,0.329,4,1,4.51,0,2,0.17971560760323257,Low,29,5.211752620493745,Low engagement,Increase product engagement
C05981,Pro,Month-to-month,ACH/Bank Transfer,India,Healthcare,0.534,3,1,5.0,2,15,0.7150408875450768,High,79,56.48823011606107,Billing friction + Month-to-month contract,Resolve billing issue + Renewal / contract intervention
C05982,Pro,1-Year,Credit Card,Canada,Finance,1.0,2,1,4.49,0,81,0.35579580276025535,Medium,79,28.10786841806017,Inactivity + Low feature adoption,Launch re-engagement campaign + Product training / onboarding
C05984,Basic,1-Year,Credit Card,India,E-commerce,0.366,3,1,3.49,0,5,0.3652882661327003,Medium,29,10.59335971784831,Low engagement,Increase product engagement
C05985,Enterprise,Month-to-month,ACH/Bank Transfer,India,E-commerce,0.539,6,1,4.12,0,11,0.2540680035824258,Low,199,50.55953271290274,Month-to-month contract,Renewal / contract intervention
C05987,Basic,2-Year,Credit Card,USA,E-commerce,0.339,11,2,3.4,1,6,0.2588726567056953,Low,29,7.507307044465164,Low engagement + Billing friction,Resolve billing issue + Increase product engagement
C05990,Pro,2-Year,Credit Card,USA,Marketing/Agency,0.494,4,2,4.28,2,13,0.694031330722793,High,79,54.828475127100646,Billing friction,Resolve billing issue
C05992,Basic,2-Year,Credit Card,Germany,Education,0.094,4,2,5.0,0,18,0.2726787836086994,Low,29,7.907684724652283,Low engagement,Increase product engagement
C05993,Pro,1-Year,Credit Card,USA,Marketing/Agency,0.838,6,0,4.47,0,1,0.05333334870634196,Low,79,4.213334547801015,No major warning signal,Standard customer success monitoring
C05994,Basic,Month-to-month,PayPal,Canada,Finance,0.159,3,2,2.87,0,1,0.7295822089985573,High,29,21.15788406095816,Low engagement + Low satisfaction + Month-to-month contract,Customer success outreach + Increase product engagement + Renewal / contract intervention
C05996,Basic,2-Year,PayPal,USA,Healthcare,0.462,5,1,3.28,0,3,0.1925374524882896,Low,29,5.583586122160399,No major warning signal,Standard customer success monitoring
C05997,Pro,2-Year,PayPal,Germany,Finance,0.651,7,2,3.75,1,3,0.2341907476229053,Low,79,18.501069062209517,Billing friction,Resolve billing issue
C05998,Basic,Month-to-month,Credit Card,USA,Manufacturing,0.573,4,2,2.96,1,1,0.6756569578379602,High,29,19.594051777300844,Low satisfaction + Billing friction + Month-to-month contract,Resolve billing issue + Customer success outreach + Renewal / contract intervention
C05999,Pro,Month-to-month,Credit Card,Canada,Marketing/Agency,0.171,6,5,5.0,1,3,0.7589760091363892,High,79,59.95910472177474,Low engagement + Billing friction + High support activity + Month-to-month contract,Resolve billing issue + Increase product engagement + Priority support review + Renewal / contract intervention
C06000,Enterprise,1-Year,Credit Card,Australia,Healthcare,0.652,4,2,4.69,1,39,0.4614879535830237,Medium,199,91.83610276302171,Billing friction + Inactivity,Resolve billing issue + Launch re-engagement campaign
