customer_id,signup_date,plan_tier,monthly_price,contract_type,payment_method,country,industry,company_size_employees,monthly_active_users_pct,feature_adoption_count,support_tickets_90d,avg_csat_score,failed_payments_90d,last_login_days_ago,churned,churn_date,tenure_months,lifetime_revenue
C00001,2024-07-01,Pro,79,Month-to-month,Manual Invoice,USA,Manufacturing,46,0.578,3,3,3.23,0,3,0,,26,2054
C00002,2024-12-01,Enterprise,199,1-Year,PayPal,Australia,Marketing/Agency,13,0.456,2,0,4.39,0,4,0,,21,4179
C00003,2026-03-01,Enterprise,199,Month-to-month,Credit Card,USA,Healthcare,32,0.365,5,3,4.78,1,4,0,,6,1194
C00004,2023-07-01,Basic,29,1-Year,Credit Card,Germany,Finance,32,0.409,1,2,3.7,1,25,1,2024-03-01,9,261
C00005,2025-11-01,Pro,79,1-Year,Credit Card,UK,Healthcare,11,0.508,2,1,4.62,0,9,0,,10,790
C00006,2024-12-01,Pro,79,Month-to-month,Credit Card,USA,Healthcare,27,0.287,3,2,3.62,0,6,0,,21,1659
C00007,2024-03-01,Basic,29,Month-to-month,ACH/Bank Transfer,Australia,SaaS/Tech,5,0.467,5,2,4.39,1,4,0,,30,870
C00008,2025-01-01,Enterprise,199,1-Year,ACH/Bank Transfer,India,Marketing/Agency,9,0.497,2,1,4.32,0,0,0,,20,3980
C00009,2024-01-01,Pro,79,Month-to-month,ACH/Bank Transfer,UK,Nonprofit,10,0.501,4,3,4.24,2,5,1,2024-07-01,7,553
C00010,2024-03-01,Basic,29,Month-to-month,ACH/Bank Transfer,USA,SaaS/Tech,53,0.182,5,1,3.13,2,5,1,2024-05-01,3,87
C00011,2024-08-01,Basic,29,1-Year,Credit Card,Australia,Manufacturing,6,0.516,3,5,4.26,0,27,1,2024-10-01,3,87
C00012,2024-02-01,Pro,79,Month-to-month,Manual Invoice,USA,Marketing/Agency,26,0.249,2,0,5.0,1,41,1,2024-08-01,7,553
C00013,2026-07-01,Basic,29,Month-to-month,Credit Card,Canada,Manufacturing,10,0.624,3,2,3.21,2,9,0,,2,58
C00014,2025-11-01,Pro,79,Month-to-month,ACH/Bank Transfer,Canada,Nonprofit,9,0.844,2,2,4.08,0,8,0,,10,790
C00015,2023-08-01,Enterprise,199,1-Year,PayPal,Canada,Nonprofit,11,0.619,3,3,3.52,0,2,0,,37,7363
C00016,2024-05-01,Pro,79,2-Year,ACH/Bank Transfer,USA,Education,3,0.954,1,1,5.0,0,5,0,,28,2212
C00017,2025-02-01,Basic,29,2-Year,Credit Card,USA,E-commerce,10,0.498,1,0,4.42,0,8,0,,19,551
C00018,2025-06-01,Basic,29,Month-to-month,Credit Card,USA,Manufacturing,16,1.0,3,1,3.0,1,11,1,2025-12-01,7,203
C00019,2025-06-01,Basic,29,2-Year,Manual Invoice,Australia,SaaS/Tech,45,0.446,5,2,4.16,0,2,0,,15,435
C00020,2023-12-01,Pro,79,Month-to-month,Credit Card,UK,Healthcare,109,0.537,6,3,4.06,0,5,0,,33,2607
C00021,2025-02-01,Pro,79,Month-to-month,Credit Card,India,Marketing/Agency,13,0.951,2,6,2.91,0,64,1,2025-11-01,10,790
C00022,2023-05-01,Basic,29,1-Year,PayPal,Canada,Finance,32,0.641,4,0,4.33,0,2,0,,40,1160
C00023,2025-08-01,Pro,79,1-Year,Credit Card,India,Healthcare,21,0.36,2,2,5.0,0,52,1,2026-02-01,7,553
C00024,2024-12-01,Pro,79,Month-to-month,Manual Invoice,India,Marketing/Agency,16,0.672,5,2,2.56,2,4,1,2025-07-01,8,632
C00025,2025-08-01,Basic,29,2-Year,PayPal,Australia,Manufacturing,3,0.446,5,1,3.37,0,26,0,,13,377
C00026,2023-07-01,Basic,29,2-Year,Credit Card,USA,Nonprofit,29,0.112,3,5,3.31,0,5,1,2024-03-01,9,261
C00027,2024-12-01,Pro,79,1-Year,ACH/Bank Transfer,USA,Marketing/Agency,6,0.355,4,1,3.88,0,4,1,2025-02-01,3,237
C00028,2025-07-01,Basic,29,Month-to-month,ACH/Bank Transfer,Germany,Education,5,0.622,4,2,3.88,0,5,0,,14,406
C00029,2026-06-01,Pro,79,Month-to-month,Credit Card,UK,E-commerce,19,0.623,4,1,3.74,0,0,0,,3,237
C00030,2024-09-01,Pro,79,1-Year,Credit Card,India,Education,10,0.475,6,2,3.3,1,6,0,,24,1896
C00031,2023-02-01,Enterprise,199,Month-to-month,Credit Card,Germany,SaaS/Tech,34,0.487,2,1,2.21,1,8,0,,43,8557
C00032,2026-01-01,Basic,29,1-Year,Manual Invoice,Australia,Education,3,0.646,5,0,4.31,0,3,0,,8,232
C00033,2026-04-01,Basic,29,1-Year,Manual Invoice,Germany,Nonprofit,5,0.508,2,2,3.67,0,16,0,,5,145
C00034,2023-08-01,Basic,29,Month-to-month,Credit Card,India,E-commerce,33,0.377,6,1,4.6,0,9,0,,37,1073
C00035,2025-06-01,Pro,79,1-Year,ACH/Bank Transfer,Australia,Manufacturing,14,0.323,3,2,3.31,0,6,0,,15,1185
C00036,2024-03-01,Basic,29,2-Year,Credit Card,India,Finance,30,0.608,11,2,4.21,0,5,0,,30,870
C00037,2025-12-01,Enterprise,199,Month-to-month,PayPal,USA,Marketing/Agency,2,0.435,5,4,2.48,2,0,1,2025-12-01,1,199
C00038,2023-03-01,Pro,79,1-Year,PayPal,India,SaaS/Tech,26,0.603,3,2,3.52,2,17,1,2024-08-01,18,1422
C00039,2024-06-01,Pro,79,Month-to-month,Credit Card,Germany,Manufacturing,96,0.124,3,0,4.47,0,18,0,,27,2133
C00040,2025-07-01,Enterprise,199,Month-to-month,Manual Invoice,India,Education,11,0.27,4,1,4.53,0,0,0,,14,2786
C00041,2026-02-01,Pro,79,1-Year,PayPal,Australia,Healthcare,11,0.351,4,2,4.25,0,2,0,,7,553
C00042,2024-01-01,Basic,29,Month-to-month,PayPal,Germany,SaaS/Tech,226,0.73,8,3,4.86,0,88,1,2024-07-01,7,203
C00043,2025-01-01,Basic,29,Month-to-month,Credit Card,Canada,SaaS/Tech,6,0.496,2,1,4.5,0,2,0,,20,580
C00044,2024-05-01,Basic,29,Month-to-month,Credit Card,Canada,E-commerce,5,0.206,5,2,4.25,0,4,0,,28,812
C00045,2026-02-01,Basic,29,Month-to-month,Credit Card,USA,Marketing/Agency,17,0.611,0,0,4.73,0,11,0,,7,203
C00046,2023-05-01,Basic,29,1-Year,PayPal,USA,Marketing/Agency,5,0.945,5,2,3.17,1,7,1,2024-02-01,10,290
C00047,2024-01-01,Pro,79,1-Year,Credit Card,UK,E-commerce,33,0.625,1,0,2.85,1,28,0,,32,2528
C00048,2025-07-01,Basic,29,2-Year,ACH/Bank Transfer,USA,E-commerce,72,0.637,2,0,5.0,0,2,0,,14,406
C00049,2023-04-01,Basic,29,2-Year,Credit Card,India,Nonprofit,13,0.386,4,1,4.92,1,28,0,,41,1189
C00050,2023-11-01,Pro,79,Month-to-month,PayPal,Canada,Education,24,0.276,2,2,3.43,1,13,1,2026-05-01,31,2449
C00051,2024-09-01,Basic,29,1-Year,Credit Card,USA,E-commerce,4,0.294,8,0,3.66,1,8,0,,24,696
C00052,2026-02-01,Basic,29,Month-to-month,Credit Card,Australia,Finance,124,0.936,5,3,4.03,0,5,0,,7,203
C00053,2024-02-01,Basic,29,Month-to-month,Credit Card,Australia,Marketing/Agency,1,0.233,4,1,3.96,0,4,0,,31,899
C00054,2023-02-01,Enterprise,199,1-Year,Credit Card,USA,Nonprofit,2,0.527,6,1,1.75,0,8,0,,43,8557
C00055,2024-11-01,Pro,79,Month-to-month,PayPal,USA,E-commerce,17,0.401,6,1,3.8,1,1,1,2024-12-01,2,158
C00056,2023-05-01,Basic,29,Month-to-month,PayPal,Germany,Nonprofit,8,0.338,3,4,3.85,1,19,1,2023-11-01,7,203
C00057,2024-04-01,Basic,29,Month-to-month,Manual Invoice,Canada,E-commerce,26,0.618,3,0,4.19,0,7,1,2025-05-01,14,406
C00058,2024-02-01,Pro,79,Month-to-month,PayPal,Australia,Marketing/Agency,11,0.02,4,2,4.0,0,17,1,2025-01-01,12,948
C00059,2024-11-01,Basic,29,2-Year,Manual Invoice,USA,Finance,14,0.494,2,0,3.9,0,34,1,2025-10-01,12,348
C00060,2024-05-01,Basic,29,1-Year,Credit Card,India,Healthcare,55,0.652,4,4,3.57,1,1,0,,28,812
C00061,2025-08-01,Enterprise,199,Month-to-month,ACH/Bank Transfer,Canada,Marketing/Agency,14,0.577,5,0,4.31,0,11,0,,13,2587
C00062,2025-05-01,Pro,79,Month-to-month,PayPal,Germany,Manufacturing,4,0.32,3,1,4.28,0,6,0,,16,1264
C00063,2025-10-01,Pro,79,1-Year,ACH/Bank Transfer,USA,Nonprofit,1,0.78,3,2,3.5,0,10,0,,11,869
C00064,2026-05-01,Basic,29,Month-to-month,Credit Card,UK,Finance,35,0.432,8,1,4.11,1,19,0,,4,116
C00065,2025-05-01,Basic,29,Month-to-month,Credit Card,USA,Manufacturing,57,0.314,4,2,4.2,0,9,0,,16,464
C00066,2024-07-01,Enterprise,199,2-Year,Credit Card,Germany,Nonprofit,21,0.574,3,1,4.01,0,15,0,,26,5174
C00067,2023-02-01,Pro,79,2-Year,ACH/Bank Transfer,USA,Nonprofit,15,0.764,3,1,4.63,1,14,0,,43,3397
C00068,2025-12-01,Basic,29,Month-to-month,PayPal,Canada,Marketing/Agency,84,0.572,2,1,4.41,1,0,1,2026-04-01,5,145
C00069,2023-05-01,Basic,29,1-Year,Credit Card,Germany,SaaS/Tech,12,0.496,5,1,4.03,0,17,0,,40,1160
C00070,2024-10-01,Pro,79,Month-to-month,Credit Card,India,Marketing/Agency,1,0.654,3,1,3.49,0,15,0,,23,1817
C00071,2026-05-01,Basic,29,2-Year,Credit Card,USA,Nonprofit,1,0.47,6,0,2.97,0,2,0,,4,116
C00072,2024-09-01,Basic,29,1-Year,Credit Card,UK,Healthcare,2,0.642,3,0,2.76,0,9,0,,24,696
C00073,2026-01-01,Pro,79,Month-to-month,Manual Invoice,Canada,Nonprofit,88,0.715,3,0,3.05,0,11,0,,8,632
C00074,2023-09-01,Basic,29,Month-to-month,Credit Card,UK,E-commerce,8,1.0,5,0,2.37,0,19,1,2024-07-01,11,319
C00075,2026-06-01,Basic,29,2-Year,Manual Invoice,Canada,Manufacturing,68,0.352,5,2,1.94,2,15,0,,3,87
C00076,2024-05-01,Pro,79,Month-to-month,PayPal,USA,E-commerce,30,0.33,6,1,5.0,0,12,0,,28,2212
C00077,2024-04-01,Pro,79,1-Year,Credit Card,UK,Healthcare,38,0.444,5,4,5.0,1,2,0,,29,2291
C00078,2024-05-01,Basic,29,Month-to-month,ACH/Bank Transfer,USA,Nonprofit,97,0.072,2,2,5.0,0,20,1,2024-07-01,3,87
C00079,2024-07-01,Basic,29,Month-to-month,Manual Invoice,Canada,Manufacturing,1,0.203,5,2,1.77,1,6,0,,26,754
C00080,2025-03-01,Basic,29,Month-to-month,Credit Card,Germany,Nonprofit,4,0.674,2,2,3.5,1,6,1,2025-03-01,1,29
C00081,2025-01-01,Pro,79,Month-to-month,Credit Card,USA,Finance,22,0.713,3,2,4.59,2,20,0,,20,1580
C00082,2026-02-01,Basic,29,Month-to-month,Manual Invoice,Australia,E-commerce,26,0.622,3,2,4.65,0,12,0,,7,203
C00083,2023-03-01,Basic,29,Month-to-month,Credit Card,UK,Nonprofit,10,0.752,3,1,5.0,0,25,0,,42,1218
C00084,2025-07-01,Enterprise,199,1-Year,Credit Card,Germany,Marketing/Agency,2,0.589,7,0,3.02,0,17,0,,14,2786
C00085,2025-12-01,Basic,29,2-Year,Credit Card,USA,Education,9,0.96,5,0,3.56,0,7,0,,9,261
C00086,2023-09-01,Enterprise,199,Month-to-month,ACH/Bank Transfer,Germany,Manufacturing,16,0.205,3,2,3.8,0,13,0,,36,7164
C00087,2023-08-01,Basic,29,Month-to-month,Credit Card,UK,Marketing/Agency,6,0.694,3,2,3.6,0,4,0,,37,1073
C00088,2026-07-01,Pro,79,Month-to-month,ACH/Bank Transfer,USA,Marketing/Agency,24,0.614,4,3,3.9,1,21,0,,2,158
C00089,2024-07-01,Pro,79,Month-to-month,Credit Card,Australia,Marketing/Agency,47,0.651,6,0,3.99,0,43,1,2025-10-01,16,1264
C00090,2025-09-01,Basic,29,Month-to-month,Credit Card,USA,Manufacturing,3,0.674,5,0,4.16,0,5,0,,12,348
C00091,2025-12-01,Basic,29,1-Year,PayPal,Canada,Marketing/Agency,11,0.297,5,1,2.1,2,10,1,2025-12-01,1,29
C00092,2025-09-01,Basic,29,Month-to-month,Credit Card,UK,Marketing/Agency,30,0.596,10,0,2.08,0,16,0,,12,348
C00093,2025-09-01,Basic,29,1-Year,Credit Card,USA,Education,4,0.715,7,2,4.5,0,2,0,,12,348
C00094,2023-08-01,Basic,29,2-Year,Credit Card,India,SaaS/Tech,11,0.72,5,0,3.43,1,17,1,2026-07-01,36,1044
C00095,2026-07-01,Basic,29,Month-to-month,PayPal,Germany,Finance,16,0.547,2,2,5.0,2,2,0,,2,58
C00096,2024-11-01,Basic,29,Month-to-month,Credit Card,USA,E-commerce,2,0.45,8,2,5.0,0,3,0,,22,638
C00097,2023-11-01,Basic,29,Month-to-month,PayPal,Australia,Healthcare,20,0.613,2,2,2.4,1,1,1,2024-01-01,3,87
C00098,2024-06-01,Basic,29,1-Year,PayPal,Australia,E-commerce,38,0.034,1,2,4.13,0,0,0,,27,783
C00099,2023-05-01,Pro,79,2-Year,Credit Card,Germany,Marketing/Agency,47,0.226,4,2,3.84,1,16,0,,40,3160
C00100,2025-10-01,Basic,29,1-Year,PayPal,USA,Healthcare,10,0.163,7,2,3.37,0,10,0,,11,319
C00101,2025-10-01,Enterprise,199,2-Year,ACH/Bank Transfer,UK,Healthcare,12,0.63,2,2,3.42,0,13,0,,11,2189
C00102,2024-03-01,Basic,29,Month-to-month,Credit Card,India,Manufacturing,42,0.246,5,0,4.18,0,53,0,,30,870
C00103,2024-04-01,Pro,79,1-Year,Credit Card,Canada,Marketing/Agency,21,0.607,5,4,2.8,0,3,0,,29,2291
C00104,2023-04-01,Basic,29,2-Year,ACH/Bank Transfer,Germany,SaaS/Tech,56,0.566,7,0,3.26,0,3,0,,41,1189
C00105,2025-11-01,Basic,29,Month-to-month,PayPal,India,Manufacturing,3,0.423,5,1,4.57,0,9,0,,10,290
C00106,2025-03-01,Pro,79,Month-to-month,Credit Card,India,Education,4,0.319,2,2,3.72,1,26,0,,18,1422
C00107,2024-12-01,Pro,79,Month-to-month,Credit Card,Australia,Finance,56,0.596,3,2,5.0,2,14,0,,21,1659
C00108,2026-06-01,Basic,29,Month-to-month,PayPal,UK,Education,2,0.143,2,1,3.96,0,6,0,,3,87
C00109,2024-01-01,Pro,79,Month-to-month,Credit Card,Australia,Manufacturing,1,0.559,4,1,4.6,0,21,0,,32,2528
C00110,2026-07-01,Pro,79,2-Year,PayPal,Canada,Healthcare,38,0.698,7,2,3.77,0,9,0,,2,158
C00111,2024-11-01,Basic,29,Month-to-month,Credit Card,Germany,E-commerce,43,0.102,2,1,4.21,2,2,1,2026-03-01,17,493
C00112,2023-12-01,Basic,29,1-Year,ACH/Bank Transfer,USA,SaaS/Tech,13,0.694,4,0,4.61,1,25,1,2025-09-01,22,638
C00113,2025-11-01,Basic,29,Month-to-month,Manual Invoice,India,Marketing/Agency,8,0.148,3,0,5.0,0,0,0,,10,290
C00114,2025-07-01,Basic,29,1-Year,ACH/Bank Transfer,Germany,Marketing/Agency,5,0.775,3,0,2.6,1,9,0,,14,406
C00115,2025-01-01,Basic,29,1-Year,Credit Card,Australia,Nonprofit,53,0.686,1,5,1.37,0,56,1,2025-06-01,6,174
C00116,2025-03-01,Basic,29,1-Year,ACH/Bank Transfer,USA,Marketing/Agency,11,0.127,6,0,3.64,1,16,1,2026-07-01,17,493
C00117,2026-05-01,Pro,79,Month-to-month,Credit Card,Germany,Manufacturing,15,0.374,5,1,3.22,0,17,0,,4,316
C00118,2024-09-01,Basic,29,Month-to-month,Credit Card,Germany,Marketing/Agency,8,0.285,4,0,3.34,0,0,0,,24,696
C00119,2023-10-01,Basic,29,Month-to-month,Credit Card,Canada,Finance,39,0.573,3,0,5.0,0,1,1,2024-08-01,11,319
C00120,2024-08-01,Enterprise,199,Month-to-month,Credit Card,USA,E-commerce,12,0.381,4,2,4.27,1,18,0,,25,4975
C00121,2025-08-01,Enterprise,199,2-Year,Credit Card,Canada,SaaS/Tech,7,0.241,1,2,2.86,0,9,1,2026-05-01,10,1990
C00122,2026-07-01,Basic,29,Month-to-month,Credit Card,Canada,Nonprofit,94,0.678,7,2,5.0,0,8,0,,2,58
C00123,2024-06-01,Basic,29,Month-to-month,Credit Card,India,Finance,36,0.331,4,2,4.45,0,6,0,,27,783
C00124,2026-03-01,Basic,29,Month-to-month,Credit Card,India,Nonprofit,58,0.678,6,2,4.87,0,0,0,,6,174
C00125,2023-12-01,Enterprise,199,Month-to-month,Credit Card,USA,SaaS/Tech,3,0.562,3,1,4.35,0,19,0,,33,6567
C00126,2023-09-01,Enterprise,199,2-Year,PayPal,UK,Manufacturing,14,0.593,7,2,3.36,0,1,0,,36,7164
C00127,2025-11-01,Pro,79,1-Year,Credit Card,USA,Education,5,0.636,2,1,4.06,0,3,1,2026-04-01,6,474
C00128,2023-12-01,Basic,29,Month-to-month,Credit Card,USA,SaaS/Tech,17,0.592,4,4,4.22,0,1,0,,33,957
C00129,2024-02-01,Enterprise,199,1-Year,ACH/Bank Transfer,USA,Healthcare,11,0.392,3,1,4.66,0,61,0,,31,6169
C00130,2023-06-01,Enterprise,199,Month-to-month,Credit Card,India,SaaS/Tech,23,0.435,6,0,2.46,1,8,1,2023-09-01,4,796
C00131,2025-06-01,Basic,29,Month-to-month,PayPal,USA,Finance,11,0.561,2,1,4.21,0,27,0,,15,435
C00132,2023-05-01,Pro,79,2-Year,Credit Card,UK,Manufacturing,14,0.71,2,1,3.84,0,7,0,,40,3160
C00133,2025-06-01,Basic,29,Month-to-month,ACH/Bank Transfer,UK,Education,13,0.788,4,3,3.22,0,1,0,,15,435
C00134,2023-06-01,Pro,79,1-Year,PayPal,India,Education,3,0.375,2,0,5.0,1,2,0,,39,3081
C00135,2026-03-01,Basic,29,Month-to-month,Credit Card,USA,Healthcare,93,0.541,6,1,2.58,1,0,0,,6,174
C00136,2023-02-01,Pro,79,2-Year,Credit Card,Canada,E-commerce,14,0.29,5,1,4.43,0,12,0,,43,3397
C00137,2025-12-01,Basic,29,1-Year,Credit Card,USA,Finance,9,0.689,3,0,3.51,0,3,0,,9,261
C00138,2024-10-01,Basic,29,1-Year,PayPal,India,Marketing/Agency,22,1.0,2,0,5.0,0,8,0,,23,667
C00139,2026-07-01,Pro,79,Month-to-month,Credit Card,USA,Manufacturing,7,0.442,5,2,4.74,2,2,0,,2,158
C00140,2023-03-01,Enterprise,199,1-Year,Credit Card,UK,Manufacturing,24,0.491,3,1,2.0,0,3,0,,42,8358
C00141,2026-06-01,Basic,29,1-Year,Credit Card,USA,Manufacturing,2,0.442,4,2,3.83,0,8,0,,3,87
C00142,2025-02-01,Basic,29,Month-to-month,PayPal,Germany,Education,37,0.593,4,4,5.0,1,1,0,,19,551
C00143,2023-06-01,Basic,29,Month-to-month,Credit Card,USA,SaaS/Tech,39,0.525,3,4,2.62,0,8,0,,39,1131
C00144,2024-02-01,Enterprise,199,1-Year,Manual Invoice,India,Finance,34,0.705,4,1,4.53,0,37,0,,31,6169
C00145,2024-01-01,Pro,79,1-Year,Credit Card,USA,Manufacturing,6,0.472,4,3,3.43,1,9,1,2025-03-01,15,1185
C00146,2024-08-01,Pro,79,Month-to-month,Credit Card,USA,Healthcare,90,1.0,3,2,3.78,0,8,0,,25,1975
C00147,2026-03-01,Basic,29,1-Year,Manual Invoice,USA,Nonprofit,22,0.565,5,3,3.64,1,8,0,,6,174
C00148,2026-05-01,Pro,79,1-Year,Credit Card,USA,Marketing/Agency,49,0.273,3,0,3.6,0,8,0,,4,316
C00149,2024-01-01,Basic,29,1-Year,Manual Invoice,Australia,Nonprofit,10,0.35,4,3,3.91,1,2,1,2024-07-01,7,203
C00150,2024-10-01,Basic,29,Month-to-month,Credit Card,USA,SaaS/Tech,16,0.382,6,1,4.44,2,21,1,2025-08-01,11,319
C00151,2023-11-01,Pro,79,1-Year,Credit Card,UK,Education,44,0.925,2,3,2.46,0,5,0,,34,2686
C00152,2025-06-01,Basic,29,2-Year,Credit Card,USA,Healthcare,12,0.535,3,3,4.94,1,76,0,,15,435
C00153,2026-05-01,Basic,29,Month-to-month,ACH/Bank Transfer,UK,Nonprofit,27,0.723,2,1,4.45,0,24,0,,4,116
C00154,2024-04-01,Enterprise,199,Month-to-month,Credit Card,Canada,SaaS/Tech,25,0.866,8,1,5.0,0,0,0,,29,5771
C00155,2024-12-01,Pro,79,2-Year,Credit Card,UK,Marketing/Agency,25,0.829,6,6,4.64,0,12,0,,21,1659
C00156,2025-09-01,Enterprise,199,Month-to-month,PayPal,USA,Education,2,0.531,5,2,3.46,0,7,0,,12,2388
C00157,2023-10-01,Pro,79,1-Year,ACH/Bank Transfer,Germany,Education,45,0.399,4,1,3.26,0,1,0,,35,2765
C00158,2023-11-01,Enterprise,199,Month-to-month,Credit Card,Germany,E-commerce,16,0.816,1,3,3.13,2,12,1,2025-08-01,22,4378
C00159,2024-02-01,Pro,79,2-Year,Manual Invoice,India,E-commerce,9,0.317,3,2,3.14,0,9,0,,31,2449
C00160,2024-11-01,Basic,29,Month-to-month,Credit Card,Germany,Healthcare,11,0.462,1,1,5.0,1,21,0,,22,638
C00161,2023-03-01,Pro,79,Month-to-month,Credit Card,India,Education,92,0.65,4,0,2.42,2,5,1,2023-03-01,1,79
C00162,2023-02-01,Pro,79,1-Year,PayPal,Germany,Education,5,0.76,5,0,5.0,2,46,0,,43,3397
C00163,2025-12-01,Pro,79,1-Year,PayPal,Germany,Nonprofit,22,0.705,5,0,3.02,0,4,0,,9,711
C00164,2025-04-01,Basic,29,1-Year,Credit Card,Australia,Marketing/Agency,8,0.955,5,1,3.79,0,1,0,,17,493
C00165,2023-12-01,Pro,79,Month-to-month,Credit Card,India,E-commerce,50,0.447,3,0,2.54,0,21,1,2023-12-01,1,79
C00166,2024-01-01,Basic,29,2-Year,Manual Invoice,USA,Marketing/Agency,23,0.194,5,1,4.87,1,14,0,,32,928
C00167,2024-10-01,Pro,79,1-Year,PayPal,USA,Healthcare,298,0.652,3,0,4.35,0,4,0,,23,1817
C00168,2025-10-01,Basic,29,Month-to-month,Manual Invoice,India,Finance,10,0.436,5,0,3.77,0,0,0,,11,319
C00169,2024-01-01,Basic,29,1-Year,Credit Card,India,Nonprofit,18,0.611,2,1,3.52,0,9,0,,32,928
C00170,2023-01-01,Basic,29,Month-to-month,Credit Card,USA,Finance,37,0.699,1,0,5.0,0,8,0,,44,1276
C00171,2025-08-01,Pro,79,2-Year,ACH/Bank Transfer,USA,SaaS/Tech,48,0.659,5,1,4.66,0,39,0,,13,1027
C00172,2025-01-01,Basic,29,Month-to-month,Credit Card,USA,SaaS/Tech,39,0.851,3,0,3.69,0,0,0,,20,580
C00173,2024-06-01,Pro,79,1-Year,ACH/Bank Transfer,India,Education,476,0.662,5,0,4.11,0,6,0,,27,2133
C00174,2026-07-01,Enterprise,199,Month-to-month,PayPal,UK,Marketing/Agency,25,0.801,3,2,4.38,0,0,0,,2,398
C00175,2023-07-01,Basic,29,2-Year,ACH/Bank Transfer,USA,Manufacturing,7,0.567,4,2,5.0,2,15,0,,38,1102
C00176,2024-10-01,Pro,79,1-Year,Credit Card,India,Education,131,0.978,2,0,3.35,2,1,1,2025-11-01,14,1106
C00177,2026-04-01,Pro,79,1-Year,ACH/Bank Transfer,Canada,Manufacturing,44,0.253,3,2,2.41,0,23,0,,5,395
C00178,2023-04-01,Pro,79,Month-to-month,PayPal,USA,Manufacturing,66,0.6,4,1,3.7,1,57,1,2026-06-01,39,3081
C00179,2023-08-01,Pro,79,1-Year,PayPal,USA,Healthcare,18,0.271,3,0,5.0,0,9,0,,37,2923
C00180,2025-07-01,Basic,29,Month-to-month,PayPal,Australia,Nonprofit,15,0.62,7,3,5.0,0,1,0,,14,406
C00181,2023-10-01,Basic,29,Month-to-month,PayPal,USA,Education,33,1.0,4,0,5.0,0,4,0,,35,1015
C00182,2025-12-01,Enterprise,199,2-Year,Credit Card,India,SaaS/Tech,9,0.713,4,0,3.43,1,3,0,,9,1791
C00183,2023-08-01,Enterprise,199,2-Year,Credit Card,Australia,Nonprofit,1,0.638,2,0,4.66,0,16,0,,37,7363
C00184,2023-09-01,Pro,79,1-Year,Credit Card,India,Education,30,0.657,4,1,3.56,0,9,0,,36,2844
C00185,2026-04-01,Basic,29,Month-to-month,Credit Card,Canada,Healthcare,43,0.344,5,0,3.72,0,30,0,,5,145
C00186,2025-08-01,Enterprise,199,Month-to-month,Credit Card,UK,SaaS/Tech,11,1.0,4,1,3.99,0,40,0,,13,2587
C00187,2024-06-01,Basic,29,Month-to-month,Credit Card,USA,E-commerce,4,0.446,5,1,3.29,0,5,0,,27,783
C00188,2023-04-01,Enterprise,199,1-Year,Credit Card,India,Education,150,0.722,1,2,2.84,2,3,1,2023-04-01,1,199
C00189,2026-05-01,Basic,29,Month-to-month,Credit Card,USA,Marketing/Agency,38,0.403,1,2,4.62,1,1,0,,4,116
C00190,2023-05-01,Enterprise,199,1-Year,Manual Invoice,India,Manufacturing,25,0.403,0,0,3.53,2,0,1,2023-07-01,3,597
C00191,2026-06-01,Basic,29,1-Year,ACH/Bank Transfer,USA,Manufacturing,143,0.376,0,1,4.34,0,6,0,,3,87
C00192,2025-11-01,Pro,79,Month-to-month,ACH/Bank Transfer,USA,Nonprofit,22,0.416,3,0,3.95,1,19,1,2026-01-01,3,237
C00193,2025-07-01,Basic,29,Month-to-month,Manual Invoice,Canada,Healthcare,23,0.348,3,3,4.16,2,1,0,,14,406
C00194,2024-10-01,Enterprise,199,Month-to-month,Credit Card,USA,Healthcare,7,0.334,2,0,3.26,0,1,0,,23,4577
C00195,2026-05-01,Enterprise,199,Month-to-month,ACH/Bank Transfer,India,Nonprofit,3,0.458,4,1,4.29,0,3,0,,4,796
C00196,2023-05-01,Pro,79,1-Year,Credit Card,UK,SaaS/Tech,35,0.26,7,2,4.55,0,0,0,,40,3160
C00197,2024-02-01,Basic,29,1-Year,Credit Card,Australia,SaaS/Tech,42,0.791,2,0,3.23,1,0,0,,31,899
C00198,2024-02-01,Basic,29,1-Year,Credit Card,Germany,Education,6,0.803,4,0,5.0,1,2,0,,31,899
C00199,2025-11-01,Pro,79,2-Year,PayPal,UK,Healthcare,23,0.637,4,2,2.27,2,12,1,2026-08-01,10,790
C00200,2023-02-01,Pro,79,Month-to-month,ACH/Bank Transfer,India,Nonprofit,10,0.837,4,2,3.55,0,92,1,2024-10-01,21,1659
C00201,2024-04-01,Enterprise,199,Month-to-month,Manual Invoice,USA,Education,10,1.0,6,2,3.84,2,3,1,2026-07-01,28,5572
C00202,2023-06-01,Enterprise,199,Month-to-month,Credit Card,USA,Manufacturing,7,0.481,4,3,3.97,2,7,1,2024-06-01,13,2587
C00203,2024-12-01,Pro,79,Month-to-month,Credit Card,USA,Education,12,0.192,4,2,4.49,1,13,0,,21,1659
C00204,2023-04-01,Enterprise,199,1-Year,Credit Card,Australia,E-commerce,6,0.827,3,1,3.16,0,1,0,,41,8159
C00205,2023-07-01,Basic,29,2-Year,Credit Card,India,Healthcare,22,0.212,2,0,4.56,1,27,0,,38,1102
C00206,2025-10-01,Enterprise,199,Month-to-month,Credit Card,Germany,Healthcare,23,0.644,6,2,3.19,0,18,0,,11,2189
C00207,2023-08-01,Enterprise,199,2-Year,ACH/Bank Transfer,UK,Nonprofit,40,0.217,6,1,2.02,0,13,0,,37,7363
C00208,2025-03-01,Enterprise,199,1-Year,Credit Card,Germany,Healthcare,17,0.82,0,3,4.34,0,14,1,2025-06-01,4,796
C00209,2025-02-01,Basic,29,2-Year,Manual Invoice,Australia,Marketing/Agency,2,0.574,6,1,3.66,1,7,0,,19,551
C00210,2023-05-01,Enterprise,199,Month-to-month,Credit Card,Canada,Nonprofit,9,0.977,3,2,4.09,0,6,0,,40,7960
C00211,2024-07-01,Basic,29,Month-to-month,PayPal,USA,Finance,159,0.863,5,3,4.02,0,2,0,,26,754
C00212,2026-03-01,Enterprise,199,1-Year,Credit Card,Germany,SaaS/Tech,43,0.57,3,2,4.9,0,0,0,,6,1194
C00213,2025-03-01,Pro,79,1-Year,PayPal,Australia,Finance,70,0.586,6,0,4.97,0,9,0,,18,1422
C00214,2026-02-01,Enterprise,199,Month-to-month,Credit Card,Canada,Healthcare,26,0.39,0,0,2.57,0,10,0,,7,1393
C00215,2024-06-01,Basic,29,1-Year,ACH/Bank Transfer,Germany,Healthcare,3,0.509,3,1,4.78,0,21,0,,27,783
C00216,2025-12-01,Pro,79,2-Year,Credit Card,USA,Nonprofit,25,0.781,3,1,4.83,1,8,0,,9,711
C00217,2023-05-01,Basic,29,Month-to-month,PayPal,USA,Manufacturing,6,0.274,4,1,4.65,2,5,1,2023-05-01,1,29
C00218,2023-04-01,Basic,29,2-Year,PayPal,Australia,E-commerce,8,0.673,3,1,5.0,0,29,0,,41,1189
C00219,2026-04-01,Basic,29,Month-to-month,ACH/Bank Transfer,UK,Manufacturing,15,0.649,2,1,5.0,1,5,0,,5,145
C00220,2023-05-01,Enterprise,199,1-Year,Credit Card,India,Marketing/Agency,17,0.723,3,0,2.33,0,12,1,2026-05-01,37,7363
C00221,2023-04-01,Pro,79,Month-to-month,Credit Card,India,E-commerce,12,0.356,13,3,5.0,0,25,0,,41,3239
C00222,2025-09-01,Enterprise,199,1-Year,Credit Card,Australia,Nonprofit,78,0.864,3,2,3.18,0,10,0,,12,2388
C00223,2025-01-01,Enterprise,199,Month-to-month,Credit Card,Canada,E-commerce,23,0.552,3,1,2.26,0,1,0,,20,3980
C00224,2024-03-01,Basic,29,Month-to-month,ACH/Bank Transfer,UK,Manufacturing,7,0.58,7,2,5.0,0,16,0,,30,870
C00225,2025-06-01,Basic,29,Month-to-month,Credit Card,USA,Nonprofit,4,0.387,2,0,4.54,0,18,0,,15,435
C00226,2025-05-01,Pro,79,Month-to-month,Credit Card,USA,E-commerce,13,0.719,1,4,3.91,0,14,1,2026-01-01,9,711
C00227,2024-02-01,Basic,29,Month-to-month,ACH/Bank Transfer,USA,Finance,21,1.0,3,2,2.57,1,18,1,2024-05-01,4,116
C00228,2026-05-01,Pro,79,1-Year,Credit Card,USA,Education,10,0.836,2,3,3.87,0,20,0,,4,316
C00229,2023-04-01,Pro,79,Month-to-month,Credit Card,USA,Healthcare,37,0.536,5,1,4.49,0,8,0,,41,3239
C00230,2024-03-01,Basic,29,1-Year,Credit Card,Canada,E-commerce,15,0.342,1,2,5.0,1,0,0,,30,870
C00231,2024-11-01,Basic,29,1-Year,Manual Invoice,Canada,Nonprofit,36,0.686,6,3,4.14,2,3,0,,22,638
C00232,2023-06-01,Basic,29,1-Year,ACH/Bank Transfer,UK,E-commerce,9,0.389,7,1,4.77,0,13,0,,39,1131
C00233,2026-02-01,Basic,29,Month-to-month,Credit Card,Australia,Manufacturing,173,0.865,5,1,5.0,0,3,0,,7,203
C00234,2023-12-01,Pro,79,Month-to-month,Credit Card,USA,Healthcare,42,0.252,3,2,2.91,0,33,1,2025-09-01,22,1738
C00235,2023-02-01,Pro,79,Month-to-month,Credit Card,Australia,Education,4,0.619,3,1,4.36,0,0,0,,43,3397
C00236,2024-07-01,Enterprise,199,Month-to-month,Credit Card,USA,Marketing/Agency,9,0.384,3,2,1.89,0,0,1,2024-08-01,2,398
C00237,2023-03-01,Basic,29,Month-to-month,Credit Card,Australia,Nonprofit,117,0.691,2,0,5.0,1,5,0,,42,1218
C00238,2024-03-01,Pro,79,Month-to-month,Credit Card,Canada,Finance,72,0.058,2,1,4.29,0,1,1,2024-12-01,10,790
C00239,2025-04-01,Pro,79,Month-to-month,ACH/Bank Transfer,USA,Healthcare,43,0.234,6,2,5.0,1,14,0,,17,1343
C00240,2025-04-01,Basic,29,Month-to-month,PayPal,UK,Manufacturing,35,0.117,4,0,4.02,1,7,0,,17,493
C00241,2023-08-01,Enterprise,199,1-Year,PayPal,Germany,Education,6,0.664,7,1,5.0,1,0,0,,37,7363
C00242,2026-04-01,Basic,29,1-Year,Credit Card,USA,Nonprofit,37,0.471,3,1,3.18,0,1,0,,5,145
C00243,2023-01-01,Enterprise,199,Month-to-month,Credit Card,USA,Education,31,0.496,3,3,3.71,1,31,1,2023-06-01,6,1194
C00244,2025-05-01,Basic,29,2-Year,Manual Invoice,India,Nonprofit,21,0.525,6,2,3.42,1,3,0,,16,464
C00245,2024-07-01,Enterprise,199,Month-to-month,Credit Card,Canada,Nonprofit,9,0.391,6,3,3.85,0,1,0,,26,5174
C00246,2024-11-01,Basic,29,Month-to-month,Credit Card,India,SaaS/Tech,14,0.633,4,0,4.22,0,0,0,,22,638
C00247,2025-05-01,Pro,79,Month-to-month,Credit Card,Germany,Education,25,0.529,1,1,5.0,2,11,0,,16,1264
C00248,2026-06-01,Enterprise,199,Month-to-month,Manual Invoice,India,E-commerce,10,0.567,7,0,3.31,0,4,0,,3,597
C00249,2026-07-01,Basic,29,1-Year,Credit Card,USA,Education,40,0.674,2,0,4.7,1,22,0,,2,58
C00250,2023-05-01,Pro,79,1-Year,Credit Card,UK,Marketing/Agency,30,0.372,2,1,3.42,0,2,0,,40,3160
C00251,2024-09-01,Enterprise,199,1-Year,Credit Card,UK,E-commerce,14,0.503,4,1,5.0,0,0,0,,24,4776
C00252,2025-10-01,Basic,29,Month-to-month,PayPal,Germany,Marketing/Agency,734,0.145,4,0,4.34,1,5,0,,11,319
C00253,2024-08-01,Basic,29,Month-to-month,Credit Card,USA,Education,71,0.257,8,4,3.33,1,9,1,2025-08-01,13,377
C00254,2026-02-01,Basic,29,Month-to-month,Credit Card,India,Nonprofit,1,0.238,3,1,5.0,0,1,0,,7,203
C00255,2023-09-01,Basic,29,Month-to-month,Credit Card,Germany,SaaS/Tech,67,0.189,7,0,4.8,0,14,0,,36,1044
C00256,2024-03-01,Pro,79,Month-to-month,Credit Card,Germany,E-commerce,30,0.854,7,0,4.38,0,0,0,,30,2370
C00257,2023-10-01,Pro,79,1-Year,Credit Card,Australia,Nonprofit,59,0.86,2,0,3.93,1,1,0,,35,2765
C00258,2025-11-01,Basic,29,1-Year,PayPal,Australia,Education,6,0.544,3,1,4.43,1,13,0,,10,290
C00259,2025-07-01,Enterprise,199,Month-to-month,Credit Card,USA,Finance,56,0.614,5,1,5.0,0,1,0,,14,2786
C00260,2024-11-01,Pro,79,Month-to-month,Credit Card,Germany,Marketing/Agency,125,0.497,5,0,5.0,0,9,0,,22,1738
C00261,2023-12-01,Basic,29,1-Year,Credit Card,UK,Education,10,0.832,5,1,3.35,0,2,0,,33,957
C00262,2026-04-01,Enterprise,199,Month-to-month,Credit Card,India,Marketing/Agency,164,0.558,2,0,3.95,0,1,0,,5,995
C00263,2023-11-01,Basic,29,1-Year,Credit Card,UK,E-commerce,7,0.576,1,2,2.41,1,10,1,2025-03-01,17,493
C00264,2025-01-01,Enterprise,199,Month-to-month,Credit Card,USA,Healthcare,31,0.556,3,2,3.2,0,30,1,2025-03-01,3,597
C00265,2024-03-01,Pro,79,1-Year,ACH/Bank Transfer,USA,Education,4,0.324,5,0,3.67,0,21,0,,30,2370
C00266,2025-05-01,Basic,29,1-Year,Credit Card,India,Nonprofit,36,0.94,7,1,4.65,0,9,0,,16,464
C00267,2023-10-01,Pro,79,2-Year,Credit Card,USA,Nonprofit,95,0.313,3,2,3.96,0,12,0,,35,2765
C00268,2024-06-01,Basic,29,1-Year,PayPal,Canada,Manufacturing,66,0.177,2,1,3.22,1,0,0,,27,783
C00269,2026-04-01,Basic,29,1-Year,ACH/Bank Transfer,Canada,Manufacturing,58,0.397,5,1,4.48,0,1,0,,5,145
C00270,2026-02-01,Basic,29,Month-to-month,Credit Card,Canada,Finance,10,0.623,4,1,5.0,2,3,0,,7,203
C00271,2024-11-01,Pro,79,1-Year,Manual Invoice,India,Marketing/Agency,25,0.413,4,0,3.44,2,10,1,2026-03-01,17,1343
C00272,2025-01-01,Enterprise,199,Month-to-month,PayPal,USA,Finance,237,0.943,4,4,4.21,1,1,0,,20,3980
C00273,2023-02-01,Pro,79,1-Year,Credit Card,Australia,E-commerce,11,0.388,7,1,4.72,0,4,1,2025-07-01,30,2370
C00274,2026-06-01,Basic,29,1-Year,Credit Card,USA,Manufacturing,5,0.83,6,2,4.29,0,7,0,,3,87
C00275,2025-03-01,Basic,29,Month-to-month,Credit Card,India,Healthcare,12,0.865,3,0,4.33,0,3,0,,18,522
C00276,2023-02-01,Enterprise,199,2-Year,PayPal,Canada,Manufacturing,52,0.674,1,3,4.9,0,1,0,,43,8557
C00277,2024-06-01,Pro,79,2-Year,Credit Card,India,Finance,98,0.724,3,1,3.8,0,2,0,,27,2133
C00278,2025-05-01,Basic,29,Month-to-month,Credit Card,Australia,Manufacturing,33,0.527,7,0,3.57,2,1,0,,16,464
C00279,2024-07-01,Basic,29,1-Year,PayPal,Canada,Finance,67,0.661,3,1,4.22,0,14,0,,26,754
C00280,2023-08-01,Pro,79,Month-to-month,Credit Card,Canada,Finance,42,0.966,4,1,5.0,2,18,1,2026-06-01,35,2765
C00281,2023-03-01,Enterprise,199,Month-to-month,Manual Invoice,UK,Education,10,0.915,4,0,4.06,1,5,0,,42,8358
C00282,2023-10-01,Pro,79,Month-to-month,ACH/Bank Transfer,UK,E-commerce,39,0.206,2,1,3.06,0,14,0,,35,2765
C00283,2024-06-01,Basic,29,2-Year,Credit Card,Canada,SaaS/Tech,43,0.366,5,2,3.92,0,0,0,,27,783
C00284,2024-08-01,Basic,29,Month-to-month,Credit Card,India,Manufacturing,2,1.0,6,2,4.25,0,5,0,,25,725
C00285,2026-07-01,Basic,29,Month-to-month,PayPal,Germany,E-commerce,4,0.413,1,3,3.47,0,60,0,,2,58
C00286,2024-07-01,Pro,79,1-Year,Credit Card,UK,Finance,14,0.787,6,1,3.27,2,5,0,,26,2054
C00287,2023-08-01,Pro,79,2-Year,ACH/Bank Transfer,India,Education,6,0.741,2,0,3.18,0,11,1,2025-08-01,25,1975
C00288,2026-02-01,Basic,29,Month-to-month,ACH/Bank Transfer,USA,SaaS/Tech,11,0.516,4,0,4.81,0,9,0,,7,203
C00289,2024-12-01,Pro,79,Month-to-month,Credit Card,Germany,Healthcare,14,0.606,3,2,2.71,0,26,0,,21,1659
C00290,2025-06-01,Pro,79,1-Year,Credit Card,UK,Education,5,0.616,5,3,3.69,1,9,0,,15,1185
C00291,2023-09-01,Basic,29,1-Year,PayPal,Canada,Finance,3,0.473,4,2,4.52,0,3,0,,36,1044
C00292,2023-10-01,Pro,79,Month-to-month,ACH/Bank Transfer,Germany,Manufacturing,57,0.649,4,2,2.8,0,7,1,2025-12-01,27,2133
C00293,2024-11-01,Pro,79,Month-to-month,Credit Card,Germany,Manufacturing,17,0.541,4,1,3.39,1,10,0,,22,1738
C00294,2026-07-01,Enterprise,199,1-Year,Credit Card,India,Manufacturing,9,0.261,3,1,3.08,1,3,0,,2,398
C00295,2023-03-01,Basic,29,Month-to-month,Credit Card,USA,Finance,3,0.741,1,2,3.82,1,6,0,,42,1218
C00296,2026-02-01,Basic,29,Month-to-month,Manual Invoice,Australia,Manufacturing,3,0.199,2,1,3.19,1,14,0,,7,203
C00297,2024-03-01,Basic,29,Month-to-month,ACH/Bank Transfer,UK,Manufacturing,20,0.321,3,0,3.51,0,10,0,,30,870
C00298,2025-09-01,Basic,29,Month-to-month,Credit Card,India,Marketing/Agency,11,0.809,3,1,4.55,1,22,0,,12,348
C00299,2024-05-01,Basic,29,2-Year,ACH/Bank Transfer,India,Manufacturing,17,1.0,3,0,3.3,0,12,0,,28,812
C00300,2023-02-01,Pro,79,Month-to-month,PayPal,Germany,Manufacturing,18,0.764,3,1,5.0,0,1,0,,43,3397
C00301,2026-03-01,Enterprise,199,Month-to-month,PayPal,USA,Finance,6,0.465,3,0,4.33,2,2,0,,6,1194
C00302,2024-01-01,Enterprise,199,Month-to-month,Credit Card,USA,SaaS/Tech,131,0.736,4,1,2.09,0,8,0,,32,6368
C00303,2024-07-01,Basic,29,1-Year,Credit Card,Australia,Finance,21,0.578,5,2,3.44,2,1,0,,26,754
C00304,2025-04-01,Enterprise,199,1-Year,PayPal,India,Marketing/Agency,31,0.233,4,3,4.39,0,7,1,2026-04-01,13,2587
C00305,2024-06-01,Pro,79,Month-to-month,Credit Card,UK,Education,6,0.397,2,0,4.38,0,6,0,,27,2133
C00306,2026-06-01,Basic,29,Month-to-month,Credit Card,Canada,Healthcare,3,0.458,6,4,4.74,2,6,0,,3,87
C00307,2023-05-01,Pro,79,Month-to-month,ACH/Bank Transfer,UK,SaaS/Tech,15,0.707,4,2,5.0,0,5,1,2026-01-01,33,2607
C00308,2023-06-01,Pro,79,1-Year,Credit Card,USA,Nonprofit,50,0.389,0,2,4.07,0,0,0,,39,3081
C00309,2023-06-01,Pro,79,Month-to-month,PayPal,Canada,Manufacturing,12,0.084,6,2,4.06,1,5,1,2026-06-01,37,2923
C00310,2023-08-01,Pro,79,Month-to-month,Credit Card,Australia,Nonprofit,18,0.335,5,1,3.77,0,2,0,,37,2923
C00311,2026-02-01,Basic,29,1-Year,Credit Card,Canada,SaaS/Tech,6,0.52,0,0,4.8,2,23,0,,7,203
C00312,2025-11-01,Basic,29,Month-to-month,Credit Card,USA,Education,12,0.679,3,1,3.7,1,24,0,,10,290
C00313,2025-07-01,Basic,29,Month-to-month,Credit Card,USA,Manufacturing,74,0.344,5,2,3.84,1,1,1,2026-06-01,12,348
C00314,2024-04-01,Basic,29,2-Year,PayPal,Australia,E-commerce,18,0.263,6,3,2.67,0,0,0,,29,841
C00315,2026-01-01,Pro,79,1-Year,Credit Card,UK,Healthcare,2,1.0,6,3,3.93,0,5,1,2026-05-01,5,395
C00316,2025-04-01,Basic,29,Month-to-month,Credit Card,UK,Healthcare,16,0.663,3,2,3.8,1,0,1,2025-05-01,2,58
C00317,2025-10-01,Pro,79,2-Year,ACH/Bank Transfer,India,Finance,2,0.33,5,1,3.3,1,2,0,,11,869
C00318,2026-02-01,Basic,29,Month-to-month,Credit Card,India,Manufacturing,1,0.635,9,0,4.3,1,83,0,,7,203
C00319,2023-11-01,Enterprise,199,2-Year,Credit Card,Germany,Finance,39,0.581,2,2,5.0,0,12,0,,34,6766
C00320,2023-10-01,Basic,29,1-Year,PayPal,USA,Nonprofit,28,0.665,4,2,3.32,0,11,1,2024-08-01,11,319
C00321,2023-05-01,Basic,29,1-Year,Credit Card,USA,SaaS/Tech,7,0.446,4,1,4.34,1,3,0,,40,1160
C00322,2024-03-01,Pro,79,Month-to-month,Credit Card,USA,E-commerce,27,0.573,2,6,5.0,2,13,1,2024-04-01,2,158
C00323,2023-12-01,Basic,29,1-Year,Manual Invoice,USA,SaaS/Tech,5,0.511,5,2,3.24,0,8,0,,33,957
C00324,2023-01-01,Pro,79,Month-to-month,ACH/Bank Transfer,USA,Education,29,0.617,2,0,4.8,0,1,0,,44,3476
C00325,2024-08-01,Enterprise,199,1-Year,ACH/Bank Transfer,USA,E-commerce,18,0.403,3,0,4.27,0,26,0,,25,4975
C00326,2025-01-01,Basic,29,Month-to-month,PayPal,Australia,SaaS/Tech,1,0.44,4,2,5.0,2,7,1,2026-08-01,20,580
C00327,2026-01-01,Basic,29,Month-to-month,ACH/Bank Transfer,USA,E-commerce,17,0.48,4,1,5.0,0,1,0,,8,232
C00328,2026-07-01,Basic,29,Month-to-month,Credit Card,USA,Marketing/Agency,96,0.368,3,3,3.72,0,4,0,,2,58
C00329,2024-08-01,Enterprise,199,1-Year,Credit Card,UK,Healthcare,58,0.311,7,1,2.91,0,3,0,,25,4975
C00330,2024-04-01,Pro,79,2-Year,Credit Card,India,Education,36,0.771,2,1,3.16,0,13,0,,29,2291
C00331,2023-03-01,Basic,29,2-Year,PayPal,Canada,E-commerce,27,0.71,6,1,5.0,0,9,0,,42,1218
C00332,2026-05-01,Basic,29,Month-to-month,ACH/Bank Transfer,Germany,Finance,66,0.515,7,4,3.04,0,27,0,,4,116
C00333,2024-08-01,Pro,79,Month-to-month,ACH/Bank Transfer,India,Marketing/Agency,34,0.862,3,1,3.77,0,0,0,,25,1975
C00334,2025-03-01,Pro,79,1-Year,Credit Card,UK,SaaS/Tech,24,0.381,2,1,3.15,0,0,0,,18,1422
C00335,2023-06-01,Pro,79,Month-to-month,ACH/Bank Transfer,UK,Manufacturing,25,0.837,3,2,3.11,0,2,0,,39,3081
C00336,2024-01-01,Enterprise,199,1-Year,Credit Card,UK,Manufacturing,13,0.5,3,5,2.91,1,10,1,2026-08-01,32,6368
C00337,2026-07-01,Enterprise,199,Month-to-month,PayPal,UK,Education,15,0.767,3,0,3.43,2,11,1,2026-07-01,1,199
C00338,2025-10-01,Pro,79,Month-to-month,Credit Card,India,Education,8,1.0,4,0,3.89,1,0,0,,11,869
C00339,2024-08-01,Basic,29,2-Year,PayPal,India,Manufacturing,32,0.639,3,2,3.5,1,3,0,,25,725
C00340,2025-09-01,Basic,29,2-Year,Credit Card,India,Manufacturing,5,0.636,5,4,2.86,2,37,0,,12,348
C00341,2024-04-01,Pro,79,2-Year,Manual Invoice,USA,Marketing/Agency,45,0.869,2,2,5.0,0,0,0,,29,2291
C00342,2023-07-01,Basic,29,Month-to-month,Manual Invoice,India,E-commerce,63,0.159,6,0,4.4,2,8,1,2023-11-01,5,145
C00343,2025-05-01,Basic,29,1-Year,Manual Invoice,USA,Education,2,0.799,8,1,2.25,2,24,0,,16,464
C00344,2025-10-01,Pro,79,2-Year,ACH/Bank Transfer,UK,Education,21,0.529,5,2,3.54,0,22,1,2025-12-01,3,237
C00345,2023-11-01,Pro,79,1-Year,Credit Card,UK,Healthcare,9,0.357,4,1,3.68,0,7,0,,34,2686
C00346,2025-11-01,Basic,29,Month-to-month,PayPal,USA,Education,21,0.489,3,1,4.39,0,32,0,,10,290
C00347,2025-07-01,Enterprise,199,Month-to-month,PayPal,Australia,SaaS/Tech,25,0.497,1,2,4.72,2,19,0,,14,2786
C00348,2023-11-01,Basic,29,1-Year,PayPal,UK,Nonprofit,2,0.075,2,1,4.41,1,3,1,2024-08-01,10,290
C00349,2024-07-01,Pro,79,1-Year,Credit Card,USA,E-commerce,57,0.665,3,1,4.29,2,21,0,,26,2054
C00350,2023-04-01,Pro,79,Month-to-month,Credit Card,Germany,Education,6,1.0,3,0,3.56,0,11,0,,41,3239
C00351,2023-06-01,Enterprise,199,1-Year,Manual Invoice,USA,Education,31,1.0,4,2,3.53,1,17,1,2024-02-01,9,1791
C00352,2023-01-01,Basic,29,1-Year,PayPal,Germany,Education,7,0.453,4,1,4.37,1,39,1,2024-08-01,20,580
C00353,2025-03-01,Enterprise,199,1-Year,Credit Card,Germany,Education,11,0.517,2,1,4.8,0,1,0,,18,3582
C00354,2024-08-01,Basic,29,1-Year,Credit Card,India,SaaS/Tech,26,0.582,3,0,3.65,0,8,0,,25,725
C00355,2024-01-01,Pro,79,1-Year,Manual Invoice,Canada,Finance,6,0.754,3,2,5.0,1,10,0,,32,2528
C00356,2024-03-01,Basic,29,Month-to-month,Credit Card,Canada,Education,15,0.23,9,1,3.45,2,27,0,,30,870
C00357,2024-05-01,Pro,79,2-Year,ACH/Bank Transfer,India,Manufacturing,151,0.589,2,0,3.42,0,5,0,,28,2212
C00358,2025-08-01,Enterprise,199,2-Year,PayPal,Germany,Marketing/Agency,15,0.631,3,1,3.77,2,40,0,,13,2587
C00359,2025-12-01,Basic,29,Month-to-month,PayPal,USA,Finance,27,0.514,2,1,4.64,0,1,0,,9,261
C00360,2026-01-01,Basic,29,Month-to-month,PayPal,Germany,Marketing/Agency,13,0.58,3,2,3.14,0,3,0,,8,232
C00361,2024-07-01,Enterprise,199,Month-to-month,Credit Card,Germany,SaaS/Tech,29,0.546,3,0,4.55,1,5,0,,26,5174
C00362,2023-04-01,Enterprise,199,Month-to-month,Credit Card,India,Manufacturing,63,0.781,4,2,3.18,0,4,0,,41,8159
C00363,2025-08-01,Enterprise,199,1-Year,Credit Card,Australia,Finance,3,0.97,3,3,3.95,0,0,0,,13,2587
C00364,2026-02-01,Basic,29,Month-to-month,Credit Card,USA,E-commerce,8,0.505,2,2,3.55,0,7,0,,7,203
C00365,2026-02-01,Enterprise,199,Month-to-month,Credit Card,USA,E-commerce,5,0.905,9,1,2.52,0,0,0,,7,1393
C00366,2024-08-01,Basic,29,2-Year,ACH/Bank Transfer,UK,SaaS/Tech,5,0.514,6,1,4.77,0,30,0,,25,725
C00367,2026-06-01,Pro,79,Month-to-month,Credit Card,USA,Healthcare,25,0.483,4,3,4.79,0,0,0,,3,237
C00368,2024-09-01,Basic,29,1-Year,Credit Card,Australia,Nonprofit,10,0.692,3,0,3.22,0,0,1,2025-12-01,16,464
C00369,2026-03-01,Basic,29,1-Year,ACH/Bank Transfer,Canada,E-commerce,24,0.296,4,1,5.0,0,6,0,,6,174
C00370,2024-02-01,Basic,29,2-Year,Credit Card,USA,Nonprofit,1,0.248,5,0,3.53,1,3,1,2024-09-01,8,232
C00371,2025-04-01,Basic,29,2-Year,PayPal,UK,Nonprofit,49,0.394,5,1,3.75,0,0,0,,17,493
C00372,2023-06-01,Pro,79,Month-to-month,Credit Card,Germany,E-commerce,81,0.454,3,0,2.69,0,0,0,,39,3081
C00373,2024-07-01,Pro,79,1-Year,Credit Card,USA,SaaS/Tech,13,0.746,10,3,2.15,1,5,0,,26,2054
C00374,2023-09-01,Pro,79,Month-to-month,PayPal,India,Manufacturing,6,1.0,4,2,5.0,0,2,0,,36,2844
C00375,2023-12-01,Basic,29,2-Year,PayPal,USA,SaaS/Tech,2,0.926,5,2,2.25,0,25,0,,33,957
C00376,2023-07-01,Enterprise,199,2-Year,ACH/Bank Transfer,USA,Healthcare,17,0.738,7,1,3.33,0,7,0,,38,7562
C00377,2023-06-01,Pro,79,Month-to-month,PayPal,USA,Marketing/Agency,13,0.86,5,2,4.69,0,45,0,,39,3081
C00378,2024-01-01,Basic,29,Month-to-month,PayPal,India,E-commerce,7,0.717,4,0,4.01,2,1,0,,32,928
C00379,2023-03-01,Basic,29,1-Year,ACH/Bank Transfer,USA,Manufacturing,12,0.322,2,1,5.0,1,1,1,2025-03-01,25,725
C00380,2026-06-01,Pro,79,Month-to-month,Manual Invoice,UK,Finance,21,0.424,2,2,3.49,1,14,0,,3,237
C00381,2026-04-01,Pro,79,Month-to-month,Credit Card,UK,SaaS/Tech,4,0.533,3,1,3.89,2,20,0,,5,395
C00382,2024-02-01,Pro,79,Month-to-month,Credit Card,Germany,Marketing/Agency,30,0.612,5,1,3.5,1,12,1,2026-05-01,28,2212
C00383,2025-11-01,Pro,79,1-Year,ACH/Bank Transfer,USA,Education,48,0.392,7,3,4.07,0,5,0,,10,790
C00384,2024-07-01,Basic,29,1-Year,Manual Invoice,India,Nonprofit,9,0.494,2,2,4.91,2,5,0,,26,754
C00385,2025-05-01,Enterprise,199,Month-to-month,ACH/Bank Transfer,UK,Finance,2,0.633,4,1,3.11,2,2,0,,16,3184
C00386,2025-01-01,Basic,29,Month-to-month,ACH/Bank Transfer,Canada,E-commerce,16,0.422,4,0,4.97,0,0,0,,20,580
C00387,2024-01-01,Pro,79,Month-to-month,Credit Card,India,Healthcare,108,0.904,2,3,4.62,1,6,0,,32,2528
C00388,2024-11-01,Enterprise,199,Month-to-month,PayPal,USA,SaaS/Tech,36,0.877,2,2,3.99,1,5,0,,22,4378
C00389,2023-05-01,Pro,79,Month-to-month,ACH/Bank Transfer,UK,SaaS/Tech,5,0.339,7,2,3.1,0,26,0,,40,3160
C00390,2026-06-01,Pro,79,1-Year,Credit Card,USA,Healthcare,14,0.691,7,0,3.76,0,1,0,,3,237
C00391,2026-01-01,Basic,29,Month-to-month,ACH/Bank Transfer,USA,SaaS/Tech,23,0.79,3,1,4.03,0,23,0,,8,232
C00392,2023-05-01,Basic,29,Month-to-month,PayPal,USA,Nonprofit,82,0.623,0,1,4.24,0,7,0,,40,1160
C00393,2024-05-01,Pro,79,Month-to-month,PayPal,USA,Marketing/Agency,12,0.278,3,2,3.1,1,9,1,2025-10-01,18,1422
C00394,2023-09-01,Pro,79,Month-to-month,Credit Card,Australia,Healthcare,9,0.475,8,2,2.22,0,2,0,,36,2844
C00395,2026-05-01,Pro,79,1-Year,Credit Card,Germany,Finance,65,0.717,4,1,3.38,1,24,0,,4,316
C00396,2025-05-01,Pro,79,1-Year,PayPal,Australia,Healthcare,4,0.784,2,3,5.0,0,8,0,,16,1264
C00397,2026-04-01,Pro,79,1-Year,Credit Card,Australia,E-commerce,92,0.292,4,0,4.95,2,10,0,,5,395
C00398,2024-02-01,Pro,79,1-Year,Credit Card,India,Finance,1,0.493,3,1,3.85,1,32,0,,31,2449
C00399,2024-12-01,Pro,79,1-Year,Credit Card,Germany,Education,65,0.328,0,2,5.0,0,0,1,2026-03-01,16,1264
C00400,2024-04-01,Basic,29,Month-to-month,Credit Card,Canada,Healthcare,2,0.452,0,1,3.67,1,2,1,2024-12-01,9,261
C00401,2024-01-01,Basic,29,1-Year,Credit Card,USA,Nonprofit,25,0.817,7,1,4.65,2,4,0,,32,928
C00402,2026-07-01,Basic,29,Month-to-month,Credit Card,India,E-commerce,8,0.564,3,3,5.0,0,14,0,,2,58
C00403,2023-09-01,Pro,79,1-Year,ACH/Bank Transfer,USA,Education,12,0.625,6,3,3.49,0,4,0,,36,2844
C00404,2024-03-01,Pro,79,Month-to-month,Manual Invoice,USA,Education,18,0.446,2,2,4.96,0,11,0,,30,2370
C00405,2025-02-01,Pro,79,Month-to-month,Credit Card,Australia,Education,14,0.458,6,1,3.88,0,4,0,,19,1501
C00406,2024-06-01,Enterprise,199,2-Year,Credit Card,UK,Education,3,0.171,2,0,3.78,1,4,1,2024-11-01,6,1194
C00407,2024-08-01,Basic,29,Month-to-month,Credit Card,Canada,Education,4,0.478,5,1,3.69,1,0,0,,25,725
C00408,2025-06-01,Basic,29,1-Year,Manual Invoice,Australia,SaaS/Tech,20,0.454,5,0,4.41,1,2,0,,15,435
C00409,2026-02-01,Enterprise,199,Month-to-month,Credit Card,UK,Education,2,0.477,8,4,4.3,0,12,0,,7,1393
C00410,2024-01-01,Pro,79,1-Year,Credit Card,UK,Finance,35,0.536,7,3,3.96,0,4,0,,32,2528
C00411,2024-01-01,Pro,79,Month-to-month,ACH/Bank Transfer,Germany,Education,16,0.788,7,1,2.41,0,20,0,,32,2528
C00412,2026-04-01,Basic,29,1-Year,Credit Card,Canada,Marketing/Agency,10,0.44,6,0,4.55,0,0,0,,5,145
C00413,2025-03-01,Pro,79,1-Year,PayPal,USA,Nonprofit,38,0.448,3,0,3.95,0,17,0,,18,1422
C00414,2023-12-01,Pro,79,1-Year,PayPal,UK,Manufacturing,217,0.115,7,0,4.31,1,1,0,,33,2607
C00415,2024-06-01,Enterprise,199,Month-to-month,Credit Card,Australia,Marketing/Agency,6,0.478,1,3,5.0,0,31,1,2025-10-01,17,3383
C00416,2023-11-01,Enterprise,199,Month-to-month,Credit Card,USA,Healthcare,5,0.548,5,0,4.59,0,9,0,,34,6766
C00417,2024-03-01,Enterprise,199,Month-to-month,Manual Invoice,USA,Healthcare,13,0.717,3,1,4.72,0,4,0,,30,5970
C00418,2024-06-01,Basic,29,Month-to-month,ACH/Bank Transfer,Germany,Finance,5,0.468,4,2,2.69,0,47,1,2024-11-01,6,174
C00419,2023-11-01,Enterprise,199,1-Year,ACH/Bank Transfer,USA,Manufacturing,37,0.562,3,2,3.79,2,2,0,,34,6766
C00420,2025-06-01,Pro,79,Month-to-month,Credit Card,UK,Manufacturing,3,0.335,1,0,4.18,0,44,0,,15,1185
C00421,2026-05-01,Basic,29,Month-to-month,Credit Card,India,Nonprofit,80,0.429,5,0,5.0,1,1,0,,4,116
C00422,2026-02-01,Enterprise,199,Month-to-month,Credit Card,UK,Manufacturing,107,0.505,2,1,1.88,1,10,1,2026-05-01,4,796
C00423,2024-03-01,Basic,29,Month-to-month,PayPal,USA,Marketing/Agency,22,1.0,9,2,3.6,2,8,1,2024-06-01,4,116
C00424,2025-02-01,Pro,79,1-Year,Credit Card,India,SaaS/Tech,37,0.624,1,3,4.07,0,2,0,,19,1501
C00425,2025-02-01,Enterprise,199,2-Year,ACH/Bank Transfer,UK,Healthcare,13,0.197,2,1,3.64,0,0,1,2025-12-01,11,2189
C00426,2024-11-01,Pro,79,Month-to-month,PayPal,USA,Healthcare,28,0.817,3,2,3.76,2,0,0,,22,1738
C00427,2025-01-01,Basic,29,1-Year,ACH/Bank Transfer,India,Education,10,0.672,3,0,2.06,0,16,0,,20,580
C00428,2023-09-01,Basic,29,1-Year,Credit Card,UK,Marketing/Agency,36,0.937,2,1,3.48,0,8,0,,36,1044
C00429,2024-05-01,Pro,79,Month-to-month,ACH/Bank Transfer,USA,Manufacturing,32,0.647,7,3,3.18,0,9,0,,28,2212
C00430,2026-04-01,Basic,29,2-Year,ACH/Bank Transfer,USA,Nonprofit,43,0.41,6,0,2.82,0,34,0,,5,145
C00431,2024-11-01,Basic,29,1-Year,Credit Card,India,Education,3,0.509,4,1,5.0,0,16,0,,22,638
C00432,2023-12-01,Basic,29,1-Year,Manual Invoice,USA,Marketing/Agency,4,0.587,6,1,4.13,1,11,0,,33,957
C00433,2025-08-01,Basic,29,Month-to-month,PayPal,USA,Education,7,0.643,2,0,3.81,2,10,1,2026-04-01,9,261
C00434,2026-05-01,Basic,29,2-Year,Credit Card,UK,E-commerce,26,0.58,6,2,4.02,0,0,0,,4,116
C00435,2023-01-01,Basic,29,Month-to-month,Credit Card,USA,Healthcare,117,0.475,4,1,3.83,0,3,0,,44,1276
C00436,2025-05-01,Pro,79,2-Year,Credit Card,USA,Finance,31,0.424,7,0,4.75,0,2,0,,16,1264
C00437,2025-03-01,Basic,29,Month-to-month,Credit Card,USA,Finance,9,0.718,2,0,4.16,0,5,0,,18,522
C00438,2023-01-01,Pro,79,2-Year,Manual Invoice,UK,Finance,10,0.577,4,0,2.86,0,19,0,,44,3476
C00439,2025-11-01,Pro,79,Month-to-month,ACH/Bank Transfer,USA,Manufacturing,52,0.634,4,0,3.15,0,9,0,,10,790
C00440,2024-01-01,Pro,79,Month-to-month,Manual Invoice,India,Education,3,0.337,3,1,3.35,0,1,0,,32,2528
C00441,2025-08-01,Enterprise,199,2-Year,Credit Card,USA,Manufacturing,57,0.643,4,1,4.6,1,19,1,2026-06-01,11,2189
C00442,2026-06-01,Pro,79,1-Year,ACH/Bank Transfer,Canada,Healthcare,177,0.342,2,0,4.49,1,22,0,,3,237
C00443,2026-07-01,Pro,79,Month-to-month,Credit Card,Canada,Manufacturing,115,0.635,6,1,3.5,0,0,0,,2,158
C00444,2023-12-01,Basic,29,Month-to-month,Credit Card,India,Finance,2,0.488,4,2,3.16,2,25,0,,33,957
C00445,2025-06-01,Pro,79,2-Year,ACH/Bank Transfer,India,Manufacturing,40,0.698,3,2,3.86,2,2,0,,15,1185
C00446,2023-03-01,Pro,79,Month-to-month,PayPal,Germany,SaaS/Tech,5,0.562,2,1,4.56,0,22,0,,42,3318
C00447,2023-05-01,Pro,79,1-Year,Credit Card,Australia,E-commerce,20,0.471,4,0,3.96,0,18,0,,40,3160
C00448,2026-03-01,Basic,29,Month-to-month,Credit Card,USA,Nonprofit,33,0.357,4,2,4.07,2,51,0,,6,174
C00449,2023-06-01,Enterprise,199,1-Year,Credit Card,UK,Nonprofit,20,0.278,2,1,1.8,0,12,1,2023-08-01,3,597
C00450,2023-07-01,Pro,79,Month-to-month,Credit Card,India,Education,20,1.0,8,6,3.87,2,6,0,,38,3002
C00451,2023-03-01,Enterprise,199,1-Year,Credit Card,UK,Marketing/Agency,28,0.781,6,0,3.33,0,8,0,,42,8358
C00452,2023-03-01,Enterprise,199,Month-to-month,PayPal,India,Finance,4,0.824,1,3,3.71,0,19,0,,42,8358
C00453,2025-08-01,Basic,29,1-Year,Credit Card,USA,Marketing/Agency,15,0.781,4,0,4.13,0,1,0,,13,377
C00454,2025-11-01,Basic,29,1-Year,Manual Invoice,India,E-commerce,8,0.59,6,2,3.81,2,7,1,2026-06-01,8,232
C00455,2024-11-01,Enterprise,199,2-Year,Credit Card,India,Nonprofit,2,0.49,2,2,3.95,0,3,0,,22,4378
C00456,2024-06-01,Basic,29,1-Year,ACH/Bank Transfer,USA,Marketing/Agency,7,0.616,5,1,4.34,1,9,0,,27,783
C00457,2023-12-01,Pro,79,Month-to-month,Credit Card,USA,E-commerce,9,0.928,4,2,2.83,0,16,1,2024-02-01,3,237
C00458,2023-12-01,Basic,29,1-Year,PayPal,USA,E-commerce,8,0.5,3,1,4.68,0,29,0,,33,957
C00459,2023-01-01,Pro,79,1-Year,PayPal,USA,Education,25,0.372,5,0,1.66,0,2,0,,44,3476
C00460,2025-01-01,Enterprise,199,Month-to-month,ACH/Bank Transfer,USA,Finance,13,0.546,3,0,3.59,1,9,0,,20,3980
C00461,2024-07-01,Basic,29,Month-to-month,PayPal,India,Manufacturing,5,0.458,6,0,4.77,0,1,0,,26,754
C00462,2024-10-01,Basic,29,1-Year,Credit Card,Germany,SaaS/Tech,4,0.461,4,2,4.67,0,0,0,,23,667
C00463,2025-06-01,Basic,29,1-Year,Credit Card,Canada,Marketing/Agency,16,0.508,6,1,3.63,0,12,1,2025-11-01,6,174
C00464,2023-07-01,Basic,29,2-Year,ACH/Bank Transfer,India,Healthcare,6,0.852,5,0,3.51,0,0,0,,38,1102
C00465,2026-04-01,Basic,29,Month-to-month,Credit Card,India,Healthcare,6,0.359,4,0,4.19,0,1,0,,5,145
C00466,2025-08-01,Basic,29,Month-to-month,ACH/Bank Transfer,USA,Healthcare,4,0.385,1,1,3.33,0,1,1,2026-08-01,13,377
C00467,2023-02-01,Pro,79,1-Year,Credit Card,USA,Nonprofit,6,0.3,2,1,3.56,0,31,0,,43,3397
C00468,2025-05-01,Enterprise,199,Month-to-month,ACH/Bank Transfer,India,Nonprofit,11,0.294,7,3,2.82,0,5,0,,16,3184
C00469,2026-04-01,Basic,29,2-Year,Credit Card,Germany,Nonprofit,97,0.693,6,0,3.61,0,8,0,,5,145
C00470,2023-01-01,Basic,29,1-Year,Credit Card,India,Manufacturing,1,0.738,3,2,2.17,0,7,0,,44,1276
C00471,2026-02-01,Enterprise,199,Month-to-month,ACH/Bank Transfer,India,Healthcare,21,0.579,3,1,2.7,1,11,0,,7,1393
C00472,2023-07-01,Pro,79,1-Year,PayPal,Canada,E-commerce,12,1.0,2,1,3.83,1,24,0,,38,3002
C00473,2024-06-01,Enterprise,199,2-Year,PayPal,UK,Nonprofit,31,0.45,9,1,4.87,0,8,0,,27,5373
C00474,2023-06-01,Basic,29,2-Year,Credit Card,USA,SaaS/Tech,4,0.654,9,0,4.14,2,4,0,,39,1131
C00475,2025-05-01,Basic,29,1-Year,Credit Card,Australia,E-commerce,13,1.0,6,1,4.01,1,10,0,,16,464
C00476,2026-02-01,Pro,79,Month-to-month,PayPal,UK,Education,49,0.68,7,4,3.68,0,12,0,,7,553
C00477,2023-07-01,Enterprise,199,1-Year,Manual Invoice,India,E-commerce,42,0.507,2,2,3.27,0,7,1,2025-01-01,19,3781
C00478,2024-08-01,Basic,29,Month-to-month,ACH/Bank Transfer,USA,Marketing/Agency,4,0.246,4,1,2.81,2,0,1,2024-08-01,1,29
C00479,2024-07-01,Basic,29,2-Year,Credit Card,USA,SaaS/Tech,41,0.387,4,1,3.85,2,10,1,2024-10-01,4,116
C00480,2026-01-01,Pro,79,Month-to-month,Credit Card,India,Nonprofit,18,0.795,5,1,3.52,2,6,0,,8,632
C00481,2023-10-01,Basic,29,1-Year,Manual Invoice,India,Education,7,0.681,4,2,4.04,0,4,0,,35,1015
C00482,2024-01-01,Pro,79,1-Year,Credit Card,Germany,Nonprofit,16,0.519,7,1,4.56,0,3,0,,32,2528
C00483,2024-06-01,Basic,29,Month-to-month,Credit Card,Australia,Marketing/Agency,12,0.521,4,3,4.13,1,13,0,,27,783
C00484,2023-11-01,Pro,79,Month-to-month,Credit Card,UK,SaaS/Tech,19,0.24,7,0,5.0,2,1,0,,34,2686
C00485,2026-01-01,Basic,29,2-Year,Credit Card,UK,Healthcare,6,0.639,7,0,5.0,0,17,0,,8,232
C00486,2025-01-01,Enterprise,199,Month-to-month,Credit Card,Australia,Healthcare,32,0.579,4,0,3.88,0,5,0,,20,3980
C00487,2026-07-01,Enterprise,199,Month-to-month,Credit Card,India,Nonprofit,18,0.435,5,0,4.19,0,7,0,,2,398
C00488,2023-03-01,Basic,29,1-Year,PayPal,USA,SaaS/Tech,66,0.34,4,2,5.0,1,0,0,,42,1218
C00489,2024-02-01,Pro,79,Month-to-month,Credit Card,USA,Nonprofit,6,0.686,6,0,4.55,0,24,0,,31,2449
C00490,2024-06-01,Basic,29,Month-to-month,Credit Card,Canada,Nonprofit,51,0.264,3,1,3.86,2,3,1,2024-10-01,5,145
C00491,2025-12-01,Pro,79,1-Year,Credit Card,India,SaaS/Tech,36,0.369,2,1,3.58,0,7,0,,9,711
C00492,2026-04-01,Basic,29,Month-to-month,Manual Invoice,USA,SaaS/Tech,21,0.849,5,1,3.13,0,2,0,,5,145
C00493,2024-04-01,Pro,79,1-Year,Credit Card,India,SaaS/Tech,27,0.783,5,0,4.57,1,17,0,,29,2291
C00494,2026-03-01,Enterprise,199,Month-to-month,Credit Card,India,Marketing/Agency,24,0.558,4,1,3.97,1,18,0,,6,1194
C00495,2024-06-01,Basic,29,Month-to-month,ACH/Bank Transfer,UK,Education,7,0.657,6,1,3.89,0,8,0,,27,783
C00496,2026-06-01,Basic,29,1-Year,ACH/Bank Transfer,UK,SaaS/Tech,20,0.427,6,4,2.99,0,12,0,,3,87
C00497,2023-07-01,Pro,79,1-Year,Credit Card,USA,Education,13,0.266,4,3,4.82,0,4,0,,38,3002
C00498,2025-10-01,Enterprise,199,1-Year,ACH/Bank Transfer,Germany,E-commerce,18,0.567,6,1,5.0,0,0,0,,11,2189
C00499,2024-01-01,Basic,29,1-Year,Credit Card,Australia,SaaS/Tech,5,0.591,2,5,4.25,0,8,0,,32,928
C00500,2026-01-01,Pro,79,Month-to-month,Credit Card,UK,Marketing/Agency,17,0.475,1,1,4.55,0,2,0,,8,632
C00501,2023-05-01,Basic,29,1-Year,ACH/Bank Transfer,Germany,SaaS/Tech,35,0.503,5,3,3.62,0,21,0,,40,1160
C00502,2023-07-01,Pro,79,Month-to-month,ACH/Bank Transfer,USA,Manufacturing,12,0.418,5,3,4.83,1,9,0,,38,3002
C00503,2023-02-01,Basic,29,1-Year,Manual Invoice,UK,SaaS/Tech,1,0.703,5,1,3.3,2,36,0,,43,1247
C00504,2026-05-01,Basic,29,Month-to-month,Credit Card,USA,Marketing/Agency,99,0.529,6,3,2.72,0,16,0,,4,116
C00505,2026-02-01,Basic,29,1-Year,Credit Card,Germany,Marketing/Agency,7,0.069,5,5,3.12,0,0,0,,7,203
C00506,2024-11-01,Basic,29,1-Year,Credit Card,UK,Finance,13,0.556,4,2,5.0,1,5,0,,22,638
C00507,2026-07-01,Basic,29,1-Year,Credit Card,UK,Marketing/Agency,12,0.465,1,3,3.65,2,1,0,,2,58
C00508,2023-07-01,Pro,79,1-Year,ACH/Bank Transfer,India,Education,2,0.702,4,1,4.38,0,0,0,,38,3002
C00509,2025-12-01,Enterprise,199,Month-to-month,Credit Card,Canada,Manufacturing,15,0.577,2,1,3.84,0,33,0,,9,1791
C00510,2024-01-01,Basic,29,Month-to-month,Credit Card,India,Nonprofit,48,0.872,5,0,4.96,0,21,0,,32,928
C00511,2024-02-01,Pro,79,Month-to-month,Manual Invoice,Australia,Healthcare,23,0.304,5,2,4.01,0,30,1,2026-03-01,26,2054
C00512,2025-08-01,Pro,79,1-Year,PayPal,India,E-commerce,85,1.0,3,0,5.0,0,19,0,,13,1027
C00513,2025-05-01,Basic,29,Month-to-month,Credit Card,Canada,SaaS/Tech,7,1.0,2,1,5.0,0,2,0,,16,464
C00514,2024-09-01,Basic,29,Month-to-month,Credit Card,India,E-commerce,7,0.486,1,0,2.94,0,2,1,2025-11-01,15,435
C00515,2024-08-01,Pro,79,Month-to-month,PayPal,India,Manufacturing,2,0.571,4,0,3.71,1,7,0,,25,1975
C00516,2024-05-01,Pro,79,Month-to-month,ACH/Bank Transfer,Germany,Manufacturing,33,0.572,5,4,3.56,0,35,0,,28,2212
C00517,2023-09-01,Basic,29,Month-to-month,Credit Card,UK,Healthcare,21,0.849,2,1,4.91,2,25,1,2024-04-01,8,232
C00518,2026-07-01,Basic,29,Month-to-month,ACH/Bank Transfer,India,Education,6,0.392,5,1,5.0,1,1,0,,2,58
C00519,2024-07-01,Pro,79,1-Year,PayPal,Germany,Healthcare,4,0.682,5,1,3.84,1,2,0,,26,2054
C00520,2023-06-01,Pro,79,Month-to-month,PayPal,Australia,SaaS/Tech,25,0.806,10,6,4.73,1,1,0,,39,3081
C00521,2025-01-01,Pro,79,Month-to-month,ACH/Bank Transfer,USA,Education,13,0.879,3,0,4.6,0,9,0,,20,1580
C00522,2025-10-01,Enterprise,199,1-Year,Credit Card,UK,E-commerce,8,0.521,5,0,2.92,2,8,0,,11,2189
C00523,2023-02-01,Enterprise,199,1-Year,Credit Card,USA,SaaS/Tech,34,0.591,3,1,3.63,2,2,0,,43,8557
C00524,2026-02-01,Basic,29,Month-to-month,Credit Card,India,Healthcare,86,0.02,3,3,4.21,2,1,1,2026-07-01,6,174
C00525,2026-06-01,Basic,29,Month-to-month,Manual Invoice,USA,Healthcare,5,0.451,5,0,2.91,0,21,0,,3,87
C00526,2024-10-01,Basic,29,Month-to-month,PayPal,USA,Marketing/Agency,12,0.254,2,1,3.47,0,3,0,,23,667
C00527,2025-07-01,Enterprise,199,Month-to-month,Credit Card,USA,Healthcare,204,0.76,3,2,4.86,0,20,0,,14,2786
C00528,2023-03-01,Pro,79,1-Year,Credit Card,UK,Nonprofit,39,0.645,6,0,2.03,1,14,0,,42,3318
C00529,2024-09-01,Basic,29,1-Year,Credit Card,USA,Education,42,0.817,5,1,4.39,0,31,0,,24,696
C00530,2026-04-01,Pro,79,Month-to-month,ACH/Bank Transfer,Germany,Healthcare,47,0.17,2,2,4.14,1,11,0,,5,395
C00531,2023-06-01,Basic,29,2-Year,ACH/Bank Transfer,Australia,Manufacturing,105,0.205,2,0,5.0,1,3,0,,39,1131
C00532,2023-06-01,Pro,79,Month-to-month,Credit Card,Germany,Manufacturing,38,0.799,8,3,3.84,1,5,0,,39,3081
C00533,2024-08-01,Basic,29,2-Year,Credit Card,Canada,Finance,14,0.595,2,0,3.89,1,13,1,2025-09-01,14,406
C00534,2024-04-01,Basic,29,Month-to-month,Credit Card,Australia,SaaS/Tech,19,0.112,7,5,2.72,0,3,1,2024-06-01,3,87
C00535,2023-07-01,Pro,79,1-Year,ACH/Bank Transfer,UK,Healthcare,88,0.298,4,1,5.0,1,0,1,2024-01-01,7,553
C00536,2023-06-01,Basic,29,Month-to-month,Credit Card,Canada,Education,21,0.44,2,0,4.44,1,11,0,,39,1131
C00537,2023-12-01,Basic,29,1-Year,Credit Card,Canada,Nonprofit,8,0.278,5,2,2.72,0,12,1,2025-04-01,17,493
C00538,2024-07-01,Basic,29,1-Year,Manual Invoice,India,Manufacturing,1,0.21,5,1,4.51,1,5,0,,26,754
C00539,2024-06-01,Pro,79,Month-to-month,Credit Card,India,Marketing/Agency,35,0.485,4,1,2.52,0,2,0,,27,2133
C00540,2024-04-01,Basic,29,Month-to-month,Manual Invoice,Canada,E-commerce,15,0.935,2,2,2.78,2,1,0,,29,841
C00541,2024-07-01,Basic,29,1-Year,Credit Card,UK,SaaS/Tech,8,0.267,1,3,3.7,0,14,0,,26,754
C00542,2023-02-01,Basic,29,Month-to-month,ACH/Bank Transfer,Australia,E-commerce,3,0.912,5,1,4.33,1,0,0,,43,1247
C00543,2024-09-01,Basic,29,Month-to-month,Credit Card,UK,E-commerce,4,0.451,6,0,2.99,0,6,0,,24,696
C00544,2023-01-01,Enterprise,199,2-Year,Credit Card,Australia,Marketing/Agency,28,0.892,5,1,3.48,0,12,0,,44,8756
C00545,2023-11-01,Enterprise,199,Month-to-month,PayPal,India,Healthcare,58,0.391,2,1,5.0,0,0,0,,34,6766
C00546,2024-09-01,Pro,79,1-Year,PayPal,India,SaaS/Tech,74,0.821,4,1,3.34,0,24,0,,24,1896
C00547,2023-10-01,Basic,29,1-Year,PayPal,Australia,Finance,27,0.388,4,1,4.83,2,14,0,,35,1015
C00548,2026-04-01,Enterprise,199,Month-to-month,PayPal,USA,E-commerce,40,0.423,2,2,3.76,0,7,0,,5,995
C00549,2023-06-01,Basic,29,2-Year,Credit Card,Germany,Marketing/Agency,8,0.204,1,3,3.76,1,4,1,2023-09-01,4,116
C00550,2023-10-01,Basic,29,1-Year,Credit Card,Germany,E-commerce,27,0.643,3,2,3.73,2,1,1,2024-01-01,4,116
C00551,2023-03-01,Basic,29,1-Year,ACH/Bank Transfer,UK,Education,25,0.638,5,0,4.54,0,3,0,,42,1218
C00552,2023-09-01,Pro,79,Month-to-month,PayPal,USA,Nonprofit,33,0.527,7,1,4.07,1,21,0,,36,2844
C00553,2024-06-01,Pro,79,Month-to-month,PayPal,India,Marketing/Agency,26,0.574,4,1,5.0,0,22,0,,27,2133
C00554,2023-08-01,Basic,29,Month-to-month,PayPal,Canada,SaaS/Tech,45,0.438,1,3,2.5,0,18,1,2025-01-01,18,522
C00555,2023-01-01,Pro,79,2-Year,ACH/Bank Transfer,India,Manufacturing,6,0.491,4,2,5.0,0,10,0,,44,3476
C00556,2023-11-01,Enterprise,199,1-Year,Manual Invoice,Canada,Finance,21,0.447,2,2,3.41,1,3,0,,34,6766
C00557,2025-07-01,Enterprise,199,Month-to-month,PayPal,Canada,E-commerce,3,0.439,4,2,2.97,0,19,0,,14,2786
C00558,2024-01-01,Pro,79,Month-to-month,PayPal,USA,E-commerce,1,0.708,2,0,2.31,2,11,1,2024-06-01,6,474
C00559,2023-05-01,Enterprise,199,Month-to-month,Credit Card,Australia,Healthcare,13,0.818,4,0,4.73,2,25,1,2026-08-01,40,7960
C00560,2024-04-01,Pro,79,1-Year,Credit Card,Australia,Nonprofit,78,0.104,7,3,3.85,1,1,1,2024-05-01,2,158
C00561,2024-06-01,Basic,29,2-Year,ACH/Bank Transfer,India,E-commerce,77,0.322,5,2,4.94,0,3,0,,27,783
C00562,2023-08-01,Enterprise,199,Month-to-month,ACH/Bank Transfer,Australia,Nonprofit,25,0.522,3,0,3.08,0,2,0,,37,7363
C00563,2024-10-01,Pro,79,1-Year,Credit Card,Australia,Nonprofit,8,0.725,2,3,2.32,0,11,0,,23,1817
C00564,2023-12-01,Pro,79,Month-to-month,ACH/Bank Transfer,USA,Nonprofit,9,0.357,1,1,3.81,2,19,1,2024-01-01,2,158
C00565,2024-11-01,Pro,79,Month-to-month,ACH/Bank Transfer,India,SaaS/Tech,16,0.9,3,2,4.35,0,1,1,2025-09-01,11,869
C00566,2024-12-01,Pro,79,Month-to-month,Credit Card,USA,E-commerce,7,0.844,5,1,3.39,1,11,0,,21,1659
C00567,2023-10-01,Pro,79,Month-to-month,Credit Card,India,E-commerce,42,0.574,3,4,4.86,0,15,0,,35,2765
C00568,2025-06-01,Basic,29,Month-to-month,ACH/Bank Transfer,USA,E-commerce,7,0.744,6,2,3.47,0,29,0,,15,435
C00569,2024-03-01,Basic,29,Month-to-month,PayPal,India,Marketing/Agency,13,0.706,4,2,3.99,0,4,0,,30,870
C00570,2023-09-01,Enterprise,199,1-Year,PayPal,Germany,Education,10,0.703,2,2,2.71,1,1,0,,36,7164
C00571,2026-05-01,Pro,79,2-Year,Credit Card,Germany,Nonprofit,21,0.368,4,2,4.54,0,39,0,,4,316
C00572,2023-02-01,Basic,29,Month-to-month,Credit Card,Germany,Finance,18,0.509,3,1,5.0,1,23,1,2023-05-01,4,116
C00573,2024-04-01,Basic,29,Month-to-month,Credit Card,Australia,SaaS/Tech,279,0.415,6,2,2.35,0,0,0,,29,841
C00574,2023-12-01,Enterprise,199,Month-to-month,Credit Card,Canada,Manufacturing,125,0.384,5,2,3.05,2,3,1,2024-03-01,4,796
C00575,2024-03-01,Basic,29,Month-to-month,Credit Card,Canada,Education,33,0.461,9,0,2.61,1,22,0,,30,870
C00576,2024-07-01,Pro,79,Month-to-month,ACH/Bank Transfer,USA,Education,96,0.639,5,2,3.58,2,11,0,,26,2054
C00577,2023-11-01,Basic,29,Month-to-month,Credit Card,Germany,Marketing/Agency,10,0.519,4,1,3.77,1,2,0,,34,986
C00578,2023-11-01,Basic,29,Month-to-month,Credit Card,USA,E-commerce,45,0.76,2,2,3.03,1,9,1,2026-02-01,28,812
C00579,2024-03-01,Basic,29,Month-to-month,ACH/Bank Transfer,UK,Manufacturing,53,0.662,2,0,3.63,0,34,0,,30,870
C00580,2026-03-01,Enterprise,199,Month-to-month,Manual Invoice,USA,E-commerce,2,0.574,5,0,4.6,0,28,0,,6,1194
C00581,2025-11-01,Enterprise,199,1-Year,Credit Card,India,E-commerce,32,0.618,3,1,1.55,1,1,0,,10,1990
C00582,2023-07-01,Basic,29,1-Year,Credit Card,Canada,Healthcare,104,0.549,2,1,3.68,0,2,0,,38,1102
C00583,2026-04-01,Enterprise,199,Month-to-month,Credit Card,USA,Manufacturing,38,0.267,4,0,4.22,0,2,0,,5,995
C00584,2024-03-01,Enterprise,199,1-Year,ACH/Bank Transfer,Australia,Manufacturing,9,0.541,0,4,4.86,0,21,0,,30,5970
C00585,2025-02-01,Basic,29,Month-to-month,ACH/Bank Transfer,India,Marketing/Agency,16,0.428,4,1,5.0,0,52,0,,19,551
C00586,2024-02-01,Basic,29,Month-to-month,ACH/Bank Transfer,Canada,Finance,11,0.686,3,2,3.52,0,17,0,,31,899
C00587,2023-05-01,Basic,29,2-Year,PayPal,USA,Healthcare,21,0.396,5,1,3.92,0,0,0,,40,1160
C00588,2024-12-01,Enterprise,199,1-Year,ACH/Bank Transfer,Canada,Healthcare,1,0.515,4,1,3.88,1,3,0,,21,4179
C00589,2023-09-01,Pro,79,Month-to-month,Manual Invoice,USA,Education,47,0.286,4,0,4.4,1,37,1,2023-11-01,3,237
C00590,2023-01-01,Pro,79,1-Year,Credit Card,Germany,Education,4,0.995,3,1,2.9,1,4,0,,44,3476
C00591,2023-02-01,Basic,29,Month-to-month,Credit Card,USA,Marketing/Agency,57,0.665,3,1,3.89,0,1,0,,43,1247
C00592,2023-02-01,Enterprise,199,Month-to-month,ACH/Bank Transfer,USA,Education,19,0.677,4,1,4.02,1,27,0,,43,8557
C00593,2026-02-01,Pro,79,1-Year,Manual Invoice,Australia,Marketing/Agency,25,0.627,3,2,2.65,1,2,0,,7,553
C00594,2024-09-01,Basic,29,2-Year,ACH/Bank Transfer,USA,Finance,31,0.453,2,3,2.72,0,6,0,,24,696
C00595,2025-04-01,Basic,29,1-Year,Credit Card,Australia,Nonprofit,13,0.407,5,1,4.67,1,4,1,2026-06-01,15,435
C00596,2025-07-01,Basic,29,Month-to-month,ACH/Bank Transfer,Germany,E-commerce,24,0.659,3,0,4.14,1,16,1,2026-03-01,9,261
C00597,2026-02-01,Pro,79,Month-to-month,Manual Invoice,USA,Nonprofit,18,0.64,7,1,5.0,0,0,0,,7,553
C00598,2026-02-01,Basic,29,2-Year,Credit Card,UK,Healthcare,27,0.32,1,0,3.44,0,0,0,,7,203
C00599,2024-01-01,Enterprise,199,Month-to-month,Credit Card,USA,Finance,15,0.259,5,0,5.0,1,4,0,,32,6368
C00600,2024-02-01,Pro,79,2-Year,ACH/Bank Transfer,UK,SaaS/Tech,21,0.188,2,1,3.15,0,30,1,2024-12-01,11,869
C00601,2023-06-01,Basic,29,1-Year,Credit Card,UK,E-commerce,67,0.212,6,1,4.51,1,5,0,,39,1131
C00602,2025-06-01,Pro,79,Month-to-month,Credit Card,India,Education,14,0.451,1,1,1.5,2,9,1,2025-10-01,5,395
C00603,2025-03-01,Enterprise,199,Month-to-month,Manual Invoice,USA,Healthcare,2,0.694,8,1,3.87,0,0,0,,18,3582
C00604,2024-04-01,Basic,29,Month-to-month,ACH/Bank Transfer,Canada,E-commerce,5,0.55,4,4,3.44,1,1,1,2024-09-01,6,174
C00605,2024-07-01,Pro,79,1-Year,Credit Card,Germany,Healthcare,13,0.327,3,0,5.0,1,28,0,,26,2054
C00606,2024-03-01,Pro,79,Month-to-month,PayPal,Australia,Manufacturing,13,0.394,6,3,2.57,0,8,1,2024-10-01,8,632
C00607,2023-10-01,Basic,29,Month-to-month,ACH/Bank Transfer,USA,Healthcare,30,0.194,3,2,5.0,1,25,0,,35,1015
C00608,2025-05-01,Basic,29,2-Year,PayPal,Germany,Healthcare,7,0.29,4,0,4.35,0,8,0,,16,464
C00609,2026-02-01,Basic,29,1-Year,Credit Card,India,Nonprofit,26,0.384,4,0,2.42,1,33,0,,7,203
C00610,2025-01-01,Basic,29,Month-to-month,Credit Card,Germany,E-commerce,2,0.426,2,0,3.17,0,3,0,,20,580
C00611,2023-03-01,Enterprise,199,Month-to-month,Credit Card,USA,Manufacturing,38,0.471,6,3,4.54,1,47,1,2023-11-01,9,1791
C00612,2024-04-01,Basic,29,Month-to-month,ACH/Bank Transfer,Canada,Manufacturing,6,1.0,7,0,3.47,1,9,0,,29,841
C00613,2025-04-01,Pro,79,2-Year,Credit Card,USA,E-commerce,15,0.144,4,2,3.6,0,2,1,2026-07-01,16,1264
C00614,2025-09-01,Pro,79,1-Year,Manual Invoice,India,Nonprofit,20,0.717,3,4,3.95,0,6,0,,12,948
C00615,2023-05-01,Basic,29,Month-to-month,Credit Card,India,Manufacturing,5,0.559,1,1,3.3,2,1,1,2024-12-01,20,580
C00616,2024-09-01,Basic,29,1-Year,Credit Card,UK,Marketing/Agency,26,0.785,3,1,3.99,0,14,0,,24,696
C00617,2024-11-01,Pro,79,Month-to-month,Manual Invoice,Australia,Nonprofit,1,0.742,5,1,3.28,2,18,0,,22,1738
C00618,2023-12-01,Enterprise,199,1-Year,Credit Card,Germany,SaaS/Tech,4,0.617,4,1,3.15,0,17,1,2024-06-01,7,1393
C00619,2025-06-01,Basic,29,Month-to-month,PayPal,India,Healthcare,4,0.854,2,1,4.18,0,0,0,,15,435
C00620,2026-06-01,Pro,79,1-Year,Credit Card,USA,Nonprofit,13,0.034,7,3,4.72,1,1,0,,3,237
C00621,2024-11-01,Pro,79,1-Year,Credit Card,USA,Manufacturing,3,0.667,5,0,3.75,0,40,0,,22,1738
C00622,2025-02-01,Enterprise,199,1-Year,Credit Card,Germany,Marketing/Agency,12,0.42,4,2,4.74,0,16,0,,19,3781
C00623,2024-06-01,Pro,79,Month-to-month,Credit Card,Canada,Nonprofit,10,0.497,5,1,2.73,0,6,0,,27,2133
C00624,2023-02-01,Enterprise,199,Month-to-month,Credit Card,Germany,Nonprofit,56,0.567,4,3,3.68,1,4,1,2024-08-01,19,3781
C00625,2024-12-01,Basic,29,1-Year,Credit Card,UK,Marketing/Agency,12,0.424,6,1,3.37,1,38,0,,21,609
C00626,2023-03-01,Pro,79,Month-to-month,Credit Card,USA,SaaS/Tech,6,0.411,6,4,5.0,0,2,0,,42,3318
C00627,2023-02-01,Basic,29,1-Year,Manual Invoice,India,Finance,25,0.416,6,0,5.0,1,8,0,,43,1247
C00628,2025-03-01,Basic,29,2-Year,Manual Invoice,USA,SaaS/Tech,17,0.507,7,2,2.7,1,18,0,,18,522
C00629,2024-11-01,Basic,29,1-Year,ACH/Bank Transfer,USA,E-commerce,51,0.579,5,0,5.0,0,0,0,,22,638
C00630,2024-01-01,Basic,29,Month-to-month,PayPal,USA,Marketing/Agency,4,0.687,4,4,3.59,1,2,1,2026-03-01,27,783
C00631,2024-01-01,Enterprise,199,Month-to-month,PayPal,USA,Nonprofit,6,0.391,6,1,4.22,1,3,0,,32,6368
C00632,2026-07-01,Pro,79,1-Year,Credit Card,Canada,Manufacturing,51,0.703,3,1,4.28,0,0,0,,2,158
C00633,2025-05-01,Basic,29,2-Year,PayPal,India,Nonprofit,9,0.617,2,2,5.0,2,23,0,,16,464
C00634,2024-05-01,Basic,29,2-Year,PayPal,Germany,Education,13,0.512,4,1,4.65,0,22,0,,28,812
C00635,2025-07-01,Pro,79,1-Year,Credit Card,Australia,Finance,9,0.371,4,3,3.04,0,7,0,,14,1106
C00636,2024-07-01,Basic,29,Month-to-month,Credit Card,India,SaaS/Tech,18,0.929,6,0,3.38,0,3,0,,26,754
C00637,2024-04-01,Enterprise,199,Month-to-month,Manual Invoice,UK,Education,51,0.265,2,0,4.25,0,13,0,,29,5771
C00638,2025-02-01,Basic,29,Month-to-month,Credit Card,India,Marketing/Agency,8,0.772,1,2,5.0,0,17,0,,19,551
C00639,2025-02-01,Basic,29,Month-to-month,ACH/Bank Transfer,India,Finance,10,0.45,3,1,3.5,0,13,1,2026-08-01,19,551
C00640,2023-04-01,Pro,79,Month-to-month,Credit Card,India,Healthcare,5,0.659,3,2,4.54,1,7,0,,41,3239
C00641,2023-10-01,Pro,79,2-Year,ACH/Bank Transfer,India,Healthcare,14,0.858,4,1,4.61,0,8,0,,35,2765
C00642,2025-06-01,Pro,79,Month-to-month,ACH/Bank Transfer,Australia,Education,8,0.227,3,4,3.79,0,27,0,,15,1185
C00643,2025-08-01,Basic,29,Month-to-month,Credit Card,Germany,Healthcare,115,0.605,3,0,4.29,0,42,0,,13,377
C00644,2024-02-01,Pro,79,Month-to-month,PayPal,USA,Marketing/Agency,41,0.857,9,3,3.38,1,8,1,2024-09-01,8,632
C00645,2024-01-01,Pro,79,2-Year,PayPal,USA,Nonprofit,1,0.762,4,2,4.62,2,3,0,,32,2528
C00646,2024-09-01,Enterprise,199,2-Year,Credit Card,Canada,Education,65,0.544,9,0,2.08,1,11,0,,24,4776
C00647,2024-11-01,Pro,79,Month-to-month,Credit Card,India,Education,9,0.679,6,2,3.61,0,6,0,,22,1738
C00648,2023-07-01,Pro,79,Month-to-month,PayPal,USA,Finance,1,1.0,5,4,4.03,2,50,1,2024-03-01,9,711
C00649,2024-07-01,Pro,79,Month-to-month,PayPal,UK,Manufacturing,11,0.275,7,4,4.83,1,0,0,,26,2054
C00650,2025-07-01,Enterprise,199,Month-to-month,Manual Invoice,USA,E-commerce,85,0.442,9,3,2.46,0,1,0,,14,2786
C00651,2023-10-01,Basic,29,Month-to-month,ACH/Bank Transfer,UK,Manufacturing,10,0.798,3,1,3.77,0,5,0,,35,1015
C00652,2023-10-01,Enterprise,199,Month-to-month,Credit Card,Australia,Education,8,0.318,3,1,3.99,0,16,1,2025-08-01,23,4577
C00653,2025-04-01,Pro,79,Month-to-month,ACH/Bank Transfer,Australia,Marketing/Agency,6,0.445,5,0,4.71,0,19,0,,17,1343
C00654,2023-03-01,Basic,29,Month-to-month,ACH/Bank Transfer,India,Education,84,0.224,4,1,2.83,0,2,0,,42,1218
C00655,2024-07-01,Pro,79,Month-to-month,ACH/Bank Transfer,UK,E-commerce,4,0.581,4,1,2.32,2,12,1,2025-02-01,8,632
C00656,2025-10-01,Basic,29,Month-to-month,PayPal,Australia,Healthcare,2,0.645,3,1,3.79,1,5,0,,11,319
C00657,2023-10-01,Basic,29,Month-to-month,Credit Card,USA,SaaS/Tech,10,1.0,2,2,3.82,1,11,0,,35,1015
C00658,2023-09-01,Basic,29,2-Year,PayPal,USA,Manufacturing,6,0.108,5,1,3.2,1,38,1,2024-02-01,6,174
C00659,2026-01-01,Pro,79,Month-to-month,Credit Card,Germany,SaaS/Tech,5,0.625,4,0,3.3,0,12,0,,8,632
C00660,2025-02-01,Pro,79,Month-to-month,ACH/Bank Transfer,USA,Finance,9,1.0,2,0,4.04,0,10,0,,19,1501
C00661,2023-11-01,Enterprise,199,Month-to-month,Credit Card,UK,Education,12,0.409,3,2,2.77,1,3,1,2024-05-01,7,1393
C00662,2024-09-01,Basic,29,Month-to-month,Credit Card,India,E-commerce,5,0.032,4,2,4.56,1,3,0,,24,696
C00663,2026-04-01,Pro,79,1-Year,Credit Card,USA,Manufacturing,5,0.549,4,1,4.47,2,19,1,2026-05-01,2,158
C00664,2024-04-01,Basic,29,1-Year,Credit Card,USA,Finance,18,0.598,3,1,4.88,0,3,0,,29,841
C00665,2025-10-01,Basic,29,Month-to-month,Credit Card,UK,E-commerce,16,0.808,4,3,5.0,0,6,0,,11,319
C00666,2024-04-01,Pro,79,Month-to-month,ACH/Bank Transfer,Germany,Nonprofit,7,0.524,8,0,4.24,1,6,0,,29,2291
C00667,2026-02-01,Pro,79,Month-to-month,Credit Card,UK,SaaS/Tech,68,0.718,3,1,3.22,0,1,0,,7,553
C00668,2025-06-01,Enterprise,199,2-Year,Credit Card,UK,Nonprofit,53,0.889,1,1,4.31,2,7,0,,15,2985
C00669,2023-11-01,Basic,29,Month-to-month,ACH/Bank Transfer,Canada,E-commerce,4,0.407,3,0,3.94,0,2,0,,34,986
C00670,2024-08-01,Pro,79,2-Year,Credit Card,Germany,Manufacturing,58,0.517,5,1,4.79,0,1,0,,25,1975
C00671,2025-12-01,Enterprise,199,Month-to-month,ACH/Bank Transfer,UK,SaaS/Tech,21,0.439,4,1,3.24,1,1,1,2026-07-01,8,1592
C00672,2023-08-01,Basic,29,Month-to-month,ACH/Bank Transfer,Germany,Manufacturing,3,0.916,5,0,5.0,0,3,0,,37,1073
C00673,2024-02-01,Pro,79,Month-to-month,Credit Card,USA,Education,3,0.786,8,1,3.18,0,8,0,,31,2449
C00674,2025-06-01,Basic,29,Month-to-month,ACH/Bank Transfer,USA,Education,21,0.425,4,2,3.72,0,0,0,,15,435
C00675,2024-07-01,Basic,29,Month-to-month,Credit Card,India,Manufacturing,14,0.38,4,0,3.6,0,0,0,,26,754
C00676,2026-03-01,Pro,79,Month-to-month,ACH/Bank Transfer,Germany,Education,18,0.456,5,0,4.88,0,0,0,,6,474
C00677,2025-06-01,Basic,29,2-Year,ACH/Bank Transfer,India,Manufacturing,5,0.939,6,0,4.41,1,2,0,,15,435
C00678,2023-02-01,Pro,79,Month-to-month,Credit Card,Canada,Finance,18,0.483,6,2,2.06,2,19,1,2025-01-01,24,1896
C00679,2025-06-01,Basic,29,Month-to-month,Credit Card,UK,Healthcare,10,0.799,3,2,4.24,2,7,0,,15,435
C00680,2025-10-01,Pro,79,Month-to-month,Credit Card,USA,Manufacturing,40,0.723,4,2,4.3,1,4,1,2026-03-01,6,474
C00681,2024-05-01,Basic,29,1-Year,Credit Card,India,E-commerce,5,0.776,6,1,3.78,1,8,0,,28,812
C00682,2024-07-01,Pro,79,Month-to-month,Credit Card,Australia,E-commerce,72,0.652,3,2,4.16,1,10,0,,26,2054
C00683,2023-08-01,Basic,29,2-Year,Credit Card,USA,Nonprofit,11,0.276,5,1,4.65,1,29,1,2024-06-01,11,319
C00684,2023-04-01,Basic,29,Month-to-month,ACH/Bank Transfer,USA,Marketing/Agency,2,0.611,1,0,4.09,0,24,1,2024-12-01,21,609
C00685,2024-09-01,Pro,79,2-Year,Credit Card,USA,E-commerce,29,0.969,6,2,3.03,0,13,0,,24,1896
C00686,2024-11-01,Basic,29,Month-to-month,Manual Invoice,India,E-commerce,15,0.344,3,1,3.31,1,4,0,,22,638
C00687,2025-01-01,Basic,29,1-Year,ACH/Bank Transfer,Canada,Finance,26,0.807,5,1,4.08,0,6,0,,20,580
C00688,2025-08-01,Pro,79,2-Year,ACH/Bank Transfer,UK,Education,5,0.478,1,0,3.04,1,13,0,,13,1027
C00689,2026-05-01,Pro,79,Month-to-month,Manual Invoice,Germany,Finance,8,0.77,4,0,5.0,0,1,0,,4,316
C00690,2023-09-01,Basic,29,1-Year,PayPal,Germany,Nonprofit,35,0.624,3,1,4.71,0,1,0,,36,1044
C00691,2026-03-01,Pro,79,1-Year,PayPal,UK,SaaS/Tech,75,0.705,4,2,3.78,1,6,0,,6,474
C00692,2023-03-01,Pro,79,1-Year,Manual Invoice,UK,Finance,4,0.158,9,2,4.36,2,6,1,2026-01-01,35,2765
C00693,2023-02-01,Pro,79,2-Year,ACH/Bank Transfer,Canada,SaaS/Tech,5,0.648,5,0,4.16,0,2,0,,43,3397
C00694,2026-05-01,Pro,79,1-Year,Credit Card,UK,Education,14,0.657,2,0,5.0,0,4,0,,4,316
C00695,2023-02-01,Enterprise,199,Month-to-month,ACH/Bank Transfer,India,Education,69,0.528,5,1,3.29,2,1,1,2024-09-01,20,3980
C00696,2025-08-01,Basic,29,Month-to-month,ACH/Bank Transfer,UK,Finance,9,0.843,7,4,4.49,1,1,0,,13,377
C00697,2023-03-01,Pro,79,1-Year,ACH/Bank Transfer,India,Healthcare,13,0.407,3,0,3.45,2,16,0,,42,3318
C00698,2025-01-01,Basic,29,2-Year,Credit Card,India,Nonprofit,11,0.597,7,0,4.01,2,3,1,2025-01-01,1,29
C00699,2023-09-01,Basic,29,2-Year,Credit Card,USA,E-commerce,113,0.168,9,0,2.91,0,9,0,,36,1044
C00700,2025-03-01,Basic,29,Month-to-month,Credit Card,USA,Nonprofit,16,0.241,7,1,4.98,1,0,0,,18,522
C00701,2026-07-01,Pro,79,1-Year,Credit Card,USA,SaaS/Tech,17,0.26,3,1,2.32,2,3,0,,2,158
C00702,2025-11-01,Pro,79,2-Year,Manual Invoice,USA,Healthcare,59,0.707,8,1,2.88,2,8,0,,10,790
C00703,2024-01-01,Enterprise,199,1-Year,PayPal,India,Education,21,0.59,6,0,3.62,0,4,1,2025-11-01,23,4577
C00704,2025-04-01,Basic,29,Month-to-month,Credit Card,UK,Manufacturing,12,0.52,3,1,3.96,1,2,1,2026-04-01,13,377
C00705,2026-05-01,Basic,29,Month-to-month,Credit Card,Canada,Marketing/Agency,8,0.676,3,0,3.28,2,7,0,,4,116
C00706,2024-09-01,Enterprise,199,Month-to-month,Credit Card,USA,Education,8,0.665,3,1,2.69,0,5,1,2025-12-01,16,3184
C00707,2024-12-01,Basic,29,1-Year,ACH/Bank Transfer,Germany,SaaS/Tech,8,0.611,3,1,3.72,0,29,0,,21,609
C00708,2025-09-01,Enterprise,199,Month-to-month,Credit Card,UK,Education,12,1.0,4,1,4.32,0,6,0,,12,2388
C00709,2025-01-01,Enterprise,199,Month-to-month,ACH/Bank Transfer,USA,Healthcare,20,0.58,4,2,4.87,0,2,0,,20,3980
C00710,2026-04-01,Basic,29,1-Year,ACH/Bank Transfer,Canada,Marketing/Agency,3,0.53,1,2,2.98,0,21,1,2026-07-01,4,116
C00711,2023-03-01,Basic,29,Month-to-month,PayPal,India,SaaS/Tech,71,0.6,3,2,2.47,1,14,1,2024-07-01,17,493
C00712,2023-02-01,Enterprise,199,Month-to-month,Manual Invoice,UK,E-commerce,66,0.546,5,0,4.6,0,2,0,,43,8557
C00713,2023-12-01,Basic,29,Month-to-month,Credit Card,UK,Finance,369,0.333,4,2,2.91,0,8,0,,33,957
C00714,2023-05-01,Basic,29,Month-to-month,ACH/Bank Transfer,USA,Marketing/Agency,27,0.478,3,2,4.97,1,1,1,2023-10-01,6,174
C00715,2025-04-01,Pro,79,Month-to-month,Credit Card,USA,Manufacturing,22,0.401,9,1,4.55,1,7,0,,17,1343
C00716,2025-10-01,Pro,79,Month-to-month,ACH/Bank Transfer,Canada,E-commerce,11,0.994,4,1,2.52,1,1,1,2025-12-01,3,237
C00717,2025-12-01,Basic,29,Month-to-month,Credit Card,India,Nonprofit,21,1.0,6,1,3.28,1,15,0,,9,261
C00718,2026-05-01,Pro,79,Month-to-month,Credit Card,USA,Finance,14,0.497,1,1,3.69,0,0,0,,4,316
C00719,2025-04-01,Basic,29,Month-to-month,ACH/Bank Transfer,India,Manufacturing,6,0.352,4,0,3.75,0,49,0,,17,493
C00720,2023-03-01,Enterprise,199,Month-to-month,Manual Invoice,UK,Manufacturing,8,0.448,4,0,3.91,0,10,0,,42,8358
C00721,2023-07-01,Enterprise,199,1-Year,Credit Card,USA,Education,8,0.667,6,3,3.68,0,2,1,2026-07-01,37,7363
C00722,2025-07-01,Basic,29,Month-to-month,Credit Card,USA,Manufacturing,16,0.643,1,1,4.68,1,14,0,,14,406
C00723,2024-05-01,Pro,79,Month-to-month,Credit Card,Canada,Marketing/Agency,4,0.493,3,0,2.99,0,15,0,,28,2212
C00724,2024-08-01,Pro,79,Month-to-month,Manual Invoice,Australia,Manufacturing,14,0.482,5,2,4.03,0,22,0,,25,1975
C00725,2026-04-01,Pro,79,2-Year,Credit Card,USA,SaaS/Tech,4,0.156,6,2,4.49,0,18,0,,5,395
C00726,2024-09-01,Basic,29,1-Year,Credit Card,Germany,SaaS/Tech,28,0.505,2,0,4.51,0,0,0,,24,696
C00727,2025-05-01,Basic,29,1-Year,Credit Card,India,Healthcare,13,0.583,4,1,4.06,1,10,0,,16,464
C00728,2025-11-01,Basic,29,Month-to-month,Credit Card,Germany,Nonprofit,30,0.344,4,2,4.41,0,6,0,,10,290
C00729,2023-10-01,Pro,79,2-Year,Credit Card,USA,Nonprofit,6,0.405,3,0,3.65,0,8,0,,35,2765
C00730,2023-04-01,Pro,79,Month-to-month,Credit Card,Germany,SaaS/Tech,8,0.378,5,2,2.93,0,0,0,,41,3239
C00731,2026-03-01,Basic,29,Month-to-month,PayPal,India,SaaS/Tech,67,0.444,6,7,4.09,1,4,0,,6,174
C00732,2023-08-01,Basic,29,Month-to-month,ACH/Bank Transfer,USA,Nonprofit,14,0.503,4,3,4.16,0,25,0,,37,1073
C00733,2024-02-01,Basic,29,1-Year,Credit Card,USA,Marketing/Agency,9,0.496,7,2,4.48,0,6,0,,31,899
C00734,2025-11-01,Enterprise,199,Month-to-month,PayPal,Germany,Manufacturing,16,0.43,2,1,4.53,0,0,0,,10,1990
C00735,2024-05-01,Pro,79,1-Year,Credit Card,Australia,Marketing/Agency,5,0.837,4,0,3.61,2,4,0,,28,2212
C00736,2026-02-01,Basic,29,Month-to-month,Manual Invoice,India,Nonprofit,118,0.497,3,0,3.11,1,31,0,,7,203
C00737,2025-03-01,Pro,79,Month-to-month,ACH/Bank Transfer,Germany,Marketing/Agency,15,0.569,4,1,3.16,0,24,0,,18,1422
C00738,2023-09-01,Pro,79,2-Year,ACH/Bank Transfer,USA,Healthcare,5,0.582,3,1,3.79,1,5,0,,36,2844
C00739,2023-09-01,Basic,29,Month-to-month,ACH/Bank Transfer,UK,Manufacturing,7,0.731,5,1,4.02,2,10,0,,36,1044
C00740,2025-04-01,Enterprise,199,Month-to-month,Credit Card,India,Healthcare,11,0.5,4,1,5.0,0,3,0,,17,3383
C00741,2026-05-01,Pro,79,2-Year,Credit Card,India,Marketing/Agency,110,0.39,4,3,3.36,0,2,0,,4,316
C00742,2024-09-01,Pro,79,1-Year,ACH/Bank Transfer,UK,Healthcare,183,0.923,7,0,4.01,1,16,0,,24,1896
C00743,2023-09-01,Enterprise,199,Month-to-month,Credit Card,USA,Manufacturing,11,0.693,4,5,2.78,0,4,1,2024-01-01,5,995
C00744,2024-11-01,Basic,29,1-Year,Credit Card,Australia,Marketing/Agency,7,0.126,1,2,2.93,1,15,0,,22,638
C00745,2024-10-01,Basic,29,Month-to-month,Credit Card,USA,Finance,20,0.66,3,1,4.51,0,11,0,,23,667
C00746,2023-09-01,Enterprise,199,Month-to-month,ACH/Bank Transfer,Canada,Education,3,0.346,3,1,3.42,0,0,1,2023-12-01,4,796
C00747,2023-03-01,Pro,79,Month-to-month,Credit Card,India,E-commerce,60,0.395,2,0,2.41,0,40,0,,42,3318
C00748,2024-08-01,Basic,29,Month-to-month,Manual Invoice,India,E-commerce,18,0.684,9,2,3.69,0,13,0,,25,725
C00749,2024-09-01,Basic,29,1-Year,Credit Card,Canada,E-commerce,26,0.59,4,0,3.84,1,5,1,2025-10-01,14,406
C00750,2026-06-01,Basic,29,2-Year,Manual Invoice,India,Finance,31,0.425,6,2,2.86,0,16,0,,3,87
C00751,2025-06-01,Enterprise,199,Month-to-month,Credit Card,UK,Manufacturing,5,0.69,2,2,4.5,0,8,0,,15,2985
C00752,2024-05-01,Enterprise,199,1-Year,Credit Card,Canada,Manufacturing,34,0.72,3,1,3.54,1,0,1,2026-03-01,23,4577
C00753,2023-12-01,Basic,29,Month-to-month,ACH/Bank Transfer,USA,Finance,12,0.314,6,1,2.5,2,2,1,2024-06-01,7,203
C00754,2023-01-01,Pro,79,2-Year,Manual Invoice,India,Finance,44,0.443,1,1,4.48,0,64,1,2023-04-01,4,316
C00755,2025-01-01,Enterprise,199,Month-to-month,Credit Card,USA,Marketing/Agency,12,0.708,5,1,4.23,0,11,1,2025-11-01,11,2189
C00756,2025-05-01,Enterprise,199,Month-to-month,Credit Card,UK,Education,108,0.429,2,2,1.35,0,24,0,,16,3184
C00757,2025-08-01,Basic,29,2-Year,Credit Card,Canada,E-commerce,11,0.4,3,0,4.09,0,3,0,,13,377
C00758,2023-02-01,Pro,79,1-Year,Credit Card,USA,Nonprofit,54,0.233,4,1,3.77,2,18,1,2024-05-01,16,1264
C00759,2026-01-01,Basic,29,Month-to-month,Credit Card,India,Manufacturing,43,0.814,6,3,3.85,0,17,1,2026-07-01,7,203
C00760,2023-06-01,Pro,79,Month-to-month,Credit Card,UK,E-commerce,6,0.233,6,0,4.09,1,21,0,,39,3081
C00761,2025-05-01,Basic,29,2-Year,PayPal,Canada,E-commerce,43,0.397,4,1,4.08,0,3,1,2025-12-01,8,232
C00762,2023-03-01,Pro,79,1-Year,Manual Invoice,India,Healthcare,31,0.635,5,3,3.71,0,7,1,2023-12-01,10,790
C00763,2026-06-01,Basic,29,1-Year,Credit Card,USA,Finance,15,0.677,5,3,3.74,0,2,0,,3,87
C00764,2023-09-01,Basic,29,Month-to-month,Credit Card,Germany,SaaS/Tech,12,0.652,4,0,2.97,1,11,0,,36,1044
C00765,2025-10-01,Pro,79,2-Year,Credit Card,USA,SaaS/Tech,16,0.712,5,2,3.32,2,9,0,,11,869
C00766,2025-10-01,Basic,29,1-Year,Credit Card,India,E-commerce,35,0.368,4,2,5.0,0,58,0,,11,319
C00767,2025-02-01,Basic,29,1-Year,Credit Card,USA,SaaS/Tech,49,0.302,2,1,3.97,1,5,0,,19,551
C00768,2023-01-01,Enterprise,199,1-Year,Credit Card,Australia,Marketing/Agency,3,0.979,6,0,3.18,2,1,1,2024-04-01,16,3184
C00769,2024-10-01,Basic,29,Month-to-month,Credit Card,Canada,E-commerce,8,0.478,5,2,3.99,0,3,0,,23,667
C00770,2025-05-01,Pro,79,Month-to-month,PayPal,Canada,Marketing/Agency,22,0.993,5,2,5.0,2,6,1,2026-08-01,16,1264
C00771,2026-04-01,Basic,29,1-Year,Credit Card,UK,Finance,15,0.45,3,0,3.62,0,20,0,,5,145
C00772,2025-07-01,Pro,79,2-Year,Credit Card,USA,Healthcare,71,0.261,1,0,3.13,1,8,0,,14,1106
C00773,2026-03-01,Enterprise,199,Month-to-month,Credit Card,Canada,Marketing/Agency,25,0.406,5,2,3.76,0,3,1,2026-07-01,5,995
C00774,2023-06-01,Basic,29,Month-to-month,Credit Card,India,Marketing/Agency,7,0.432,2,1,4.16,1,4,1,2025-06-01,25,725
C00775,2024-08-01,Pro,79,1-Year,PayPal,Australia,Finance,38,0.485,2,0,5.0,0,1,0,,25,1975
C00776,2025-12-01,Basic,29,1-Year,Credit Card,Canada,Education,7,0.987,3,0,4.0,0,8,0,,9,261
C00777,2025-04-01,Basic,29,2-Year,Credit Card,USA,Finance,5,0.909,2,0,4.05,1,46,0,,17,493
C00778,2024-01-01,Basic,29,Month-to-month,Credit Card,USA,Finance,78,0.418,0,1,4.37,1,3,1,2026-04-01,28,812
C00779,2023-01-01,Basic,29,2-Year,Credit Card,India,Education,10,0.896,6,2,1.87,1,4,0,,44,1276
C00780,2025-02-01,Pro,79,Month-to-month,ACH/Bank Transfer,Canada,SaaS/Tech,7,0.422,3,1,3.43,1,0,0,,19,1501
C00781,2023-04-01,Basic,29,2-Year,Manual Invoice,Australia,E-commerce,30,0.208,3,1,5.0,0,4,0,,41,1189
C00782,2023-01-01,Pro,79,Month-to-month,Credit Card,USA,E-commerce,10,0.309,4,1,2.61,0,12,1,2023-07-01,7,553
C00783,2026-02-01,Basic,29,1-Year,Credit Card,Australia,Nonprofit,25,0.762,1,1,5.0,1,8,0,,7,203
C00784,2025-05-01,Enterprise,199,1-Year,Credit Card,USA,Healthcare,20,0.563,7,1,4.98,1,1,0,,16,3184
C00785,2025-09-01,Basic,29,Month-to-month,PayPal,USA,Education,39,0.426,4,0,4.18,0,17,0,,12,348
C00786,2025-10-01,Pro,79,1-Year,Credit Card,USA,Finance,10,0.565,4,0,5.0,0,7,0,,11,869
C00787,2024-01-01,Basic,29,Month-to-month,Credit Card,USA,SaaS/Tech,3,0.694,10,0,3.29,0,4,0,,32,928
C00788,2023-04-01,Basic,29,Month-to-month,Credit Card,USA,Education,2,0.421,2,1,3.22,0,12,1,2026-06-01,39,1131
C00789,2026-07-01,Enterprise,199,Month-to-month,Credit Card,Germany,Marketing/Agency,12,0.298,1,2,3.47,2,11,0,,2,398
C00790,2024-10-01,Pro,79,Month-to-month,Credit Card,India,Finance,12,0.19,3,1,4.94,0,9,0,,23,1817
C00791,2026-04-01,Basic,29,1-Year,PayPal,USA,Healthcare,4,0.589,6,2,4.78,0,18,0,,5,145
C00792,2026-06-01,Basic,29,Month-to-month,Credit Card,Canada,Education,50,0.665,3,2,3.67,1,27,0,,3,87
C00793,2024-06-01,Basic,29,2-Year,Credit Card,India,SaaS/Tech,35,0.468,2,2,4.64,0,13,1,2025-03-01,10,290
C00794,2024-10-01,Basic,29,1-Year,Credit Card,India,Manufacturing,53,0.929,3,2,3.56,0,10,0,,23,667
C00795,2024-12-01,Enterprise,199,Month-to-month,Credit Card,USA,E-commerce,12,0.377,4,3,3.09,0,5,0,,21,4179
C00796,2023-12-01,Basic,29,1-Year,Credit Card,Canada,Education,6,0.548,4,1,3.99,0,3,0,,33,957
C00797,2024-01-01,Basic,29,2-Year,ACH/Bank Transfer,UK,Healthcare,7,0.209,4,1,2.54,2,11,1,2024-02-01,2,58
C00798,2025-02-01,Basic,29,Month-to-month,ACH/Bank Transfer,Canada,SaaS/Tech,20,0.459,4,1,3.43,1,30,1,2026-01-01,12,348
C00799,2023-12-01,Basic,29,Month-to-month,Credit Card,Germany,Healthcare,20,0.678,6,0,3.34,0,11,0,,33,957
C00800,2024-05-01,Pro,79,Month-to-month,Credit Card,Germany,Healthcare,9,0.299,8,1,4.14,0,24,0,,28,2212
C00801,2023-10-01,Enterprise,199,Month-to-month,Credit Card,Canada,Manufacturing,22,0.414,4,2,4.96,0,11,1,2024-11-01,14,2786
C00802,2023-03-01,Basic,29,Month-to-month,Credit Card,Australia,Education,26,0.763,6,1,3.45,0,6,0,,42,1218
C00803,2023-12-01,Pro,79,1-Year,ACH/Bank Transfer,India,Nonprofit,7,0.324,5,1,3.93,0,9,0,,33,2607
C00804,2023-12-01,Basic,29,Month-to-month,Credit Card,USA,SaaS/Tech,3,0.598,4,1,4.07,0,1,0,,33,957
C00805,2024-02-01,Basic,29,2-Year,ACH/Bank Transfer,USA,Finance,1,0.689,9,0,4.86,0,22,0,,31,899
C00806,2024-12-01,Pro,79,Month-to-month,ACH/Bank Transfer,USA,E-commerce,4,0.175,3,1,5.0,0,8,0,,21,1659
C00807,2023-06-01,Basic,29,Month-to-month,Credit Card,UK,Healthcare,29,0.725,3,0,4.34,0,6,0,,39,1131
C00808,2023-03-01,Enterprise,199,Month-to-month,Credit Card,Australia,Manufacturing,85,0.664,3,0,4.22,1,7,0,,42,8358
C00809,2023-05-01,Pro,79,1-Year,ACH/Bank Transfer,Canada,Manufacturing,2,0.501,8,3,4.06,2,4,0,,40,3160
C00810,2025-07-01,Enterprise,199,2-Year,ACH/Bank Transfer,India,Manufacturing,64,0.456,5,0,4.37,0,14,0,,14,2786
C00811,2024-06-01,Pro,79,Month-to-month,ACH/Bank Transfer,India,Healthcare,30,0.555,5,2,5.0,0,6,0,,27,2133
C00812,2023-07-01,Basic,29,2-Year,ACH/Bank Transfer,Germany,Education,31,0.79,3,1,3.84,0,12,0,,38,1102
C00813,2025-10-01,Pro,79,Month-to-month,Credit Card,India,Finance,24,0.476,3,0,4.29,0,5,0,,11,869
C00814,2025-03-01,Basic,29,1-Year,Manual Invoice,Canada,Healthcare,63,0.544,7,1,4.18,1,13,0,,18,522
C00815,2026-04-01,Basic,29,Month-to-month,ACH/Bank Transfer,Germany,SaaS/Tech,11,0.422,4,3,5.0,0,4,0,,5,145
C00816,2025-09-01,Enterprise,199,Month-to-month,Credit Card,USA,Education,9,0.668,7,1,4.92,0,3,0,,12,2388
C00817,2024-05-01,Enterprise,199,Month-to-month,Credit Card,Germany,Finance,22,0.46,3,1,5.0,1,10,1,2025-03-01,11,2189
C00818,2024-04-01,Pro,79,2-Year,Manual Invoice,USA,Healthcare,12,0.533,5,1,2.28,1,57,0,,29,2291
C00819,2026-05-01,Pro,79,Month-to-month,Credit Card,UK,SaaS/Tech,24,0.685,2,1,3.47,0,8,1,2026-08-01,4,316
C00820,2025-01-01,Enterprise,199,1-Year,ACH/Bank Transfer,Australia,Finance,17,0.575,6,2,4.84,0,7,0,,20,3980
C00821,2025-10-01,Pro,79,2-Year,Credit Card,India,Manufacturing,1,0.308,2,5,4.77,0,4,0,,11,869
C00822,2025-04-01,Basic,29,1-Year,PayPal,USA,Healthcare,22,0.347,7,0,3.56,2,2,0,,17,493
C00823,2024-08-01,Enterprise,199,Month-to-month,ACH/Bank Transfer,Australia,Nonprofit,3,0.51,4,2,2.86,0,8,0,,25,4975
C00824,2023-01-01,Basic,29,Month-to-month,Credit Card,Canada,Education,50,0.908,4,6,4.67,0,30,1,2024-11-01,23,667
C00825,2026-04-01,Pro,79,Month-to-month,PayPal,UK,Finance,21,0.385,4,3,3.95,0,6,0,,5,395
C00826,2025-06-01,Pro,79,1-Year,PayPal,UK,Marketing/Agency,71,0.388,9,2,3.52,2,1,1,2026-02-01,9,711
C00827,2024-04-01,Basic,29,Month-to-month,Credit Card,USA,Finance,5,0.787,9,2,4.17,2,2,0,,29,841
C00828,2023-12-01,Basic,29,1-Year,Credit Card,India,Education,25,0.529,2,3,4.19,0,6,0,,33,957
C00829,2025-10-01,Pro,79,Month-to-month,Credit Card,USA,Nonprofit,12,0.669,5,3,2.11,0,0,1,2026-02-01,5,395
C00830,2024-06-01,Enterprise,199,Month-to-month,Credit Card,Canada,Healthcare,6,0.478,6,5,2.42,0,30,0,,27,5373
C00831,2024-03-01,Basic,29,1-Year,PayPal,India,Education,35,0.431,6,1,4.27,1,5,0,,30,870
C00832,2025-10-01,Enterprise,199,1-Year,PayPal,India,E-commerce,8,0.787,3,3,5.0,0,14,0,,11,2189
C00833,2026-01-01,Basic,29,Month-to-month,Credit Card,Canada,Education,9,0.091,5,3,4.41,0,50,0,,8,232
C00834,2025-07-01,Enterprise,199,1-Year,ACH/Bank Transfer,Australia,E-commerce,28,0.621,7,0,4.25,0,10,0,,14,2786
C00835,2025-03-01,Basic,29,Month-to-month,ACH/Bank Transfer,Germany,Healthcare,28,0.844,0,1,5.0,0,6,0,,18,522
C00836,2026-06-01,Enterprise,199,Month-to-month,Manual Invoice,UK,Manufacturing,54,0.755,3,3,3.26,1,1,0,,3,597
C00837,2025-07-01,Enterprise,199,Month-to-month,Credit Card,India,Healthcare,2,0.542,4,2,5.0,1,21,0,,14,2786
C00838,2024-06-01,Pro,79,1-Year,ACH/Bank Transfer,India,Marketing/Agency,39,0.63,10,2,5.0,0,27,0,,27,2133
C00839,2026-06-01,Pro,79,Month-to-month,Credit Card,USA,E-commerce,38,0.264,6,1,4.41,0,9,0,,3,237
C00840,2026-06-01,Pro,79,Month-to-month,Manual Invoice,USA,Education,6,0.662,1,0,3.72,0,8,0,,3,237
C00841,2024-01-01,Enterprise,199,Month-to-month,Credit Card,India,Education,5,0.467,6,1,2.72,0,0,0,,32,6368
C00842,2025-03-01,Basic,29,Month-to-month,Credit Card,Germany,Finance,5,0.465,4,1,3.84,0,34,0,,18,522
C00843,2023-04-01,Enterprise,199,Month-to-month,Manual Invoice,USA,Manufacturing,21,0.647,2,1,4.21,0,12,1,2024-02-01,11,2189
C00844,2026-06-01,Basic,29,1-Year,Manual Invoice,Australia,E-commerce,16,0.53,3,1,4.7,2,25,0,,3,87
C00845,2025-11-01,Pro,79,1-Year,Credit Card,USA,Finance,2,0.501,3,2,3.77,1,4,0,,10,790
C00846,2025-08-01,Pro,79,Month-to-month,Credit Card,USA,Finance,9,0.572,7,0,5.0,1,29,0,,13,1027
C00847,2025-11-01,Basic,29,1-Year,Credit Card,UK,Manufacturing,161,0.627,5,0,3.77,0,9,0,,10,290
C00848,2025-07-01,Pro,79,1-Year,Credit Card,Germany,Finance,16,0.815,4,0,2.45,0,24,0,,14,1106
C00849,2023-10-01,Pro,79,1-Year,Manual Invoice,Germany,Education,4,0.603,4,1,4.53,1,12,0,,35,2765
C00850,2025-03-01,Basic,29,1-Year,Credit Card,USA,Finance,8,0.259,1,0,4.4,0,11,0,,18,522
C00851,2024-09-01,Pro,79,Month-to-month,PayPal,Canada,Manufacturing,9,0.429,4,2,4.35,0,27,0,,24,1896
C00852,2025-07-01,Enterprise,199,Month-to-month,Credit Card,USA,E-commerce,19,0.612,5,1,4.02,2,23,0,,14,2786
C00853,2023-06-01,Enterprise,199,2-Year,ACH/Bank Transfer,Canada,Marketing/Agency,14,0.476,2,1,4.46,0,22,0,,39,7761
C00854,2026-06-01,Enterprise,199,2-Year,Credit Card,USA,Marketing/Agency,46,0.61,10,0,4.74,0,7,0,,3,597
C00855,2024-07-01,Basic,29,Month-to-month,Credit Card,USA,SaaS/Tech,6,0.395,2,1,3.83,0,68,0,,26,754
C00856,2024-11-01,Enterprise,199,1-Year,Credit Card,India,SaaS/Tech,3,0.606,4,1,3.65,0,0,0,,22,4378
C00857,2026-01-01,Basic,29,Month-to-month,ACH/Bank Transfer,Canada,Manufacturing,6,0.37,5,3,4.41,1,3,1,2026-07-01,7,203
C00858,2023-09-01,Pro,79,1-Year,Manual Invoice,Canada,Nonprofit,118,0.6,5,1,4.24,2,11,1,2023-12-01,4,316
C00859,2025-03-01,Basic,29,Month-to-month,ACH/Bank Transfer,USA,Marketing/Agency,31,0.49,8,0,3.31,1,1,0,,18,522
C00860,2025-12-01,Pro,79,1-Year,ACH/Bank Transfer,Germany,E-commerce,13,0.268,4,4,4.71,0,18,0,,9,711
C00861,2026-02-01,Basic,29,Month-to-month,Credit Card,UK,Nonprofit,43,0.504,3,1,5.0,2,3,0,,7,203
C00862,2023-05-01,Pro,79,Month-to-month,Credit Card,Australia,Healthcare,42,0.393,7,1,3.45,0,31,0,,40,3160
C00863,2024-09-01,Enterprise,199,2-Year,PayPal,USA,SaaS/Tech,42,0.64,6,0,4.73,1,5,0,,24,4776
C00864,2023-02-01,Basic,29,Month-to-month,Manual Invoice,India,Nonprofit,49,0.391,2,1,4.49,0,73,1,2024-10-01,21,609
C00865,2026-02-01,Basic,29,1-Year,Credit Card,India,Education,23,1.0,4,2,2.14,1,4,0,,7,203
C00866,2024-10-01,Pro,79,1-Year,Manual Invoice,Canada,Manufacturing,14,0.664,5,3,3.84,1,25,0,,23,1817
C00867,2026-03-01,Basic,29,Month-to-month,Credit Card,USA,Finance,15,0.733,2,1,3.48,0,5,0,,6,174
C00868,2024-08-01,Enterprise,199,Month-to-month,Credit Card,Australia,Healthcare,20,0.4,4,3,3.88,0,12,0,,25,4975
C00869,2024-08-01,Enterprise,199,1-Year,Credit Card,Canada,Finance,19,0.791,3,0,5.0,0,13,0,,25,4975
C00870,2025-08-01,Basic,29,1-Year,PayPal,USA,Manufacturing,19,0.529,4,1,3.05,2,4,0,,13,377
C00871,2024-04-01,Enterprise,199,Month-to-month,Credit Card,USA,Manufacturing,139,0.504,5,1,3.47,0,0,0,,29,5771
C00872,2023-03-01,Basic,29,Month-to-month,Credit Card,USA,Marketing/Agency,40,0.228,3,1,3.13,0,34,1,2025-03-01,25,725
C00873,2025-10-01,Pro,79,Month-to-month,ACH/Bank Transfer,USA,E-commerce,22,0.769,2,1,3.31,0,28,0,,11,869
C00874,2024-01-01,Enterprise,199,2-Year,Manual Invoice,India,E-commerce,38,1.0,2,1,5.0,0,10,0,,32,6368
C00875,2023-12-01,Pro,79,1-Year,Manual Invoice,Canada,Manufacturing,93,0.818,4,0,4.5,0,1,0,,33,2607
C00876,2025-02-01,Basic,29,Month-to-month,Credit Card,India,Manufacturing,39,0.466,4,0,5.0,1,40,0,,19,551
C00877,2025-04-01,Basic,29,1-Year,Credit Card,Germany,Finance,2,0.81,4,1,2.86,1,0,0,,17,493
C00878,2025-12-01,Enterprise,199,Month-to-month,Credit Card,Germany,Manufacturing,13,0.611,5,2,4.11,0,7,0,,9,1791
C00879,2026-05-01,Pro,79,Month-to-month,Credit Card,USA,Marketing/Agency,2,0.548,2,0,3.4,0,2,0,,4,316
C00880,2024-12-01,Pro,79,Month-to-month,ACH/Bank Transfer,India,Finance,12,0.682,4,2,3.2,2,4,0,,21,1659
C00881,2025-08-01,Pro,79,2-Year,Credit Card,UK,Manufacturing,171,0.936,3,3,4.74,1,8,0,,13,1027
C00882,2026-01-01,Basic,29,Month-to-month,Credit Card,USA,Education,4,0.494,3,4,5.0,0,1,0,,8,232
C00883,2023-05-01,Basic,29,2-Year,PayPal,India,Nonprofit,14,0.976,6,0,5.0,0,8,0,,40,1160
C00884,2023-01-01,Basic,29,Month-to-month,Credit Card,Germany,Manufacturing,10,0.604,3,4,4.76,0,34,0,,44,1276
C00885,2024-04-01,Enterprise,199,1-Year,Credit Card,USA,Manufacturing,17,0.272,6,1,4.14,2,13,0,,29,5771
C00886,2023-08-01,Pro,79,1-Year,Credit Card,India,Marketing/Agency,2,0.02,5,1,4.38,1,4,0,,37,2923
C00887,2025-05-01,Pro,79,Month-to-month,ACH/Bank Transfer,Australia,Manufacturing,24,0.919,5,2,5.0,2,35,0,,16,1264
C00888,2024-08-01,Basic,29,Month-to-month,Credit Card,USA,Education,2,0.436,5,2,4.64,2,6,1,2026-03-01,20,580
C00889,2024-05-01,Basic,29,Month-to-month,Credit Card,Germany,Manufacturing,6,0.435,2,2,4.22,1,0,0,,28,812
C00890,2023-02-01,Basic,29,Month-to-month,Manual Invoice,UK,Finance,5,0.764,6,1,3.44,2,28,1,2024-02-01,13,377
C00891,2023-11-01,Pro,79,Month-to-month,ACH/Bank Transfer,USA,E-commerce,26,0.656,3,1,4.45,0,6,0,,34,2686
C00892,2025-01-01,Pro,79,1-Year,Credit Card,Australia,Nonprofit,9,0.426,3,1,3.44,1,9,0,,20,1580
C00893,2023-06-01,Pro,79,2-Year,Credit Card,India,SaaS/Tech,14,0.9,6,2,5.0,0,3,0,,39,3081
C00894,2025-06-01,Pro,79,Month-to-month,Credit Card,Canada,Education,11,0.6,4,1,3.86,0,4,0,,15,1185
C00895,2024-09-01,Enterprise,199,Month-to-month,ACH/Bank Transfer,Australia,Education,8,0.942,4,4,4.66,1,21,0,,24,4776
C00896,2023-06-01,Basic,29,2-Year,ACH/Bank Transfer,USA,Marketing/Agency,167,0.78,2,2,3.59,0,1,0,,39,1131
C00897,2026-07-01,Basic,29,Month-to-month,PayPal,UK,SaaS/Tech,5,0.755,8,2,4.91,0,3,0,,2,58
C00898,2026-05-01,Pro,79,Month-to-month,Credit Card,India,Nonprofit,3,0.628,2,0,3.72,0,3,0,,4,316
C00899,2025-06-01,Basic,29,1-Year,Credit Card,India,E-commerce,98,0.385,6,2,3.03,0,12,0,,15,435
C00900,2023-05-01,Pro,79,Month-to-month,Credit Card,UK,Nonprofit,8,0.43,4,1,3.94,2,3,1,2024-02-01,10,790
C00901,2024-12-01,Basic,29,2-Year,Credit Card,Australia,Education,3,0.461,5,0,3.3,2,13,1,2025-08-01,9,261
C00902,2026-03-01,Basic,29,Month-to-month,Credit Card,India,Education,17,0.852,8,1,3.11,0,15,0,,6,174
C00903,2026-07-01,Pro,79,Month-to-month,PayPal,UK,Nonprofit,26,0.641,4,0,5.0,1,1,0,,2,158
C00904,2025-03-01,Pro,79,Month-to-month,Manual Invoice,USA,Manufacturing,50,0.25,4,0,3.02,0,4,1,2026-04-01,14,1106
C00905,2025-07-01,Enterprise,199,Month-to-month,Manual Invoice,USA,E-commerce,1,0.289,4,2,4.36,0,5,0,,14,2786
C00906,2023-09-01,Basic,29,Month-to-month,Credit Card,India,SaaS/Tech,14,0.593,6,3,5.0,2,3,1,2024-03-01,7,203
C00907,2026-04-01,Basic,29,2-Year,Manual Invoice,Canada,Healthcare,13,0.582,4,3,4.79,0,3,0,,5,145
C00908,2025-05-01,Pro,79,Month-to-month,Credit Card,Germany,Healthcare,9,0.539,2,3,4.26,0,28,1,2026-08-01,16,1264
C00909,2024-03-01,Basic,29,Month-to-month,Credit Card,India,SaaS/Tech,6,0.739,5,0,4.15,2,7,0,,30,870
C00910,2024-06-01,Pro,79,1-Year,ACH/Bank Transfer,USA,Finance,14,0.277,6,1,5.0,0,4,0,,27,2133
C00911,2023-06-01,Basic,29,1-Year,Credit Card,India,Education,4,0.837,4,2,4.55,0,1,0,,39,1131
C00912,2026-05-01,Enterprise,199,1-Year,ACH/Bank Transfer,USA,Education,10,0.32,5,1,2.54,0,6,0,,4,796
C00913,2024-07-01,Pro,79,Month-to-month,ACH/Bank Transfer,India,Education,14,0.026,1,1,4.4,0,53,1,2024-11-01,5,395
C00914,2025-03-01,Pro,79,1-Year,Credit Card,UK,Manufacturing,73,0.553,6,2,5.0,0,13,0,,18,1422
C00915,2023-02-01,Basic,29,1-Year,Credit Card,USA,Marketing/Agency,3,0.502,1,2,3.66,1,8,1,2025-01-01,24,696
C00916,2023-02-01,Pro,79,1-Year,Credit Card,India,Education,12,0.36,3,1,3.68,0,11,0,,43,3397
C00917,2023-12-01,Basic,29,1-Year,Credit Card,USA,Manufacturing,4,0.601,4,2,3.51,0,15,0,,33,957
C00918,2024-02-01,Pro,79,Month-to-month,ACH/Bank Transfer,Australia,Marketing/Agency,18,0.818,2,1,4.02,1,9,1,2024-11-01,10,790
C00919,2023-12-01,Basic,29,Month-to-month,ACH/Bank Transfer,USA,Manufacturing,77,0.53,2,1,4.37,2,13,1,2025-03-01,16,464
C00920,2025-06-01,Enterprise,199,1-Year,PayPal,USA,E-commerce,11,0.812,4,2,4.46,1,8,0,,15,2985
C00921,2025-12-01,Basic,29,1-Year,Credit Card,UK,Marketing/Agency,13,0.671,3,2,4.34,1,20,0,,9,261
C00922,2024-07-01,Enterprise,199,1-Year,Credit Card,India,Education,22,0.468,4,2,4.02,0,4,0,,26,5174
C00923,2026-06-01,Basic,29,1-Year,PayPal,USA,Education,6,0.02,2,3,3.2,0,29,0,,3,87
C00924,2025-05-01,Enterprise,199,Month-to-month,PayPal,India,SaaS/Tech,14,0.377,4,3,4.57,0,41,0,,16,3184
C00925,2024-04-01,Pro,79,Month-to-month,Credit Card,Germany,Healthcare,6,0.583,3,1,3.41,0,4,0,,29,2291
C00926,2026-07-01,Pro,79,Month-to-month,Credit Card,Germany,Finance,23,0.667,1,1,4.92,0,2,0,,2,158
C00927,2023-05-01,Basic,29,2-Year,ACH/Bank Transfer,USA,Education,13,0.112,2,2,3.29,0,20,0,,40,1160
C00928,2025-07-01,Enterprise,199,Month-to-month,ACH/Bank Transfer,USA,Manufacturing,19,0.555,8,0,3.32,1,1,0,,14,2786
C00929,2026-02-01,Pro,79,Month-to-month,Credit Card,Germany,Nonprofit,8,0.622,2,1,4.78,1,29,0,,7,553
C00930,2024-04-01,Basic,29,2-Year,Credit Card,Germany,Manufacturing,3,0.332,1,1,3.97,0,13,0,,29,841
C00931,2025-10-01,Pro,79,Month-to-month,Manual Invoice,USA,Education,27,0.865,5,4,3.08,0,49,1,2025-12-01,3,237
C00932,2025-07-01,Enterprise,199,Month-to-month,Credit Card,USA,Nonprofit,5,0.719,4,5,4.47,1,0,1,2025-12-01,6,1194
C00933,2024-04-01,Basic,29,Month-to-month,Manual Invoice,India,Manufacturing,52,0.757,4,3,5.0,0,8,0,,29,841
C00934,2023-03-01,Basic,29,Month-to-month,Credit Card,Germany,SaaS/Tech,4,0.413,4,1,4.43,2,1,1,2023-12-01,10,290
C00935,2026-02-01,Enterprise,199,Month-to-month,ACH/Bank Transfer,USA,E-commerce,23,0.264,6,2,2.59,0,0,0,,7,1393
C00936,2024-02-01,Enterprise,199,1-Year,ACH/Bank Transfer,UK,Healthcare,54,0.552,3,1,4.07,0,16,0,,31,6169
C00937,2025-03-01,Basic,29,1-Year,ACH/Bank Transfer,Germany,E-commerce,32,0.452,3,2,4.69,0,5,0,,18,522
C00938,2025-01-01,Basic,29,1-Year,Credit Card,India,E-commerce,10,0.38,5,0,4.4,1,0,0,,20,580
C00939,2026-03-01,Basic,29,Month-to-month,Credit Card,USA,Marketing/Agency,8,0.365,4,2,3.37,1,15,1,2026-08-01,6,174
C00940,2025-05-01,Basic,29,Month-to-month,Credit Card,Germany,Nonprofit,158,0.654,4,1,4.05,2,15,1,2025-08-01,4,116
C00941,2025-09-01,Pro,79,2-Year,ACH/Bank Transfer,Australia,E-commerce,85,0.183,8,1,4.57,0,14,0,,12,948
C00942,2024-02-01,Basic,29,2-Year,PayPal,USA,Manufacturing,3,0.58,8,4,3.97,0,1,0,,31,899
C00943,2025-07-01,Pro,79,Month-to-month,PayPal,USA,Healthcare,37,0.437,1,1,5.0,0,8,1,2025-11-01,5,395
C00944,2025-05-01,Basic,29,Month-to-month,ACH/Bank Transfer,USA,Marketing/Agency,1,0.401,4,1,4.0,0,28,0,,16,464
C00945,2024-09-01,Basic,29,Month-to-month,Credit Card,UK,Nonprofit,34,0.502,6,0,4.74,1,32,0,,24,696
C00946,2026-02-01,Enterprise,199,Month-to-month,Credit Card,USA,Finance,29,0.288,5,0,3.18,2,5,0,,7,1393
C00947,2025-07-01,Enterprise,199,Month-to-month,PayPal,USA,Finance,7,0.487,4,0,4.49,2,4,1,2025-11-01,5,995
C00948,2024-12-01,Basic,29,2-Year,Credit Card,USA,Nonprofit,88,0.798,2,1,4.67,0,42,0,,21,609
C00949,2024-03-01,Basic,29,2-Year,Credit Card,USA,Nonprofit,2,0.02,1,0,1.21,1,5,1,2025-01-01,11,319
C00950,2025-11-01,Enterprise,199,1-Year,Manual Invoice,USA,Education,76,0.326,7,0,4.2,0,2,0,,10,1990
C00951,2024-08-01,Pro,79,2-Year,Manual Invoice,USA,E-commerce,6,0.614,4,1,3.72,1,4,1,2024-11-01,4,316
C00952,2024-02-01,Pro,79,Month-to-month,Credit Card,India,Finance,6,0.151,2,3,4.06,0,19,1,2024-09-01,8,632
C00953,2025-04-01,Basic,29,Month-to-month,Credit Card,UK,Education,3,0.735,5,2,2.84,0,10,0,,17,493
C00954,2024-10-01,Enterprise,199,Month-to-month,Credit Card,USA,Education,18,0.722,2,1,2.93,2,18,1,2025-11-01,14,2786
C00955,2024-11-01,Basic,29,Month-to-month,PayPal,USA,E-commerce,101,0.445,3,2,3.43,2,34,1,2025-05-01,7,203
C00956,2025-12-01,Enterprise,199,2-Year,Credit Card,USA,Finance,20,0.592,5,2,2.98,1,9,0,,9,1791
C00957,2024-11-01,Basic,29,Month-to-month,ACH/Bank Transfer,USA,Healthcare,30,0.396,3,1,5.0,2,2,1,2026-02-01,16,464
C00958,2024-07-01,Enterprise,199,1-Year,Manual Invoice,Australia,Education,12,0.732,7,2,2.71,0,4,0,,26,5174
C00959,2023-05-01,Basic,29,Month-to-month,Credit Card,USA,Education,13,0.533,5,2,3.82,1,1,0,,40,1160
C00960,2025-06-01,Basic,29,1-Year,Manual Invoice,Germany,E-commerce,10,0.687,1,2,4.34,0,25,0,,15,435
C00961,2026-06-01,Basic,29,Month-to-month,PayPal,UK,Nonprofit,114,0.31,1,1,4.3,0,7,0,,3,87
C00962,2023-12-01,Pro,79,2-Year,Credit Card,Germany,Finance,24,0.653,1,3,5.0,1,9,0,,33,2607
C00963,2023-06-01,Basic,29,Month-to-month,Manual Invoice,Germany,Marketing/Agency,81,0.123,3,2,4.37,2,27,1,2023-08-01,3,87
C00964,2023-12-01,Basic,29,Month-to-month,Credit Card,Canada,Education,25,0.562,7,3,4.96,1,1,0,,33,957
C00965,2023-10-01,Basic,29,Month-to-month,Credit Card,India,E-commerce,12,0.745,6,2,4.75,1,18,0,,35,1015
C00966,2023-09-01,Pro,79,Month-to-month,ACH/Bank Transfer,India,Finance,16,0.286,6,1,3.76,0,0,0,,36,2844
C00967,2023-09-01,Basic,29,1-Year,Credit Card,UK,Marketing/Agency,63,0.557,8,3,3.56,0,18,0,,36,1044
C00968,2026-05-01,Enterprise,199,Month-to-month,Credit Card,USA,Finance,16,0.456,3,2,4.45,0,4,0,,4,796
C00969,2026-04-01,Pro,79,Month-to-month,Credit Card,USA,Manufacturing,23,0.07,2,1,2.38,0,2,0,,5,395
C00970,2025-02-01,Pro,79,1-Year,Credit Card,Germany,Finance,43,0.252,2,0,3.27,0,9,1,2025-02-01,1,79
C00971,2024-10-01,Basic,29,1-Year,Credit Card,USA,Nonprofit,37,0.517,4,3,3.17,2,17,1,2025-02-01,5,145
C00972,2023-10-01,Basic,29,1-Year,Credit Card,Germany,Finance,23,0.834,2,2,3.83,2,17,0,,35,1015
C00973,2023-02-01,Pro,79,Month-to-month,ACH/Bank Transfer,USA,Education,14,0.356,4,0,2.45,0,21,0,,43,3397
C00974,2023-02-01,Enterprise,199,Month-to-month,ACH/Bank Transfer,USA,Finance,32,1.0,5,1,3.49,2,7,0,,43,8557
C00975,2025-04-01,Enterprise,199,1-Year,Credit Card,USA,Healthcare,67,0.551,3,2,5.0,1,9,0,,17,3383
C00976,2025-05-01,Enterprise,199,1-Year,ACH/Bank Transfer,Germany,Healthcare,15,0.264,2,1,3.38,1,2,0,,16,3184
C00977,2023-03-01,Basic,29,Month-to-month,ACH/Bank Transfer,USA,E-commerce,12,0.639,5,2,2.91,1,7,0,,42,1218
C00978,2025-07-01,Enterprise,199,2-Year,Credit Card,Germany,Marketing/Agency,24,0.885,4,0,5.0,1,3,0,,14,2786
C00979,2023-10-01,Pro,79,1-Year,Credit Card,India,SaaS/Tech,2,0.616,5,3,3.69,0,3,0,,35,2765
C00980,2025-03-01,Pro,79,Month-to-month,Credit Card,USA,Manufacturing,7,0.321,3,2,3.18,2,7,1,2025-11-01,9,711
C00981,2024-08-01,Enterprise,199,Month-to-month,Credit Card,India,SaaS/Tech,3,0.456,4,1,4.24,2,0,0,,25,4975
C00982,2023-05-01,Pro,79,Month-to-month,ACH/Bank Transfer,USA,E-commerce,15,0.574,4,2,4.47,0,3,0,,40,3160
C00983,2025-03-01,Pro,79,Month-to-month,PayPal,Australia,Nonprofit,12,0.384,5,0,4.52,1,5,0,,18,1422
C00984,2025-04-01,Basic,29,Month-to-month,Credit Card,India,Manufacturing,56,0.56,6,2,4.21,1,5,0,,17,493
C00985,2025-02-01,Basic,29,2-Year,Credit Card,USA,Nonprofit,38,0.503,3,2,3.58,1,7,0,,19,551
C00986,2024-11-01,Basic,29,Month-to-month,ACH/Bank Transfer,India,E-commerce,33,0.678,6,1,2.65,0,11,0,,22,638
C00987,2024-01-01,Basic,29,2-Year,Credit Card,India,Education,31,0.348,9,3,3.26,1,0,0,,32,928
C00988,2025-07-01,Pro,79,1-Year,PayPal,USA,Healthcare,18,0.274,5,1,3.76,1,26,0,,14,1106
C00989,2024-05-01,Basic,29,Month-to-month,PayPal,UK,SaaS/Tech,7,0.696,3,0,3.81,0,50,1,2025-12-01,20,580
C00990,2023-02-01,Enterprise,199,2-Year,Credit Card,Germany,Marketing/Agency,4,0.51,4,3,3.78,0,0,0,,43,8557
C00991,2023-01-01,Basic,29,1-Year,Credit Card,India,E-commerce,44,0.486,3,1,4.85,0,10,0,,44,1276
C00992,2024-04-01,Basic,29,1-Year,Credit Card,Australia,Marketing/Agency,21,0.587,0,2,5.0,2,6,1,2025-01-01,10,290
C00993,2025-05-01,Enterprise,199,Month-to-month,Credit Card,UK,Marketing/Agency,5,0.486,3,0,2.96,0,32,1,2025-12-01,8,1592
C00994,2023-08-01,Enterprise,199,1-Year,Credit Card,Australia,Nonprofit,178,0.535,2,1,4.72,2,9,0,,37,7363
C00995,2025-11-01,Pro,79,1-Year,ACH/Bank Transfer,Germany,Manufacturing,3,0.212,6,5,4.35,1,32,0,,10,790
C00996,2024-09-01,Basic,29,2-Year,ACH/Bank Transfer,Germany,Marketing/Agency,41,0.02,2,4,5.0,0,2,0,,24,696
C00997,2023-03-01,Basic,29,1-Year,Credit Card,Germany,Nonprofit,7,0.642,2,0,4.58,1,2,0,,42,1218
C00998,2025-01-01,Basic,29,Month-to-month,Credit Card,USA,SaaS/Tech,7,0.309,4,0,5.0,1,37,0,,20,580
C00999,2025-09-01,Basic,29,1-Year,Credit Card,USA,Finance,13,0.495,3,3,2.27,1,0,0,,12,348
C01000,2023-02-01,Pro,79,Month-to-month,ACH/Bank Transfer,USA,SaaS/Tech,14,0.894,3,3,4.23,2,7,0,,43,3397
C01001,2025-04-01,Pro,79,1-Year,Manual Invoice,India,E-commerce,9,0.231,2,1,4.61,0,4,0,,17,1343
C01002,2024-01-01,Basic,29,1-Year,Manual Invoice,UK,Marketing/Agency,5,0.605,5,0,3.16,0,50,0,,32,928
C01003,2024-10-01,Basic,29,Month-to-month,PayPal,USA,Finance,22,0.292,6,1,4.3,0,1,0,,23,667
C01004,2025-06-01,Enterprise,199,1-Year,Credit Card,India,E-commerce,35,0.598,6,2,3.62,2,13,0,,15,2985
C01005,2025-04-01,Pro,79,1-Year,PayPal,USA,SaaS/Tech,12,0.631,3,1,2.49,0,3,0,,17,1343
C01006,2024-01-01,Pro,79,Month-to-month,Manual Invoice,USA,E-commerce,26,0.877,4,0,1.18,2,7,1,2024-07-01,7,553
C01007,2026-01-01,Basic,29,1-Year,Credit Card,UK,Nonprofit,55,0.935,3,5,3.63,0,5,0,,8,232
C01008,2025-04-01,Basic,29,1-Year,ACH/Bank Transfer,USA,Education,33,0.449,4,1,4.32,0,14,0,,17,493
C01009,2026-01-01,Basic,29,1-Year,Credit Card,Canada,SaaS/Tech,20,0.628,1,2,5.0,1,4,0,,8,232
C01010,2023-07-01,Basic,29,2-Year,Credit Card,India,Healthcare,14,0.354,7,1,4.06,0,13,0,,38,1102
C01011,2024-02-01,Enterprise,199,Month-to-month,Credit Card,UK,Finance,12,0.509,6,4,2.74,0,6,0,,31,6169
C01012,2024-11-01,Basic,29,Month-to-month,PayPal,India,Finance,1,0.754,1,2,5.0,0,17,0,,22,638
C01013,2023-03-01,Pro,79,Month-to-month,ACH/Bank Transfer,UK,Finance,71,0.347,3,1,4.4,0,5,0,,42,3318
C01014,2025-10-01,Basic,29,Month-to-month,ACH/Bank Transfer,USA,Nonprofit,75,0.418,2,0,3.25,1,12,0,,11,319
C01015,2025-02-01,Basic,29,2-Year,Credit Card,India,E-commerce,4,0.613,4,2,4.26,1,8,0,,19,551
C01016,2023-02-01,Basic,29,Month-to-month,Credit Card,Australia,SaaS/Tech,55,0.758,6,2,3.94,2,6,1,2023-02-01,1,29
C01017,2026-04-01,Basic,29,1-Year,Credit Card,USA,Nonprofit,2,0.7,2,1,5.0,0,0,0,,5,145
C01018,2026-01-01,Enterprise,199,2-Year,ACH/Bank Transfer,USA,Finance,16,0.551,2,1,3.47,1,3,0,,8,1592
C01019,2025-04-01,Basic,29,Month-to-month,ACH/Bank Transfer,USA,Education,25,1.0,5,0,3.37,0,1,0,,17,493
C01020,2025-10-01,Enterprise,199,Month-to-month,Credit Card,Canada,Marketing/Agency,6,0.266,8,2,4.29,0,13,0,,11,2189
C01021,2025-09-01,Pro,79,1-Year,ACH/Bank Transfer,UK,Nonprofit,28,0.483,2,2,5.0,0,19,0,,12,948
C01022,2025-09-01,Basic,29,Month-to-month,Manual Invoice,UK,E-commerce,4,0.41,2,0,3.9,0,5,0,,12,348
C01023,2024-06-01,Basic,29,1-Year,ACH/Bank Transfer,Canada,SaaS/Tech,27,0.771,3,0,5.0,1,1,1,2025-03-01,10,290
C01024,2024-02-01,Basic,29,Month-to-month,Credit Card,Germany,Nonprofit,38,0.831,2,0,5.0,0,3,0,,31,899
C01025,2024-03-01,Enterprise,199,Month-to-month,Credit Card,Canada,Healthcare,33,0.699,0,1,3.85,0,4,0,,30,5970
C01026,2026-04-01,Pro,79,1-Year,Manual Invoice,USA,Nonprofit,1,0.345,3,1,3.58,1,19,0,,5,395
C01027,2025-10-01,Pro,79,1-Year,ACH/Bank Transfer,India,Finance,24,0.376,2,0,1.88,1,0,0,,11,869
C01028,2026-04-01,Pro,79,Month-to-month,ACH/Bank Transfer,India,Marketing/Agency,9,0.44,2,2,5.0,1,2,0,,5,395
C01029,2026-04-01,Enterprise,199,Month-to-month,ACH/Bank Transfer,India,Education,44,0.228,3,1,5.0,1,14,0,,5,995
C01030,2023-12-01,Basic,29,Month-to-month,ACH/Bank Transfer,Canada,Manufacturing,25,0.745,8,0,4.12,0,13,0,,33,957
C01031,2025-01-01,Pro,79,Month-to-month,Credit Card,Australia,Education,12,0.382,3,2,3.86,0,5,0,,20,1580
C01032,2023-06-01,Basic,29,Month-to-month,Credit Card,Germany,Marketing/Agency,36,0.595,5,1,4.15,2,3,0,,39,1131
C01033,2024-10-01,Pro,79,Month-to-month,Credit Card,India,Education,10,0.75,0,2,4.56,2,10,0,,23,1817
C01034,2024-06-01,Basic,29,2-Year,Credit Card,Canada,Manufacturing,53,0.814,4,0,4.54,0,2,0,,27,783
C01035,2025-05-01,Pro,79,Month-to-month,Credit Card,USA,E-commerce,8,0.576,4,1,2.63,0,12,1,2026-03-01,11,869
C01036,2024-04-01,Enterprise,199,Month-to-month,Credit Card,USA,SaaS/Tech,23,0.793,9,3,3.71,0,21,0,,29,5771
C01037,2024-01-01,Enterprise,199,1-Year,Credit Card,Germany,Nonprofit,15,0.693,4,1,5.0,0,49,0,,32,6368
C01038,2023-09-01,Pro,79,Month-to-month,Credit Card,UK,E-commerce,20,0.603,3,1,3.5,0,4,1,2026-06-01,34,2686
C01039,2026-06-01,Pro,79,Month-to-month,PayPal,UK,Healthcare,305,0.319,7,1,3.27,1,0,0,,3,237
C01040,2024-01-01,Basic,29,2-Year,Credit Card,Australia,Manufacturing,50,0.632,5,2,5.0,0,17,0,,32,928
C01041,2026-02-01,Pro,79,2-Year,ACH/Bank Transfer,Canada,Finance,8,0.337,4,0,4.34,1,5,0,,7,553
C01042,2024-02-01,Pro,79,Month-to-month,Credit Card,Canada,Marketing/Agency,6,0.339,4,2,3.35,2,9,1,2024-08-01,7,553
C01043,2025-12-01,Basic,29,2-Year,ACH/Bank Transfer,Australia,Finance,14,0.626,4,2,3.87,2,0,0,,9,261
C01044,2023-11-01,Pro,79,Month-to-month,Credit Card,USA,Education,30,0.453,6,1,4.54,0,2,0,,34,2686
C01045,2024-10-01,Basic,29,Month-to-month,Manual Invoice,USA,E-commerce,17,0.12,2,1,4.79,0,4,0,,23,667
C01046,2023-02-01,Basic,29,1-Year,Credit Card,UK,E-commerce,11,0.501,6,1,4.34,2,15,1,2025-01-01,24,696
C01047,2025-04-01,Enterprise,199,Month-to-month,ACH/Bank Transfer,India,Finance,2,1.0,4,3,3.14,0,23,0,,17,3383
C01048,2024-10-01,Pro,79,Month-to-month,PayPal,India,Nonprofit,23,0.475,3,2,4.54,0,1,0,,23,1817
C01049,2025-10-01,Basic,29,Month-to-month,Credit Card,USA,Finance,13,0.198,3,3,4.18,1,14,1,2025-10-01,1,29
C01050,2026-04-01,Basic,29,Month-to-month,Manual Invoice,Australia,Education,45,0.7,2,0,3.79,1,1,0,,5,145
C01051,2024-11-01,Pro,79,Month-to-month,Credit Card,USA,Healthcare,7,0.304,5,1,2.6,0,34,0,,22,1738
C01052,2026-05-01,Basic,29,1-Year,Manual Invoice,Canada,Manufacturing,11,0.346,1,4,5.0,0,9,0,,4,116
C01053,2023-01-01,Enterprise,199,Month-to-month,ACH/Bank Transfer,UK,Finance,17,0.122,6,3,3.39,0,37,1,2025-11-01,35,6965
C01054,2023-04-01,Basic,29,Month-to-month,PayPal,UK,Finance,4,0.66,1,0,3.53,1,34,1,2024-11-01,20,580
C01055,2023-06-01,Basic,29,Month-to-month,PayPal,Australia,E-commerce,17,0.316,7,3,3.9,1,1,1,2025-11-01,30,870
C01056,2026-04-01,Basic,29,Month-to-month,PayPal,USA,E-commerce,6,0.435,8,1,3.73,1,6,0,,5,145
C01057,2026-02-01,Pro,79,2-Year,Credit Card,India,SaaS/Tech,52,0.572,4,0,3.08,1,2,0,,7,553
C01058,2026-07-01,Enterprise,199,1-Year,Credit Card,USA,E-commerce,35,0.608,3,2,3.78,0,18,0,,2,398
C01059,2024-07-01,Enterprise,199,1-Year,Manual Invoice,Germany,E-commerce,10,0.829,3,1,3.76,0,0,0,,26,5174
C01060,2024-07-01,Pro,79,1-Year,Manual Invoice,USA,Marketing/Agency,1,0.753,3,2,4.91,0,1,0,,26,2054
C01061,2024-11-01,Enterprise,199,Month-to-month,Credit Card,USA,SaaS/Tech,33,0.658,2,3,4.6,2,28,1,2025-12-01,14,2786
C01062,2024-11-01,Basic,29,1-Year,Credit Card,UK,E-commerce,25,0.727,7,1,5.0,0,13,0,,22,638
C01063,2026-03-01,Basic,29,Month-to-month,Credit Card,UK,Manufacturing,15,0.646,2,2,3.63,0,8,0,,6,174
C01064,2023-07-01,Basic,29,1-Year,PayPal,India,Education,78,0.894,4,1,5.0,0,7,0,,38,1102
C01065,2023-05-01,Pro,79,Month-to-month,Credit Card,Canada,Education,198,0.671,4,0,4.84,1,2,0,,40,3160
C01066,2026-06-01,Basic,29,2-Year,Credit Card,India,Finance,8,0.64,3,4,4.24,0,11,0,,3,87
C01067,2023-04-01,Pro,79,Month-to-month,Credit Card,Australia,Marketing/Agency,96,0.42,4,6,4.42,0,1,1,2024-08-01,17,1343
C01068,2024-05-01,Basic,29,Month-to-month,Credit Card,UK,SaaS/Tech,53,0.533,4,3,3.02,1,0,1,2025-06-01,14,406
C01069,2023-07-01,Basic,29,Month-to-month,Credit Card,Germany,SaaS/Tech,7,0.766,2,0,3.01,0,12,0,,38,1102
C01070,2025-12-01,Basic,29,Month-to-month,Credit Card,USA,Education,10,0.563,4,2,4.22,1,38,1,2026-06-01,7,203
C01071,2025-11-01,Pro,79,Month-to-month,Credit Card,India,Healthcare,14,0.256,7,1,2.52,1,5,0,,10,790
C01072,2024-08-01,Pro,79,1-Year,Credit Card,USA,Marketing/Agency,7,0.73,4,1,4.72,2,8,0,,25,1975
C01073,2024-08-01,Pro,79,1-Year,Credit Card,India,Finance,5,0.402,2,1,4.19,2,4,0,,25,1975
C01074,2023-11-01,Basic,29,1-Year,Credit Card,USA,Finance,48,0.318,5,2,3.76,0,4,0,,34,986
C01075,2024-02-01,Enterprise,199,2-Year,Credit Card,Germany,Healthcare,6,0.826,2,3,3.75,1,5,0,,31,6169
C01076,2023-11-01,Basic,29,1-Year,Credit Card,India,Marketing/Agency,3,0.329,1,3,2.3,0,5,1,2024-04-01,6,174
C01077,2025-02-01,Basic,29,1-Year,PayPal,USA,Healthcare,85,0.89,6,2,4.35,0,9,0,,19,551
C01078,2025-08-01,Pro,79,1-Year,Credit Card,Canada,Finance,26,0.751,0,0,2.4,1,8,1,2025-12-01,5,395
C01079,2024-07-01,Basic,29,1-Year,Credit Card,India,Education,36,0.54,2,1,4.96,0,6,1,2024-07-01,1,29
C01080,2026-06-01,Basic,29,Month-to-month,Manual Invoice,Australia,Marketing/Agency,6,0.5,2,1,3.3,0,3,0,,3,87
C01081,2023-04-01,Enterprise,199,1-Year,Credit Card,Australia,SaaS/Tech,22,0.686,6,0,5.0,0,5,0,,41,8159
C01082,2025-08-01,Pro,79,Month-to-month,Manual Invoice,India,Marketing/Agency,220,0.6,0,1,4.68,1,40,0,,13,1027
C01083,2023-12-01,Basic,29,2-Year,ACH/Bank Transfer,UK,SaaS/Tech,8,0.794,9,0,3.52,0,3,0,,33,957
C01084,2023-10-01,Enterprise,199,Month-to-month,Credit Card,Germany,Manufacturing,7,0.319,2,0,4.31,0,3,1,2024-06-01,9,1791
C01085,2025-12-01,Enterprise,199,2-Year,PayPal,UK,Nonprofit,93,0.504,3,2,5.0,1,18,0,,9,1791
C01086,2026-01-01,Basic,29,1-Year,Credit Card,India,Healthcare,52,0.623,4,2,5.0,0,24,0,,8,232
C01087,2023-03-01,Basic,29,1-Year,Credit Card,Germany,E-commerce,23,0.483,3,2,4.62,1,2,0,,42,1218
C01088,2025-07-01,Pro,79,1-Year,Manual Invoice,UK,Healthcare,15,0.72,7,1,5.0,0,5,0,,14,1106
C01089,2023-01-01,Basic,29,Month-to-month,ACH/Bank Transfer,USA,Finance,19,0.63,5,2,5.0,2,4,0,,44,1276
C01090,2025-07-01,Pro,79,Month-to-month,PayPal,USA,SaaS/Tech,31,0.689,4,3,3.17,1,19,0,,14,1106
C01091,2026-05-01,Basic,29,1-Year,ACH/Bank Transfer,India,Healthcare,14,0.543,6,2,5.0,1,0,0,,4,116
C01092,2026-04-01,Basic,29,1-Year,Credit Card,UK,Nonprofit,5,0.382,1,0,3.42,2,5,0,,5,145
C01093,2024-09-01,Basic,29,Month-to-month,Credit Card,USA,SaaS/Tech,38,0.671,3,2,4.2,0,47,0,,24,696
C01094,2025-07-01,Enterprise,199,1-Year,ACH/Bank Transfer,Germany,Education,37,0.373,0,3,2.97,0,0,0,,14,2786
C01095,2023-06-01,Pro,79,Month-to-month,Credit Card,USA,Healthcare,11,0.196,3,6,3.55,1,6,1,2023-06-01,1,79
C01096,2025-07-01,Pro,79,Month-to-month,Credit Card,USA,Manufacturing,2,0.66,6,1,3.47,2,2,1,2025-10-01,4,316
C01097,2025-09-01,Pro,79,1-Year,PayPal,USA,Healthcare,16,0.768,6,1,3.54,2,4,0,,12,948
C01098,2025-04-01,Pro,79,Month-to-month,Credit Card,USA,Marketing/Agency,20,0.25,2,1,2.99,2,16,1,2025-07-01,4,316
C01099,2023-11-01,Enterprise,199,Month-to-month,ACH/Bank Transfer,UK,Marketing/Agency,1,0.604,3,1,4.15,1,11,0,,34,6766
C01100,2025-11-01,Pro,79,Month-to-month,Credit Card,Germany,Education,7,0.699,4,1,2.89,1,0,0,,10,790
C01101,2023-03-01,Pro,79,1-Year,Manual Invoice,Germany,Nonprofit,8,0.34,0,0,2.82,0,1,0,,42,3318
C01102,2024-02-01,Pro,79,Month-to-month,Manual Invoice,UK,Healthcare,50,0.473,2,3,2.55,2,6,1,2024-02-01,1,79
C01103,2024-09-01,Pro,79,Month-to-month,Credit Card,Canada,Healthcare,2,0.332,3,4,5.0,2,9,1,2025-06-01,10,790
C01104,2024-12-01,Basic,29,Month-to-month,ACH/Bank Transfer,UK,Healthcare,11,0.336,1,1,5.0,0,0,0,,21,609
C01105,2023-04-01,Enterprise,199,2-Year,Manual Invoice,India,Finance,6,0.575,5,0,4.3,2,13,0,,41,8159
C01106,2024-04-01,Pro,79,1-Year,PayPal,India,Manufacturing,19,0.522,5,2,4.08,1,5,0,,29,2291
C01107,2025-06-01,Pro,79,Month-to-month,ACH/Bank Transfer,UK,Education,54,0.451,6,1,3.79,0,9,0,,15,1185
C01108,2025-06-01,Basic,29,Month-to-month,PayPal,Germany,Finance,8,0.814,2,3,3.13,0,17,1,2025-09-01,4,116
C01109,2023-12-01,Basic,29,1-Year,PayPal,Australia,Marketing/Agency,12,0.596,1,1,4.42,1,0,0,,33,957
C01110,2024-06-01,Pro,79,Month-to-month,Credit Card,USA,Healthcare,4,0.416,5,2,3.18,0,9,0,,27,2133
C01111,2024-04-01,Basic,29,1-Year,Credit Card,Australia,Manufacturing,1,0.862,7,1,4.87,0,13,0,,29,841
C01112,2023-08-01,Basic,29,Month-to-month,Credit Card,India,SaaS/Tech,1,0.207,1,2,4.27,1,7,1,2024-12-01,17,493
C01113,2025-06-01,Basic,29,Month-to-month,Credit Card,India,Nonprofit,2,0.832,5,1,1.72,0,0,1,2026-02-01,9,261
C01114,2024-05-01,Pro,79,Month-to-month,Credit Card,USA,Nonprofit,33,0.417,3,2,4.15,1,39,1,2025-04-01,12,948
C01115,2023-03-01,Basic,29,Month-to-month,Credit Card,USA,E-commerce,20,0.419,4,0,5.0,0,15,0,,42,1218
C01116,2023-05-01,Basic,29,Month-to-month,Credit Card,India,Manufacturing,10,0.263,1,2,3.09,0,14,0,,40,1160
C01117,2024-07-01,Basic,29,Month-to-month,Credit Card,Germany,Education,1,0.526,4,3,3.72,0,5,0,,26,754
C01118,2026-04-01,Basic,29,1-Year,ACH/Bank Transfer,India,E-commerce,34,0.373,3,0,5.0,1,4,0,,5,145
C01119,2024-10-01,Pro,79,Month-to-month,Credit Card,USA,Manufacturing,14,0.614,8,3,2.88,0,5,0,,23,1817
C01120,2024-08-01,Enterprise,199,1-Year,Credit Card,India,E-commerce,29,0.513,2,2,5.0,0,5,0,,25,4975
C01121,2023-06-01,Basic,29,1-Year,ACH/Bank Transfer,UK,Finance,59,0.714,8,2,5.0,1,13,0,,39,1131
C01122,2025-02-01,Pro,79,Month-to-month,Credit Card,India,Finance,91,0.672,3,1,3.29,0,6,0,,19,1501
C01123,2025-10-01,Pro,79,Month-to-month,ACH/Bank Transfer,UK,Healthcare,13,0.433,1,3,1.99,0,33,1,2026-04-01,7,553
C01124,2024-04-01,Pro,79,Month-to-month,ACH/Bank Transfer,USA,Healthcare,6,0.37,3,0,2.99,1,4,1,2026-02-01,23,1817
C01125,2025-01-01,Basic,29,Month-to-month,ACH/Bank Transfer,Germany,Marketing/Agency,23,0.504,4,3,3.47,2,3,1,2025-03-01,3,87
C01126,2025-06-01,Pro,79,2-Year,PayPal,UK,SaaS/Tech,49,0.531,6,2,5.0,0,9,0,,15,1185
C01127,2025-01-01,Pro,79,1-Year,Credit Card,India,Education,8,0.417,4,0,5.0,1,0,0,,20,1580
C01128,2025-01-01,Pro,79,2-Year,ACH/Bank Transfer,Germany,Healthcare,14,0.686,6,2,5.0,2,12,0,,20,1580
C01129,2025-09-01,Basic,29,1-Year,PayPal,USA,Finance,8,0.642,10,0,4.56,2,10,0,,12,348
C01130,2024-03-01,Basic,29,1-Year,Credit Card,India,Finance,7,0.889,4,1,4.34,0,23,0,,30,870
C01131,2023-03-01,Pro,79,1-Year,Credit Card,India,Marketing/Agency,28,0.569,3,1,4.32,1,0,0,,42,3318
C01132,2023-09-01,Basic,29,Month-to-month,ACH/Bank Transfer,Canada,Education,35,0.624,4,1,5.0,0,1,0,,36,1044
C01133,2024-11-01,Pro,79,Month-to-month,Credit Card,USA,E-commerce,14,0.738,5,3,4.13,0,13,0,,22,1738
C01134,2023-02-01,Pro,79,Month-to-month,Credit Card,USA,Manufacturing,12,0.591,8,2,4.73,0,14,0,,43,3397
C01135,2024-04-01,Pro,79,Month-to-month,ACH/Bank Transfer,USA,E-commerce,15,0.314,5,1,2.93,0,9,0,,29,2291
C01136,2026-07-01,Pro,79,1-Year,PayPal,USA,Healthcare,12,0.475,8,0,4.69,1,19,0,,2,158
C01137,2026-03-01,Basic,29,Month-to-month,Credit Card,Australia,Marketing/Agency,28,0.359,3,2,2.92,2,3,1,2026-04-01,2,58
C01138,2026-02-01,Enterprise,199,2-Year,PayPal,Australia,Healthcare,15,0.393,6,3,3.85,1,4,0,,7,1393
C01139,2023-04-01,Pro,79,Month-to-month,Credit Card,USA,Healthcare,23,0.721,3,2,4.85,0,11,0,,41,3239
C01140,2025-09-01,Pro,79,1-Year,PayPal,India,Manufacturing,2,0.378,3,2,2.34,0,6,0,,12,948
C01141,2025-12-01,Enterprise,199,1-Year,Credit Card,Canada,Nonprofit,27,0.684,6,4,3.37,2,1,0,,9,1791
C01142,2023-02-01,Basic,29,Month-to-month,Credit Card,USA,Finance,15,0.754,4,2,3.81,0,12,1,2024-10-01,21,609
C01143,2025-12-01,Basic,29,Month-to-month,Credit Card,USA,Manufacturing,2,0.082,5,1,4.75,0,10,0,,9,261
C01144,2026-01-01,Pro,79,Month-to-month,Manual Invoice,USA,Marketing/Agency,72,0.232,4,3,4.27,1,8,1,2026-08-01,8,632
C01145,2023-03-01,Pro,79,Month-to-month,Manual Invoice,Germany,Manufacturing,42,0.289,7,1,4.67,0,6,0,,42,3318
C01146,2026-01-01,Basic,29,Month-to-month,Credit Card,UK,Marketing/Agency,24,0.688,1,2,2.48,2,18,1,2026-03-01,3,87
C01147,2024-03-01,Pro,79,Month-to-month,Manual Invoice,India,Manufacturing,6,0.272,2,1,4.98,0,5,0,,30,2370
C01148,2025-08-01,Basic,29,2-Year,Credit Card,Canada,Education,5,0.892,2,0,3.0,0,0,0,,13,377
C01149,2024-12-01,Enterprise,199,1-Year,Credit Card,Germany,SaaS/Tech,7,0.222,3,7,4.62,0,2,1,2025-07-01,8,1592
C01150,2025-04-01,Basic,29,Month-to-month,Credit Card,USA,Nonprofit,10,0.216,2,1,5.0,0,2,0,,17,493
C01151,2026-04-01,Basic,29,1-Year,ACH/Bank Transfer,USA,Manufacturing,65,0.02,4,3,4.24,2,6,0,,5,145
C01152,2023-07-01,Pro,79,Month-to-month,Credit Card,Germany,Healthcare,80,0.867,5,0,2.72,0,13,0,,38,3002
C01153,2023-08-01,Pro,79,2-Year,PayPal,India,Finance,8,0.865,5,0,3.57,1,25,0,,37,2923
C01154,2025-05-01,Basic,29,Month-to-month,ACH/Bank Transfer,USA,SaaS/Tech,17,0.563,4,2,4.35,0,1,0,,16,464
C01155,2024-12-01,Basic,29,2-Year,Credit Card,USA,Healthcare,4,0.216,4,2,4.54,2,17,0,,21,609
C01156,2026-03-01,Basic,29,Month-to-month,Credit Card,UK,SaaS/Tech,76,0.461,7,0,5.0,0,3,0,,6,174
C01157,2024-12-01,Pro,79,1-Year,ACH/Bank Transfer,India,SaaS/Tech,24,0.7,3,1,5.0,1,9,0,,21,1659
C01158,2023-12-01,Enterprise,199,2-Year,Credit Card,Germany,Nonprofit,27,0.534,4,2,4.31,0,15,0,,33,6567
C01159,2026-03-01,Pro,79,2-Year,PayPal,UK,Healthcare,30,1.0,4,1,4.45,2,3,0,,6,474
C01160,2025-08-01,Enterprise,199,Month-to-month,ACH/Bank Transfer,USA,Healthcare,20,0.682,7,1,3.38,0,0,0,,13,2587
C01161,2023-07-01,Pro,79,1-Year,Credit Card,UK,SaaS/Tech,26,0.391,4,0,5.0,2,12,0,,38,3002
C01162,2024-06-01,Pro,79,Month-to-month,Credit Card,Australia,Finance,20,0.202,3,0,3.72,1,6,0,,27,2133
C01163,2025-08-01,Pro,79,1-Year,ACH/Bank Transfer,USA,SaaS/Tech,58,1.0,4,1,3.74,0,17,0,,13,1027
C01164,2024-05-01,Enterprise,199,2-Year,Credit Card,Germany,Marketing/Agency,6,0.338,7,4,5.0,0,2,0,,28,5572
C01165,2023-02-01,Enterprise,199,2-Year,PayPal,UK,Education,4,0.529,6,0,5.0,1,17,0,,43,8557
C01166,2025-09-01,Basic,29,Month-to-month,PayPal,Australia,Marketing/Agency,15,1.0,6,0,2.75,2,17,0,,12,348
C01167,2023-12-01,Enterprise,199,1-Year,Credit Card,USA,E-commerce,12,0.624,2,1,3.44,0,12,0,,33,6567
C01168,2023-07-01,Pro,79,1-Year,ACH/Bank Transfer,Germany,Nonprofit,6,0.631,1,1,2.93,1,11,0,,38,3002
C01169,2024-10-01,Pro,79,2-Year,Credit Card,Australia,Education,52,0.473,4,0,3.5,1,14,0,,23,1817
C01170,2023-02-01,Basic,29,2-Year,ACH/Bank Transfer,USA,Finance,84,0.25,5,0,5.0,1,3,0,,43,1247
C01171,2024-05-01,Basic,29,Month-to-month,Credit Card,USA,Nonprofit,6,0.422,3,3,2.74,0,12,1,2024-07-01,3,87
C01172,2025-08-01,Basic,29,Month-to-month,Credit Card,India,Marketing/Agency,33,1.0,4,1,3.31,2,25,0,,13,377
C01173,2024-10-01,Enterprise,199,1-Year,Credit Card,India,E-commerce,40,0.722,4,2,4.25,0,5,0,,23,4577
C01174,2025-01-01,Pro,79,Month-to-month,PayPal,Germany,SaaS/Tech,7,0.489,5,0,5.0,0,8,0,,20,1580
C01175,2023-10-01,Pro,79,1-Year,PayPal,UK,Manufacturing,48,0.824,1,0,2.88,0,9,1,2025-03-01,18,1422
C01176,2024-06-01,Pro,79,2-Year,PayPal,USA,E-commerce,136,0.309,3,0,3.97,0,8,0,,27,2133
C01177,2025-02-01,Basic,29,1-Year,Credit Card,UK,Finance,10,0.859,3,1,2.59,2,6,1,2025-09-01,8,232
C01178,2023-07-01,Pro,79,Month-to-month,PayPal,USA,E-commerce,11,0.744,6,0,5.0,1,7,0,,38,3002
C01179,2025-07-01,Pro,79,1-Year,Manual Invoice,USA,Finance,41,1.0,3,1,4.48,0,7,0,,14,1106
C01180,2025-07-01,Pro,79,Month-to-month,Credit Card,Australia,Healthcare,10,0.67,4,0,4.71,0,42,0,,14,1106
C01181,2023-02-01,Basic,29,Month-to-month,Credit Card,Australia,Healthcare,64,0.735,5,2,4.21,0,1,0,,43,1247
C01182,2025-06-01,Basic,29,Month-to-month,Credit Card,Germany,Healthcare,5,0.694,5,0,5.0,0,22,0,,15,435
C01183,2025-09-01,Enterprise,199,Month-to-month,Credit Card,USA,Marketing/Agency,299,0.802,2,2,5.0,0,3,0,,12,2388
C01184,2025-04-01,Basic,29,2-Year,PayPal,Germany,E-commerce,1,0.676,5,0,4.33,0,17,0,,17,493
C01185,2024-07-01,Pro,79,1-Year,Credit Card,Canada,SaaS/Tech,56,0.365,8,0,3.82,0,2,0,,26,2054
C01186,2023-06-01,Basic,29,Month-to-month,ACH/Bank Transfer,UK,SaaS/Tech,10,0.509,4,2,3.78,0,25,0,,39,1131
C01187,2026-06-01,Enterprise,199,1-Year,Credit Card,Canada,Manufacturing,42,0.502,2,4,5.0,1,0,0,,3,597
C01188,2026-05-01,Pro,79,Month-to-month,PayPal,Germany,Manufacturing,79,0.439,2,3,5.0,2,18,0,,4,316
C01189,2023-02-01,Enterprise,199,2-Year,Credit Card,USA,Education,68,0.536,2,1,3.37,1,39,1,2024-02-01,13,2587
C01190,2024-09-01,Basic,29,Month-to-month,Credit Card,India,Finance,14,0.981,5,1,3.71,0,2,0,,24,696
C01191,2024-12-01,Basic,29,1-Year,PayPal,USA,Marketing/Agency,16,0.551,2,1,3.57,1,0,0,,21,609
C01192,2025-06-01,Pro,79,Month-to-month,Credit Card,Germany,Manufacturing,131,0.653,3,1,4.82,1,7,0,,15,1185
C01193,2026-05-01,Pro,79,Month-to-month,Credit Card,India,Nonprofit,3,0.797,2,1,4.04,0,5,0,,4,316
C01194,2026-05-01,Enterprise,199,1-Year,PayPal,USA,E-commerce,12,0.505,5,1,2.48,0,9,0,,4,796
C01195,2023-05-01,Basic,29,Month-to-month,ACH/Bank Transfer,USA,Marketing/Agency,15,0.408,8,0,5.0,2,3,0,,40,1160
C01196,2024-10-01,Basic,29,Month-to-month,Credit Card,Australia,Nonprofit,8,0.343,1,1,4.49,0,25,1,2024-10-01,1,29
C01197,2024-04-01,Basic,29,Month-to-month,Credit Card,India,Nonprofit,25,0.377,6,2,3.61,0,17,0,,29,841
C01198,2024-10-01,Enterprise,199,Month-to-month,PayPal,Canada,Healthcare,15,0.62,3,1,4.33,0,3,0,,23,4577
C01199,2023-03-01,Pro,79,Month-to-month,ACH/Bank Transfer,Australia,E-commerce,30,0.866,2,0,3.23,0,8,0,,42,3318
C01200,2026-05-01,Pro,79,1-Year,ACH/Bank Transfer,Australia,Finance,32,0.526,7,2,3.69,0,14,0,,4,316
C01201,2023-05-01,Pro,79,2-Year,PayPal,USA,Manufacturing,15,0.471,4,0,2.22,0,9,1,2024-11-01,19,1501
C01202,2024-04-01,Pro,79,Month-to-month,Manual Invoice,India,Finance,4,0.591,6,2,4.59,0,0,0,,29,2291
C01203,2025-10-01,Pro,79,2-Year,ACH/Bank Transfer,Germany,Healthcare,11,0.718,5,4,3.27,2,6,0,,11,869
C01204,2025-01-01,Pro,79,Month-to-month,PayPal,Germany,Manufacturing,43,0.778,3,0,2.85,0,5,0,,20,1580
C01205,2023-07-01,Pro,79,Month-to-month,Credit Card,UK,Finance,5,0.488,4,4,5.0,2,25,1,2026-03-01,33,2607
C01206,2023-09-01,Pro,79,1-Year,ACH/Bank Transfer,Australia,Education,15,0.365,4,1,4.61,0,0,0,,36,2844
C01207,2025-08-01,Basic,29,2-Year,ACH/Bank Transfer,Canada,Manufacturing,76,0.329,4,1,4.24,0,17,0,,13,377
C01208,2023-02-01,Pro,79,Month-to-month,Manual Invoice,Canada,E-commerce,3,0.328,5,0,2.3,1,3,0,,43,3397
C01209,2025-12-01,Basic,29,Month-to-month,Credit Card,USA,Healthcare,49,0.515,2,1,4.48,2,1,0,,9,261
C01210,2025-02-01,Basic,29,Month-to-month,Credit Card,Australia,SaaS/Tech,430,0.385,6,3,3.93,0,0,0,,19,551
C01211,2024-06-01,Enterprise,199,1-Year,Credit Card,USA,Manufacturing,21,0.174,7,1,5.0,2,24,1,2026-08-01,27,5373
C01212,2026-06-01,Enterprise,199,Month-to-month,Credit Card,Australia,Healthcare,10,0.321,2,4,4.3,0,1,0,,3,597
C01213,2024-10-01,Enterprise,199,1-Year,Credit Card,USA,Education,10,0.369,5,1,2.84,0,5,0,,23,4577
C01214,2024-08-01,Enterprise,199,1-Year,Credit Card,UK,Nonprofit,284,0.851,0,1,4.3,2,5,0,,25,4975
C01215,2024-08-01,Enterprise,199,1-Year,ACH/Bank Transfer,India,Education,10,0.515,2,2,3.91,2,1,0,,25,4975
C01216,2026-05-01,Basic,29,2-Year,Credit Card,UK,E-commerce,27,0.742,8,3,3.03,0,14,0,,4,116
C01217,2023-11-01,Pro,79,Month-to-month,Credit Card,Australia,Finance,20,0.591,2,2,2.81,0,25,1,2024-08-01,10,790
C01218,2026-07-01,Pro,79,Month-to-month,ACH/Bank Transfer,USA,Manufacturing,92,0.695,5,0,3.57,1,28,0,,2,158
C01219,2026-06-01,Basic,29,1-Year,Credit Card,Australia,Manufacturing,31,0.989,5,0,3.71,0,8,0,,3,87
C01220,2023-11-01,Basic,29,2-Year,PayPal,USA,SaaS/Tech,51,0.343,8,3,2.94,0,16,1,2024-05-01,7,203
C01221,2023-07-01,Basic,29,Month-to-month,ACH/Bank Transfer,India,Nonprofit,13,0.491,3,0,4.1,0,1,0,,38,1102
C01222,2024-02-01,Enterprise,199,2-Year,ACH/Bank Transfer,Australia,SaaS/Tech,5,0.241,1,2,3.68,0,34,0,,31,6169
C01223,2024-11-01,Enterprise,199,1-Year,Credit Card,Germany,Nonprofit,50,0.059,6,2,4.2,1,3,1,2026-02-01,16,3184
C01224,2024-10-01,Pro,79,1-Year,Credit Card,Australia,Finance,9,0.481,5,0,3.5,2,29,1,2025-07-01,10,790
C01225,2024-12-01,Enterprise,199,1-Year,Credit Card,Canada,Marketing/Agency,8,0.329,1,2,3.0,0,15,0,,21,4179
C01226,2023-06-01,Basic,29,Month-to-month,Credit Card,UK,Nonprofit,10,0.274,6,1,3.6,2,0,0,,39,1131
C01227,2026-01-01,Pro,79,Month-to-month,ACH/Bank Transfer,UK,Finance,4,0.785,1,3,2.85,2,0,0,,8,632
C01228,2025-03-01,Pro,79,Month-to-month,Credit Card,USA,Marketing/Agency,92,0.361,3,3,3.36,1,23,1,2026-02-01,12,948
C01229,2025-03-01,Basic,29,Month-to-month,ACH/Bank Transfer,USA,Finance,4,0.559,5,5,3.57,2,2,1,2026-06-01,16,464
C01230,2026-07-01,Basic,29,1-Year,PayPal,India,Finance,64,0.685,3,3,4.29,2,12,0,,2,58
C01231,2023-01-01,Basic,29,Month-to-month,Credit Card,Canada,Healthcare,15,0.688,4,1,4.49,0,11,0,,44,1276
C01232,2024-06-01,Basic,29,2-Year,Credit Card,India,Marketing/Agency,31,0.634,7,1,5.0,0,24,0,,27,783
C01233,2026-03-01,Basic,29,1-Year,PayPal,Australia,Healthcare,22,0.626,6,2,3.93,1,8,0,,6,174
C01234,2025-02-01,Enterprise,199,Month-to-month,PayPal,UK,Finance,18,0.753,4,1,4.27,0,7,0,,19,3781
C01235,2024-03-01,Enterprise,199,1-Year,Credit Card,India,SaaS/Tech,12,0.224,4,1,4.09,0,13,1,2025-05-01,15,2985
C01236,2025-10-01,Pro,79,Month-to-month,PayPal,USA,Finance,5,0.39,2,1,2.99,0,14,1,2026-06-01,9,711
C01237,2026-03-01,Basic,29,Month-to-month,Credit Card,India,Education,3,0.501,3,2,4.24,1,5,0,,6,174
C01238,2024-04-01,Pro,79,Month-to-month,PayPal,USA,Manufacturing,25,0.48,6,2,4.95,1,29,0,,29,2291
C01239,2026-03-01,Pro,79,2-Year,Credit Card,UK,Marketing/Agency,9,0.701,3,1,3.45,1,2,0,,6,474
C01240,2025-02-01,Pro,79,1-Year,Credit Card,UK,Manufacturing,43,0.504,0,1,3.6,0,7,0,,19,1501
C01241,2026-07-01,Enterprise,199,1-Year,PayPal,USA,Education,8,0.718,4,1,5.0,0,25,0,,2,398
C01242,2024-08-01,Enterprise,199,Month-to-month,Credit Card,USA,Healthcare,29,0.76,0,3,3.68,0,1,0,,25,4975
C01243,2024-08-01,Basic,29,2-Year,Credit Card,USA,Nonprofit,3,0.733,1,1,4.49,1,4,0,,25,725
C01244,2025-09-01,Basic,29,1-Year,Manual Invoice,USA,Marketing/Agency,24,0.506,1,2,3.95,2,2,1,2026-06-01,10,290
C01245,2024-07-01,Pro,79,Month-to-month,PayPal,Canada,Manufacturing,3,0.424,4,0,2.49,0,13,0,,26,2054
C01246,2025-03-01,Basic,29,Month-to-month,Credit Card,Australia,Nonprofit,14,0.304,4,1,3.98,0,22,0,,18,522
C01247,2024-10-01,Basic,29,1-Year,Credit Card,USA,Manufacturing,12,0.478,4,0,5.0,0,4,0,,23,667
C01248,2023-06-01,Basic,29,Month-to-month,Credit Card,UK,Nonprofit,1,0.591,3,1,3.89,0,100,0,,39,1131
C01249,2025-10-01,Basic,29,1-Year,Credit Card,Germany,E-commerce,14,0.866,1,1,3.47,0,5,0,,11,319
C01250,2024-10-01,Basic,29,Month-to-month,Credit Card,Germany,Education,193,0.753,5,1,3.48,0,8,0,,23,667
C01251,2023-09-01,Enterprise,199,1-Year,PayPal,USA,Finance,57,0.557,6,0,4.12,0,23,0,,36,7164
C01252,2025-06-01,Basic,29,1-Year,Credit Card,UK,Marketing/Agency,10,0.329,5,3,5.0,0,26,0,,15,435
C01253,2025-10-01,Basic,29,Month-to-month,Credit Card,Germany,Marketing/Agency,8,0.622,5,2,4.64,1,10,0,,11,319
C01254,2026-05-01,Enterprise,199,Month-to-month,PayPal,USA,Education,6,0.729,7,0,5.0,1,12,0,,4,796
C01255,2025-05-01,Pro,79,Month-to-month,Credit Card,India,SaaS/Tech,14,0.317,6,1,4.44,0,2,0,,16,1264
C01256,2024-12-01,Enterprise,199,Month-to-month,Credit Card,Australia,Finance,24,0.832,5,1,5.0,1,21,0,,21,4179
C01257,2025-10-01,Basic,29,Month-to-month,Credit Card,USA,Manufacturing,40,0.733,3,2,4.12,2,0,0,,11,319
C01258,2023-01-01,Pro,79,2-Year,PayPal,Australia,Nonprofit,12,0.455,9,2,2.99,0,40,0,,44,3476
C01259,2024-06-01,Enterprise,199,Month-to-month,Credit Card,USA,Marketing/Agency,2,0.61,3,1,3.93,2,21,1,2025-03-01,10,1990
C01260,2023-02-01,Pro,79,2-Year,Credit Card,Germany,SaaS/Tech,11,0.538,5,2,5.0,1,1,0,,43,3397
C01261,2023-06-01,Enterprise,199,Month-to-month,PayPal,Germany,E-commerce,28,0.745,5,1,4.52,0,5,0,,39,7761
C01262,2025-10-01,Basic,29,1-Year,Credit Card,India,Education,17,0.401,4,0,2.37,1,2,0,,11,319
C01263,2023-04-01,Pro,79,Month-to-month,PayPal,India,Healthcare,25,0.225,3,4,3.32,0,9,1,2023-06-01,3,237
C01264,2024-12-01,Pro,79,Month-to-month,Credit Card,Australia,SaaS/Tech,13,0.138,8,1,3.42,2,4,1,2025-12-01,13,1027
C01265,2024-04-01,Basic,29,Month-to-month,Credit Card,UK,SaaS/Tech,2,0.15,1,2,4.42,0,32,1,2026-07-01,28,812
C01266,2023-05-01,Enterprise,199,Month-to-month,Credit Card,USA,SaaS/Tech,9,0.739,3,1,3.4,1,18,0,,40,7960
C01267,2023-11-01,Pro,79,1-Year,PayPal,UK,Manufacturing,4,0.572,5,3,5.0,0,9,1,2025-07-01,21,1659
C01268,2024-04-01,Basic,29,2-Year,Credit Card,UK,Healthcare,24,0.513,6,2,4.41,0,37,0,,29,841
C01269,2024-09-01,Pro,79,2-Year,Credit Card,USA,Finance,1,0.391,3,2,4.21,0,4,0,,24,1896
C01270,2023-07-01,Enterprise,199,2-Year,Credit Card,Germany,Marketing/Agency,26,0.247,1,2,3.67,0,1,1,2025-03-01,21,4179
C01271,2024-04-01,Pro,79,2-Year,ACH/Bank Transfer,USA,Education,12,0.406,3,3,3.72,2,3,1,2025-11-01,20,1580
C01272,2026-01-01,Basic,29,Month-to-month,Credit Card,Germany,Healthcare,26,0.832,3,2,3.21,1,2,0,,8,232
C01273,2025-12-01,Basic,29,Month-to-month,PayPal,Germany,E-commerce,45,0.784,2,3,3.17,2,1,1,2026-08-01,9,261
C01274,2025-09-01,Basic,29,Month-to-month,ACH/Bank Transfer,Canada,Healthcare,35,0.02,3,2,4.64,2,3,0,,12,348
C01275,2023-01-01,Pro,79,2-Year,PayPal,Germany,E-commerce,9,0.742,4,1,3.69,0,1,0,,44,3476
C01276,2024-06-01,Enterprise,199,Month-to-month,ACH/Bank Transfer,Australia,Healthcare,13,0.49,6,0,4.22,1,7,0,,27,5373
C01277,2026-04-01,Basic,29,1-Year,Manual Invoice,Canada,SaaS/Tech,27,0.597,6,4,3.85,0,16,0,,5,145
C01278,2024-03-01,Basic,29,Month-to-month,Credit Card,UK,Healthcare,30,1.0,4,1,3.99,0,6,0,,30,870
C01279,2025-01-01,Pro,79,Month-to-month,PayPal,Canada,Education,27,0.679,6,3,2.04,1,2,0,,20,1580
C01280,2025-07-01,Basic,29,1-Year,Credit Card,USA,SaaS/Tech,52,0.729,3,1,4.43,1,24,0,,14,406
C01281,2023-04-01,Pro,79,2-Year,Manual Invoice,USA,E-commerce,9,0.474,3,0,4.36,0,29,0,,41,3239
C01282,2023-01-01,Pro,79,Month-to-month,Credit Card,USA,Marketing/Agency,10,0.747,10,0,2.3,1,4,0,,44,3476
C01283,2024-04-01,Enterprise,199,1-Year,PayPal,USA,E-commerce,26,0.467,5,0,4.44,2,9,0,,29,5771
C01284,2023-06-01,Pro,79,Month-to-month,Credit Card,Australia,SaaS/Tech,104,0.68,4,2,5.0,1,18,1,2023-08-01,3,237
C01285,2025-02-01,Basic,29,Month-to-month,PayPal,Canada,Nonprofit,4,0.53,2,2,3.64,2,51,1,2025-02-01,1,29
C01286,2026-05-01,Basic,29,Month-to-month,Credit Card,USA,SaaS/Tech,16,0.464,2,2,4.12,2,3,0,,4,116
C01287,2024-05-01,Basic,29,Month-to-month,Credit Card,Australia,Education,21,0.518,3,1,3.88,0,5,0,,28,812
C01288,2025-06-01,Pro,79,1-Year,Credit Card,Germany,SaaS/Tech,73,0.515,0,2,4.31,0,8,0,,15,1185
C01289,2025-07-01,Basic,29,1-Year,PayPal,UK,Nonprofit,7,0.385,3,2,4.25,0,10,0,,14,406
C01290,2025-08-01,Enterprise,199,Month-to-month,ACH/Bank Transfer,USA,Finance,12,0.403,3,1,3.63,0,19,0,,13,2587
C01291,2026-02-01,Basic,29,Month-to-month,Credit Card,Canada,SaaS/Tech,2,0.246,2,0,3.93,0,5,0,,7,203
C01292,2024-11-01,Basic,29,Month-to-month,Credit Card,Australia,Finance,7,0.892,4,1,4.79,0,1,0,,22,638
C01293,2023-05-01,Pro,79,2-Year,Credit Card,UK,Finance,15,0.519,3,0,4.3,0,0,0,,40,3160
C01294,2024-08-01,Basic,29,2-Year,Credit Card,USA,Manufacturing,44,0.759,7,2,3.47,1,23,0,,25,725
C01295,2024-07-01,Basic,29,Month-to-month,Credit Card,USA,SaaS/Tech,2,0.548,7,4,4.45,1,2,0,,26,754
C01296,2024-05-01,Pro,79,Month-to-month,Credit Card,USA,Manufacturing,15,0.607,5,4,3.87,2,1,1,2025-05-01,13,1027
C01297,2023-08-01,Pro,79,Month-to-month,ACH/Bank Transfer,Germany,SaaS/Tech,5,0.376,7,1,3.36,0,2,0,,37,2923
C01298,2025-03-01,Enterprise,199,Month-to-month,Credit Card,Germany,Nonprofit,25,0.755,1,1,5.0,1,32,0,,18,3582
C01299,2023-06-01,Enterprise,199,1-Year,Credit Card,Germany,Education,19,0.701,1,1,4.45,0,11,1,2025-10-01,29,5771
C01300,2026-04-01,Basic,29,Month-to-month,Credit Card,Australia,Education,72,0.564,6,1,4.3,0,9,0,,5,145
C01301,2024-04-01,Enterprise,199,1-Year,Credit Card,UK,Healthcare,3,0.545,3,1,4.62,0,8,0,,29,5771
C01302,2024-01-01,Pro,79,2-Year,ACH/Bank Transfer,Australia,Marketing/Agency,102,0.611,1,0,3.09,0,0,0,,32,2528
C01303,2023-12-01,Basic,29,1-Year,Credit Card,India,Nonprofit,4,0.463,1,1,3.39,0,3,0,,33,957
C01304,2025-06-01,Basic,29,Month-to-month,Credit Card,India,SaaS/Tech,16,0.37,5,2,3.5,2,3,0,,15,435
C01305,2023-05-01,Basic,29,1-Year,ACH/Bank Transfer,USA,E-commerce,14,0.695,3,1,3.29,0,12,0,,40,1160
C01306,2024-01-01,Basic,29,1-Year,Credit Card,India,Healthcare,11,0.068,4,1,4.62,2,14,1,2025-02-01,14,406
C01307,2025-02-01,Basic,29,Month-to-month,Credit Card,USA,Manufacturing,18,0.23,8,0,5.0,0,9,0,,19,551
C01308,2024-11-01,Pro,79,1-Year,Credit Card,India,SaaS/Tech,9,0.693,2,0,3.73,2,1,0,,22,1738
C01309,2023-09-01,Enterprise,199,Month-to-month,Credit Card,Australia,Nonprofit,13,0.576,3,0,4.77,0,5,0,,36,7164
C01310,2023-09-01,Basic,29,Month-to-month,Credit Card,USA,Marketing/Agency,102,0.647,1,2,4.77,2,125,1,2024-04-01,8,232
C01311,2024-09-01,Pro,79,1-Year,Credit Card,Germany,Nonprofit,14,0.754,6,0,1.75,0,50,0,,24,1896
C01312,2026-02-01,Pro,79,1-Year,Credit Card,Canada,Finance,5,0.461,3,0,4.3,0,2,0,,7,553
C01313,2023-08-01,Enterprise,199,Month-to-month,PayPal,Australia,Manufacturing,40,0.348,5,1,5.0,1,10,1,2024-01-01,6,1194
C01314,2025-03-01,Enterprise,199,Month-to-month,Credit Card,USA,Education,6,0.712,3,1,3.68,1,5,0,,18,3582
C01315,2025-04-01,Basic,29,1-Year,Credit Card,UK,Finance,3,0.732,3,1,4.82,0,19,0,,17,493
C01316,2023-12-01,Pro,79,Month-to-month,PayPal,India,Manufacturing,4,0.25,5,3,2.42,0,1,0,,33,2607
C01317,2023-03-01,Enterprise,199,1-Year,PayPal,India,Manufacturing,103,0.616,1,2,3.73,0,60,1,2025-03-01,25,4975
C01318,2025-10-01,Pro,79,2-Year,PayPal,UK,Healthcare,53,0.615,4,0,4.57,1,2,0,,11,869
C01319,2023-11-01,Enterprise,199,1-Year,Credit Card,USA,Manufacturing,9,0.764,3,0,5.0,2,3,0,,34,6766
C01320,2023-06-01,Basic,29,Month-to-month,ACH/Bank Transfer,India,Finance,14,0.601,4,0,3.93,2,2,1,2024-03-01,10,290
C01321,2026-06-01,Basic,29,Month-to-month,Credit Card,India,Marketing/Agency,5,0.501,6,0,4.43,1,37,0,,3,87
C01322,2025-08-01,Pro,79,Month-to-month,PayPal,Australia,Education,22,0.75,4,0,2.53,1,19,1,2025-11-01,4,316
C01323,2023-08-01,Pro,79,Month-to-month,Credit Card,India,Manufacturing,1,0.772,5,1,4.47,2,42,1,2024-04-01,9,711
C01324,2026-07-01,Basic,29,1-Year,Credit Card,India,Marketing/Agency,11,0.775,3,2,3.71,1,14,0,,2,58
C01325,2023-09-01,Enterprise,199,Month-to-month,Credit Card,USA,Manufacturing,2,0.831,1,3,4.21,1,0,0,,36,7164
C01326,2025-10-01,Basic,29,1-Year,PayPal,Australia,Manufacturing,2,0.348,3,1,3.19,0,17,0,,11,319
C01327,2025-05-01,Pro,79,Month-to-month,ACH/Bank Transfer,Germany,E-commerce,7,0.606,1,1,2.99,2,12,1,2025-08-01,4,316
C01328,2026-05-01,Basic,29,Month-to-month,Credit Card,UK,Nonprofit,6,0.748,1,2,4.15,0,57,0,,4,116
C01329,2025-09-01,Pro,79,1-Year,ACH/Bank Transfer,UK,Manufacturing,15,0.542,4,1,3.12,1,29,0,,12,948
C01330,2026-02-01,Pro,79,Month-to-month,ACH/Bank Transfer,India,Education,48,0.559,1,1,4.34,0,2,0,,7,553
C01331,2025-10-01,Basic,29,Month-to-month,Credit Card,USA,Education,66,0.515,3,3,2.95,1,28,1,2026-08-01,11,319
C01332,2024-10-01,Basic,29,Month-to-month,ACH/Bank Transfer,UK,Manufacturing,9,0.645,3,3,3.03,1,18,1,2025-04-01,7,203
C01333,2025-06-01,Basic,29,2-Year,ACH/Bank Transfer,UK,Education,26,0.307,3,1,3.47,0,28,0,,15,435
C01334,2025-01-01,Pro,79,Month-to-month,PayPal,Canada,Education,270,0.301,6,2,3.9,0,0,0,,20,1580
C01335,2023-04-01,Enterprise,199,Month-to-month,ACH/Bank Transfer,India,Finance,62,0.424,2,1,3.62,0,8,0,,41,8159
C01336,2023-04-01,Pro,79,1-Year,Credit Card,USA,E-commerce,24,0.529,5,1,3.99,0,2,0,,41,3239
C01337,2024-05-01,Enterprise,199,Month-to-month,Credit Card,India,Finance,83,0.551,0,1,4.16,1,12,1,2024-06-01,2,398
C01338,2026-04-01,Basic,29,1-Year,ACH/Bank Transfer,Germany,Nonprofit,2,0.415,4,1,4.81,0,7,0,,5,145
C01339,2026-05-01,Basic,29,1-Year,ACH/Bank Transfer,Canada,Manufacturing,8,0.698,2,1,4.36,0,1,0,,4,116
C01340,2025-03-01,Pro,79,Month-to-month,Credit Card,USA,E-commerce,17,0.603,6,1,3.8,2,12,0,,18,1422
C01341,2025-06-01,Pro,79,Month-to-month,Credit Card,India,Finance,3,0.461,4,3,4.25,1,3,0,,15,1185
C01342,2026-04-01,Basic,29,Month-to-month,ACH/Bank Transfer,UK,SaaS/Tech,38,0.409,4,1,4.34,0,13,0,,5,145
C01343,2024-10-01,Basic,29,Month-to-month,Credit Card,Australia,Nonprofit,25,0.566,7,3,2.63,0,6,0,,23,667
C01344,2024-07-01,Basic,29,Month-to-month,Credit Card,India,Marketing/Agency,10,0.764,3,2,3.8,1,8,1,2025-01-01,7,203
C01345,2023-08-01,Enterprise,199,1-Year,PayPal,UK,Nonprofit,33,0.197,5,0,3.05,1,2,1,2025-08-01,25,4975
C01346,2024-11-01,Basic,29,1-Year,Credit Card,USA,Finance,4,0.568,3,0,2.46,1,1,1,2025-03-01,5,145
C01347,2024-09-01,Basic,29,Month-to-month,ACH/Bank Transfer,Canada,Manufacturing,5,0.654,4,2,4.4,0,1,0,,24,696
C01348,2023-08-01,Basic,29,2-Year,Credit Card,India,SaaS/Tech,43,0.986,3,0,3.72,1,23,1,2026-04-01,33,957
C01349,2025-08-01,Pro,79,Month-to-month,ACH/Bank Transfer,USA,Healthcare,35,0.367,0,0,4.68,0,9,1,2026-02-01,7,553
C01350,2025-01-01,Basic,29,Month-to-month,PayPal,Germany,Manufacturing,123,0.077,6,2,4.46,1,0,1,2025-07-01,7,203
C01351,2025-01-01,Basic,29,Month-to-month,Credit Card,USA,Education,8,0.457,5,1,4.51,0,13,0,,20,580
C01352,2026-04-01,Pro,79,1-Year,Credit Card,USA,SaaS/Tech,25,0.491,4,2,5.0,2,8,0,,5,395
C01353,2024-12-01,Pro,79,2-Year,Credit Card,USA,SaaS/Tech,18,0.435,5,2,5.0,0,5,0,,21,1659
C01354,2023-07-01,Pro,79,Month-to-month,ACH/Bank Transfer,India,E-commerce,12,0.12,4,2,4.32,0,13,1,2024-10-01,16,1264
C01355,2023-03-01,Basic,29,2-Year,Credit Card,UK,Marketing/Agency,86,0.351,5,2,5.0,0,17,0,,42,1218
C01356,2025-10-01,Basic,29,1-Year,PayPal,USA,Healthcare,7,0.572,6,0,4.05,0,32,0,,11,319
C01357,2026-01-01,Enterprise,199,Month-to-month,PayPal,Australia,Finance,29,0.657,4,0,3.76,1,23,0,,8,1592
C01358,2024-05-01,Pro,79,1-Year,Credit Card,UK,Education,9,0.446,4,1,3.89,1,35,0,,28,2212
C01359,2025-01-01,Pro,79,Month-to-month,Credit Card,USA,Education,13,0.737,4,2,5.0,2,22,0,,20,1580
C01360,2023-08-01,Basic,29,Month-to-month,Credit Card,USA,SaaS/Tech,170,0.65,6,2,3.72,1,0,0,,37,1073
C01361,2024-03-01,Pro,79,1-Year,Credit Card,Germany,Finance,11,0.534,6,2,4.76,1,3,0,,30,2370
C01362,2023-12-01,Basic,29,Month-to-month,Credit Card,UK,E-commerce,30,0.214,1,2,4.18,1,7,1,2024-01-01,2,58
C01363,2023-09-01,Pro,79,2-Year,PayPal,Australia,SaaS/Tech,129,0.02,4,0,4.42,0,25,0,,36,2844
C01364,2025-01-01,Basic,29,Month-to-month,Credit Card,UK,Manufacturing,7,0.321,4,0,3.54,0,30,0,,20,580
C01365,2023-03-01,Pro,79,Month-to-month,Credit Card,Germany,Manufacturing,28,0.171,4,3,4.81,0,22,0,,42,3318
C01366,2023-08-01,Basic,29,Month-to-month,Credit Card,Australia,Nonprofit,17,0.768,4,5,2.37,0,15,1,2023-12-01,5,145
C01367,2023-02-01,Basic,29,2-Year,PayPal,UK,Manufacturing,2,0.664,2,0,5.0,0,5,0,,43,1247
C01368,2024-04-01,Enterprise,199,Month-to-month,Credit Card,UK,Finance,24,0.407,2,2,4.88,1,12,0,,29,5771
C01369,2023-01-01,Pro,79,Month-to-month,PayPal,India,E-commerce,50,0.938,5,0,3.74,1,2,0,,44,3476
C01370,2023-11-01,Basic,29,1-Year,PayPal,USA,Finance,28,0.486,5,0,3.71,0,3,0,,34,986
C01371,2024-12-01,Pro,79,1-Year,ACH/Bank Transfer,USA,Nonprofit,15,0.369,5,1,4.02,0,18,0,,21,1659
C01372,2023-02-01,Basic,29,Month-to-month,PayPal,USA,E-commerce,3,0.553,6,3,4.85,0,20,0,,43,1247
C01373,2024-08-01,Basic,29,2-Year,Credit Card,USA,E-commerce,5,0.336,2,1,3.9,2,6,0,,25,725
C01374,2025-02-01,Basic,29,Month-to-month,ACH/Bank Transfer,Australia,Finance,8,0.688,3,0,5.0,1,4,0,,19,551
C01375,2024-01-01,Basic,29,Month-to-month,Credit Card,UK,Education,2,0.228,3,1,4.46,0,25,0,,32,928
C01376,2024-02-01,Enterprise,199,Month-to-month,Credit Card,USA,Manufacturing,19,0.625,4,1,4.42,1,1,0,,31,6169
C01377,2025-03-01,Basic,29,1-Year,PayPal,Australia,Finance,257,0.507,4,1,5.0,0,0,0,,18,522
C01378,2023-05-01,Pro,79,Month-to-month,Credit Card,USA,SaaS/Tech,4,0.378,2,3,2.98,0,16,1,2023-05-01,1,79
C01379,2026-05-01,Pro,79,1-Year,Credit Card,Australia,Healthcare,11,0.572,4,1,3.76,0,5,0,,4,316
C01380,2025-11-01,Basic,29,Month-to-month,Credit Card,Australia,Healthcare,8,0.766,7,1,3.4,0,24,0,,10,290
C01381,2025-04-01,Basic,29,Month-to-month,PayPal,USA,SaaS/Tech,47,0.381,5,2,3.86,1,0,0,,17,493
C01382,2024-01-01,Enterprise,199,Month-to-month,Credit Card,UK,Finance,22,0.217,2,3,4.32,0,7,0,,32,6368
C01383,2023-09-01,Enterprise,199,2-Year,Credit Card,USA,Marketing/Agency,8,0.551,1,2,4.45,0,15,1,2026-01-01,29,5771
C01384,2023-10-01,Enterprise,199,Month-to-month,ACH/Bank Transfer,Canada,Healthcare,3,0.613,4,0,3.94,1,12,1,2026-07-01,34,6766
C01385,2025-07-01,Enterprise,199,Month-to-month,ACH/Bank Transfer,Germany,Manufacturing,8,0.515,5,3,3.37,0,12,0,,14,2786
C01386,2023-03-01,Basic,29,1-Year,Credit Card,Germany,SaaS/Tech,16,0.545,2,4,2.16,0,15,1,2023-05-01,3,87
C01387,2023-05-01,Basic,29,Month-to-month,Credit Card,USA,Education,18,0.816,0,1,3.12,2,2,1,2025-12-01,32,928
C01388,2023-11-01,Pro,79,1-Year,Credit Card,Germany,Nonprofit,25,0.492,6,1,4.9,0,5,0,,34,2686
C01389,2024-07-01,Pro,79,1-Year,PayPal,Germany,Nonprofit,96,0.784,5,0,3.49,0,9,0,,26,2054
C01390,2024-10-01,Enterprise,199,Month-to-month,Credit Card,USA,Manufacturing,47,0.306,4,3,5.0,0,35,0,,23,4577
C01391,2025-02-01,Basic,29,Month-to-month,Credit Card,Australia,Finance,18,0.568,0,3,3.22,0,8,0,,19,551
C01392,2025-07-01,Pro,79,1-Year,Credit Card,India,Marketing/Agency,45,0.631,5,0,2.91,1,19,0,,14,1106
C01393,2025-04-01,Pro,79,1-Year,Credit Card,USA,Marketing/Agency,27,0.713,0,1,4.34,1,18,0,,17,1343
C01394,2023-10-01,Basic,29,2-Year,ACH/Bank Transfer,India,Education,1,0.534,6,1,3.45,0,0,0,,35,1015
C01395,2025-12-01,Pro,79,Month-to-month,PayPal,India,E-commerce,33,0.674,3,0,4.14,1,5,0,,9,711
C01396,2024-01-01,Pro,79,2-Year,Credit Card,Australia,E-commerce,27,1.0,1,0,3.07,0,9,0,,32,2528
C01397,2026-05-01,Pro,79,Month-to-month,Credit Card,Australia,Finance,11,0.427,4,2,4.92,0,27,0,,4,316
C01398,2024-02-01,Enterprise,199,Month-to-month,PayPal,India,Education,26,0.447,1,2,4.68,0,2,0,,31,6169
C01399,2023-06-01,Basic,29,1-Year,Manual Invoice,UK,Finance,14,0.336,2,0,3.86,0,4,1,2024-06-01,13,377
C01400,2023-07-01,Basic,29,Month-to-month,Manual Invoice,USA,SaaS/Tech,43,0.696,4,1,4.64,0,0,0,,38,1102
C01401,2025-12-01,Basic,29,1-Year,Credit Card,USA,Education,34,0.29,1,1,4.49,1,7,0,,9,261
C01402,2025-11-01,Basic,29,2-Year,Credit Card,USA,E-commerce,17,0.515,2,3,3.12,1,1,0,,10,290
C01403,2023-08-01,Enterprise,199,1-Year,Credit Card,UK,Marketing/Agency,34,0.423,2,2,3.76,0,0,0,,37,7363
C01404,2025-02-01,Pro,79,Month-to-month,ACH/Bank Transfer,USA,Manufacturing,20,0.411,1,1,2.12,2,10,1,2025-03-01,2,158
C01405,2024-06-01,Basic,29,Month-to-month,ACH/Bank Transfer,Canada,Finance,71,0.261,1,5,3.81,2,15,1,2024-09-01,4,116
C01406,2025-02-01,Pro,79,2-Year,PayPal,Germany,Education,5,0.641,4,2,2.57,0,1,0,,19,1501
C01407,2023-01-01,Pro,79,Month-to-month,Credit Card,Canada,Education,76,0.791,4,0,3.43,0,11,0,,44,3476
C01408,2023-10-01,Enterprise,199,Month-to-month,PayPal,UK,E-commerce,17,0.656,5,1,5.0,1,3,0,,35,6965
C01409,2024-01-01,Enterprise,199,Month-to-month,PayPal,India,Finance,2,0.587,7,1,3.23,1,7,1,2024-09-01,9,1791
C01410,2024-04-01,Enterprise,199,Month-to-month,Credit Card,USA,SaaS/Tech,57,0.818,1,0,5.0,0,2,0,,29,5771
C01411,2025-09-01,Enterprise,199,Month-to-month,ACH/Bank Transfer,Canada,Healthcare,29,0.505,6,2,3.42,0,5,1,2025-11-01,3,597
C01412,2024-03-01,Pro,79,2-Year,Credit Card,USA,Finance,60,0.374,5,1,5.0,2,12,0,,30,2370
C01413,2024-09-01,Pro,79,1-Year,PayPal,UK,Manufacturing,13,0.749,4,1,3.86,0,2,0,,24,1896
C01414,2025-12-01,Enterprise,199,2-Year,ACH/Bank Transfer,USA,Nonprofit,4,0.832,3,1,3.86,2,10,1,2026-08-01,9,1791
C01415,2023-01-01,Basic,29,Month-to-month,Credit Card,UK,Healthcare,104,0.562,4,0,4.45,0,4,0,,44,1276
C01416,2026-01-01,Basic,29,Month-to-month,Credit Card,Australia,Finance,13,0.993,2,2,2.84,0,54,1,2026-04-01,4,116
C01417,2024-11-01,Basic,29,Month-to-month,ACH/Bank Transfer,USA,Finance,39,0.514,4,0,5.0,1,9,0,,22,638
C01418,2025-02-01,Basic,29,1-Year,Credit Card,India,Finance,6,0.052,4,1,3.25,1,27,1,2026-06-01,17,493
C01419,2025-10-01,Basic,29,Month-to-month,Credit Card,India,E-commerce,16,0.661,7,2,5.0,0,19,0,,11,319
C01420,2024-04-01,Basic,29,Month-to-month,Credit Card,USA,Manufacturing,12,0.62,4,0,4.61,1,14,0,,29,841
C01421,2025-05-01,Enterprise,199,Month-to-month,Credit Card,USA,E-commerce,20,0.56,1,0,2.77,2,3,1,2026-01-01,9,1791
C01422,2024-07-01,Pro,79,Month-to-month,PayPal,Australia,Nonprofit,17,1.0,4,1,3.36,1,10,0,,26,2054
C01423,2025-01-01,Enterprise,199,Month-to-month,ACH/Bank Transfer,USA,E-commerce,1,0.522,2,1,3.58,2,15,1,2025-06-01,6,1194
C01424,2026-05-01,Basic,29,Month-to-month,Credit Card,Canada,E-commerce,21,0.497,2,4,5.0,0,2,0,,4,116
C01425,2025-01-01,Basic,29,2-Year,PayPal,USA,Marketing/Agency,6,0.807,6,0,4.78,0,50,0,,20,580
C01426,2025-01-01,Basic,29,Month-to-month,Credit Card,Germany,Education,72,0.412,5,1,4.04,0,22,0,,20,580
C01427,2025-01-01,Basic,29,1-Year,ACH/Bank Transfer,India,Manufacturing,4,0.325,3,1,3.71,1,3,1,2025-01-01,1,29
C01428,2024-03-01,Pro,79,2-Year,Credit Card,Germany,SaaS/Tech,39,0.572,3,2,4.51,0,29,0,,30,2370
C01429,2023-11-01,Pro,79,Month-to-month,PayPal,UK,Education,51,0.148,3,2,4.38,1,16,1,2025-10-01,24,1896
C01430,2025-02-01,Pro,79,2-Year,Credit Card,UK,Marketing/Agency,5,0.793,5,1,4.79,0,6,0,,19,1501
C01431,2023-02-01,Basic,29,1-Year,Credit Card,Canada,Nonprofit,20,1.0,5,2,5.0,0,2,0,,43,1247
C01432,2023-02-01,Basic,29,Month-to-month,ACH/Bank Transfer,India,SaaS/Tech,21,1.0,4,1,3.96,2,26,0,,43,1247
C01433,2026-06-01,Pro,79,Month-to-month,PayPal,USA,Healthcare,8,0.843,4,2,4.44,1,15,0,,3,237
C01434,2026-01-01,Enterprise,199,Month-to-month,Credit Card,USA,SaaS/Tech,27,1.0,4,3,3.68,2,5,0,,8,1592
C01435,2026-03-01,Enterprise,199,Month-to-month,Credit Card,Germany,Marketing/Agency,23,0.275,1,3,3.58,1,4,1,2026-04-01,2,398
C01436,2023-06-01,Basic,29,Month-to-month,Credit Card,UK,Manufacturing,42,0.68,4,1,4.8,0,0,0,,39,1131
C01437,2026-04-01,Basic,29,Month-to-month,Credit Card,Canada,Nonprofit,99,0.571,3,0,2.45,1,0,0,,5,145
C01438,2024-03-01,Basic,29,Month-to-month,Credit Card,India,E-commerce,2,0.568,9,1,3.82,2,4,1,2024-03-01,1,29
C01439,2023-12-01,Basic,29,2-Year,Credit Card,USA,Manufacturing,39,0.495,3,1,4.25,2,0,0,,33,957
C01440,2023-10-01,Pro,79,1-Year,PayPal,Australia,E-commerce,128,0.502,7,3,3.05,1,2,1,2023-12-01,3,237
C01441,2025-12-01,Basic,29,Month-to-month,ACH/Bank Transfer,Canada,SaaS/Tech,25,0.605,8,2,3.28,0,2,0,,9,261
C01442,2024-04-01,Enterprise,199,1-Year,Credit Card,India,Education,398,0.182,4,1,4.8,0,3,0,,29,5771
C01443,2024-09-01,Enterprise,199,2-Year,Credit Card,Germany,Finance,14,0.385,11,3,5.0,0,17,0,,24,4776
C01444,2023-11-01,Basic,29,2-Year,Manual Invoice,Canada,SaaS/Tech,47,0.313,3,1,2.67,0,10,0,,34,986
C01445,2023-08-01,Pro,79,1-Year,PayPal,USA,Marketing/Agency,13,0.462,1,1,1.64,2,1,1,2024-05-01,10,790
C01446,2025-12-01,Basic,29,2-Year,ACH/Bank Transfer,USA,Education,15,0.117,2,1,3.89,0,9,0,,9,261
C01447,2024-04-01,Basic,29,2-Year,Credit Card,USA,Finance,38,0.428,4,3,3.91,0,16,0,,29,841
C01448,2024-02-01,Basic,29,1-Year,ACH/Bank Transfer,India,Marketing/Agency,11,0.188,3,2,3.86,1,30,0,,31,899
C01449,2024-10-01,Basic,29,Month-to-month,Credit Card,India,E-commerce,13,0.645,5,1,1.9,1,1,1,2025-02-01,5,145
C01450,2025-03-01,Basic,29,1-Year,ACH/Bank Transfer,USA,SaaS/Tech,21,0.376,3,1,3.21,1,8,1,2025-06-01,4,116
C01451,2024-07-01,Basic,29,2-Year,Manual Invoice,UK,Healthcare,13,0.412,6,4,4.55,0,5,1,2024-09-01,3,87
C01452,2024-02-01,Pro,79,Month-to-month,Credit Card,UK,Marketing/Agency,2,0.546,5,0,3.62,0,33,0,,31,2449
C01453,2023-10-01,Basic,29,2-Year,ACH/Bank Transfer,UK,Education,9,0.63,6,0,4.18,0,0,1,2025-07-01,22,638
C01454,2025-04-01,Enterprise,199,2-Year,Credit Card,USA,SaaS/Tech,20,0.22,3,1,3.29,1,38,0,,17,3383
C01455,2025-03-01,Enterprise,199,Month-to-month,PayPal,India,Manufacturing,28,0.373,3,0,5.0,0,3,0,,18,3582
C01456,2024-05-01,Basic,29,2-Year,PayPal,Germany,E-commerce,6,0.27,4,1,4.48,0,1,0,,28,812
C01457,2023-01-01,Enterprise,199,Month-to-month,ACH/Bank Transfer,USA,E-commerce,9,0.544,1,0,3.04,0,3,0,,44,8756
C01458,2025-07-01,Basic,29,2-Year,Credit Card,India,Nonprofit,36,0.778,2,0,3.97,0,30,0,,14,406
C01459,2024-07-01,Pro,79,Month-to-month,Credit Card,USA,Nonprofit,14,0.713,3,1,3.06,1,0,1,2024-07-01,1,79
C01460,2024-10-01,Pro,79,1-Year,PayPal,UK,E-commerce,51,0.589,7,0,3.76,0,12,0,,23,1817
C01461,2023-08-01,Pro,79,Month-to-month,Credit Card,India,SaaS/Tech,28,0.541,4,1,5.0,0,5,0,,37,2923
C01462,2024-04-01,Enterprise,199,1-Year,Manual Invoice,USA,E-commerce,14,0.43,2,2,4.82,1,5,0,,29,5771
C01463,2025-08-01,Basic,29,1-Year,Credit Card,Canada,SaaS/Tech,50,0.312,6,1,5.0,1,2,0,,13,377
C01464,2024-10-01,Basic,29,2-Year,ACH/Bank Transfer,UK,E-commerce,53,1.0,6,0,5.0,1,6,0,,23,667
C01465,2025-11-01,Basic,29,1-Year,PayPal,Australia,Marketing/Agency,42,0.891,8,2,4.3,0,10,0,,10,290
C01466,2023-08-01,Pro,79,2-Year,Manual Invoice,USA,Finance,10,0.657,2,0,3.65,1,1,0,,37,2923
C01467,2025-03-01,Enterprise,199,Month-to-month,Credit Card,USA,Education,13,0.734,5,1,3.95,0,2,1,2026-03-01,13,2587
C01468,2023-03-01,Basic,29,2-Year,Credit Card,India,E-commerce,13,0.812,2,4,2.07,0,2,1,2026-03-01,37,1073
C01469,2025-10-01,Enterprise,199,Month-to-month,Credit Card,UK,Healthcare,17,0.329,3,3,3.06,0,7,0,,11,2189
C01470,2023-07-01,Pro,79,Month-to-month,Credit Card,India,Education,7,0.751,3,1,3.29,0,23,1,2024-02-01,8,632
C01471,2025-11-01,Basic,29,Month-to-month,ACH/Bank Transfer,USA,Nonprofit,149,0.402,7,0,4.49,1,12,0,,10,290
C01472,2026-06-01,Basic,29,Month-to-month,ACH/Bank Transfer,UK,Manufacturing,6,0.436,7,3,4.51,0,14,1,2026-08-01,3,87
C01473,2023-03-01,Basic,29,Month-to-month,Credit Card,USA,Marketing/Agency,8,0.619,8,0,4.57,2,23,1,2024-07-01,17,493
C01474,2023-02-01,Pro,79,Month-to-month,Credit Card,Germany,Nonprofit,6,0.559,3,0,5.0,0,6,0,,43,3397
C01475,2024-06-01,Basic,29,2-Year,Credit Card,Australia,Marketing/Agency,28,0.567,0,2,4.37,1,13,0,,27,783
C01476,2023-07-01,Enterprise,199,Month-to-month,Credit Card,Canada,Nonprofit,21,0.661,3,0,3.81,1,1,0,,38,7562
C01477,2025-05-01,Pro,79,Month-to-month,Credit Card,Canada,SaaS/Tech,62,0.526,6,1,4.04,1,1,0,,16,1264
C01478,2024-08-01,Pro,79,1-Year,PayPal,UK,E-commerce,240,0.574,2,2,4.61,0,5,0,,25,1975
C01479,2024-03-01,Pro,79,1-Year,Credit Card,India,Healthcare,19,0.672,3,0,4.53,2,6,0,,30,2370
C01480,2026-03-01,Enterprise,199,Month-to-month,ACH/Bank Transfer,Canada,Healthcare,3,0.732,9,2,3.2,0,3,0,,6,1194
C01481,2023-07-01,Basic,29,Month-to-month,Credit Card,USA,Nonprofit,19,0.187,3,0,3.65,1,5,1,2024-01-01,7,203
C01482,2025-12-01,Pro,79,2-Year,PayPal,Canada,SaaS/Tech,4,0.926,2,1,3.06,2,0,0,,9,711
C01483,2025-02-01,Pro,79,Month-to-month,Credit Card,UK,SaaS/Tech,93,0.16,1,2,3.73,1,0,1,2025-02-01,1,79
C01484,2026-04-01,Basic,29,Month-to-month,Credit Card,Germany,Healthcare,22,0.823,3,4,4.08,1,6,0,,5,145
C01485,2023-02-01,Enterprise,199,Month-to-month,Credit Card,UK,SaaS/Tech,6,0.954,0,2,4.48,0,12,0,,43,8557
C01486,2024-11-01,Basic,29,Month-to-month,ACH/Bank Transfer,UK,E-commerce,319,1.0,2,2,3.88,2,51,1,2026-04-01,18,522
C01487,2025-08-01,Basic,29,1-Year,Credit Card,India,Nonprofit,52,0.653,4,4,4.23,0,0,0,,13,377
C01488,2023-07-01,Basic,29,1-Year,ACH/Bank Transfer,USA,E-commerce,31,0.756,9,0,5.0,0,7,0,,38,1102
C01489,2024-03-01,Enterprise,199,2-Year,Credit Card,Australia,Marketing/Agency,8,0.721,4,3,2.65,1,5,0,,30,5970
C01490,2025-09-01,Basic,29,Month-to-month,ACH/Bank Transfer,India,Manufacturing,78,0.368,1,6,5.0,0,0,0,,12,348
C01491,2023-04-01,Pro,79,Month-to-month,Credit Card,Australia,E-commerce,25,0.448,5,1,3.63,0,21,1,2023-05-01,2,158
C01492,2026-03-01,Enterprise,199,Month-to-month,Manual Invoice,USA,Manufacturing,2,0.471,3,0,3.25,1,1,0,,6,1194
C01493,2026-03-01,Basic,29,2-Year,Credit Card,USA,Finance,42,0.445,5,0,4.71,1,4,0,,6,174
C01494,2024-08-01,Basic,29,Month-to-month,Credit Card,India,Healthcare,18,0.862,2,0,3.42,2,10,1,2024-11-01,4,116
C01495,2024-03-01,Basic,29,2-Year,Credit Card,Australia,Finance,63,0.432,3,5,5.0,0,2,0,,30,870
C01496,2024-07-01,Basic,29,1-Year,Manual Invoice,UK,SaaS/Tech,19,0.759,12,2,3.67,0,4,0,,26,754
C01497,2025-01-01,Pro,79,Month-to-month,ACH/Bank Transfer,USA,Healthcare,13,0.925,1,1,4.35,0,28,0,,20,1580
C01498,2025-07-01,Enterprise,199,Month-to-month,Credit Card,India,Finance,26,0.731,6,1,3.36,0,6,0,,14,2786
C01499,2025-08-01,Basic,29,Month-to-month,ACH/Bank Transfer,USA,Marketing/Agency,41,0.139,4,2,4.76,0,21,1,2025-12-01,5,145
C01500,2025-11-01,Pro,79,Month-to-month,Credit Card,USA,E-commerce,14,0.464,3,0,3.54,2,1,0,,10,790
C01501,2024-07-01,Basic,29,1-Year,ACH/Bank Transfer,Canada,SaaS/Tech,7,0.614,2,0,4.45,0,5,0,,26,754
C01502,2026-06-01,Pro,79,2-Year,Credit Card,Germany,Healthcare,41,0.865,7,0,4.57,0,36,0,,3,237
C01503,2023-09-01,Enterprise,199,Month-to-month,Credit Card,India,E-commerce,79,0.408,1,2,3.32,0,1,0,,36,7164
C01504,2023-11-01,Basic,29,1-Year,Credit Card,Canada,E-commerce,21,0.713,4,0,3.57,0,3,0,,34,986
C01505,2023-12-01,Pro,79,Month-to-month,ACH/Bank Transfer,USA,Education,14,0.304,4,0,3.98,1,10,0,,33,2607
C01506,2023-11-01,Basic,29,Month-to-month,Credit Card,USA,SaaS/Tech,23,0.81,4,0,4.01,0,17,0,,34,986
C01507,2025-05-01,Enterprise,199,2-Year,Credit Card,Canada,Marketing/Agency,28,0.307,1,2,3.18,0,8,0,,16,3184
C01508,2024-12-01,Pro,79,Month-to-month,ACH/Bank Transfer,Germany,Manufacturing,4,0.377,3,1,3.2,1,25,0,,21,1659
C01509,2025-10-01,Enterprise,199,Month-to-month,ACH/Bank Transfer,Germany,Manufacturing,23,0.819,5,1,3.17,0,0,0,,11,2189
C01510,2024-12-01,Basic,29,1-Year,PayPal,USA,Education,20,0.517,5,2,3.94,1,18,1,2024-12-01,1,29
C01511,2023-08-01,Pro,79,1-Year,Credit Card,Canada,Marketing/Agency,4,0.523,5,1,3.97,2,17,1,2025-12-01,29,2291
C01512,2023-07-01,Pro,79,1-Year,ACH/Bank Transfer,India,Healthcare,29,0.226,3,1,1.84,0,14,0,,38,3002
C01513,2026-03-01,Pro,79,1-Year,ACH/Bank Transfer,USA,Healthcare,30,0.429,6,1,2.44,0,10,0,,6,474
C01514,2023-10-01,Pro,79,1-Year,PayPal,USA,Manufacturing,263,0.752,2,3,3.64,1,20,0,,35,2765
C01515,2024-01-01,Pro,79,Month-to-month,PayPal,USA,Healthcare,56,0.645,5,3,3.76,0,0,1,2024-07-01,7,553
C01516,2023-10-01,Basic,29,2-Year,Credit Card,India,Manufacturing,8,0.154,1,1,3.81,0,8,0,,35,1015
C01517,2023-09-01,Enterprise,199,Month-to-month,ACH/Bank Transfer,USA,Education,10,0.391,4,2,3.77,0,4,1,2026-01-01,29,5771
C01518,2023-12-01,Basic,29,1-Year,ACH/Bank Transfer,USA,SaaS/Tech,39,0.361,1,3,5.0,2,21,0,,33,957
C01519,2025-08-01,Pro,79,Month-to-month,Manual Invoice,India,SaaS/Tech,33,0.63,5,3,3.27,1,19,0,,13,1027
C01520,2024-04-01,Pro,79,2-Year,PayPal,USA,Manufacturing,13,0.556,2,0,5.0,0,9,0,,29,2291
C01521,2023-02-01,Pro,79,Month-to-month,ACH/Bank Transfer,USA,Finance,20,0.388,4,0,3.07,0,57,0,,43,3397
C01522,2026-03-01,Enterprise,199,1-Year,ACH/Bank Transfer,India,Finance,8,0.592,6,2,4.64,0,38,0,,6,1194
C01523,2024-02-01,Enterprise,199,Month-to-month,Credit Card,Germany,Healthcare,14,0.609,1,1,3.86,2,38,0,,31,6169
C01524,2025-07-01,Basic,29,Month-to-month,Credit Card,Germany,SaaS/Tech,6,1.0,4,2,2.02,0,12,0,,14,406
C01525,2023-09-01,Pro,79,Month-to-month,Credit Card,Germany,SaaS/Tech,307,0.23,4,4,3.7,0,9,1,2025-02-01,18,1422
C01526,2023-05-01,Pro,79,Month-to-month,ACH/Bank Transfer,Canada,Finance,134,0.535,4,2,3.63,0,21,1,2024-04-01,12,948
C01527,2026-07-01,Basic,29,2-Year,ACH/Bank Transfer,UK,E-commerce,75,0.393,1,1,4.74,2,4,1,2026-07-01,1,29
C01528,2025-05-01,Basic,29,Month-to-month,Credit Card,USA,Manufacturing,8,0.363,5,1,4.76,2,25,0,,16,464
C01529,2023-10-01,Basic,29,Month-to-month,Credit Card,Germany,Finance,15,0.709,4,2,3.86,0,24,1,2023-12-01,3,87
C01530,2025-07-01,Enterprise,199,Month-to-month,Credit Card,USA,Healthcare,18,0.332,4,5,4.84,2,3,1,2025-11-01,5,995
C01531,2024-01-01,Pro,79,2-Year,ACH/Bank Transfer,India,Finance,101,0.674,2,1,2.24,0,10,0,,32,2528
C01532,2023-09-01,Enterprise,199,Month-to-month,Manual Invoice,USA,SaaS/Tech,15,0.21,8,1,3.45,1,3,0,,36,7164
C01533,2023-07-01,Basic,29,Month-to-month,Credit Card,Canada,Finance,8,0.589,1,1,4.8,0,5,1,2024-05-01,11,319
C01534,2025-04-01,Basic,29,Month-to-month,Credit Card,Australia,Marketing/Agency,42,0.612,4,2,3.21,0,7,1,2025-07-01,4,116
C01535,2024-11-01,Pro,79,Month-to-month,Credit Card,Germany,Education,11,0.444,4,1,4.56,0,1,0,,22,1738
C01536,2025-11-01,Enterprise,199,2-Year,PayPal,Canada,Education,39,0.374,3,0,4.22,0,10,0,,10,1990
C01537,2024-04-01,Basic,29,2-Year,Credit Card,USA,Healthcare,18,0.453,3,3,5.0,1,0,1,2025-04-01,13,377
C01538,2023-04-01,Enterprise,199,Month-to-month,Credit Card,Germany,Marketing/Agency,139,0.642,5,0,4.92,0,29,0,,41,8159
C01539,2023-08-01,Basic,29,1-Year,Manual Invoice,UK,Finance,19,0.699,4,1,4.75,1,19,0,,37,1073
C01540,2025-11-01,Pro,79,Month-to-month,PayPal,Canada,Marketing/Agency,45,0.373,0,0,5.0,0,0,0,,10,790
C01541,2025-09-01,Basic,29,Month-to-month,Credit Card,Australia,SaaS/Tech,6,0.303,6,0,4.07,0,19,0,,12,348
C01542,2024-09-01,Enterprise,199,2-Year,Credit Card,India,E-commerce,12,0.657,7,1,4.95,1,3,0,,24,4776
C01543,2023-03-01,Basic,29,Month-to-month,PayPal,UK,Education,78,0.764,6,3,4.14,2,10,1,2024-05-01,15,435
C01544,2023-05-01,Basic,29,Month-to-month,ACH/Bank Transfer,Germany,Manufacturing,10,0.534,4,4,4.8,0,5,0,,40,1160
C01545,2025-10-01,Pro,79,Month-to-month,PayPal,USA,Nonprofit,52,0.684,1,2,5.0,1,8,0,,11,869
C01546,2024-12-01,Pro,79,Month-to-month,Credit Card,India,Marketing/Agency,7,0.617,3,1,4.91,1,16,0,,21,1659
C01547,2024-10-01,Pro,79,Month-to-month,Credit Card,Australia,Manufacturing,12,0.483,7,0,3.79,1,7,0,,23,1817
C01548,2024-08-01,Enterprise,199,1-Year,PayPal,UK,Healthcare,9,0.851,3,0,3.69,1,6,0,,25,4975
C01549,2025-03-01,Basic,29,2-Year,Credit Card,USA,E-commerce,27,0.565,5,1,4.05,0,9,0,,18,522
C01550,2025-03-01,Pro,79,1-Year,Credit Card,India,Education,54,0.785,1,3,5.0,0,3,0,,18,1422
C01551,2024-03-01,Enterprise,199,Month-to-month,Credit Card,Germany,Finance,8,0.26,9,2,4.74,1,16,0,,30,5970
C01552,2026-04-01,Pro,79,1-Year,Credit Card,USA,Education,21,0.453,2,2,4.11,0,11,0,,5,395
C01553,2025-11-01,Pro,79,1-Year,Credit Card,UK,Healthcare,6,0.863,3,0,3.82,0,6,0,,10,790
C01554,2023-01-01,Enterprise,199,1-Year,ACH/Bank Transfer,India,Healthcare,46,0.3,6,6,1.58,0,9,1,2026-08-01,44,8756
C01555,2025-03-01,Pro,79,1-Year,PayPal,Germany,Manufacturing,21,0.517,7,2,3.81,1,15,0,,18,1422
C01556,2026-04-01,Basic,29,1-Year,Credit Card,Australia,Nonprofit,8,0.497,5,2,4.84,0,0,0,,5,145
C01557,2024-12-01,Pro,79,2-Year,PayPal,India,SaaS/Tech,69,0.265,6,1,3.7,1,4,0,,21,1659
C01558,2024-07-01,Enterprise,199,Month-to-month,Credit Card,Canada,Manufacturing,34,0.692,5,1,5.0,1,3,0,,26,5174
C01559,2024-08-01,Basic,29,1-Year,PayPal,Germany,Education,8,0.6,4,0,5.0,0,23,0,,25,725
C01560,2025-06-01,Basic,29,Month-to-month,Manual Invoice,Germany,Education,2,0.453,7,3,2.37,0,8,0,,15,435
C01561,2024-04-01,Pro,79,Month-to-month,Credit Card,Australia,Healthcare,11,0.026,7,1,4.34,0,1,0,,29,2291
C01562,2025-06-01,Pro,79,Month-to-month,Credit Card,India,Education,1,0.494,6,1,4.98,0,9,0,,15,1185
C01563,2026-04-01,Basic,29,1-Year,Credit Card,Australia,Finance,17,0.749,7,1,3.68,2,5,0,,5,145
C01564,2023-04-01,Basic,29,Month-to-month,Credit Card,UK,Marketing/Agency,25,0.371,6,0,4.27,0,18,0,,41,1189
C01565,2023-11-01,Pro,79,Month-to-month,Credit Card,Canada,E-commerce,14,0.524,8,1,4.5,0,3,0,,34,2686
C01566,2025-10-01,Pro,79,Month-to-month,Credit Card,Germany,Nonprofit,37,0.451,5,4,2.39,0,13,1,2026-03-01,6,474
C01567,2025-11-01,Basic,29,Month-to-month,PayPal,USA,Nonprofit,32,0.283,5,2,5.0,1,27,0,,10,290
C01568,2026-01-01,Basic,29,1-Year,Credit Card,UK,Finance,11,0.792,8,1,2.96,0,21,0,,8,232
C01569,2023-05-01,Basic,29,1-Year,Credit Card,India,SaaS/Tech,31,0.601,4,0,3.2,0,4,0,,40,1160
C01570,2026-05-01,Pro,79,Month-to-month,Manual Invoice,India,Manufacturing,55,0.791,7,1,5.0,0,0,0,,4,316
C01571,2023-09-01,Basic,29,1-Year,Credit Card,Australia,Healthcare,36,0.505,7,1,4.19,1,16,0,,36,1044
C01572,2025-12-01,Basic,29,Month-to-month,ACH/Bank Transfer,UK,Healthcare,10,0.734,5,5,3.06,0,22,1,2026-08-01,9,261
C01573,2026-07-01,Basic,29,Month-to-month,PayPal,UK,Marketing/Agency,5,0.78,5,1,4.64,0,0,0,,2,58
C01574,2025-10-01,Pro,79,2-Year,ACH/Bank Transfer,USA,E-commerce,17,0.701,5,1,5.0,1,7,0,,11,869
C01575,2024-05-01,Basic,29,Month-to-month,Credit Card,UK,SaaS/Tech,6,0.834,2,1,3.3,0,23,1,2025-07-01,15,435
C01576,2025-03-01,Pro,79,Month-to-month,Credit Card,USA,Marketing/Agency,12,0.547,3,1,4.14,2,1,0,,18,1422
C01577,2025-10-01,Basic,29,Month-to-month,Credit Card,Canada,Marketing/Agency,34,0.479,3,0,5.0,2,23,1,2026-06-01,9,261
C01578,2023-11-01,Basic,29,1-Year,Manual Invoice,Germany,Manufacturing,48,0.099,3,0,3.27,0,0,0,,34,986
C01579,2024-06-01,Enterprise,199,Month-to-month,PayPal,UK,Finance,21,0.742,4,1,3.32,1,8,0,,27,5373
C01580,2024-03-01,Basic,29,Month-to-month,ACH/Bank Transfer,Australia,Marketing/Agency,42,0.698,8,0,4.74,0,14,0,,30,870
C01581,2023-01-01,Pro,79,Month-to-month,Credit Card,UK,Manufacturing,18,0.517,3,1,4.0,0,7,0,,44,3476
C01582,2025-11-01,Pro,79,Month-to-month,Manual Invoice,India,Marketing/Agency,8,0.538,1,3,3.4,0,0,0,,10,790
C01583,2025-08-01,Basic,29,1-Year,PayPal,Australia,Manufacturing,6,0.887,5,0,4.84,0,2,0,,13,377
C01584,2026-07-01,Pro,79,Month-to-month,ACH/Bank Transfer,India,Finance,45,0.548,6,3,2.47,0,3,0,,2,158
C01585,2023-02-01,Basic,29,Month-to-month,Credit Card,Germany,Finance,15,0.721,5,1,3.7,0,15,0,,43,1247
C01586,2025-02-01,Enterprise,199,1-Year,ACH/Bank Transfer,India,E-commerce,31,0.447,2,4,1.81,0,16,1,2026-05-01,16,3184
C01587,2023-09-01,Enterprise,199,1-Year,Credit Card,USA,Finance,72,0.473,3,3,3.12,2,35,0,,36,7164
C01588,2025-05-01,Basic,29,2-Year,Manual Invoice,USA,Marketing/Agency,9,0.62,3,0,3.83,1,9,0,,16,464
C01589,2026-06-01,Pro,79,1-Year,ACH/Bank Transfer,UK,Education,179,0.79,12,3,3.93,0,12,0,,3,237
C01590,2026-07-01,Basic,29,1-Year,Manual Invoice,India,Nonprofit,4,0.28,5,2,4.69,0,5,0,,2,58
C01591,2023-03-01,Enterprise,199,Month-to-month,PayPal,USA,SaaS/Tech,11,0.416,9,2,4.26,0,8,0,,42,8358
C01592,2026-04-01,Enterprise,199,Month-to-month,Credit Card,UK,Nonprofit,346,0.256,2,1,3.72,0,11,0,,5,995
C01593,2024-11-01,Pro,79,1-Year,Manual Invoice,Canada,Nonprofit,3,0.822,4,2,3.12,0,4,0,,22,1738
C01594,2025-02-01,Enterprise,199,Month-to-month,ACH/Bank Transfer,USA,Education,4,0.787,5,2,4.11,1,13,0,,19,3781
C01595,2023-01-01,Pro,79,Month-to-month,Credit Card,Germany,Manufacturing,18,0.02,4,0,4.17,2,1,1,2023-11-01,11,869
C01596,2025-11-01,Pro,79,Month-to-month,ACH/Bank Transfer,Australia,Healthcare,87,1.0,5,2,5.0,0,7,0,,10,790
C01597,2025-01-01,Basic,29,Month-to-month,Credit Card,USA,SaaS/Tech,4,0.539,4,0,5.0,1,7,0,,20,580
C01598,2023-03-01,Pro,79,Month-to-month,Manual Invoice,India,SaaS/Tech,17,0.439,5,2,4.02,1,70,1,2023-10-01,8,632
C01599,2024-09-01,Pro,79,1-Year,PayPal,India,Nonprofit,4,0.216,3,2,4.21,1,3,1,2026-08-01,24,1896
C01600,2024-07-01,Pro,79,2-Year,PayPal,India,Healthcare,6,0.733,0,2,4.28,1,2,0,,26,2054
C01601,2024-04-01,Basic,29,Month-to-month,Manual Invoice,USA,E-commerce,10,0.579,3,1,5.0,1,14,1,2025-03-01,12,348
C01602,2023-08-01,Basic,29,Month-to-month,Credit Card,UK,E-commerce,5,0.316,6,3,4.62,0,3,0,,37,1073
C01603,2025-01-01,Basic,29,1-Year,Manual Invoice,USA,Finance,3,0.769,3,1,3.34,0,5,0,,20,580
C01604,2023-10-01,Pro,79,Month-to-month,Credit Card,USA,E-commerce,36,0.499,3,1,3.99,0,5,0,,35,2765
C01605,2025-03-01,Pro,79,1-Year,PayPal,Canada,Marketing/Agency,9,0.248,3,2,4.77,2,19,1,2026-04-01,14,1106
C01606,2023-03-01,Basic,29,1-Year,Credit Card,USA,Marketing/Agency,34,0.586,8,2,3.37,2,16,0,,42,1218
C01607,2024-11-01,Pro,79,2-Year,ACH/Bank Transfer,India,Manufacturing,13,0.514,3,7,3.66,2,4,1,2026-08-01,22,1738
C01608,2023-07-01,Pro,79,Month-to-month,Credit Card,USA,Nonprofit,11,0.891,9,0,5.0,1,23,0,,38,3002
C01609,2024-09-01,Enterprise,199,Month-to-month,ACH/Bank Transfer,Germany,Finance,165,1.0,8,1,4.57,0,2,0,,24,4776
C01610,2026-07-01,Basic,29,2-Year,Credit Card,Australia,Nonprofit,53,0.394,5,2,5.0,1,4,0,,2,58
C01611,2026-05-01,Basic,29,2-Year,Credit Card,UK,Nonprofit,4,0.377,4,1,4.21,0,41,0,,4,116
C01612,2025-10-01,Basic,29,1-Year,ACH/Bank Transfer,UK,Finance,5,0.772,3,1,5.0,2,1,0,,11,319
C01613,2026-02-01,Enterprise,199,Month-to-month,PayPal,India,E-commerce,39,0.376,5,2,5.0,0,60,0,,7,1393
C01614,2023-06-01,Enterprise,199,Month-to-month,ACH/Bank Transfer,Canada,Education,5,0.484,2,2,4.42,0,3,0,,39,7761
C01615,2023-05-01,Basic,29,2-Year,Credit Card,USA,Marketing/Agency,21,0.603,5,1,4.63,0,8,0,,40,1160
C01616,2024-05-01,Pro,79,1-Year,Credit Card,USA,Education,127,0.663,7,3,4.2,0,15,0,,28,2212
C01617,2026-04-01,Enterprise,199,1-Year,Credit Card,USA,Education,5,0.099,3,2,3.02,0,6,0,,5,995
C01618,2023-04-01,Basic,29,Month-to-month,PayPal,USA,SaaS/Tech,15,0.586,4,0,3.21,0,4,0,,41,1189
C01619,2025-07-01,Basic,29,Month-to-month,Credit Card,UK,Education,7,0.898,4,2,3.89,2,0,0,,14,406
C01620,2025-04-01,Basic,29,Month-to-month,Credit Card,UK,E-commerce,7,0.488,7,0,2.75,0,4,0,,17,493
C01621,2023-10-01,Basic,29,Month-to-month,ACH/Bank Transfer,India,Education,62,1.0,7,2,4.99,1,6,0,,35,1015
C01622,2023-02-01,Basic,29,Month-to-month,Credit Card,USA,Marketing/Agency,21,0.715,3,0,4.98,0,5,0,,43,1247
C01623,2025-05-01,Pro,79,1-Year,Credit Card,Germany,Healthcare,6,0.731,4,3,1.86,0,30,0,,16,1264
C01624,2024-11-01,Pro,79,2-Year,Credit Card,India,Education,4,0.598,6,1,4.69,1,23,1,2025-03-01,5,395
C01625,2023-05-01,Enterprise,199,Month-to-month,Manual Invoice,UK,Nonprofit,46,0.49,6,0,4.09,1,7,1,2023-06-01,2,398
C01626,2026-01-01,Basic,29,Month-to-month,Credit Card,Germany,Finance,26,0.681,7,3,4.24,0,44,0,,8,232
C01627,2026-04-01,Enterprise,199,2-Year,Credit Card,UK,Healthcare,3,0.49,7,1,2.99,1,0,0,,5,995
C01628,2025-08-01,Pro,79,1-Year,PayPal,USA,Education,50,0.336,3,3,3.49,0,29,0,,13,1027
C01629,2026-05-01,Pro,79,Month-to-month,Credit Card,UK,Nonprofit,76,0.662,5,3,4.21,0,2,0,,4,316
C01630,2025-07-01,Basic,29,2-Year,Credit Card,USA,Education,3,0.562,5,0,3.8,1,0,0,,14,406
C01631,2023-07-01,Basic,29,Month-to-month,Credit Card,Australia,Healthcare,82,0.877,3,1,2.99,1,2,1,2025-12-01,30,870
C01632,2023-08-01,Pro,79,2-Year,Credit Card,Canada,Marketing/Agency,62,0.563,4,2,5.0,0,14,0,,37,2923
C01633,2025-05-01,Pro,79,Month-to-month,Credit Card,India,Marketing/Agency,23,0.691,2,1,3.96,0,9,0,,16,1264
C01634,2024-04-01,Enterprise,199,2-Year,Credit Card,USA,Manufacturing,3,0.4,6,0,3.49,2,16,0,,29,5771
C01635,2026-03-01,Basic,29,Month-to-month,Manual Invoice,Canada,Manufacturing,37,0.505,8,2,3.78,0,6,0,,6,174
C01636,2023-03-01,Pro,79,Month-to-month,Credit Card,USA,E-commerce,16,0.523,3,2,5.0,0,1,0,,42,3318
C01637,2023-09-01,Basic,29,2-Year,Credit Card,Australia,Finance,6,0.476,4,0,3.63,0,5,0,,36,1044
C01638,2024-08-01,Pro,79,1-Year,Credit Card,Canada,Nonprofit,17,0.314,5,0,4.29,1,9,0,,25,1975
C01639,2023-03-01,Basic,29,Month-to-month,ACH/Bank Transfer,Germany,Finance,22,0.568,4,1,3.21,2,1,0,,42,1218
C01640,2026-03-01,Basic,29,Month-to-month,ACH/Bank Transfer,Canada,Healthcare,156,0.703,3,0,3.29,0,7,0,,6,174
C01641,2024-09-01,Basic,29,1-Year,Credit Card,USA,Healthcare,24,0.494,5,2,3.84,0,3,0,,24,696
C01642,2023-05-01,Basic,29,Month-to-month,Credit Card,UK,Healthcare,40,0.277,1,0,5.0,2,1,1,2023-12-01,8,232
C01643,2026-03-01,Basic,29,1-Year,ACH/Bank Transfer,India,Nonprofit,21,0.31,5,4,3.48,2,4,1,2026-03-01,1,29
C01644,2025-08-01,Pro,79,Month-to-month,Credit Card,India,Manufacturing,48,0.426,5,3,4.67,1,11,1,2026-02-01,7,553
C01645,2024-03-01,Basic,29,1-Year,PayPal,Australia,Marketing/Agency,88,0.701,1,3,4.17,0,7,0,,30,870
C01646,2023-10-01,Pro,79,Month-to-month,Credit Card,UK,Finance,16,0.231,2,1,4.35,2,15,1,2025-02-01,17,1343
C01647,2026-02-01,Basic,29,2-Year,ACH/Bank Transfer,USA,Marketing/Agency,30,0.432,1,2,4.56,2,8,1,2026-05-01,4,116
C01648,2025-06-01,Basic,29,Month-to-month,Credit Card,USA,Healthcare,8,0.704,1,3,4.05,1,8,0,,15,435
C01649,2023-12-01,Enterprise,199,1-Year,Credit Card,Canada,Finance,18,0.484,3,4,3.64,0,45,1,2024-09-01,10,1990
C01650,2024-09-01,Basic,29,1-Year,Credit Card,UK,Healthcare,129,0.154,7,0,4.97,0,13,1,2025-12-01,16,464
C01651,2026-02-01,Basic,29,1-Year,Credit Card,UK,Finance,4,0.647,2,1,4.56,0,7,0,,7,203
C01652,2025-12-01,Basic,29,1-Year,Credit Card,India,SaaS/Tech,50,0.579,4,2,4.07,1,17,0,,9,261
C01653,2025-11-01,Enterprise,199,Month-to-month,Credit Card,USA,Healthcare,12,0.501,5,1,4.48,0,9,0,,10,1990
C01654,2026-01-01,Enterprise,199,Month-to-month,Manual Invoice,UK,SaaS/Tech,34,0.616,3,0,4.28,0,8,0,,8,1592
C01655,2026-01-01,Basic,29,1-Year,ACH/Bank Transfer,USA,Finance,19,0.652,3,2,5.0,1,4,0,,8,232
C01656,2024-11-01,Pro,79,1-Year,Credit Card,India,Manufacturing,32,0.542,4,1,3.69,1,0,0,,22,1738
C01657,2026-06-01,Basic,29,Month-to-month,PayPal,Australia,Nonprofit,52,0.693,2,1,4.24,0,7,0,,3,87
C01658,2024-05-01,Pro,79,1-Year,Credit Card,Canada,SaaS/Tech,16,0.611,4,3,4.11,1,34,0,,28,2212
C01659,2023-12-01,Enterprise,199,2-Year,Credit Card,USA,Education,9,0.421,5,1,3.54,0,10,1,2024-04-01,5,995
C01660,2023-10-01,Enterprise,199,1-Year,Credit Card,USA,Marketing/Agency,47,0.36,2,1,4.81,0,2,0,,35,6965
C01661,2024-03-01,Enterprise,199,1-Year,ACH/Bank Transfer,India,Marketing/Agency,13,0.18,5,0,4.48,1,11,0,,30,5970
C01662,2024-01-01,Pro,79,Month-to-month,Credit Card,USA,SaaS/Tech,10,0.624,6,1,5.0,2,0,0,,32,2528
C01663,2024-07-01,Pro,79,1-Year,PayPal,USA,Nonprofit,19,0.666,4,2,2.93,0,5,0,,26,2054
C01664,2025-06-01,Basic,29,1-Year,PayPal,Australia,Finance,16,0.481,4,2,4.6,0,0,0,,15,435
C01665,2024-11-01,Pro,79,1-Year,Credit Card,India,Manufacturing,33,0.938,2,1,3.7,0,3,0,,22,1738
C01666,2024-10-01,Basic,29,Month-to-month,PayPal,India,E-commerce,16,0.397,2,4,4.39,0,5,0,,23,667
C01667,2023-05-01,Pro,79,Month-to-month,ACH/Bank Transfer,UK,Education,83,0.129,6,1,3.16,0,2,1,2023-09-01,5,395
C01668,2025-06-01,Enterprise,199,Month-to-month,ACH/Bank Transfer,India,Manufacturing,27,0.245,6,1,3.78,0,34,1,2026-01-01,8,1592
C01669,2023-09-01,Enterprise,199,1-Year,ACH/Bank Transfer,USA,Marketing/Agency,11,0.611,2,3,3.19,0,16,0,,36,7164
C01670,2024-12-01,Basic,29,1-Year,Credit Card,USA,Nonprofit,23,0.622,5,3,4.5,1,5,0,,21,609
C01671,2024-04-01,Basic,29,1-Year,ACH/Bank Transfer,Canada,SaaS/Tech,24,0.357,2,0,3.81,0,8,0,,29,841
C01672,2025-12-01,Enterprise,199,Month-to-month,ACH/Bank Transfer,USA,Marketing/Agency,77,0.31,4,1,2.54,0,14,0,,9,1791
C01673,2026-06-01,Basic,29,Month-to-month,ACH/Bank Transfer,Germany,Nonprofit,356,0.684,4,1,4.16,1,5,0,,3,87
C01674,2025-12-01,Basic,29,Month-to-month,ACH/Bank Transfer,UK,Finance,10,0.53,2,3,3.31,0,2,1,2026-02-01,3,87
C01675,2024-12-01,Pro,79,2-Year,Credit Card,USA,SaaS/Tech,77,0.625,7,0,3.15,0,18,0,,21,1659
C01676,2023-11-01,Basic,29,Month-to-month,Credit Card,Germany,Education,30,0.847,5,0,5.0,0,4,0,,34,986
C01677,2026-04-01,Enterprise,199,2-Year,ACH/Bank Transfer,Germany,Education,69,0.707,3,1,4.5,2,11,0,,5,995
C01678,2025-06-01,Enterprise,199,1-Year,Credit Card,India,Education,97,0.687,4,1,4.08,1,42,0,,15,2985
C01679,2024-06-01,Basic,29,1-Year,Credit Card,Canada,Education,4,0.477,4,1,4.78,2,9,0,,27,783
C01680,2026-02-01,Pro,79,1-Year,Credit Card,India,SaaS/Tech,266,0.601,2,2,3.83,0,11,0,,7,553
C01681,2024-01-01,Pro,79,1-Year,ACH/Bank Transfer,USA,Finance,48,0.861,4,1,3.12,1,7,1,2024-08-01,8,632
C01682,2023-12-01,Basic,29,Month-to-month,Credit Card,Australia,E-commerce,3,0.573,5,1,4.03,0,1,0,,33,957
C01683,2024-06-01,Pro,79,Month-to-month,Credit Card,USA,Manufacturing,31,0.459,5,0,4.15,1,11,1,2024-07-01,2,158
C01684,2023-01-01,Pro,79,2-Year,ACH/Bank Transfer,India,Education,10,0.427,5,0,4.33,2,4,1,2024-01-01,13,1027
C01685,2025-11-01,Enterprise,199,Month-to-month,ACH/Bank Transfer,USA,Nonprofit,61,0.308,3,1,4.02,0,1,0,,10,1990
C01686,2026-02-01,Pro,79,1-Year,Manual Invoice,USA,Marketing/Agency,8,0.49,3,0,3.81,0,20,0,,7,553
C01687,2024-09-01,Pro,79,Month-to-month,Credit Card,UK,Manufacturing,8,0.539,3,1,5.0,1,7,1,2024-10-01,2,158
C01688,2025-04-01,Basic,29,Month-to-month,Credit Card,Australia,Nonprofit,1,0.352,1,2,2.74,0,2,0,,17,493
C01689,2024-08-01,Basic,29,1-Year,PayPal,Canada,Healthcare,32,0.26,1,0,5.0,0,0,0,,25,725
C01690,2025-07-01,Enterprise,199,Month-to-month,ACH/Bank Transfer,UK,Healthcare,11,0.541,5,2,2.16,0,22,0,,14,2786
C01691,2024-12-01,Basic,29,Month-to-month,Credit Card,India,SaaS/Tech,10,1.0,6,0,3.87,2,1,1,2025-07-01,8,232
C01692,2024-07-01,Pro,79,Month-to-month,Credit Card,USA,Education,10,0.551,3,2,4.23,0,16,0,,26,2054
C01693,2023-03-01,Pro,79,2-Year,PayPal,USA,Healthcare,4,0.516,3,1,4.05,2,0,0,,42,3318
C01694,2023-03-01,Pro,79,1-Year,Manual Invoice,India,Manufacturing,28,0.336,8,2,5.0,1,20,0,,42,3318
C01695,2024-02-01,Basic,29,1-Year,Manual Invoice,India,SaaS/Tech,21,0.555,1,0,4.39,0,9,0,,31,899
C01696,2024-07-01,Enterprise,199,Month-to-month,PayPal,USA,Manufacturing,21,0.717,4,1,4.32,2,46,0,,26,5174
C01697,2023-04-01,Enterprise,199,1-Year,Credit Card,USA,Nonprofit,16,0.39,3,2,3.45,0,10,0,,41,8159
C01698,2025-04-01,Pro,79,Month-to-month,Credit Card,India,SaaS/Tech,4,0.948,4,0,4.83,0,5,0,,17,1343
C01699,2025-05-01,Pro,79,Month-to-month,ACH/Bank Transfer,Germany,Healthcare,10,0.415,5,0,4.41,1,3,1,2026-04-01,12,948
C01700,2023-03-01,Basic,29,Month-to-month,PayPal,UK,SaaS/Tech,9,0.506,2,0,2.55,0,11,1,2025-01-01,23,667
C01701,2025-04-01,Pro,79,1-Year,PayPal,USA,Finance,32,0.349,4,0,4.7,1,0,0,,17,1343
C01702,2024-06-01,Basic,29,Month-to-month,Credit Card,USA,Marketing/Agency,2,0.789,5,0,2.1,0,8,0,,27,783
C01703,2024-03-01,Basic,29,Month-to-month,PayPal,India,Healthcare,18,0.307,8,1,2.04,0,4,0,,30,870
C01704,2023-02-01,Basic,29,Month-to-month,ACH/Bank Transfer,Canada,Nonprofit,14,0.613,2,2,4.5,0,22,1,2025-01-01,24,696
C01705,2023-04-01,Basic,29,Month-to-month,PayPal,Canada,SaaS/Tech,1,0.88,7,2,4.53,0,4,0,,41,1189
C01706,2025-11-01,Basic,29,1-Year,ACH/Bank Transfer,UK,E-commerce,9,0.782,3,2,5.0,0,5,0,,10,290
C01707,2023-03-01,Basic,29,1-Year,PayPal,UK,Finance,145,0.48,5,2,5.0,1,14,0,,42,1218
C01708,2025-11-01,Basic,29,Month-to-month,Credit Card,Germany,Nonprofit,25,0.495,1,0,4.09,2,2,0,,10,290
C01709,2024-05-01,Basic,29,Month-to-month,PayPal,USA,Finance,378,0.341,4,2,3.96,0,11,1,2025-02-01,10,290
C01710,2023-11-01,Pro,79,Month-to-month,PayPal,USA,E-commerce,21,0.893,4,0,4.56,2,23,1,2026-08-01,34,2686
C01711,2023-05-01,Basic,29,Month-to-month,ACH/Bank Transfer,UK,Finance,39,0.522,5,0,5.0,0,17,0,,40,1160
C01712,2026-06-01,Enterprise,199,Month-to-month,Credit Card,India,Manufacturing,14,0.551,5,1,3.77,2,9,0,,3,597
C01713,2026-04-01,Basic,29,1-Year,ACH/Bank Transfer,India,Education,6,0.453,7,2,4.4,0,17,0,,5,145
C01714,2024-04-01,Enterprise,199,1-Year,Credit Card,Canada,Finance,99,0.585,7,0,2.76,0,34,0,,29,5771
C01715,2023-03-01,Pro,79,2-Year,Credit Card,Canada,Education,90,0.512,4,0,2.01,1,0,0,,42,3318
C01716,2023-02-01,Pro,79,Month-to-month,ACH/Bank Transfer,USA,Nonprofit,8,0.647,4,1,5.0,0,44,0,,43,3397
C01717,2024-12-01,Pro,79,2-Year,Credit Card,Germany,Marketing/Agency,9,0.691,3,1,3.9,2,19,1,2025-05-01,6,474
C01718,2023-05-01,Enterprise,199,Month-to-month,Manual Invoice,USA,Manufacturing,35,0.558,8,1,5.0,2,5,0,,40,7960
C01719,2023-01-01,Basic,29,1-Year,PayPal,USA,Finance,55,0.518,2,2,3.35,0,3,1,2023-06-01,6,174
C01720,2024-03-01,Pro,79,1-Year,PayPal,USA,Manufacturing,197,0.149,1,3,3.78,1,3,0,,30,2370
C01721,2023-04-01,Enterprise,199,1-Year,Credit Card,Australia,Nonprofit,6,0.431,3,1,4.25,0,6,1,2023-10-01,7,1393
C01722,2024-04-01,Pro,79,1-Year,Credit Card,India,SaaS/Tech,40,0.545,3,1,4.77,1,7,0,,29,2291
C01723,2024-04-01,Enterprise,199,1-Year,Credit Card,India,SaaS/Tech,13,0.494,2,1,3.56,0,9,0,,29,5771
C01724,2023-02-01,Basic,29,2-Year,PayPal,Canada,Manufacturing,52,0.868,5,2,3.33,1,12,0,,43,1247
C01725,2023-08-01,Pro,79,Month-to-month,Credit Card,Germany,Marketing/Agency,35,0.273,0,0,3.73,1,5,1,2024-03-01,8,632
C01726,2026-03-01,Basic,29,1-Year,Credit Card,USA,SaaS/Tech,8,0.278,4,0,3.58,0,3,0,,6,174
C01727,2025-01-01,Pro,79,2-Year,Manual Invoice,UK,Marketing/Agency,54,0.775,2,1,4.0,0,16,0,,20,1580
C01728,2024-08-01,Pro,79,Month-to-month,Manual Invoice,Canada,SaaS/Tech,21,0.727,7,1,5.0,0,19,0,,25,1975
C01729,2023-10-01,Enterprise,199,1-Year,Credit Card,Germany,Nonprofit,120,0.657,6,2,4.52,1,7,0,,35,6965
C01730,2025-05-01,Pro,79,1-Year,PayPal,USA,SaaS/Tech,5,0.306,4,3,3.5,1,5,0,,16,1264
C01731,2023-02-01,Enterprise,199,Month-to-month,ACH/Bank Transfer,Canada,Education,77,0.173,3,0,4.26,2,11,1,2026-03-01,38,7562
C01732,2023-12-01,Enterprise,199,Month-to-month,ACH/Bank Transfer,India,E-commerce,8,0.572,5,3,3.77,2,7,1,2026-02-01,27,5373
C01733,2024-03-01,Pro,79,1-Year,Credit Card,Australia,Manufacturing,4,0.253,4,0,4.25,1,17,0,,30,2370
C01734,2023-10-01,Enterprise,199,1-Year,Credit Card,UK,Nonprofit,12,0.866,4,0,2.45,2,3,0,,35,6965
C01735,2023-04-01,Pro,79,1-Year,Credit Card,UK,Marketing/Agency,57,0.58,4,1,5.0,1,2,0,,41,3239
C01736,2023-03-01,Pro,79,Month-to-month,PayPal,Canada,Nonprofit,17,0.54,8,1,4.69,2,4,0,,42,3318
C01737,2023-09-01,Pro,79,Month-to-month,Credit Card,Germany,E-commerce,6,0.276,6,1,3.99,0,2,1,2024-04-01,8,632
C01738,2025-02-01,Basic,29,2-Year,Credit Card,Australia,Healthcare,40,0.806,4,3,5.0,0,10,0,,19,551
C01739,2026-01-01,Pro,79,1-Year,Credit Card,Australia,Nonprofit,4,0.58,6,1,4.16,0,5,0,,8,632
C01740,2025-11-01,Pro,79,2-Year,Manual Invoice,Germany,Marketing/Agency,20,0.511,3,1,4.56,1,3,0,,10,790
C01741,2026-02-01,Basic,29,1-Year,Credit Card,USA,E-commerce,16,0.375,3,1,3.05,1,8,1,2026-02-01,1,29
C01742,2023-01-01,Pro,79,Month-to-month,Credit Card,USA,Nonprofit,17,0.195,5,1,3.1,1,0,0,,44,3476
C01743,2023-11-01,Basic,29,Month-to-month,Manual Invoice,India,Finance,72,0.83,6,3,2.83,1,0,0,,34,986
C01744,2025-11-01,Pro,79,Month-to-month,PayPal,India,Nonprofit,16,0.966,10,1,2.56,1,2,0,,10,790
C01745,2026-04-01,Basic,29,Month-to-month,Credit Card,Germany,E-commerce,29,0.436,0,1,4.06,2,5,0,,5,145
C01746,2023-02-01,Basic,29,1-Year,Credit Card,Germany,Finance,22,0.344,7,4,3.96,0,14,1,2023-08-01,7,203
C01747,2025-05-01,Basic,29,1-Year,Credit Card,USA,Marketing/Agency,7,0.622,4,1,2.67,2,0,0,,16,464
C01748,2026-04-01,Basic,29,2-Year,ACH/Bank Transfer,Canada,Education,32,0.773,5,3,4.52,0,11,0,,5,145
C01749,2025-06-01,Basic,29,1-Year,Manual Invoice,Germany,Healthcare,15,0.707,2,2,3.94,1,3,0,,15,435
C01750,2023-05-01,Enterprise,199,Month-to-month,Credit Card,USA,Nonprofit,29,0.451,2,2,3.59,1,15,0,,40,7960
C01751,2024-11-01,Enterprise,199,1-Year,Credit Card,UK,Marketing/Agency,4,0.728,7,1,3.6,0,11,0,,22,4378
C01752,2025-05-01,Basic,29,Month-to-month,ACH/Bank Transfer,India,Manufacturing,61,0.661,6,1,3.78,0,4,0,,16,464
C01753,2024-01-01,Enterprise,199,1-Year,ACH/Bank Transfer,Germany,SaaS/Tech,60,0.402,2,2,4.22,0,46,0,,32,6368
C01754,2024-12-01,Basic,29,Month-to-month,Credit Card,Australia,Manufacturing,17,0.783,2,1,3.84,1,8,0,,21,609
C01755,2025-04-01,Enterprise,199,Month-to-month,ACH/Bank Transfer,Canada,Manufacturing,65,0.754,0,2,3.58,1,16,0,,17,3383
C01756,2025-08-01,Basic,29,2-Year,Credit Card,India,Education,223,0.697,5,1,5.0,1,3,0,,13,377
C01757,2026-01-01,Basic,29,2-Year,PayPal,India,SaaS/Tech,102,0.198,7,3,2.36,0,0,0,,8,232
C01758,2025-01-01,Enterprise,199,Month-to-month,ACH/Bank Transfer,USA,Manufacturing,4,1.0,4,1,4.46,1,16,0,,20,3980
C01759,2026-03-01,Pro,79,2-Year,PayPal,USA,Manufacturing,4,0.518,2,2,2.99,0,23,0,,6,474
C01760,2024-11-01,Enterprise,199,Month-to-month,Credit Card,Australia,Nonprofit,14,0.419,2,0,2.28,0,28,0,,22,4378
C01761,2023-02-01,Basic,29,Month-to-month,Credit Card,Canada,Manufacturing,22,0.475,2,0,2.67,0,4,1,2023-10-01,9,261
C01762,2023-03-01,Pro,79,Month-to-month,Credit Card,UK,Marketing/Agency,9,0.742,2,0,3.63,0,0,0,,42,3318
C01763,2024-02-01,Pro,79,Month-to-month,Credit Card,India,E-commerce,7,0.299,6,3,3.02,1,6,0,,31,2449
C01764,2023-07-01,Basic,29,2-Year,Credit Card,UK,Finance,7,0.329,5,2,4.2,0,25,0,,38,1102
C01765,2025-05-01,Pro,79,1-Year,Credit Card,Australia,E-commerce,55,0.571,6,1,5.0,0,19,0,,16,1264
C01766,2024-04-01,Pro,79,1-Year,Manual Invoice,USA,SaaS/Tech,137,0.543,7,1,4.13,0,8,0,,29,2291
C01767,2024-05-01,Basic,29,Month-to-month,ACH/Bank Transfer,UK,Nonprofit,27,0.548,3,0,4.31,2,3,1,2025-02-01,10,290
C01768,2023-07-01,Pro,79,2-Year,Credit Card,India,Finance,6,0.629,4,0,4.05,2,1,1,2024-09-01,15,1185
C01769,2023-04-01,Pro,79,1-Year,Credit Card,Canada,Marketing/Agency,16,0.449,3,4,3.29,0,28,1,2025-05-01,26,2054
C01770,2023-08-01,Pro,79,2-Year,ACH/Bank Transfer,USA,Healthcare,80,0.114,0,0,4.8,2,0,1,2024-06-01,11,869
C01771,2025-04-01,Enterprise,199,2-Year,Manual Invoice,Germany,Nonprofit,3,0.631,5,1,3.37,2,24,1,2025-10-01,7,1393
C01772,2024-04-01,Basic,29,Month-to-month,Credit Card,Australia,E-commerce,11,0.838,7,0,5.0,0,4,0,,29,841
C01773,2023-11-01,Pro,79,Month-to-month,Credit Card,Germany,SaaS/Tech,23,0.337,0,1,4.71,0,0,0,,34,2686
C01774,2023-02-01,Pro,79,1-Year,Credit Card,India,SaaS/Tech,3,0.527,3,0,3.48,2,16,1,2023-10-01,9,711
C01775,2026-03-01,Pro,79,2-Year,Credit Card,USA,Healthcare,59,0.69,5,3,3.68,0,9,0,,6,474
C01776,2025-11-01,Enterprise,199,Month-to-month,Credit Card,India,Healthcare,225,0.345,7,0,4.31,1,1,0,,10,1990
C01777,2023-07-01,Pro,79,1-Year,ACH/Bank Transfer,India,Nonprofit,77,0.668,5,2,2.42,0,15,0,,38,3002
C01778,2026-07-01,Basic,29,Month-to-month,Manual Invoice,Germany,SaaS/Tech,21,0.612,6,1,3.51,0,10,0,,2,58
C01779,2024-09-01,Basic,29,1-Year,Manual Invoice,Canada,Manufacturing,4,0.751,2,3,4.58,0,13,0,,24,696
C01780,2024-01-01,Basic,29,Month-to-month,Credit Card,Canada,Marketing/Agency,8,0.421,3,0,1.67,0,8,1,2024-01-01,1,29
C01781,2023-09-01,Basic,29,Month-to-month,Credit Card,India,Healthcare,15,0.739,4,3,2.38,1,13,1,2025-02-01,18,522
C01782,2023-01-01,Pro,79,Month-to-month,Credit Card,India,Finance,3,0.514,0,1,3.06,0,12,0,,44,3476
C01783,2025-03-01,Pro,79,Month-to-month,Credit Card,USA,Manufacturing,55,0.522,5,2,5.0,0,4,1,2025-04-01,2,158
C01784,2026-01-01,Pro,79,1-Year,Credit Card,UK,E-commerce,12,0.67,5,2,5.0,1,12,0,,8,632
C01785,2023-02-01,Basic,29,Month-to-month,Credit Card,USA,E-commerce,11,0.788,8,2,3.11,0,6,0,,43,1247
C01786,2025-06-01,Basic,29,2-Year,PayPal,Germany,Finance,58,0.722,5,1,5.0,2,1,0,,15,435
C01787,2024-04-01,Basic,29,Month-to-month,Credit Card,India,SaaS/Tech,9,0.674,4,2,4.64,1,0,0,,29,841
C01788,2024-03-01,Basic,29,1-Year,Credit Card,USA,Marketing/Agency,13,0.085,4,0,4.92,0,5,0,,30,870
C01789,2025-01-01,Enterprise,199,Month-to-month,Credit Card,India,Education,39,0.731,7,3,3.54,1,45,1,2025-01-01,1,199
C01790,2024-04-01,Basic,29,Month-to-month,Credit Card,Australia,E-commerce,5,0.554,2,2,4.4,0,14,0,,29,841
C01791,2026-05-01,Pro,79,1-Year,Credit Card,USA,Manufacturing,12,0.4,5,2,3.87,2,12,1,2026-06-01,2,158
C01792,2023-12-01,Basic,29,Month-to-month,Credit Card,Canada,Manufacturing,17,0.316,8,1,4.59,2,3,0,,33,957
C01793,2024-04-01,Basic,29,Month-to-month,ACH/Bank Transfer,India,E-commerce,7,0.407,7,1,3.42,1,16,0,,29,841
C01794,2025-05-01,Basic,29,Month-to-month,Credit Card,Germany,Marketing/Agency,296,0.173,5,0,4.04,2,20,0,,16,464
C01795,2026-05-01,Pro,79,Month-to-month,ACH/Bank Transfer,Canada,Manufacturing,6,0.505,7,1,5.0,1,1,0,,4,316
C01796,2023-10-01,Basic,29,1-Year,Credit Card,Canada,Nonprofit,15,0.589,6,1,3.79,0,15,0,,35,1015
C01797,2024-04-01,Basic,29,Month-to-month,ACH/Bank Transfer,USA,Marketing/Agency,14,0.164,3,3,3.22,2,1,1,2024-05-01,2,58
C01798,2025-03-01,Pro,79,Month-to-month,PayPal,USA,E-commerce,11,0.376,5,0,4.45,2,20,0,,18,1422
C01799,2023-05-01,Enterprise,199,Month-to-month,Credit Card,Australia,Healthcare,18,0.684,1,0,2.68,1,18,0,,40,7960
C01800,2024-03-01,Pro,79,Month-to-month,PayPal,India,Healthcare,16,0.152,4,0,3.05,0,14,0,,30,2370
C01801,2024-04-01,Enterprise,199,Month-to-month,Manual Invoice,USA,Nonprofit,50,0.833,6,3,5.0,2,12,0,,29,5771
C01802,2023-02-01,Basic,29,2-Year,Credit Card,India,Education,2,0.841,3,1,5.0,0,24,0,,43,1247
C01803,2026-04-01,Enterprise,199,2-Year,Credit Card,USA,Marketing/Agency,3,0.457,3,3,4.75,0,3,0,,5,995
C01804,2023-06-01,Basic,29,Month-to-month,Credit Card,UK,Education,51,0.624,3,4,5.0,1,8,0,,39,1131
C01805,2025-01-01,Pro,79,Month-to-month,ACH/Bank Transfer,India,SaaS/Tech,2,0.672,3,2,4.47,1,0,0,,20,1580
C01806,2024-06-01,Basic,29,Month-to-month,Credit Card,USA,Nonprofit,7,0.196,3,0,5.0,0,18,0,,27,783
C01807,2026-02-01,Basic,29,Month-to-month,Manual Invoice,Australia,Healthcare,29,0.717,4,0,4.1,0,3,0,,7,203
C01808,2024-04-01,Enterprise,199,Month-to-month,ACH/Bank Transfer,USA,SaaS/Tech,19,0.973,3,0,4.34,0,1,0,,29,5771
C01809,2024-01-01,Pro,79,Month-to-month,ACH/Bank Transfer,Germany,Education,9,0.614,5,0,3.32,0,14,0,,32,2528
C01810,2026-03-01,Enterprise,199,Month-to-month,ACH/Bank Transfer,USA,Education,6,0.547,6,2,2.92,0,26,0,,6,1194
C01811,2023-06-01,Pro,79,1-Year,Manual Invoice,Canada,Education,16,0.8,8,2,4.16,1,8,0,,39,3081
C01812,2026-05-01,Basic,29,1-Year,ACH/Bank Transfer,India,Nonprofit,49,0.738,4,2,2.62,1,1,0,,4,116
C01813,2025-01-01,Pro,79,1-Year,Credit Card,Germany,Marketing/Agency,84,0.518,5,1,1.99,1,5,1,2026-01-01,13,1027
C01814,2023-12-01,Basic,29,Month-to-month,Credit Card,UK,Nonprofit,8,0.267,6,2,3.13,1,9,1,2024-03-01,4,116
C01815,2024-06-01,Pro,79,2-Year,PayPal,India,SaaS/Tech,17,0.546,1,1,5.0,0,3,0,,27,2133
C01816,2023-12-01,Basic,29,Month-to-month,Credit Card,Germany,Finance,116,0.546,2,1,3.44,2,1,1,2024-03-01,4,116
C01817,2023-11-01,Basic,29,2-Year,Manual Invoice,UK,Manufacturing,24,0.344,3,1,4.81,0,6,0,,34,986
C01818,2024-12-01,Pro,79,Month-to-month,Manual Invoice,India,Education,36,0.353,3,1,5.0,1,5,0,,21,1659
C01819,2023-08-01,Pro,79,Month-to-month,Credit Card,Australia,Education,21,0.583,6,2,4.23,1,37,0,,37,2923
C01820,2025-04-01,Enterprise,199,1-Year,Credit Card,UK,Marketing/Agency,11,0.524,5,0,5.0,0,0,0,,17,3383
C01821,2026-05-01,Pro,79,1-Year,Credit Card,USA,SaaS/Tech,47,0.761,4,1,5.0,0,8,0,,4,316
C01822,2023-09-01,Pro,79,1-Year,ACH/Bank Transfer,Germany,Nonprofit,3,0.33,7,0,4.59,1,0,0,,36,2844
C01823,2024-10-01,Basic,29,Month-to-month,ACH/Bank Transfer,India,Education,28,0.513,5,5,4.38,0,1,0,,23,667
C01824,2023-02-01,Basic,29,Month-to-month,PayPal,USA,Education,2,0.717,1,3,4.22,1,57,0,,43,1247
C01825,2023-11-01,Basic,29,1-Year,Credit Card,Australia,Finance,7,0.667,3,0,3.56,0,9,1,2026-07-01,33,957
C01826,2026-03-01,Basic,29,Month-to-month,Credit Card,USA,E-commerce,179,0.472,6,1,3.95,1,7,0,,6,174
C01827,2025-08-01,Pro,79,1-Year,ACH/Bank Transfer,India,Finance,10,0.579,7,1,3.46,1,42,0,,13,1027
C01828,2024-07-01,Basic,29,Month-to-month,Manual Invoice,USA,E-commerce,22,0.413,3,2,5.0,1,0,1,2025-06-01,12,348
C01829,2024-09-01,Basic,29,1-Year,Credit Card,Australia,Finance,40,0.243,1,2,4.51,1,11,1,2026-02-01,18,522
C01830,2023-01-01,Basic,29,1-Year,Credit Card,USA,Finance,17,0.63,3,1,3.0,0,0,0,,44,1276
C01831,2026-07-01,Basic,29,Month-to-month,Credit Card,UK,SaaS/Tech,19,0.641,3,0,2.71,0,3,0,,2,58
C01832,2023-12-01,Enterprise,199,Month-to-month,Credit Card,USA,Marketing/Agency,3,0.581,5,5,3.41,0,24,1,2025-12-01,25,4975
C01833,2025-08-01,Pro,79,1-Year,Credit Card,Australia,Finance,7,0.642,5,2,4.09,2,3,1,2026-08-01,13,1027
C01834,2023-05-01,Basic,29,Month-to-month,ACH/Bank Transfer,Germany,Marketing/Agency,9,0.282,8,1,4.1,1,1,1,2023-06-01,2,58
C01835,2024-06-01,Basic,29,1-Year,Manual Invoice,Canada,Nonprofit,5,0.893,4,1,4.61,1,7,0,,27,783
C01836,2024-04-01,Enterprise,199,1-Year,Credit Card,Canada,Education,4,0.53,5,1,2.38,1,4,0,,29,5771
C01837,2025-04-01,Basic,29,Month-to-month,Manual Invoice,UK,Finance,16,0.729,5,3,3.88,0,26,0,,17,493
C01838,2025-09-01,Pro,79,Month-to-month,Credit Card,USA,E-commerce,12,0.241,6,0,2.04,1,0,0,,12,948
C01839,2023-09-01,Basic,29,Month-to-month,Manual Invoice,UK,E-commerce,16,0.595,2,3,3.01,1,4,1,2024-07-01,11,319
C01840,2024-10-01,Enterprise,199,Month-to-month,PayPal,India,Healthcare,45,0.605,9,2,2.72,0,0,0,,23,4577
C01841,2025-09-01,Pro,79,1-Year,Credit Card,UK,Marketing/Agency,8,0.726,4,2,3.04,0,9,0,,12,948
C01842,2026-07-01,Pro,79,Month-to-month,ACH/Bank Transfer,USA,E-commerce,6,0.591,5,0,3.2,0,11,0,,2,158
C01843,2026-07-01,Pro,79,Month-to-month,ACH/Bank Transfer,Australia,E-commerce,1,0.433,3,1,5.0,0,11,0,,2,158
C01844,2025-09-01,Basic,29,1-Year,Credit Card,Canada,SaaS/Tech,5,0.41,2,2,3.47,1,12,0,,12,348
C01845,2023-10-01,Basic,29,2-Year,PayPal,USA,E-commerce,99,0.67,3,1,4.88,0,30,0,,35,1015
C01846,2024-06-01,Basic,29,Month-to-month,PayPal,India,Education,52,0.374,7,2,3.17,1,38,1,2024-10-01,5,145
C01847,2025-11-01,Enterprise,199,Month-to-month,Credit Card,USA,Nonprofit,5,0.687,5,6,3.72,0,1,0,,10,1990
C01848,2024-05-01,Pro,79,Month-to-month,Manual Invoice,UK,Manufacturing,65,0.62,3,1,4.3,1,11,0,,28,2212
C01849,2025-05-01,Pro,79,2-Year,Manual Invoice,USA,Marketing/Agency,86,0.393,9,2,4.39,0,4,0,,16,1264
C01850,2023-12-01,Pro,79,1-Year,PayPal,USA,Education,13,0.518,4,1,5.0,1,8,0,,33,2607
C01851,2023-06-01,Basic,29,Month-to-month,Credit Card,India,Education,5,0.623,5,2,3.56,1,0,0,,39,1131
C01852,2025-07-01,Basic,29,2-Year,ACH/Bank Transfer,USA,Education,137,0.648,3,0,4.37,0,2,0,,14,406
C01853,2024-10-01,Basic,29,1-Year,Credit Card,Australia,E-commerce,20,0.774,3,2,3.94,1,44,1,2025-10-01,13,377
C01854,2025-05-01,Basic,29,Month-to-month,Credit Card,Canada,Education,22,0.449,3,0,5.0,2,1,1,2026-03-01,11,319
C01855,2025-06-01,Basic,29,Month-to-month,Credit Card,UK,E-commerce,53,0.252,4,0,3.93,0,33,0,,15,435
C01856,2023-08-01,Pro,79,1-Year,Credit Card,USA,SaaS/Tech,88,0.517,3,0,5.0,2,14,0,,37,2923
C01857,2023-03-01,Pro,79,1-Year,Credit Card,USA,Healthcare,19,0.709,3,0,3.55,0,24,0,,42,3318
C01858,2024-07-01,Pro,79,2-Year,ACH/Bank Transfer,Germany,SaaS/Tech,3,0.845,2,1,2.51,0,8,0,,26,2054
C01859,2026-03-01,Pro,79,Month-to-month,Credit Card,USA,Education,3,0.106,7,1,3.58,1,0,0,,6,474
C01860,2025-12-01,Basic,29,Month-to-month,Credit Card,UK,Healthcare,15,0.175,6,1,4.24,0,1,0,,9,261
C01861,2025-02-01,Pro,79,Month-to-month,Credit Card,USA,Finance,1,0.746,8,0,2.8,0,2,1,2026-01-01,12,948
C01862,2024-10-01,Pro,79,Month-to-month,Credit Card,India,Education,47,0.71,4,0,4.36,0,4,0,,23,1817
C01863,2023-06-01,Enterprise,199,Month-to-month,Credit Card,India,E-commerce,16,0.433,2,2,3.59,0,24,0,,39,7761
C01864,2023-12-01,Basic,29,Month-to-month,ACH/Bank Transfer,USA,Healthcare,5,0.543,5,2,4.9,2,11,1,2025-01-01,14,406
C01865,2024-12-01,Basic,29,1-Year,Credit Card,Australia,Marketing/Agency,4,0.491,4,3,2.87,0,28,0,,21,609
C01866,2025-09-01,Pro,79,1-Year,Credit Card,UK,Healthcare,16,0.481,4,5,5.0,0,25,0,,12,948
C01867,2026-07-01,Basic,29,1-Year,ACH/Bank Transfer,USA,E-commerce,9,0.557,4,0,4.49,0,3,0,,2,58
C01868,2025-01-01,Pro,79,2-Year,Manual Invoice,USA,SaaS/Tech,15,0.375,7,0,3.29,0,12,0,,20,1580
C01869,2023-02-01,Basic,29,Month-to-month,Credit Card,UK,SaaS/Tech,2,0.549,1,4,2.22,2,2,1,2023-05-01,4,116
C01870,2024-11-01,Basic,29,2-Year,Credit Card,Germany,Finance,47,0.526,3,3,3.24,0,45,0,,22,638
C01871,2025-12-01,Pro,79,Month-to-month,ACH/Bank Transfer,UK,E-commerce,50,0.18,2,1,4.31,1,6,1,2026-02-01,3,237
C01872,2023-11-01,Pro,79,1-Year,Credit Card,USA,Manufacturing,21,0.663,8,2,3.85,0,13,0,,34,2686
C01873,2024-08-01,Enterprise,199,Month-to-month,Credit Card,UK,Finance,67,0.633,5,2,5.0,2,72,1,2025-02-01,7,1393
C01874,2023-01-01,Basic,29,Month-to-month,ACH/Bank Transfer,India,Marketing/Agency,32,0.168,6,2,4.04,0,9,0,,44,1276
C01875,2025-01-01,Pro,79,Month-to-month,Credit Card,UK,Nonprofit,23,0.719,8,0,2.4,0,22,0,,20,1580
C01876,2024-08-01,Pro,79,1-Year,Credit Card,UK,Nonprofit,3,0.406,2,1,4.39,0,11,1,2024-08-01,1,79
C01877,2026-01-01,Basic,29,1-Year,ACH/Bank Transfer,India,Manufacturing,3,0.818,4,0,5.0,2,12,0,,8,232
C01878,2025-04-01,Pro,79,Month-to-month,ACH/Bank Transfer,Canada,Education,22,0.41,2,1,3.92,1,2,1,2025-12-01,9,711
C01879,2025-08-01,Pro,79,Month-to-month,Manual Invoice,Australia,E-commerce,6,0.629,3,2,2.1,0,2,0,,13,1027
C01880,2025-06-01,Pro,79,1-Year,Credit Card,USA,Manufacturing,10,0.744,9,0,3.15,0,3,0,,15,1185
C01881,2024-05-01,Basic,29,Month-to-month,ACH/Bank Transfer,USA,Education,34,0.48,4,5,3.37,0,3,0,,28,812
C01882,2023-09-01,Enterprise,199,Month-to-month,Credit Card,USA,Manufacturing,19,0.591,4,1,5.0,2,0,0,,36,7164
C01883,2024-02-01,Pro,79,1-Year,PayPal,UK,E-commerce,4,0.457,2,1,3.52,0,6,0,,31,2449
C01884,2026-01-01,Enterprise,199,Month-to-month,Credit Card,UK,Manufacturing,11,0.52,5,1,3.96,1,2,0,,8,1592
C01885,2023-10-01,Pro,79,Month-to-month,PayPal,India,E-commerce,29,0.727,4,1,4.29,1,23,1,2026-08-01,35,2765
C01886,2023-10-01,Pro,79,2-Year,Credit Card,USA,SaaS/Tech,28,0.692,7,1,5.0,1,8,0,,35,2765
C01887,2023-08-01,Pro,79,1-Year,Credit Card,UK,Education,3,0.535,3,1,3.82,0,5,0,,37,2923
C01888,2026-02-01,Pro,79,1-Year,Credit Card,India,E-commerce,50,0.317,5,1,5.0,1,17,0,,7,553
C01889,2025-10-01,Pro,79,Month-to-month,PayPal,USA,Healthcare,25,0.767,1,2,4.43,0,26,0,,11,869
C01890,2024-04-01,Enterprise,199,1-Year,PayPal,USA,SaaS/Tech,18,0.473,3,2,4.7,0,54,0,,29,5771
C01891,2025-12-01,Enterprise,199,Month-to-month,Credit Card,USA,E-commerce,15,0.367,5,2,4.79,2,2,1,2026-03-01,4,796
C01892,2025-05-01,Enterprise,199,1-Year,Credit Card,USA,SaaS/Tech,63,0.599,2,0,3.53,2,4,0,,16,3184
C01893,2024-03-01,Basic,29,Month-to-month,Credit Card,Australia,Education,5,0.437,3,2,4.08,0,2,0,,30,870
C01894,2025-09-01,Basic,29,1-Year,Credit Card,India,Finance,7,0.56,7,1,3.9,1,0,0,,12,348
C01895,2023-07-01,Enterprise,199,1-Year,Credit Card,India,Manufacturing,5,0.292,7,0,5.0,0,5,0,,38,7562
C01896,2025-08-01,Enterprise,199,Month-to-month,Credit Card,USA,Education,11,0.671,3,0,3.7,0,0,0,,13,2587
C01897,2025-05-01,Pro,79,Month-to-month,ACH/Bank Transfer,India,Education,4,0.681,4,0,4.54,0,3,0,,16,1264
C01898,2024-09-01,Basic,29,1-Year,Credit Card,Australia,Education,14,0.663,3,2,3.09,0,15,0,,24,696
C01899,2024-12-01,Pro,79,1-Year,Credit Card,USA,SaaS/Tech,12,0.287,0,1,4.35,0,4,0,,21,1659
C01900,2026-01-01,Enterprise,199,Month-to-month,PayPal,USA,Manufacturing,8,0.691,5,2,2.52,1,0,0,,8,1592
C01901,2026-07-01,Enterprise,199,Month-to-month,Credit Card,UK,Healthcare,169,0.828,0,2,4.51,0,10,0,,2,398
C01902,2023-12-01,Pro,79,Month-to-month,ACH/Bank Transfer,UK,SaaS/Tech,3,0.397,2,3,3.3,0,0,0,,33,2607
C01903,2025-08-01,Enterprise,199,Month-to-month,Credit Card,Australia,Healthcare,11,0.21,6,3,3.56,1,22,0,,13,2587
C01904,2025-10-01,Enterprise,199,Month-to-month,Credit Card,India,Finance,5,0.635,1,2,3.13,1,18,1,2026-07-01,10,1990
C01905,2023-08-01,Basic,29,1-Year,Credit Card,Australia,Nonprofit,30,0.201,4,0,4.15,1,15,0,,37,1073
C01906,2023-03-01,Basic,29,Month-to-month,PayPal,India,Nonprofit,4,0.47,7,3,2.73,0,37,1,2026-04-01,38,1102
C01907,2025-12-01,Enterprise,199,Month-to-month,PayPal,Germany,Nonprofit,19,0.566,2,0,3.98,0,1,1,2026-02-01,3,597
C01908,2025-11-01,Pro,79,1-Year,Credit Card,USA,Education,3,0.169,2,2,2.7,2,52,1,2026-01-01,3,237
C01909,2025-02-01,Enterprise,199,1-Year,ACH/Bank Transfer,India,Nonprofit,54,0.318,6,2,3.62,0,6,0,,19,3781
C01910,2026-06-01,Enterprise,199,1-Year,Credit Card,UK,Education,6,0.688,1,0,3.68,2,1,0,,3,597
C01911,2025-06-01,Basic,29,Month-to-month,PayPal,India,E-commerce,37,0.824,4,3,3.15,1,23,1,2025-06-01,1,29
C01912,2024-11-01,Pro,79,Month-to-month,PayPal,USA,Nonprofit,23,0.543,3,0,1.29,0,3,1,2025-08-01,10,790
C01913,2025-09-01,Enterprise,199,Month-to-month,ACH/Bank Transfer,USA,Marketing/Agency,26,0.592,5,0,3.87,0,12,0,,12,2388
C01914,2025-04-01,Pro,79,2-Year,ACH/Bank Transfer,USA,E-commerce,12,0.298,0,0,4.42,0,1,0,,17,1343
C01915,2024-04-01,Enterprise,199,1-Year,Manual Invoice,USA,Healthcare,21,0.484,4,2,3.58,0,15,0,,29,5771
C01916,2025-03-01,Basic,29,Month-to-month,Credit Card,UK,Finance,52,0.765,4,1,2.33,0,3,0,,18,522
C01917,2023-04-01,Enterprise,199,2-Year,ACH/Bank Transfer,USA,Manufacturing,1,0.562,5,2,4.43,2,1,0,,41,8159
C01918,2026-05-01,Enterprise,199,Month-to-month,Credit Card,Canada,E-commerce,105,0.5,1,3,5.0,1,1,0,,4,796
C01919,2025-01-01,Enterprise,199,Month-to-month,Credit Card,India,Nonprofit,5,0.617,3,1,4.47,0,0,0,,20,3980
C01920,2024-10-01,Basic,29,1-Year,Credit Card,India,Healthcare,10,0.578,4,1,3.71,0,25,0,,23,667
C01921,2023-09-01,Pro,79,1-Year,Credit Card,USA,Marketing/Agency,15,0.543,5,1,4.33,0,7,0,,36,2844
C01922,2025-09-01,Pro,79,1-Year,Credit Card,Germany,E-commerce,3,0.285,4,1,2.54,2,5,1,2026-01-01,5,395
C01923,2023-02-01,Enterprise,199,1-Year,Credit Card,USA,Education,53,0.141,4,1,3.02,0,8,1,2024-02-01,13,2587
C01924,2025-04-01,Basic,29,1-Year,PayPal,UK,Nonprofit,34,0.42,5,1,3.76,1,10,0,,17,493
C01925,2024-06-01,Basic,29,Month-to-month,Manual Invoice,Germany,Manufacturing,17,0.127,3,3,3.97,1,6,1,2024-08-01,3,87
C01926,2026-05-01,Basic,29,1-Year,Credit Card,India,Marketing/Agency,11,0.544,3,1,3.85,0,0,0,,4,116
C01927,2024-10-01,Pro,79,Month-to-month,Credit Card,Germany,Marketing/Agency,12,0.126,5,1,4.62,1,6,0,,23,1817
C01928,2023-10-01,Basic,29,1-Year,Credit Card,USA,Nonprofit,58,0.438,4,2,3.3,0,11,1,2026-02-01,29,841
C01929,2024-06-01,Enterprise,199,Month-to-month,Credit Card,Australia,Marketing/Agency,5,0.415,6,2,3.95,0,6,0,,27,5373
C01930,2024-10-01,Pro,79,1-Year,PayPal,Germany,Healthcare,4,0.82,2,2,3.57,0,73,0,,23,1817
C01931,2024-10-01,Pro,79,Month-to-month,Credit Card,India,Finance,3,0.919,2,4,3.17,1,3,0,,23,1817
C01932,2025-02-01,Pro,79,Month-to-month,Manual Invoice,USA,Marketing/Agency,26,0.401,4,0,3.17,0,19,0,,19,1501
C01933,2025-06-01,Basic,29,Month-to-month,Credit Card,UK,Marketing/Agency,1,0.579,5,5,4.26,0,23,1,2025-08-01,3,87
C01934,2025-06-01,Enterprise,199,1-Year,Credit Card,India,E-commerce,57,0.354,6,1,5.0,2,10,0,,15,2985
C01935,2023-02-01,Pro,79,2-Year,ACH/Bank Transfer,UK,Nonprofit,753,0.57,8,0,3.8,2,26,0,,43,3397
C01936,2024-01-01,Enterprise,199,Month-to-month,Credit Card,Germany,Nonprofit,33,0.793,5,0,3.84,0,1,0,,32,6368
C01937,2023-07-01,Basic,29,1-Year,Credit Card,USA,SaaS/Tech,16,0.606,2,2,4.43,0,1,0,,38,1102
C01938,2024-09-01,Basic,29,1-Year,Credit Card,Canada,SaaS/Tech,4,0.644,2,1,4.48,0,14,0,,24,696
C01939,2025-12-01,Basic,29,2-Year,PayPal,Canada,E-commerce,81,0.625,2,3,2.07,0,1,0,,9,261
C01940,2024-12-01,Basic,29,1-Year,PayPal,Germany,Healthcare,78,0.72,2,2,3.26,0,36,0,,21,609
C01941,2025-03-01,Basic,29,Month-to-month,Credit Card,Canada,Finance,19,0.624,2,2,2.84,0,4,0,,18,522
C01942,2024-12-01,Basic,29,1-Year,Credit Card,Canada,SaaS/Tech,15,0.261,4,0,3.09,2,2,0,,21,609
C01943,2026-01-01,Pro,79,Month-to-month,Manual Invoice,India,SaaS/Tech,10,0.368,6,2,5.0,0,17,0,,8,632
C01944,2023-05-01,Enterprise,199,1-Year,PayPal,UK,Education,9,0.503,4,0,3.4,0,1,0,,40,7960
C01945,2023-07-01,Basic,29,Month-to-month,Credit Card,UK,Manufacturing,11,0.535,6,1,5.0,0,4,0,,38,1102
C01946,2024-02-01,Basic,29,Month-to-month,Credit Card,Australia,Education,35,0.259,5,0,3.75,0,26,0,,31,899
C01947,2025-07-01,Pro,79,Month-to-month,ACH/Bank Transfer,Canada,Education,63,0.747,3,1,3.94,1,40,1,2026-01-01,7,553
C01948,2023-10-01,Basic,29,Month-to-month,Credit Card,USA,Education,83,0.763,4,1,3.63,0,5,0,,35,1015
C01949,2026-03-01,Enterprise,199,Month-to-month,Credit Card,UK,E-commerce,14,0.749,1,0,3.58,1,4,0,,6,1194
C01950,2023-08-01,Pro,79,Month-to-month,Credit Card,Australia,Finance,53,0.562,3,4,4.22,0,16,0,,37,2923
C01951,2023-12-01,Pro,79,Month-to-month,Credit Card,USA,Manufacturing,4,0.716,3,2,5.0,1,12,0,,33,2607
C01952,2023-11-01,Pro,79,1-Year,PayPal,USA,Education,19,0.639,4,0,3.35,2,41,0,,34,2686
C01953,2026-04-01,Basic,29,Month-to-month,Manual Invoice,India,Education,56,0.48,6,1,5.0,0,4,0,,5,145
C01954,2024-12-01,Basic,29,Month-to-month,Credit Card,India,Finance,28,0.765,4,0,3.95,2,0,1,2026-03-01,16,464
C01955,2024-08-01,Basic,29,1-Year,Credit Card,India,Finance,2,0.575,6,1,4.01,2,3,0,,25,725
C01956,2026-01-01,Basic,29,1-Year,ACH/Bank Transfer,Canada,Nonprofit,57,0.452,3,0,4.34,0,9,0,,8,232
C01957,2024-09-01,Enterprise,199,Month-to-month,ACH/Bank Transfer,UK,Marketing/Agency,181,1.0,8,3,4.81,1,9,0,,24,4776
C01958,2023-04-01,Pro,79,Month-to-month,PayPal,Australia,Marketing/Agency,43,0.855,8,2,3.37,0,15,0,,41,3239
C01959,2023-07-01,Pro,79,Month-to-month,Credit Card,UK,Finance,20,0.342,7,0,4.24,1,1,0,,38,3002
C01960,2024-09-01,Basic,29,Month-to-month,Credit Card,Australia,Finance,19,0.688,5,2,4.0,1,0,0,,24,696
C01961,2024-11-01,Pro,79,Month-to-month,Credit Card,India,SaaS/Tech,4,0.634,5,0,5.0,0,18,0,,22,1738
C01962,2026-02-01,Basic,29,Month-to-month,PayPal,USA,E-commerce,88,0.561,5,1,3.58,1,3,0,,7,203
C01963,2025-09-01,Pro,79,1-Year,PayPal,Canada,Education,36,0.571,4,2,4.99,0,23,0,,12,948
C01964,2024-01-01,Basic,29,Month-to-month,ACH/Bank Transfer,USA,Marketing/Agency,28,0.636,7,0,5.0,2,10,1,2024-05-01,5,145
C01965,2025-07-01,Basic,29,Month-to-month,Credit Card,Canada,E-commerce,28,0.628,3,0,4.0,1,33,0,,14,406
C01966,2023-02-01,Pro,79,Month-to-month,ACH/Bank Transfer,UK,Marketing/Agency,124,0.392,3,0,3.79,1,19,1,2023-12-01,11,869
C01967,2026-01-01,Basic,29,2-Year,Credit Card,USA,Healthcare,89,0.45,3,0,3.77,1,5,0,,8,232
C01968,2025-06-01,Basic,29,Month-to-month,Credit Card,Canada,E-commerce,4,0.261,7,1,3.48,1,12,0,,15,435
C01969,2023-08-01,Basic,29,Month-to-month,ACH/Bank Transfer,India,Marketing/Agency,9,0.612,3,1,2.93,2,5,0,,37,1073
C01970,2026-04-01,Basic,29,Month-to-month,Credit Card,UK,SaaS/Tech,20,0.894,2,1,3.81,1,10,0,,5,145
C01971,2024-04-01,Pro,79,2-Year,Manual Invoice,USA,Education,14,0.686,5,3,4.05,1,13,0,,29,2291
C01972,2025-07-01,Enterprise,199,1-Year,ACH/Bank Transfer,USA,Manufacturing,21,0.265,5,1,2.28,0,8,0,,14,2786
C01973,2023-08-01,Basic,29,Month-to-month,PayPal,USA,E-commerce,15,0.619,2,1,3.93,0,14,0,,37,1073
C01974,2024-12-01,Enterprise,199,Month-to-month,Manual Invoice,India,Healthcare,27,0.442,6,2,4.92,0,35,0,,21,4179
C01975,2025-04-01,Pro,79,Month-to-month,Credit Card,UK,E-commerce,39,0.359,2,1,3.7,0,0,0,,17,1343
C01976,2024-07-01,Enterprise,199,Month-to-month,ACH/Bank Transfer,Australia,Nonprofit,20,0.55,3,2,4.9,0,55,0,,26,5174
C01977,2024-12-01,Basic,29,Month-to-month,Manual Invoice,Canada,Manufacturing,3,0.578,2,0,4.3,1,12,1,2026-08-01,21,609
C01978,2025-06-01,Enterprise,199,Month-to-month,ACH/Bank Transfer,USA,Healthcare,93,0.51,5,1,2.63,0,29,1,2026-07-01,14,2786
C01979,2024-06-01,Basic,29,1-Year,ACH/Bank Transfer,USA,Education,52,0.343,0,4,2.61,0,12,0,,27,783
C01980,2024-03-01,Pro,79,Month-to-month,Credit Card,Germany,Nonprofit,12,0.34,5,1,2.48,0,9,1,2025-07-01,17,1343
C01981,2026-01-01,Basic,29,1-Year,PayPal,India,Healthcare,33,0.302,6,1,5.0,0,18,0,,8,232
C01982,2024-03-01,Enterprise,199,Month-to-month,Credit Card,UK,Marketing/Agency,17,0.174,4,0,3.61,0,10,0,,30,5970
C01983,2023-05-01,Basic,29,1-Year,PayPal,Canada,Nonprofit,94,0.979,7,1,5.0,0,16,0,,40,1160
C01984,2024-04-01,Enterprise,199,1-Year,Credit Card,USA,Manufacturing,26,0.495,6,2,5.0,1,4,0,,29,5771
C01985,2023-09-01,Pro,79,Month-to-month,Credit Card,USA,Finance,134,0.771,4,3,4.04,1,2,0,,36,2844
C01986,2024-10-01,Pro,79,Month-to-month,ACH/Bank Transfer,USA,Healthcare,6,0.251,4,4,4.38,0,19,0,,23,1817
C01987,2024-06-01,Enterprise,199,2-Year,ACH/Bank Transfer,Canada,Education,39,0.311,3,0,4.37,1,4,1,2024-07-01,2,398
C01988,2023-03-01,Basic,29,Month-to-month,Credit Card,Australia,Nonprofit,15,0.704,5,0,5.0,0,20,0,,42,1218
C01989,2024-11-01,Basic,29,Month-to-month,Credit Card,UK,Marketing/Agency,1,0.928,3,2,4.84,0,12,0,,22,638
C01990,2025-08-01,Basic,29,Month-to-month,Credit Card,USA,E-commerce,6,0.549,1,0,5.0,0,17,0,,13,377
C01991,2024-08-01,Pro,79,1-Year,PayPal,Australia,Finance,3,0.566,1,0,2.99,0,31,0,,25,1975
C01992,2025-09-01,Pro,79,1-Year,Manual Invoice,USA,E-commerce,9,0.592,2,0,3.4,2,11,0,,12,948
C01993,2026-04-01,Basic,29,Month-to-month,ACH/Bank Transfer,UK,Education,13,0.587,6,3,3.67,0,15,0,,5,145
C01994,2024-09-01,Basic,29,Month-to-month,Credit Card,India,E-commerce,12,0.526,3,2,5.0,0,12,0,,24,696
C01995,2024-03-01,Pro,79,2-Year,PayPal,USA,Marketing/Agency,12,0.403,5,3,5.0,0,11,0,,30,2370
C01996,2024-11-01,Basic,29,Month-to-month,Credit Card,Canada,Manufacturing,72,0.68,7,3,3.43,1,5,0,,22,638
C01997,2026-06-01,Basic,29,Month-to-month,ACH/Bank Transfer,UK,Education,41,0.377,5,2,3.7,0,11,0,,3,87
C01998,2024-07-01,Basic,29,Month-to-month,Credit Card,USA,Nonprofit,32,0.452,1,0,2.63,0,0,0,,26,754
C01999,2023-05-01,Pro,79,Month-to-month,ACH/Bank Transfer,India,Healthcare,52,0.425,4,1,4.13,1,19,1,2023-10-01,6,474
C02000,2023-03-01,Enterprise,199,1-Year,Credit Card,India,E-commerce,3,0.484,4,1,3.9,0,26,1,2025-04-01,26,5174
C02001,2024-04-01,Pro,79,Month-to-month,Credit Card,Germany,Nonprofit,52,0.518,3,1,3.46,1,5,0,,29,2291
C02002,2023-03-01,Pro,79,1-Year,Credit Card,Canada,SaaS/Tech,3,0.485,4,1,4.54,0,2,0,,42,3318
C02003,2024-10-01,Basic,29,Month-to-month,Credit Card,Australia,Finance,18,0.922,5,1,4.33,2,6,0,,23,667
C02004,2024-01-01,Basic,29,2-Year,Credit Card,Germany,Healthcare,16,0.216,2,1,3.76,0,14,0,,32,928
C02005,2023-09-01,Basic,29,Month-to-month,Credit Card,UK,SaaS/Tech,13,0.752,3,2,4.02,0,10,0,,36,1044
C02006,2023-01-01,Basic,29,Month-to-month,Credit Card,India,Education,27,1.0,2,3,2.83,0,24,1,2024-10-01,22,638
C02007,2026-07-01,Basic,29,1-Year,Credit Card,Australia,Healthcare,9,0.429,7,2,4.75,0,0,0,,2,58
C02008,2023-12-01,Pro,79,Month-to-month,PayPal,USA,Education,33,0.808,5,4,2.96,0,31,0,,33,2607
C02009,2025-03-01,Pro,79,Month-to-month,Credit Card,Germany,Manufacturing,7,0.268,3,0,5.0,0,8,0,,18,1422
C02010,2024-02-01,Basic,29,Month-to-month,Credit Card,UK,E-commerce,19,0.849,0,2,3.33,0,40,1,2024-05-01,4,116
C02011,2025-09-01,Basic,29,2-Year,Credit Card,UK,E-commerce,167,0.426,3,2,3.86,1,5,0,,12,348
C02012,2025-10-01,Basic,29,Month-to-month,Credit Card,India,Marketing/Agency,1,0.392,4,1,2.88,0,7,0,,11,319
C02013,2026-02-01,Basic,29,Month-to-month,Credit Card,USA,SaaS/Tech,18,0.656,5,1,2.79,0,8,1,2026-02-01,1,29
C02014,2024-12-01,Basic,29,2-Year,PayPal,Australia,Education,6,0.76,6,0,4.38,1,23,0,,21,609
C02015,2025-07-01,Enterprise,199,1-Year,Credit Card,Germany,Finance,13,0.535,1,1,2.75,0,0,0,,14,2786
C02016,2026-05-01,Basic,29,Month-to-month,ACH/Bank Transfer,UK,E-commerce,1,0.109,3,1,4.8,2,4,0,,4,116
C02017,2023-04-01,Basic,29,Month-to-month,Credit Card,UK,Nonprofit,73,0.408,6,5,4.52,0,8,1,2024-06-01,15,435
C02018,2026-02-01,Basic,29,1-Year,Credit Card,UK,Healthcare,17,0.216,4,1,4.68,0,2,0,,7,203
C02019,2024-05-01,Pro,79,2-Year,PayPal,Australia,Healthcare,19,0.818,7,3,4.8,1,28,0,,28,2212
C02020,2026-06-01,Pro,79,1-Year,Credit Card,USA,Healthcare,4,0.621,2,1,2.84,0,3,0,,3,237
C02021,2026-03-01,Pro,79,1-Year,PayPal,India,SaaS/Tech,64,0.747,2,1,3.64,1,33,0,,6,474
C02022,2023-08-01,Pro,79,1-Year,Credit Card,Germany,Healthcare,12,0.552,6,2,3.38,1,7,1,2026-04-01,33,2607
C02023,2025-09-01,Enterprise,199,Month-to-month,ACH/Bank Transfer,Canada,Marketing/Agency,13,0.283,6,1,4.13,0,10,0,,12,2388
C02024,2025-04-01,Basic,29,1-Year,Credit Card,Germany,Nonprofit,5,0.248,3,1,2.45,1,13,1,2025-06-01,3,87
C02025,2025-06-01,Basic,29,Month-to-month,Manual Invoice,Australia,Marketing/Agency,11,0.217,5,1,4.42,2,2,0,,15,435
C02026,2024-12-01,Pro,79,1-Year,Credit Card,USA,Manufacturing,7,0.544,3,1,4.25,2,3,0,,21,1659
C02027,2023-09-01,Basic,29,Month-to-month,ACH/Bank Transfer,Germany,Marketing/Agency,27,0.845,1,0,4.35,1,2,0,,36,1044
C02028,2026-05-01,Basic,29,2-Year,Credit Card,Canada,Manufacturing,18,0.154,5,3,4.43,0,44,0,,4,116
C02029,2026-07-01,Basic,29,2-Year,Manual Invoice,Germany,Manufacturing,14,0.344,3,2,4.64,0,9,0,,2,58
C02030,2026-05-01,Basic,29,Month-to-month,Credit Card,USA,Healthcare,15,0.495,7,1,3.62,2,0,0,,4,116
C02031,2024-11-01,Basic,29,2-Year,Credit Card,India,Manufacturing,17,0.656,4,1,3.87,1,22,0,,22,638
C02032,2024-05-01,Pro,79,Month-to-month,Credit Card,India,SaaS/Tech,7,0.629,5,1,3.84,0,32,0,,28,2212
C02033,2025-08-01,Pro,79,1-Year,Credit Card,India,Healthcare,2,0.221,3,0,3.82,0,2,0,,13,1027
C02034,2023-09-01,Basic,29,Month-to-month,ACH/Bank Transfer,Canada,Healthcare,11,0.641,3,1,3.58,1,11,0,,36,1044
C02035,2026-04-01,Basic,29,Month-to-month,ACH/Bank Transfer,Germany,Finance,97,0.448,5,1,4.24,0,6,0,,5,145
C02036,2026-06-01,Pro,79,1-Year,PayPal,Australia,Education,4,0.591,5,0,3.9,1,1,0,,3,237
C02037,2025-05-01,Basic,29,2-Year,ACH/Bank Transfer,UK,SaaS/Tech,1,1.0,4,0,3.4,0,9,0,,16,464
C02038,2024-07-01,Basic,29,1-Year,Credit Card,Australia,Education,44,0.539,3,2,2.82,1,2,0,,26,754
C02039,2025-10-01,Basic,29,1-Year,Credit Card,USA,Marketing/Agency,5,0.368,4,2,2.75,1,8,1,2026-01-01,4,116
C02040,2025-09-01,Basic,29,Month-to-month,Manual Invoice,Germany,Finance,8,0.367,6,0,4.83,2,5,0,,12,348
C02041,2024-11-01,Basic,29,1-Year,Credit Card,USA,SaaS/Tech,25,0.234,4,2,3.89,1,13,0,,22,638
C02042,2024-02-01,Basic,29,1-Year,Credit Card,Canada,E-commerce,12,0.733,5,2,4.75,1,2,1,2025-11-01,22,638
C02043,2023-09-01,Pro,79,1-Year,Credit Card,Canada,Marketing/Agency,10,0.595,10,2,3.12,2,16,1,2026-02-01,30,2370
C02044,2026-05-01,Enterprise,199,Month-to-month,Credit Card,Canada,SaaS/Tech,23,0.821,5,2,4.24,1,7,0,,4,796
C02045,2023-04-01,Basic,29,1-Year,PayPal,Australia,Nonprofit,7,0.601,1,0,4.09,1,5,1,2023-10-01,7,203
C02046,2023-12-01,Enterprise,199,Month-to-month,Credit Card,USA,E-commerce,25,0.524,4,0,3.14,1,4,1,2024-08-01,9,1791
C02047,2023-06-01,Basic,29,Month-to-month,ACH/Bank Transfer,Canada,SaaS/Tech,17,0.433,2,2,2.04,0,18,1,2025-11-01,30,870
C02048,2025-09-01,Pro,79,Month-to-month,ACH/Bank Transfer,UK,SaaS/Tech,35,0.552,3,1,4.63,0,12,0,,12,948
C02049,2023-11-01,Basic,29,Month-to-month,PayPal,Germany,Finance,27,0.605,5,1,4.33,0,31,0,,34,986
C02050,2024-06-01,Pro,79,1-Year,PayPal,India,Marketing/Agency,9,0.323,5,1,2.73,0,19,0,,27,2133
C02051,2025-11-01,Pro,79,Month-to-month,Credit Card,Canada,Finance,3,0.54,4,0,3.1,0,6,0,,10,790
C02052,2023-11-01,Pro,79,Month-to-month,ACH/Bank Transfer,UK,SaaS/Tech,18,0.753,3,1,5.0,0,13,0,,34,2686
C02053,2024-06-01,Basic,29,Month-to-month,ACH/Bank Transfer,USA,Finance,7,0.614,6,4,4.74,0,1,0,,27,783
C02054,2023-05-01,Pro,79,1-Year,Credit Card,USA,Manufacturing,35,0.927,2,3,3.98,0,15,0,,40,3160
C02055,2023-10-01,Enterprise,199,1-Year,Manual Invoice,Australia,E-commerce,5,0.293,4,1,5.0,0,18,0,,35,6965
C02056,2025-11-01,Basic,29,2-Year,Credit Card,USA,Marketing/Agency,3,0.058,2,1,3.9,1,4,0,,10,290
C02057,2023-09-01,Pro,79,Month-to-month,Credit Card,USA,Healthcare,18,0.593,4,0,3.2,1,0,1,2024-01-01,5,395
C02058,2023-12-01,Pro,79,1-Year,PayPal,Germany,Education,18,0.117,4,3,5.0,1,2,0,,33,2607
C02059,2026-05-01,Enterprise,199,1-Year,Credit Card,USA,Manufacturing,23,0.435,5,2,2.48,0,20,0,,4,796
C02060,2026-04-01,Basic,29,Month-to-month,Credit Card,USA,E-commerce,9,0.536,2,1,3.93,0,18,0,,5,145
C02061,2025-03-01,Pro,79,1-Year,Credit Card,USA,Marketing/Agency,45,0.341,6,0,4.52,2,2,0,,18,1422
C02062,2025-09-01,Pro,79,Month-to-month,PayPal,India,Finance,33,0.641,5,0,4.27,1,22,0,,12,948
C02063,2026-07-01,Basic,29,1-Year,PayPal,India,Manufacturing,45,0.554,6,0,2.74,0,14,0,,2,58
C02064,2023-07-01,Basic,29,1-Year,PayPal,Australia,Education,151,0.126,3,0,3.69,0,14,0,,38,1102
C02065,2024-01-01,Pro,79,Month-to-month,ACH/Bank Transfer,UK,Education,15,0.241,6,1,4.19,0,0,0,,32,2528
C02066,2024-07-01,Enterprise,199,Month-to-month,Credit Card,Canada,Education,8,0.478,4,3,4.05,1,6,0,,26,5174
C02067,2024-09-01,Basic,29,Month-to-month,Credit Card,Germany,Nonprofit,9,0.711,2,1,5.0,2,13,1,2026-08-01,24,696
C02068,2026-04-01,Pro,79,Month-to-month,ACH/Bank Transfer,India,Healthcare,10,0.584,3,3,5.0,0,25,0,,5,395
C02069,2025-11-01,Pro,79,Month-to-month,ACH/Bank Transfer,USA,E-commerce,10,0.571,3,1,4.31,2,5,0,,10,790
C02070,2024-02-01,Basic,29,1-Year,Credit Card,USA,Manufacturing,4,0.502,6,0,2.73,2,0,1,2025-10-01,21,609
C02071,2025-01-01,Basic,29,1-Year,Credit Card,Australia,Nonprofit,46,0.735,3,1,1.89,0,38,0,,20,580
C02072,2023-03-01,Pro,79,Month-to-month,Credit Card,India,Healthcare,5,0.544,1,1,4.6,1,4,1,2026-02-01,36,2844
C02073,2025-02-01,Enterprise,199,Month-to-month,Credit Card,USA,Education,16,0.778,2,1,3.94,0,12,0,,19,3781
C02074,2025-01-01,Basic,29,1-Year,Credit Card,USA,Nonprofit,4,0.276,5,1,4.97,0,8,0,,20,580
C02075,2024-09-01,Enterprise,199,2-Year,Credit Card,USA,Manufacturing,35,0.641,3,2,2.1,0,9,0,,24,4776
C02076,2024-03-01,Basic,29,1-Year,Credit Card,USA,Education,41,0.332,4,1,3.48,2,6,1,2024-10-01,8,232
C02077,2023-10-01,Enterprise,199,Month-to-month,PayPal,Australia,Nonprofit,11,0.487,2,0,3.18,0,3,0,,35,6965
C02078,2026-01-01,Pro,79,2-Year,Credit Card,USA,Education,15,0.511,4,1,4.99,0,9,1,2026-06-01,6,474
C02079,2025-06-01,Pro,79,Month-to-month,Credit Card,USA,Education,29,0.267,5,0,3.85,0,26,0,,15,1185
C02080,2026-06-01,Basic,29,Month-to-month,Manual Invoice,Germany,SaaS/Tech,8,0.238,3,1,3.81,0,27,0,,3,87
C02081,2025-04-01,Pro,79,2-Year,Credit Card,UK,Healthcare,54,0.401,5,4,3.78,0,28,0,,17,1343
C02082,2025-05-01,Basic,29,Month-to-month,Manual Invoice,Australia,SaaS/Tech,28,0.821,2,2,4.87,0,2,0,,16,464
C02083,2026-03-01,Enterprise,199,Month-to-month,ACH/Bank Transfer,UK,Finance,33,0.559,5,3,4.05,2,9,0,,6,1194
C02084,2026-01-01,Pro,79,1-Year,Credit Card,Australia,Nonprofit,34,0.688,4,0,2.72,0,19,0,,8,632
C02085,2023-10-01,Basic,29,Month-to-month,Credit Card,USA,Marketing/Agency,40,0.719,2,1,4.26,0,14,0,,35,1015
C02086,2024-01-01,Basic,29,2-Year,ACH/Bank Transfer,India,Finance,124,0.647,4,0,3.48,0,19,0,,32,928
C02087,2024-03-01,Basic,29,Month-to-month,Credit Card,India,Healthcare,16,0.448,4,1,3.77,1,6,0,,30,870
C02088,2024-09-01,Basic,29,Month-to-month,Credit Card,Canada,Manufacturing,43,0.485,1,0,4.68,1,11,1,2026-04-01,20,580
C02089,2025-01-01,Basic,29,1-Year,PayPal,USA,Healthcare,24,0.653,5,2,3.72,0,10,1,2026-06-01,18,522
C02090,2025-10-01,Pro,79,Month-to-month,PayPal,Germany,E-commerce,1,0.499,4,2,4.5,0,7,0,,11,869
C02091,2026-01-01,Enterprise,199,Month-to-month,Credit Card,USA,Finance,5,0.65,9,0,4.16,0,20,0,,8,1592
C02092,2026-06-01,Enterprise,199,Month-to-month,Credit Card,Australia,E-commerce,6,0.357,5,1,4.23,0,9,0,,3,597
C02093,2024-06-01,Pro,79,1-Year,Credit Card,India,Education,31,0.249,3,1,4.06,0,33,1,2025-02-01,9,711
C02094,2024-04-01,Enterprise,199,Month-to-month,Credit Card,USA,SaaS/Tech,8,0.677,6,4,4.13,0,10,0,,29,5771
C02095,2025-08-01,Pro,79,Month-to-month,Manual Invoice,USA,Finance,67,0.095,5,3,4.42,0,25,0,,13,1027
C02096,2025-02-01,Enterprise,199,Month-to-month,Credit Card,Canada,Manufacturing,27,0.58,5,1,4.97,2,10,1,2025-02-01,1,199
C02097,2024-12-01,Pro,79,Month-to-month,ACH/Bank Transfer,Canada,Nonprofit,43,0.345,2,0,5.0,0,6,0,,21,1659
C02098,2025-02-01,Basic,29,1-Year,ACH/Bank Transfer,Canada,Nonprofit,9,0.41,3,2,3.13,2,11,0,,19,551
C02099,2024-09-01,Basic,29,Month-to-month,Credit Card,Germany,Nonprofit,26,0.519,2,1,5.0,2,3,0,,24,696
C02100,2023-04-01,Pro,79,Month-to-month,Credit Card,UK,Nonprofit,2,0.686,4,1,1.73,0,2,0,,41,3239
C02101,2023-02-01,Basic,29,1-Year,PayPal,UK,Marketing/Agency,45,0.82,4,1,3.1,0,17,0,,43,1247
C02102,2025-08-01,Pro,79,Month-to-month,PayPal,Germany,Manufacturing,2,0.63,5,0,4.23,2,1,0,,13,1027
C02103,2024-05-01,Basic,29,Month-to-month,ACH/Bank Transfer,India,SaaS/Tech,7,0.426,6,3,3.41,0,30,0,,28,812
C02104,2026-04-01,Enterprise,199,Month-to-month,Credit Card,India,Education,6,0.539,4,1,4.0,1,28,0,,5,995
C02105,2025-07-01,Basic,29,Month-to-month,Credit Card,UK,Nonprofit,20,0.542,5,3,3.41,1,17,0,,14,406
C02106,2026-01-01,Basic,29,Month-to-month,Credit Card,India,Education,6,0.28,7,1,4.97,2,9,0,,8,232
C02107,2024-04-01,Enterprise,199,Month-to-month,Credit Card,UK,SaaS/Tech,85,0.152,7,1,4.33,0,2,0,,29,5771
C02108,2024-03-01,Pro,79,2-Year,Manual Invoice,Canada,Manufacturing,8,0.818,4,2,4.71,0,11,0,,30,2370
C02109,2023-05-01,Pro,79,1-Year,ACH/Bank Transfer,Australia,E-commerce,5,0.665,3,3,3.39,1,1,0,,40,3160
C02110,2023-09-01,Enterprise,199,2-Year,Credit Card,India,Manufacturing,1,0.269,9,0,3.12,0,1,0,,36,7164
C02111,2025-09-01,Pro,79,Month-to-month,ACH/Bank Transfer,USA,Finance,15,0.662,2,3,2.98,0,3,1,2026-05-01,9,711
C02112,2026-04-01,Pro,79,1-Year,PayPal,USA,Healthcare,6,0.546,4,1,4.8,1,2,0,,5,395
C02113,2024-11-01,Pro,79,2-Year,PayPal,Australia,Manufacturing,7,0.4,2,0,4.14,2,0,0,,22,1738
C02114,2025-07-01,Basic,29,1-Year,Manual Invoice,Germany,Healthcare,47,0.23,2,2,3.04,0,11,0,,14,406
C02115,2024-11-01,Pro,79,Month-to-month,Credit Card,Australia,Manufacturing,171,0.391,2,0,4.08,1,12,0,,22,1738
C02116,2024-10-01,Basic,29,Month-to-month,Credit Card,Australia,Nonprofit,22,0.65,2,3,4.62,0,37,0,,23,667
C02117,2024-05-01,Pro,79,Month-to-month,Credit Card,UK,Finance,3,0.528,5,1,3.95,0,14,1,2025-05-01,13,1027
C02118,2024-11-01,Basic,29,Month-to-month,ACH/Bank Transfer,Australia,Education,15,0.592,5,1,3.25,0,54,0,,22,638
C02119,2025-05-01,Pro,79,2-Year,Credit Card,UK,SaaS/Tech,7,0.796,4,1,4.55,1,27,0,,16,1264
C02120,2026-07-01,Pro,79,Month-to-month,Manual Invoice,USA,Marketing/Agency,39,0.65,7,0,4.64,0,17,0,,2,158
C02121,2026-06-01,Basic,29,Month-to-month,Credit Card,USA,Marketing/Agency,19,0.68,3,2,4.36,2,5,0,,3,87
C02122,2023-11-01,Pro,79,2-Year,Credit Card,UK,Manufacturing,20,0.57,5,3,2.77,0,14,0,,34,2686
C02123,2025-07-01,Basic,29,Month-to-month,PayPal,Germany,Nonprofit,1,0.819,2,3,2.53,1,6,0,,14,406
C02124,2025-08-01,Basic,29,Month-to-month,Credit Card,Germany,E-commerce,22,0.254,7,0,3.79,0,15,0,,13,377
C02125,2023-04-01,Pro,79,Month-to-month,Manual Invoice,USA,Finance,16,0.404,8,0,4.24,0,40,0,,41,3239
C02126,2023-09-01,Enterprise,199,Month-to-month,ACH/Bank Transfer,USA,SaaS/Tech,5,0.527,3,1,5.0,1,5,0,,36,7164
C02127,2025-12-01,Pro,79,1-Year,Credit Card,India,Education,4,0.863,7,1,4.69,1,12,0,,9,711
C02128,2023-05-01,Basic,29,Month-to-month,Credit Card,Australia,SaaS/Tech,1,0.548,4,2,4.49,0,14,0,,40,1160
C02129,2024-01-01,Basic,29,Month-to-month,Credit Card,Canada,SaaS/Tech,16,0.568,5,1,3.58,0,25,0,,32,928
C02130,2025-01-01,Basic,29,2-Year,Credit Card,Australia,Finance,29,0.561,4,1,3.84,1,5,0,,20,580
C02131,2023-05-01,Pro,79,Month-to-month,Credit Card,Canada,Education,20,0.651,6,3,4.72,0,2,0,,40,3160
C02132,2023-06-01,Pro,79,Month-to-month,Credit Card,UK,Finance,10,0.313,3,2,2.32,0,11,1,2023-12-01,7,553
C02133,2026-06-01,Pro,79,Month-to-month,PayPal,India,Marketing/Agency,3,0.498,1,2,4.01,1,6,0,,3,237
C02134,2025-05-01,Enterprise,199,1-Year,Credit Card,Germany,Nonprofit,24,0.871,3,1,4.25,1,14,0,,16,3184
C02135,2024-05-01,Basic,29,1-Year,Credit Card,Australia,Healthcare,1,0.66,4,1,5.0,1,10,0,,28,812
C02136,2025-04-01,Pro,79,Month-to-month,PayPal,Germany,Finance,14,0.795,3,1,2.92,1,20,1,2025-06-01,3,237
C02137,2026-04-01,Basic,29,1-Year,PayPal,Germany,Nonprofit,43,0.507,7,2,5.0,0,25,0,,5,145
C02138,2025-02-01,Basic,29,Month-to-month,ACH/Bank Transfer,Germany,Nonprofit,16,0.408,3,2,4.22,0,25,1,2025-11-01,10,290
C02139,2026-06-01,Basic,29,Month-to-month,PayPal,UK,Healthcare,17,0.493,2,1,4.98,2,11,0,,3,87
C02140,2025-04-01,Enterprise,199,Month-to-month,ACH/Bank Transfer,India,E-commerce,18,0.476,4,2,4.44,0,2,0,,17,3383
C02141,2023-10-01,Enterprise,199,Month-to-month,ACH/Bank Transfer,India,Finance,10,0.14,1,0,2.91,2,3,1,2023-12-01,3,597
C02142,2023-10-01,Basic,29,1-Year,Credit Card,Canada,Healthcare,1,0.557,5,2,3.78,0,1,0,,35,1015
C02143,2024-05-01,Enterprise,199,2-Year,Credit Card,India,E-commerce,8,0.846,4,0,3.7,1,29,1,2024-06-01,2,398
C02144,2026-04-01,Basic,29,1-Year,PayPal,USA,Nonprofit,46,0.697,1,2,3.69,0,23,0,,5,145
C02145,2025-07-01,Enterprise,199,Month-to-month,Credit Card,India,E-commerce,3,0.447,6,1,5.0,0,7,0,,14,2786
C02146,2023-03-01,Pro,79,1-Year,Credit Card,Canada,Marketing/Agency,8,0.667,3,4,4.9,0,4,0,,42,3318
C02147,2023-05-01,Enterprise,199,Month-to-month,ACH/Bank Transfer,Canada,E-commerce,4,0.632,3,1,3.35,2,11,1,2023-06-01,2,398
C02148,2024-04-01,Enterprise,199,Month-to-month,Credit Card,India,Healthcare,23,0.569,3,2,1.85,0,4,0,,29,5771
C02149,2025-02-01,Basic,29,2-Year,Credit Card,India,Healthcare,2,0.598,6,1,5.0,0,12,0,,19,551
C02150,2024-05-01,Basic,29,Month-to-month,Credit Card,UK,Finance,34,1.0,2,0,3.29,0,39,0,,28,812
C02151,2025-05-01,Pro,79,Month-to-month,ACH/Bank Transfer,Germany,Education,52,0.532,6,1,4.3,0,22,0,,16,1264
C02152,2024-01-01,Enterprise,199,Month-to-month,Manual Invoice,UK,Nonprofit,7,0.652,6,2,4.69,0,10,1,2024-09-01,9,1791
C02153,2025-03-01,Enterprise,199,2-Year,Credit Card,Australia,Nonprofit,34,0.341,3,3,3.9,0,8,0,,18,3582
C02154,2025-09-01,Basic,29,Month-to-month,Manual Invoice,UK,Education,19,0.867,5,1,2.76,1,29,0,,12,348
C02155,2026-05-01,Enterprise,199,1-Year,ACH/Bank Transfer,UK,E-commerce,625,0.308,6,0,5.0,2,27,0,,4,796
C02156,2024-04-01,Pro,79,1-Year,Credit Card,Australia,Finance,15,0.577,4,2,4.68,2,6,1,2025-10-01,19,1501
C02157,2024-06-01,Enterprise,199,1-Year,ACH/Bank Transfer,Australia,Nonprofit,31,0.563,5,0,3.66,0,11,0,,27,5373
C02158,2026-01-01,Pro,79,1-Year,ACH/Bank Transfer,USA,Nonprofit,31,0.708,6,1,5.0,0,2,0,,8,632
C02159,2025-09-01,Basic,29,1-Year,PayPal,USA,Education,47,0.887,1,2,2.72,0,1,0,,12,348
C02160,2023-08-01,Pro,79,Month-to-month,ACH/Bank Transfer,India,SaaS/Tech,20,0.596,1,1,3.55,0,1,1,2024-03-01,8,632
C02161,2024-03-01,Basic,29,Month-to-month,Credit Card,India,Marketing/Agency,14,0.374,5,0,2.85,0,16,0,,30,870
C02162,2026-07-01,Pro,79,Month-to-month,Credit Card,USA,Education,3,0.704,8,4,4.57,1,2,0,,2,158
C02163,2024-05-01,Basic,29,1-Year,Credit Card,USA,Education,31,0.556,5,1,4.85,2,11,1,2025-03-01,11,319
C02164,2026-02-01,Basic,29,Month-to-month,Credit Card,USA,Finance,35,0.517,5,1,3.08,0,2,0,,7,203
C02165,2023-02-01,Basic,29,Month-to-month,ACH/Bank Transfer,USA,Manufacturing,26,0.335,2,1,3.18,0,23,1,2024-10-01,21,609
C02166,2023-10-01,Pro,79,1-Year,ACH/Bank Transfer,Canada,Manufacturing,90,0.559,2,2,4.91,0,11,0,,35,2765
C02167,2023-07-01,Basic,29,Month-to-month,Credit Card,USA,Manufacturing,21,0.517,4,1,3.94,1,0,1,2024-07-01,13,377
C02168,2026-06-01,Basic,29,2-Year,ACH/Bank Transfer,USA,Manufacturing,164,0.491,3,1,4.09,1,20,0,,3,87
C02169,2023-10-01,Enterprise,199,2-Year,Credit Card,Germany,Marketing/Agency,13,0.674,3,0,5.0,1,19,0,,35,6965
C02170,2025-07-01,Basic,29,1-Year,ACH/Bank Transfer,India,Nonprofit,10,0.459,2,2,5.0,0,12,0,,14,406
C02171,2025-11-01,Pro,79,2-Year,PayPal,Germany,Nonprofit,5,0.303,5,0,2.11,0,5,0,,10,790
C02172,2024-01-01,Pro,79,Month-to-month,Credit Card,Canada,Manufacturing,47,0.6,4,1,3.8,0,11,0,,32,2528
C02173,2025-05-01,Pro,79,1-Year,ACH/Bank Transfer,USA,Manufacturing,9,0.091,7,0,4.17,0,8,0,,16,1264
C02174,2023-09-01,Basic,29,1-Year,PayPal,UK,Marketing/Agency,48,0.394,8,2,5.0,0,2,0,,36,1044
C02175,2024-03-01,Enterprise,199,2-Year,ACH/Bank Transfer,USA,SaaS/Tech,5,0.669,3,1,3.15,0,1,0,,30,5970
C02176,2026-05-01,Enterprise,199,Month-to-month,Credit Card,USA,E-commerce,2,0.24,6,2,3.37,0,0,0,,4,796
C02177,2025-09-01,Basic,29,Month-to-month,Credit Card,USA,Manufacturing,43,0.843,4,0,4.03,0,1,0,,12,348
C02178,2024-11-01,Pro,79,2-Year,Manual Invoice,USA,Education,7,0.623,11,1,5.0,0,5,0,,22,1738
C02179,2026-01-01,Enterprise,199,2-Year,ACH/Bank Transfer,USA,E-commerce,153,0.471,6,1,4.14,2,0,0,,8,1592
C02180,2024-07-01,Basic,29,Month-to-month,Credit Card,India,Healthcare,34,0.467,5,1,3.59,1,4,0,,26,754
C02181,2023-12-01,Basic,29,Month-to-month,ACH/Bank Transfer,Canada,E-commerce,5,1.0,4,3,4.51,0,4,1,2025-09-01,22,638
C02182,2026-03-01,Pro,79,Month-to-month,Credit Card,USA,Healthcare,82,0.734,2,0,4.01,1,19,1,2026-04-01,2,158
C02183,2026-05-01,Pro,79,1-Year,Manual Invoice,Canada,Finance,294,0.58,7,0,3.76,0,0,0,,4,316
C02184,2024-08-01,Pro,79,1-Year,PayPal,India,Healthcare,25,0.245,6,0,1.89,0,2,0,,25,1975
C02185,2026-06-01,Basic,29,Month-to-month,Credit Card,USA,Finance,7,0.661,6,2,5.0,0,29,0,,3,87
C02186,2026-06-01,Enterprise,199,Month-to-month,Credit Card,UK,Healthcare,16,0.633,7,0,4.68,0,18,0,,3,597
C02187,2026-02-01,Enterprise,199,Month-to-month,ACH/Bank Transfer,UK,Healthcare,20,0.489,7,0,5.0,0,2,0,,7,1393
C02188,2026-06-01,Basic,29,Month-to-month,Credit Card,USA,Marketing/Agency,33,0.36,3,0,3.91,0,26,0,,3,87
C02189,2026-04-01,Basic,29,Month-to-month,Credit Card,Germany,E-commerce,6,0.467,3,1,5.0,1,10,0,,5,145
C02190,2024-03-01,Basic,29,Month-to-month,Credit Card,USA,Nonprofit,4,0.618,4,1,3.83,0,8,0,,30,870
C02191,2023-08-01,Pro,79,2-Year,Manual Invoice,USA,Marketing/Agency,28,0.989,10,3,3.74,0,24,0,,37,2923
C02192,2023-06-01,Pro,79,1-Year,PayPal,India,Marketing/Agency,40,0.501,6,3,3.72,0,7,0,,39,3081
C02193,2023-04-01,Pro,79,Month-to-month,Credit Card,USA,Nonprofit,84,0.8,2,1,4.82,0,15,1,2023-06-01,3,237
C02194,2026-07-01,Pro,79,Month-to-month,Credit Card,USA,Healthcare,21,0.373,6,1,4.2,1,14,0,,2,158
C02195,2026-04-01,Basic,29,1-Year,Credit Card,UK,Marketing/Agency,8,0.24,5,1,4.24,1,86,0,,5,145
C02196,2025-11-01,Basic,29,1-Year,Credit Card,Germany,Healthcare,42,0.514,6,0,3.5,0,20,0,,10,290
C02197,2023-08-01,Basic,29,Month-to-month,ACH/Bank Transfer,UK,Manufacturing,94,0.802,2,2,3.85,0,27,0,,37,1073
C02198,2025-05-01,Pro,79,Month-to-month,Credit Card,India,Finance,3,0.436,3,0,3.6,1,16,0,,16,1264
C02199,2024-10-01,Basic,29,2-Year,Credit Card,USA,E-commerce,123,0.513,1,1,2.85,0,1,0,,23,667
C02200,2024-11-01,Basic,29,1-Year,Manual Invoice,India,SaaS/Tech,29,0.604,7,1,5.0,0,3,0,,22,638
C02201,2024-09-01,Basic,29,2-Year,Credit Card,India,E-commerce,15,0.334,3,1,4.3,0,15,0,,24,696
C02202,2026-05-01,Basic,29,1-Year,ACH/Bank Transfer,UK,Marketing/Agency,5,1.0,7,1,3.86,0,1,0,,4,116
C02203,2025-12-01,Basic,29,Month-to-month,Credit Card,India,Manufacturing,21,0.596,4,2,2.73,0,18,0,,9,261
C02204,2023-01-01,Pro,79,2-Year,Credit Card,USA,Finance,11,0.576,3,1,3.26,1,8,1,2025-03-01,27,2133
C02205,2024-01-01,Basic,29,Month-to-month,Credit Card,UK,Marketing/Agency,27,0.679,5,4,2.41,1,10,1,2024-05-01,5,145
C02206,2023-10-01,Enterprise,199,1-Year,Credit Card,India,SaaS/Tech,7,0.192,4,3,2.6,0,5,0,,35,6965
C02207,2025-10-01,Basic,29,Month-to-month,PayPal,Australia,Marketing/Agency,134,0.057,2,2,3.28,0,0,0,,11,319
C02208,2025-11-01,Enterprise,199,2-Year,Credit Card,USA,SaaS/Tech,50,0.642,4,1,4.95,1,1,0,,10,1990
C02209,2025-04-01,Basic,29,1-Year,Credit Card,India,SaaS/Tech,56,0.666,1,0,3.98,0,2,0,,17,493
C02210,2024-09-01,Basic,29,1-Year,PayPal,Australia,Nonprofit,12,1.0,2,3,5.0,0,12,0,,24,696
C02211,2023-04-01,Pro,79,2-Year,Credit Card,Germany,Healthcare,27,0.279,4,3,4.08,0,1,0,,41,3239
C02212,2024-10-01,Pro,79,1-Year,Credit Card,UK,SaaS/Tech,8,0.867,2,1,2.41,0,6,0,,23,1817
C02213,2025-09-01,Basic,29,Month-to-month,Credit Card,India,Finance,123,0.908,6,0,4.56,2,11,0,,12,348
C02214,2026-01-01,Pro,79,Month-to-month,Credit Card,India,Nonprofit,40,0.461,2,2,2.41,0,6,0,,8,632
C02215,2024-02-01,Pro,79,Month-to-month,PayPal,USA,Manufacturing,1,0.495,2,3,3.56,0,1,0,,31,2449
C02216,2024-12-01,Basic,29,Month-to-month,Credit Card,Germany,Marketing/Agency,3,0.497,4,4,2.34,1,3,1,2025-03-01,4,116
C02217,2025-07-01,Pro,79,1-Year,ACH/Bank Transfer,Germany,Nonprofit,18,0.599,5,5,5.0,1,8,0,,14,1106
C02218,2024-01-01,Basic,29,Month-to-month,Credit Card,Germany,E-commerce,38,0.112,5,3,3.72,1,38,1,2024-09-01,9,261
C02219,2025-07-01,Basic,29,Month-to-month,Credit Card,USA,Nonprofit,66,0.101,5,1,4.35,0,2,0,,14,406
C02220,2025-01-01,Enterprise,199,2-Year,Manual Invoice,India,Finance,31,0.448,4,0,4.31,1,0,0,,20,3980
C02221,2025-11-01,Basic,29,1-Year,Credit Card,Australia,Education,10,0.567,4,3,4.3,1,31,0,,10,290
C02222,2023-11-01,Basic,29,Month-to-month,Credit Card,USA,Education,2,0.427,4,0,5.0,0,1,0,,34,986
C02223,2023-09-01,Basic,29,Month-to-month,ACH/Bank Transfer,Germany,Nonprofit,9,0.293,6,1,3.75,0,6,0,,36,1044
C02224,2025-12-01,Basic,29,1-Year,Credit Card,India,E-commerce,27,0.831,6,1,3.27,0,2,0,,9,261
C02225,2024-04-01,Pro,79,1-Year,Credit Card,UK,E-commerce,9,0.873,4,2,4.25,1,4,0,,29,2291
C02226,2024-05-01,Basic,29,Month-to-month,Credit Card,Germany,Healthcare,2,0.439,3,2,3.85,0,14,0,,28,812
C02227,2024-01-01,Pro,79,2-Year,Credit Card,USA,SaaS/Tech,92,0.545,2,1,4.3,0,22,0,,32,2528
C02228,2023-08-01,Pro,79,2-Year,ACH/Bank Transfer,Canada,Finance,1,0.571,3,1,2.21,0,3,0,,37,2923
C02229,2025-06-01,Basic,29,Month-to-month,Manual Invoice,Canada,Nonprofit,67,0.032,6,1,4.06,0,1,0,,15,435
C02230,2024-10-01,Enterprise,199,Month-to-month,Credit Card,Australia,Education,18,0.367,4,1,3.87,0,5,0,,23,4577
C02231,2025-06-01,Pro,79,Month-to-month,Credit Card,India,E-commerce,5,0.421,7,3,5.0,0,63,0,,15,1185
C02232,2023-08-01,Pro,79,1-Year,Credit Card,USA,SaaS/Tech,59,0.549,5,3,3.73,2,6,1,2023-12-01,5,395
C02233,2024-09-01,Basic,29,1-Year,ACH/Bank Transfer,Germany,E-commerce,7,0.579,8,2,2.08,0,0,0,,24,696
C02234,2026-07-01,Pro,79,Month-to-month,ACH/Bank Transfer,USA,E-commerce,11,0.556,6,3,3.89,0,18,0,,2,158
C02235,2024-05-01,Enterprise,199,Month-to-month,ACH/Bank Transfer,Australia,Marketing/Agency,32,0.498,5,3,2.72,0,12,1,2024-09-01,5,995
C02236,2026-01-01,Pro,79,Month-to-month,Credit Card,India,Healthcare,4,0.78,3,2,4.02,2,17,1,2026-05-01,5,395
C02237,2023-05-01,Basic,29,Month-to-month,Credit Card,Germany,Education,32,0.706,4,1,3.51,0,9,0,,40,1160
C02238,2026-03-01,Basic,29,1-Year,ACH/Bank Transfer,India,SaaS/Tech,140,0.244,5,0,4.56,0,20,0,,6,174
C02239,2024-08-01,Basic,29,Month-to-month,Credit Card,UK,Manufacturing,5,0.382,3,3,3.88,0,10,0,,25,725
C02240,2024-04-01,Pro,79,1-Year,Credit Card,India,Finance,35,0.564,7,1,2.96,0,11,0,,29,2291
C02241,2023-05-01,Basic,29,Month-to-month,ACH/Bank Transfer,USA,Nonprofit,39,0.364,2,2,3.15,1,24,1,2025-11-01,31,899
C02242,2024-04-01,Basic,29,Month-to-month,Credit Card,USA,Manufacturing,1,0.656,8,2,4.47,0,2,0,,29,841
C02243,2024-01-01,Basic,29,1-Year,ACH/Bank Transfer,USA,SaaS/Tech,10,0.556,2,1,2.96,0,4,0,,32,928
C02244,2025-03-01,Pro,79,Month-to-month,PayPal,Canada,Nonprofit,8,0.489,4,2,4.22,0,2,0,,18,1422
C02245,2026-02-01,Pro,79,Month-to-month,Credit Card,USA,Marketing/Agency,32,0.554,1,2,4.86,2,13,1,2026-03-01,2,158
C02246,2026-04-01,Basic,29,1-Year,Credit Card,UK,Healthcare,3,1.0,2,1,3.43,0,5,0,,5,145
C02247,2023-11-01,Pro,79,1-Year,Manual Invoice,Australia,Education,19,0.805,2,1,3.64,0,2,0,,34,2686
C02248,2023-04-01,Pro,79,Month-to-month,Credit Card,Germany,Education,18,0.629,2,4,4.5,0,18,1,2024-08-01,17,1343
C02249,2025-10-01,Basic,29,Month-to-month,Credit Card,India,Manufacturing,14,0.876,4,2,2.76,0,8,0,,11,319
C02250,2023-07-01,Enterprise,199,1-Year,Credit Card,UK,E-commerce,14,0.236,1,1,4.69,0,7,0,,38,7562
C02251,2025-09-01,Pro,79,2-Year,PayPal,India,Marketing/Agency,12,0.578,6,3,4.02,1,2,0,,12,948
C02252,2026-02-01,Enterprise,199,1-Year,Credit Card,USA,Finance,25,0.537,3,3,5.0,2,4,0,,7,1393
C02253,2024-02-01,Pro,79,1-Year,PayPal,Germany,Finance,44,0.276,5,1,2.86,1,16,1,2024-05-01,4,316
C02254,2023-08-01,Basic,29,1-Year,Credit Card,USA,Finance,15,0.431,5,0,4.95,0,2,0,,37,1073
C02255,2023-10-01,Enterprise,199,Month-to-month,ACH/Bank Transfer,Germany,Finance,22,0.636,3,0,4.85,0,0,0,,35,6965
C02256,2025-01-01,Basic,29,Month-to-month,Credit Card,UK,Manufacturing,7,0.632,5,2,4.61,2,17,0,,20,580
C02257,2024-09-01,Pro,79,Month-to-month,Credit Card,India,SaaS/Tech,7,0.645,5,0,3.78,2,1,0,,24,1896
C02258,2026-05-01,Basic,29,Month-to-month,Credit Card,USA,Manufacturing,24,0.563,4,3,4.83,0,18,0,,4,116
C02259,2024-07-01,Basic,29,Month-to-month,Manual Invoice,USA,E-commerce,33,0.282,3,0,3.63,0,0,0,,26,754
C02260,2025-09-01,Enterprise,199,1-Year,ACH/Bank Transfer,Germany,SaaS/Tech,27,0.43,5,1,4.96,1,1,0,,12,2388
C02261,2024-09-01,Pro,79,2-Year,Manual Invoice,Australia,Healthcare,3,0.545,3,0,4.32,2,37,0,,24,1896
C02262,2026-03-01,Pro,79,2-Year,Manual Invoice,Australia,Nonprofit,9,0.485,2,0,4.26,0,4,0,,6,474
C02263,2023-02-01,Basic,29,2-Year,ACH/Bank Transfer,Germany,Education,134,0.558,9,1,3.2,0,35,0,,43,1247
C02264,2025-01-01,Basic,29,2-Year,Manual Invoice,USA,E-commerce,29,0.733,3,0,2.38,0,0,0,,20,580
C02265,2024-10-01,Pro,79,Month-to-month,Manual Invoice,India,Marketing/Agency,8,0.669,1,3,1.05,0,6,0,,23,1817
C02266,2025-12-01,Pro,79,Month-to-month,Manual Invoice,Germany,E-commerce,38,0.579,3,2,5.0,0,3,0,,9,711
C02267,2024-03-01,Basic,29,Month-to-month,PayPal,Canada,Education,50,0.247,7,1,4.07,1,7,1,2024-09-01,7,203
C02268,2025-03-01,Pro,79,Month-to-month,Credit Card,Canada,SaaS/Tech,77,0.493,2,0,5.0,0,32,1,2026-06-01,16,1264
C02269,2023-01-01,Basic,29,1-Year,Credit Card,USA,Manufacturing,18,0.377,2,1,4.32,0,5,0,,44,1276
C02270,2023-11-01,Basic,29,1-Year,Credit Card,Germany,Education,7,0.272,3,1,2.68,2,17,1,2024-02-01,4,116
C02271,2024-04-01,Basic,29,1-Year,Credit Card,India,Nonprofit,9,0.275,4,1,2.32,1,7,1,2024-09-01,6,174
C02272,2025-03-01,Pro,79,Month-to-month,Credit Card,USA,Marketing/Agency,192,0.513,1,2,3.45,0,0,1,2025-05-01,3,237
C02273,2025-01-01,Basic,29,Month-to-month,Manual Invoice,India,Finance,5,0.614,1,2,4.89,1,4,0,,20,580
C02274,2026-07-01,Enterprise,199,2-Year,Credit Card,UK,SaaS/Tech,8,0.585,2,3,3.55,0,2,0,,2,398
C02275,2025-10-01,Basic,29,Month-to-month,Credit Card,Germany,SaaS/Tech,4,0.531,3,0,4.33,0,0,0,,11,319
C02276,2026-06-01,Pro,79,1-Year,Manual Invoice,Germany,Marketing/Agency,23,0.539,4,3,3.32,0,3,0,,3,237
C02277,2024-06-01,Basic,29,Month-to-month,PayPal,Germany,Finance,7,0.02,2,1,4.57,2,20,1,2024-12-01,7,203
C02278,2024-02-01,Enterprise,199,2-Year,Credit Card,Australia,SaaS/Tech,43,0.775,2,2,4.1,1,18,0,,31,6169
C02279,2023-08-01,Basic,29,1-Year,Credit Card,Australia,Marketing/Agency,24,0.883,4,1,2.6,0,18,1,2024-06-01,11,319
C02280,2024-07-01,Basic,29,Month-to-month,PayPal,Australia,SaaS/Tech,5,0.757,4,2,4.02,1,16,1,2026-02-01,20,580
C02281,2026-05-01,Basic,29,2-Year,ACH/Bank Transfer,UK,Manufacturing,2,0.478,4,1,3.53,2,1,0,,4,116
C02282,2024-02-01,Enterprise,199,1-Year,ACH/Bank Transfer,India,Finance,6,0.997,1,0,3.83,0,10,0,,31,6169
C02283,2024-06-01,Pro,79,Month-to-month,Credit Card,India,Nonprofit,14,0.796,3,0,3.73,0,18,0,,27,2133
C02284,2024-07-01,Pro,79,1-Year,Credit Card,Australia,Manufacturing,6,0.523,3,3,3.2,1,27,0,,26,2054
C02285,2024-06-01,Basic,29,Month-to-month,Manual Invoice,UK,Nonprofit,20,0.37,4,1,3.57,1,10,0,,27,783
C02286,2024-01-01,Pro,79,1-Year,PayPal,USA,E-commerce,8,0.764,4,1,5.0,0,8,0,,32,2528
C02287,2024-03-01,Pro,79,2-Year,Credit Card,USA,Marketing/Agency,5,0.28,3,0,3.29,1,8,1,2024-11-01,9,711
C02288,2024-12-01,Basic,29,2-Year,ACH/Bank Transfer,UK,Finance,7,0.02,3,1,3.85,0,21,1,2025-11-01,12,348
C02289,2025-02-01,Enterprise,199,Month-to-month,ACH/Bank Transfer,Germany,Education,2,0.453,3,2,3.06,1,5,1,2025-05-01,4,796
C02290,2024-03-01,Pro,79,2-Year,PayPal,India,Healthcare,19,0.449,3,0,4.94,0,10,0,,30,2370
C02291,2023-09-01,Pro,79,2-Year,Credit Card,USA,Nonprofit,5,0.668,7,2,4.5,1,0,0,,36,2844
C02292,2025-05-01,Pro,79,Month-to-month,PayPal,Canada,SaaS/Tech,6,0.658,1,0,4.88,0,2,0,,16,1264
C02293,2025-03-01,Basic,29,1-Year,Manual Invoice,Germany,Nonprofit,4,0.548,5,0,4.39,0,26,0,,18,522
C02294,2024-10-01,Basic,29,1-Year,Credit Card,India,SaaS/Tech,1,0.379,3,4,5.0,0,5,0,,23,667
C02295,2026-06-01,Pro,79,1-Year,Credit Card,USA,Marketing/Agency,19,0.637,3,1,4.88,0,3,0,,3,237
C02296,2025-12-01,Basic,29,Month-to-month,ACH/Bank Transfer,USA,Manufacturing,23,0.246,4,0,3.61,1,6,0,,9,261
C02297,2023-11-01,Basic,29,1-Year,ACH/Bank Transfer,UK,Manufacturing,8,0.184,3,1,4.71,0,9,0,,34,986
C02298,2026-07-01,Enterprise,199,2-Year,Credit Card,Australia,Nonprofit,8,0.495,6,2,3.92,1,4,0,,2,398
C02299,2023-01-01,Basic,29,Month-to-month,PayPal,USA,Manufacturing,28,0.48,3,1,4.69,0,63,0,,44,1276
C02300,2025-09-01,Pro,79,Month-to-month,PayPal,India,Education,15,0.344,4,1,4.04,2,1,0,,12,948
C02301,2023-11-01,Pro,79,Month-to-month,ACH/Bank Transfer,Canada,Nonprofit,11,0.909,10,2,4.38,2,7,0,,34,2686
C02302,2024-11-01,Enterprise,199,Month-to-month,Credit Card,India,Finance,5,0.438,5,1,2.94,1,7,0,,22,4378
C02303,2026-01-01,Pro,79,Month-to-month,ACH/Bank Transfer,India,Healthcare,4,1.0,3,0,5.0,0,5,0,,8,632
C02304,2023-11-01,Pro,79,1-Year,PayPal,UK,Marketing/Agency,13,0.837,5,4,4.36,0,18,0,,34,2686
C02305,2023-12-01,Basic,29,Month-to-month,Credit Card,Germany,Finance,27,0.658,1,2,4.85,0,2,0,,33,957
C02306,2025-09-01,Pro,79,Month-to-month,Credit Card,USA,Healthcare,17,0.992,6,5,4.95,0,13,0,,12,948
C02307,2024-12-01,Pro,79,1-Year,Credit Card,UK,Healthcare,38,0.591,1,0,3.58,0,3,0,,21,1659
C02308,2024-06-01,Pro,79,Month-to-month,Credit Card,India,Manufacturing,29,0.477,7,1,4.8,1,19,0,,27,2133
C02309,2026-02-01,Pro,79,2-Year,PayPal,Australia,Nonprofit,61,0.271,3,1,4.08,0,3,0,,7,553
C02310,2025-03-01,Enterprise,199,Month-to-month,Credit Card,India,Healthcare,21,0.842,3,2,4.24,0,23,0,,18,3582
C02311,2025-09-01,Basic,29,2-Year,Manual Invoice,Germany,Education,29,0.573,0,2,3.45,0,26,0,,12,348
C02312,2023-08-01,Enterprise,199,Month-to-month,Credit Card,India,Education,16,0.685,3,3,5.0,0,4,0,,37,7363
C02313,2024-11-01,Enterprise,199,Month-to-month,PayPal,Canada,E-commerce,59,1.0,2,1,2.85,2,16,1,2026-02-01,16,3184
C02314,2023-10-01,Basic,29,Month-to-month,Credit Card,India,Nonprofit,9,0.645,5,1,4.86,2,14,1,2026-02-01,29,841
C02315,2023-02-01,Basic,29,Month-to-month,ACH/Bank Transfer,Australia,Finance,13,0.482,1,3,2.42,0,2,1,2024-01-01,12,348
C02316,2023-05-01,Basic,29,Month-to-month,Credit Card,USA,Manufacturing,9,0.35,3,3,5.0,0,8,1,2026-01-01,33,957
C02317,2023-03-01,Basic,29,1-Year,Credit Card,India,Education,80,0.67,1,1,3.27,1,15,0,,42,1218
C02318,2023-05-01,Basic,29,Month-to-month,ACH/Bank Transfer,Canada,Manufacturing,10,0.723,4,1,3.44,1,15,0,,40,1160
C02319,2024-03-01,Pro,79,Month-to-month,Credit Card,USA,Finance,38,0.681,1,1,4.7,1,8,0,,30,2370
C02320,2024-12-01,Basic,29,Month-to-month,Credit Card,Germany,Education,1,0.494,9,1,1.92,0,1,1,2025-09-01,10,290
C02321,2025-11-01,Basic,29,Month-to-month,PayPal,India,Manufacturing,132,0.623,1,0,5.0,0,6,0,,10,290
C02322,2025-07-01,Pro,79,Month-to-month,Credit Card,India,Healthcare,46,0.247,5,1,3.55,0,15,0,,14,1106
C02323,2024-02-01,Pro,79,Month-to-month,ACH/Bank Transfer,India,Education,68,0.63,5,5,4.24,0,32,1,2026-01-01,24,1896
C02324,2025-10-01,Basic,29,2-Year,PayPal,USA,SaaS/Tech,18,0.35,8,1,3.71,0,4,0,,11,319
C02325,2025-03-01,Basic,29,Month-to-month,PayPal,USA,Education,5,0.762,4,0,3.08,1,0,0,,18,522
C02326,2024-07-01,Basic,29,Month-to-month,Credit Card,Australia,Manufacturing,9,0.456,7,2,4.11,0,7,1,2025-02-01,8,232
C02327,2023-08-01,Enterprise,199,Month-to-month,Manual Invoice,Canada,Education,5,0.56,5,1,4.58,0,4,0,,37,7363
C02328,2023-03-01,Basic,29,1-Year,ACH/Bank Transfer,UK,SaaS/Tech,2,0.968,8,2,4.53,0,2,0,,42,1218
C02329,2023-11-01,Basic,29,Month-to-month,Credit Card,India,Finance,18,0.326,8,1,4.98,0,19,0,,34,986
C02330,2024-05-01,Pro,79,2-Year,Credit Card,Germany,Healthcare,6,0.538,3,2,4.08,2,2,1,2024-06-01,2,158
C02331,2025-11-01,Pro,79,2-Year,Credit Card,Australia,Healthcare,103,0.275,8,2,3.55,1,5,0,,10,790
C02332,2026-06-01,Basic,29,Month-to-month,PayPal,UK,Healthcare,12,0.923,4,0,4.05,2,16,0,,3,87
C02333,2023-08-01,Basic,29,1-Year,Manual Invoice,India,Healthcare,116,0.455,2,2,4.68,2,12,0,,37,1073
C02334,2025-05-01,Pro,79,1-Year,Credit Card,Germany,Education,53,0.394,5,2,3.79,1,16,0,,16,1264
C02335,2025-01-01,Basic,29,Month-to-month,Manual Invoice,Australia,Marketing/Agency,37,0.798,2,2,4.19,1,2,0,,20,580
C02336,2024-11-01,Enterprise,199,Month-to-month,Credit Card,USA,E-commerce,30,0.514,4,1,5.0,2,0,0,,22,4378
C02337,2025-09-01,Enterprise,199,2-Year,ACH/Bank Transfer,Germany,SaaS/Tech,17,0.559,4,1,3.72,1,6,0,,12,2388
C02338,2026-01-01,Pro,79,2-Year,Manual Invoice,USA,Finance,7,0.773,3,2,4.72,1,15,0,,8,632
C02339,2023-05-01,Enterprise,199,Month-to-month,Credit Card,USA,Marketing/Agency,170,0.543,1,2,3.49,0,3,0,,40,7960
C02340,2023-03-01,Enterprise,199,Month-to-month,PayPal,USA,Nonprofit,13,0.632,6,1,4.19,0,22,0,,42,8358
C02341,2024-06-01,Enterprise,199,2-Year,Credit Card,Australia,Healthcare,56,0.647,2,1,4.61,1,23,0,,27,5373
C02342,2023-12-01,Pro,79,Month-to-month,ACH/Bank Transfer,USA,Healthcare,1,0.527,6,1,4.93,0,8,0,,33,2607
C02343,2025-11-01,Pro,79,1-Year,ACH/Bank Transfer,Germany,Healthcare,11,0.202,5,1,1.92,2,0,0,,10,790
C02344,2026-03-01,Enterprise,199,2-Year,Credit Card,Germany,Finance,3,0.728,5,2,2.8,1,2,0,,6,1194
C02345,2025-08-01,Basic,29,Month-to-month,Manual Invoice,UK,Nonprofit,19,0.256,10,2,2.39,0,4,0,,13,377
C02346,2023-11-01,Basic,29,1-Year,Credit Card,USA,Marketing/Agency,41,0.669,2,0,2.6,0,4,0,,34,986
C02347,2023-09-01,Basic,29,Month-to-month,PayPal,India,Marketing/Agency,4,0.204,3,2,2.82,0,6,0,,36,1044
C02348,2024-11-01,Basic,29,Month-to-month,PayPal,UK,Marketing/Agency,39,0.65,3,1,4.04,2,8,0,,22,638
C02349,2024-07-01,Pro,79,Month-to-month,Manual Invoice,India,Education,13,0.167,4,2,3.94,2,15,1,2024-09-01,3,237
C02350,2026-06-01,Basic,29,1-Year,Credit Card,USA,SaaS/Tech,32,0.299,4,1,4.76,0,1,0,,3,87
C02351,2024-08-01,Enterprise,199,1-Year,Credit Card,Canada,Finance,28,0.352,3,0,3.61,0,5,0,,25,4975
C02352,2023-11-01,Pro,79,Month-to-month,ACH/Bank Transfer,Germany,Manufacturing,35,0.726,4,1,3.79,1,11,1,2024-09-01,11,869
C02353,2023-11-01,Basic,29,1-Year,Credit Card,India,Healthcare,20,0.831,6,0,3.68,0,4,0,,34,986
C02354,2026-04-01,Pro,79,1-Year,Credit Card,USA,Finance,17,0.47,4,1,3.95,0,1,0,,5,395
C02355,2023-05-01,Basic,29,Month-to-month,Credit Card,USA,Education,42,0.463,4,0,4.34,0,6,0,,40,1160
C02356,2023-06-01,Enterprise,199,1-Year,PayPal,Germany,Education,57,0.636,1,0,4.53,0,15,0,,39,7761
C02357,2023-08-01,Enterprise,199,1-Year,Credit Card,India,Education,1,0.853,4,1,3.58,0,24,0,,37,7363
C02358,2025-09-01,Pro,79,1-Year,Credit Card,USA,Manufacturing,10,0.466,6,0,3.95,1,8,0,,12,948
C02359,2024-07-01,Basic,29,1-Year,Credit Card,USA,Finance,16,0.964,2,2,2.95,1,7,1,2025-05-01,11,319
C02360,2025-09-01,Basic,29,Month-to-month,Credit Card,Australia,Nonprofit,2,0.27,5,1,4.39,2,11,1,2025-11-01,3,87
C02361,2023-02-01,Basic,29,Month-to-month,PayPal,India,Manufacturing,41,0.438,3,0,3.72,2,13,0,,43,1247
C02362,2023-07-01,Pro,79,1-Year,Credit Card,India,Education,13,0.528,2,1,4.43,0,0,0,,38,3002
C02363,2025-06-01,Basic,29,1-Year,Credit Card,UK,Healthcare,5,0.304,5,1,3.92,0,10,0,,15,435
C02364,2023-12-01,Basic,29,1-Year,Credit Card,Australia,Marketing/Agency,193,0.971,11,2,4.83,1,1,0,,33,957
C02365,2023-10-01,Pro,79,1-Year,Credit Card,USA,Manufacturing,7,0.483,9,3,2.12,1,24,1,2024-04-01,7,553
C02366,2023-08-01,Enterprise,199,Month-to-month,Credit Card,Germany,SaaS/Tech,16,0.622,4,1,4.94,1,5,0,,37,7363
C02367,2023-01-01,Pro,79,1-Year,Credit Card,UK,Marketing/Agency,53,0.969,4,0,4.71,1,12,0,,44,3476
C02368,2023-11-01,Pro,79,1-Year,PayPal,USA,Healthcare,37,0.178,3,4,4.23,1,22,0,,34,2686
C02369,2025-02-01,Basic,29,Month-to-month,ACH/Bank Transfer,UK,Marketing/Agency,21,0.525,4,3,4.55,1,1,0,,19,551
C02370,2026-03-01,Pro,79,Month-to-month,ACH/Bank Transfer,USA,Manufacturing,4,0.02,2,3,5.0,0,0,0,,6,474
C02371,2025-04-01,Pro,79,Month-to-month,Credit Card,Australia,Finance,19,0.677,4,0,4.73,0,6,0,,17,1343
C02372,2025-02-01,Enterprise,199,Month-to-month,Credit Card,India,E-commerce,27,0.893,2,2,4.63,1,2,0,,19,3781
C02373,2024-07-01,Basic,29,Month-to-month,Credit Card,India,Marketing/Agency,77,0.367,3,1,5.0,0,0,0,,26,754
C02374,2025-07-01,Pro,79,Month-to-month,Credit Card,Australia,SaaS/Tech,14,0.208,3,2,3.71,0,3,0,,14,1106
C02375,2024-09-01,Enterprise,199,Month-to-month,Credit Card,USA,Healthcare,18,0.35,7,4,4.51,0,3,0,,24,4776
C02376,2026-07-01,Pro,79,Month-to-month,Credit Card,Australia,Healthcare,4,0.475,4,1,3.51,0,5,0,,2,158
C02377,2023-08-01,Enterprise,199,1-Year,ACH/Bank Transfer,India,Healthcare,5,0.714,3,2,3.64,1,2,1,2024-11-01,16,3184
C02378,2023-02-01,Basic,29,1-Year,Credit Card,Canada,Manufacturing,21,0.27,6,0,4.84,0,10,0,,43,1247
C02379,2026-06-01,Pro,79,1-Year,ACH/Bank Transfer,India,Healthcare,17,0.672,5,1,4.74,0,18,0,,3,237
C02380,2023-11-01,Pro,79,Month-to-month,Credit Card,India,SaaS/Tech,19,0.351,8,3,2.59,0,2,0,,34,2686
C02381,2024-04-01,Enterprise,199,1-Year,ACH/Bank Transfer,India,Marketing/Agency,8,0.416,4,2,3.7,1,17,1,2025-01-01,10,1990
C02382,2025-07-01,Pro,79,Month-to-month,Credit Card,USA,E-commerce,18,0.669,5,1,4.13,0,23,0,,14,1106
C02383,2025-08-01,Enterprise,199,Month-to-month,Manual Invoice,Australia,E-commerce,21,0.645,3,3,3.34,0,3,1,2025-11-01,4,796
C02384,2024-03-01,Pro,79,Month-to-month,Manual Invoice,Germany,E-commerce,35,0.542,6,2,3.87,0,0,0,,30,2370
C02385,2024-10-01,Pro,79,Month-to-month,Credit Card,Germany,Manufacturing,62,0.275,6,1,4.15,0,7,0,,23,1817
C02386,2025-07-01,Basic,29,Month-to-month,Credit Card,USA,SaaS/Tech,9,0.184,8,2,3.76,1,26,1,2025-09-01,3,87
C02387,2023-08-01,Enterprise,199,1-Year,Credit Card,Canada,SaaS/Tech,79,0.549,3,0,3.86,0,36,0,,37,7363
C02388,2026-06-01,Basic,29,1-Year,Manual Invoice,USA,Healthcare,31,0.761,7,0,5.0,0,7,0,,3,87
C02389,2023-07-01,Enterprise,199,Month-to-month,Manual Invoice,Canada,Finance,26,0.423,3,2,2.65,0,34,0,,38,7562
C02390,2024-04-01,Basic,29,1-Year,ACH/Bank Transfer,Germany,Marketing/Agency,42,0.104,3,1,3.5,0,42,0,,29,841
C02391,2026-06-01,Pro,79,Month-to-month,ACH/Bank Transfer,UK,E-commerce,7,0.211,5,1,3.7,0,43,0,,3,237
C02392,2025-09-01,Pro,79,Month-to-month,Credit Card,USA,Healthcare,20,0.497,6,2,5.0,0,5,0,,12,948
C02393,2023-03-01,Basic,29,1-Year,ACH/Bank Transfer,Canada,Education,8,0.644,3,1,3.52,0,1,1,2024-11-01,21,609
C02394,2026-04-01,Basic,29,Month-to-month,Credit Card,Germany,E-commerce,33,0.44,2,1,5.0,1,0,0,,5,145
C02395,2026-07-01,Basic,29,2-Year,ACH/Bank Transfer,Germany,Marketing/Agency,4,0.603,5,2,2.6,1,19,0,,2,58
C02396,2026-03-01,Basic,29,1-Year,ACH/Bank Transfer,USA,Nonprofit,12,0.836,5,2,4.95,1,13,0,,6,174
C02397,2025-07-01,Pro,79,Month-to-month,Credit Card,India,SaaS/Tech,12,0.661,3,2,4.17,0,36,0,,14,1106
C02398,2024-12-01,Enterprise,199,Month-to-month,PayPal,USA,Healthcare,34,0.508,5,1,4.17,0,6,0,,21,4179
C02399,2024-12-01,Basic,29,Month-to-month,PayPal,Australia,Marketing/Agency,13,0.728,3,1,3.79,0,28,0,,21,609
C02400,2024-11-01,Basic,29,2-Year,Credit Card,Australia,Nonprofit,7,0.729,7,1,3.87,0,4,0,,22,638
C02401,2024-03-01,Basic,29,1-Year,Credit Card,Australia,Education,83,0.326,5,0,4.14,1,0,0,,30,870
C02402,2023-06-01,Basic,29,2-Year,Manual Invoice,Canada,Marketing/Agency,10,0.664,4,0,3.57,0,0,0,,39,1131
C02403,2025-06-01,Basic,29,Month-to-month,Credit Card,USA,SaaS/Tech,1,0.578,5,3,3.41,0,10,0,,15,435
C02404,2025-12-01,Enterprise,199,2-Year,ACH/Bank Transfer,Australia,Marketing/Agency,40,0.463,4,0,5.0,0,14,0,,9,1791
C02405,2024-01-01,Enterprise,199,Month-to-month,ACH/Bank Transfer,Germany,Nonprofit,1,0.898,4,3,3.04,2,0,1,2025-07-01,19,3781
C02406,2024-05-01,Enterprise,199,Month-to-month,ACH/Bank Transfer,UK,Nonprofit,2,0.42,5,3,2.47,0,27,1,2025-04-01,12,2388
C02407,2026-02-01,Pro,79,Month-to-month,PayPal,UK,Marketing/Agency,31,0.661,3,3,5.0,0,0,0,,7,553
C02408,2023-01-01,Basic,29,Month-to-month,Manual Invoice,Germany,E-commerce,56,0.733,5,0,4.38,0,5,0,,44,1276
C02409,2026-01-01,Pro,79,1-Year,ACH/Bank Transfer,UK,E-commerce,2,0.615,4,1,5.0,0,1,0,,8,632
C02410,2023-01-01,Basic,29,Month-to-month,Credit Card,USA,Manufacturing,43,0.666,6,1,4.72,1,0,0,,44,1276
C02411,2023-11-01,Basic,29,Month-to-month,Credit Card,India,Education,3,0.655,2,2,3.34,0,20,1,2024-04-01,6,174
C02412,2024-12-01,Pro,79,Month-to-month,ACH/Bank Transfer,UK,Healthcare,16,0.725,1,0,4.63,0,5,1,2025-06-01,7,553
C02413,2024-12-01,Basic,29,2-Year,ACH/Bank Transfer,Germany,Marketing/Agency,55,0.158,5,1,2.67,1,13,0,,21,609
C02414,2025-07-01,Pro,79,Month-to-month,Credit Card,India,Nonprofit,37,0.2,1,2,2.35,0,3,0,,14,1106
C02415,2024-04-01,Pro,79,1-Year,Credit Card,Australia,E-commerce,6,0.509,5,4,4.87,0,24,0,,29,2291
C02416,2025-05-01,Pro,79,1-Year,ACH/Bank Transfer,USA,Manufacturing,20,0.748,5,1,4.02,1,11,0,,16,1264
C02417,2024-04-01,Basic,29,1-Year,Credit Card,India,SaaS/Tech,89,0.557,4,1,4.5,1,3,0,,29,841
C02418,2025-10-01,Basic,29,Month-to-month,Credit Card,USA,SaaS/Tech,14,0.271,3,0,4.23,0,21,0,,11,319
C02419,2023-01-01,Enterprise,199,Month-to-month,Credit Card,UK,SaaS/Tech,39,0.318,1,2,4.04,0,4,0,,44,8756
C02420,2024-01-01,Basic,29,Month-to-month,Credit Card,Germany,Healthcare,22,0.539,3,3,3.37,1,7,0,,32,928
C02421,2024-09-01,Pro,79,Month-to-month,ACH/Bank Transfer,USA,Education,19,0.265,4,2,3.3,0,2,1,2025-10-01,14,1106
C02422,2023-01-01,Basic,29,Month-to-month,PayPal,Canada,Education,2,0.42,7,0,5.0,2,9,1,2024-06-01,18,522
C02423,2026-03-01,Pro,79,1-Year,Credit Card,USA,Nonprofit,3,0.187,2,2,5.0,1,14,1,2026-06-01,4,316
C02424,2025-06-01,Basic,29,1-Year,Manual Invoice,Canada,Manufacturing,10,0.519,3,2,3.93,0,2,0,,15,435
C02425,2023-04-01,Enterprise,199,Month-to-month,PayPal,USA,Marketing/Agency,5,0.885,5,3,2.81,1,1,0,,41,8159
C02426,2025-07-01,Pro,79,Month-to-month,Manual Invoice,India,Finance,23,0.408,4,1,2.89,0,4,0,,14,1106
C02427,2025-05-01,Pro,79,Month-to-month,Credit Card,India,Healthcare,9,0.757,3,2,3.44,0,0,0,,16,1264
C02428,2026-05-01,Pro,79,Month-to-month,Credit Card,USA,Education,88,0.453,0,3,3.74,0,29,0,,4,316
C02429,2025-11-01,Pro,79,1-Year,PayPal,Canada,E-commerce,7,0.398,5,5,4.82,2,0,0,,10,790
C02430,2023-05-01,Basic,29,Month-to-month,Manual Invoice,USA,Finance,72,0.411,5,1,2.16,2,28,1,2023-06-01,2,58
C02431,2026-03-01,Basic,29,2-Year,Manual Invoice,UK,E-commerce,33,0.523,2,1,5.0,2,9,0,,6,174
C02432,2023-12-01,Pro,79,1-Year,Credit Card,Canada,E-commerce,8,0.477,7,2,4.51,0,52,0,,33,2607
C02433,2025-02-01,Enterprise,199,Month-to-month,Manual Invoice,UK,Manufacturing,14,0.542,4,5,3.23,0,7,1,2026-05-01,16,3184
C02434,2025-06-01,Basic,29,Month-to-month,Credit Card,Germany,Education,11,0.304,8,2,3.26,1,3,0,,15,435
C02435,2024-06-01,Pro,79,Month-to-month,Credit Card,Canada,Marketing/Agency,9,0.433,3,1,3.31,1,2,1,2025-12-01,19,1501
C02436,2025-08-01,Basic,29,Month-to-month,Manual Invoice,India,Education,14,1.0,6,3,3.76,0,40,0,,13,377
C02437,2024-08-01,Basic,29,Month-to-month,PayPal,Canada,SaaS/Tech,16,0.857,4,0,3.48,2,2,0,,25,725
C02438,2026-06-01,Basic,29,Month-to-month,PayPal,UK,E-commerce,11,0.269,3,1,3.52,2,15,0,,3,87
C02439,2023-07-01,Enterprise,199,2-Year,PayPal,Germany,SaaS/Tech,19,0.35,4,2,5.0,2,41,1,2023-08-01,2,398
C02440,2024-07-01,Enterprise,199,Month-to-month,Credit Card,India,Education,167,0.611,4,2,5.0,1,4,1,2024-09-01,3,597
C02441,2026-01-01,Enterprise,199,1-Year,Credit Card,UK,Healthcare,11,0.527,7,1,3.76,2,17,0,,8,1592
C02442,2024-01-01,Basic,29,Month-to-month,Credit Card,USA,Marketing/Agency,130,0.574,5,0,4.79,1,1,0,,32,928
C02443,2026-05-01,Enterprise,199,Month-to-month,PayPal,Canada,SaaS/Tech,47,0.659,4,1,4.66,0,6,0,,4,796
C02444,2023-10-01,Pro,79,1-Year,Credit Card,Canada,E-commerce,123,0.761,3,0,4.06,0,0,0,,35,2765
C02445,2026-02-01,Basic,29,Month-to-month,Credit Card,UK,Marketing/Agency,8,0.17,5,2,3.53,2,6,0,,7,203
C02446,2023-04-01,Basic,29,1-Year,ACH/Bank Transfer,Australia,Nonprofit,24,0.543,7,3,4.17,0,6,0,,41,1189
C02447,2025-08-01,Pro,79,Month-to-month,Credit Card,UK,Marketing/Agency,12,0.544,3,3,5.0,1,13,0,,13,1027
C02448,2025-12-01,Basic,29,2-Year,Credit Card,USA,Nonprofit,18,0.628,3,2,4.55,0,22,0,,9,261
C02449,2024-04-01,Basic,29,Month-to-month,ACH/Bank Transfer,Canada,E-commerce,34,0.635,6,0,2.87,0,3,0,,29,841
C02450,2024-09-01,Basic,29,Month-to-month,PayPal,Australia,Education,77,0.548,4,1,4.99,2,14,1,2025-10-01,14,406
C02451,2025-08-01,Basic,29,Month-to-month,Manual Invoice,India,Nonprofit,31,0.608,4,1,5.0,0,9,0,,13,377
C02452,2024-06-01,Basic,29,Month-to-month,Credit Card,USA,E-commerce,10,0.878,6,0,3.18,1,25,0,,27,783
C02453,2023-07-01,Pro,79,Month-to-month,Credit Card,USA,Manufacturing,48,0.685,6,1,3.31,0,1,0,,38,3002
C02454,2025-12-01,Basic,29,Month-to-month,Credit Card,Germany,Healthcare,40,0.552,3,0,3.94,0,10,0,,9,261
C02455,2026-03-01,Basic,29,1-Year,Credit Card,USA,Nonprofit,10,0.641,4,1,4.35,0,27,0,,6,174
C02456,2025-05-01,Basic,29,1-Year,Credit Card,USA,Manufacturing,52,0.762,7,2,5.0,1,60,0,,16,464
C02457,2025-11-01,Pro,79,Month-to-month,Credit Card,India,E-commerce,4,0.058,3,2,4.23,2,4,1,2026-05-01,7,553
C02458,2024-11-01,Enterprise,199,1-Year,Credit Card,USA,Nonprofit,4,0.23,6,2,4.23,0,11,0,,22,4378
C02459,2025-04-01,Basic,29,Month-to-month,PayPal,USA,Finance,153,0.333,4,3,5.0,0,4,0,,17,493
C02460,2026-02-01,Basic,29,Month-to-month,PayPal,Australia,Education,8,0.335,7,4,4.57,0,24,0,,7,203
C02461,2024-11-01,Basic,29,Month-to-month,ACH/Bank Transfer,India,Marketing/Agency,13,0.437,6,1,4.81,0,0,0,,22,638
C02462,2023-03-01,Enterprise,199,2-Year,Manual Invoice,Germany,Healthcare,67,0.424,2,2,5.0,0,12,0,,42,8358
C02463,2025-01-01,Pro,79,2-Year,Credit Card,USA,Finance,26,0.259,2,3,4.8,0,13,0,,20,1580
C02464,2024-02-01,Pro,79,Month-to-month,Credit Card,India,Finance,61,0.203,1,2,3.82,0,12,1,2025-09-01,20,1580
C02465,2024-04-01,Pro,79,1-Year,Credit Card,USA,Marketing/Agency,39,0.312,2,2,3.16,0,16,0,,29,2291
C02466,2023-09-01,Pro,79,1-Year,Credit Card,Germany,Manufacturing,10,1.0,2,2,5.0,1,2,0,,36,2844
C02467,2025-12-01,Basic,29,Month-to-month,ACH/Bank Transfer,UK,Manufacturing,68,0.02,4,2,2.89,0,31,1,2026-04-01,5,145
C02468,2026-02-01,Pro,79,Month-to-month,Manual Invoice,UK,SaaS/Tech,2,0.885,6,0,4.4,0,2,0,,7,553
C02469,2023-12-01,Pro,79,1-Year,Credit Card,Germany,Healthcare,2,0.188,4,1,5.0,2,3,0,,33,2607
C02470,2024-04-01,Pro,79,1-Year,Credit Card,USA,Marketing/Agency,31,0.343,5,2,4.04,2,14,0,,29,2291
C02471,2024-11-01,Pro,79,Month-to-month,ACH/Bank Transfer,Australia,SaaS/Tech,17,0.02,6,2,3.91,0,12,0,,22,1738
C02472,2023-07-01,Pro,79,Month-to-month,Manual Invoice,Canada,Marketing/Agency,10,0.747,5,0,4.63,0,21,0,,38,3002
C02473,2025-07-01,Basic,29,1-Year,PayPal,USA,Finance,10,0.498,2,3,3.76,1,0,0,,14,406
C02474,2025-09-01,Pro,79,Month-to-month,PayPal,UK,Finance,4,0.217,5,1,4.94,0,9,0,,12,948
C02475,2025-07-01,Basic,29,Month-to-month,Credit Card,Canada,Healthcare,15,0.66,5,0,4.64,1,31,0,,14,406
C02476,2023-09-01,Basic,29,Month-to-month,Credit Card,USA,Manufacturing,23,0.436,4,0,4.0,0,4,0,,36,1044
C02477,2024-10-01,Basic,29,Month-to-month,PayPal,Germany,E-commerce,3,0.539,8,2,4.97,0,9,0,,23,667
C02478,2025-03-01,Pro,79,Month-to-month,Credit Card,India,Marketing/Agency,6,0.299,5,0,5.0,0,13,0,,18,1422
C02479,2025-10-01,Pro,79,Month-to-month,Credit Card,India,Manufacturing,9,0.418,4,0,2.68,0,11,0,,11,869
C02480,2026-05-01,Basic,29,2-Year,Manual Invoice,USA,Marketing/Agency,16,0.66,5,2,4.11,0,16,0,,4,116
C02481,2025-05-01,Basic,29,Month-to-month,Credit Card,Canada,Education,27,0.687,3,3,3.61,0,10,0,,16,464
C02482,2026-03-01,Enterprise,199,Month-to-month,ACH/Bank Transfer,USA,SaaS/Tech,2,0.56,8,2,5.0,0,5,0,,6,1194
C02483,2023-07-01,Basic,29,1-Year,Credit Card,USA,Manufacturing,31,0.059,6,0,2.87,0,25,0,,38,1102
C02484,2023-05-01,Pro,79,Month-to-month,Credit Card,USA,SaaS/Tech,332,0.777,4,0,2.5,0,1,0,,40,3160
C02485,2024-08-01,Basic,29,1-Year,Credit Card,Germany,Finance,22,0.708,1,1,3.7,2,29,1,2024-11-01,4,116
C02486,2024-09-01,Pro,79,Month-to-month,Credit Card,USA,Nonprofit,42,0.55,7,2,5.0,0,4,0,,24,1896
C02487,2025-01-01,Basic,29,Month-to-month,Credit Card,Canada,SaaS/Tech,35,0.374,5,0,4.23,0,19,0,,20,580
C02488,2024-05-01,Basic,29,Month-to-month,Credit Card,India,Manufacturing,4,0.286,7,3,3.83,1,44,0,,28,812
C02489,2025-04-01,Enterprise,199,2-Year,PayPal,India,Manufacturing,28,0.417,3,0,3.25,2,0,0,,17,3383
C02490,2024-10-01,Pro,79,2-Year,Credit Card,USA,SaaS/Tech,120,0.827,8,1,3.79,0,23,0,,23,1817
C02491,2023-03-01,Basic,29,Month-to-month,ACH/Bank Transfer,USA,SaaS/Tech,1,0.272,2,1,2.95,0,18,0,,42,1218
C02492,2026-06-01,Pro,79,1-Year,ACH/Bank Transfer,USA,E-commerce,34,0.703,6,2,4.27,2,19,0,,3,237
C02493,2026-07-01,Basic,29,2-Year,ACH/Bank Transfer,USA,Healthcare,6,0.303,4,0,1.72,1,5,0,,2,58
C02494,2023-02-01,Basic,29,Month-to-month,PayPal,India,Marketing/Agency,30,0.574,6,1,2.46,0,0,1,2025-02-01,25,725
C02495,2025-10-01,Enterprise,199,Month-to-month,Manual Invoice,India,Nonprofit,2,0.574,7,1,4.88,2,4,0,,11,2189
C02496,2025-05-01,Enterprise,199,1-Year,Credit Card,Germany,SaaS/Tech,15,0.672,9,1,4.27,0,9,0,,16,3184
C02497,2026-03-01,Basic,29,1-Year,Manual Invoice,India,Marketing/Agency,8,0.712,2,5,4.45,1,6,0,,6,174
C02498,2024-11-01,Basic,29,1-Year,Manual Invoice,Canada,Manufacturing,23,0.671,3,0,3.72,0,6,0,,22,638
C02499,2023-01-01,Pro,79,Month-to-month,Credit Card,Germany,Healthcare,11,0.177,3,3,5.0,2,13,1,2023-05-01,5,395
C02500,2023-11-01,Basic,29,Month-to-month,Credit Card,Canada,Healthcare,10,0.585,1,3,2.56,1,3,1,2023-12-01,2,58
C02501,2025-05-01,Basic,29,1-Year,PayPal,USA,Education,51,0.391,1,3,2.75,1,2,1,2026-07-01,15,435
C02502,2023-06-01,Basic,29,2-Year,ACH/Bank Transfer,India,SaaS/Tech,29,0.55,4,2,4.41,2,24,0,,39,1131
C02503,2023-05-01,Pro,79,Month-to-month,Credit Card,Germany,Marketing/Agency,24,0.381,6,0,4.2,0,0,0,,40,3160
C02504,2025-06-01,Basic,29,1-Year,ACH/Bank Transfer,USA,Marketing/Agency,9,0.221,0,3,4.59,0,7,0,,15,435
C02505,2025-10-01,Pro,79,1-Year,PayPal,UK,E-commerce,8,0.607,6,3,3.63,2,20,0,,11,869
C02506,2025-04-01,Pro,79,1-Year,Credit Card,India,Education,31,0.688,4,1,4.17,0,1,0,,17,1343
C02507,2025-09-01,Enterprise,199,Month-to-month,PayPal,Canada,Finance,4,0.237,3,0,4.08,1,17,0,,12,2388
C02508,2026-04-01,Basic,29,Month-to-month,PayPal,India,E-commerce,31,0.514,7,2,5.0,0,33,0,,5,145
C02509,2025-12-01,Pro,79,1-Year,Credit Card,Germany,Nonprofit,29,0.515,4,0,4.61,0,13,0,,9,711
C02510,2023-05-01,Enterprise,199,1-Year,Credit Card,Canada,Nonprofit,12,0.365,5,2,3.09,2,22,1,2024-05-01,13,2587
C02511,2023-06-01,Basic,29,Month-to-month,PayPal,USA,Finance,9,0.178,2,2,3.5,2,25,1,2023-11-01,6,174
C02512,2026-04-01,Pro,79,1-Year,Credit Card,India,E-commerce,2,0.02,2,0,3.64,1,2,0,,5,395
C02513,2023-11-01,Basic,29,1-Year,PayPal,Australia,E-commerce,88,0.365,2,1,4.91,0,5,1,2026-03-01,29,841
C02514,2025-10-01,Pro,79,1-Year,ACH/Bank Transfer,India,Healthcare,3,0.538,2,3,3.35,2,5,0,,11,869
C02515,2025-08-01,Basic,29,Month-to-month,Credit Card,USA,SaaS/Tech,3,0.814,5,4,3.22,1,3,0,,13,377
C02516,2024-04-01,Basic,29,Month-to-month,Credit Card,Germany,Education,15,0.382,5,2,4.49,0,3,0,,29,841
C02517,2025-08-01,Pro,79,Month-to-month,Credit Card,USA,Marketing/Agency,31,0.761,3,3,4.56,0,13,0,,13,1027
C02518,2023-11-01,Basic,29,Month-to-month,Credit Card,UK,Finance,157,0.745,5,1,4.49,0,3,1,2024-12-01,14,406
C02519,2024-12-01,Pro,79,Month-to-month,Credit Card,USA,Manufacturing,32,0.518,1,2,3.21,1,25,1,2025-07-01,8,632
C02520,2025-02-01,Basic,29,2-Year,PayPal,Canada,SaaS/Tech,25,1.0,3,3,3.58,0,8,0,,19,551
C02521,2023-08-01,Basic,29,Month-to-month,Credit Card,USA,Education,3,0.729,4,1,3.07,1,21,1,2023-09-01,2,58
C02522,2025-05-01,Pro,79,Month-to-month,Manual Invoice,India,Nonprofit,27,0.669,7,3,4.97,0,40,0,,16,1264
C02523,2025-12-01,Pro,79,Month-to-month,Credit Card,Germany,SaaS/Tech,40,0.748,6,3,2.8,0,30,0,,9,711
C02524,2025-09-01,Basic,29,2-Year,Credit Card,USA,Finance,10,0.552,5,3,5.0,1,20,0,,12,348
C02525,2023-10-01,Pro,79,Month-to-month,Credit Card,Germany,SaaS/Tech,9,0.374,3,2,4.8,0,38,1,2026-06-01,33,2607
C02526,2025-07-01,Basic,29,1-Year,Credit Card,USA,E-commerce,17,0.237,2,2,4.11,0,28,1,2026-02-01,8,232
C02527,2024-06-01,Enterprise,199,Month-to-month,Credit Card,India,Finance,20,0.328,3,4,4.48,1,27,1,2024-08-01,3,597
C02528,2026-01-01,Pro,79,Month-to-month,Credit Card,Australia,Healthcare,14,0.854,2,1,4.78,0,2,0,,8,632
C02529,2026-05-01,Pro,79,Month-to-month,Credit Card,UK,E-commerce,1,0.653,4,2,3.03,0,8,0,,4,316
C02530,2023-12-01,Pro,79,1-Year,Credit Card,Australia,Manufacturing,47,0.563,9,0,2.56,1,28,0,,33,2607
C02531,2025-08-01,Basic,29,Month-to-month,Credit Card,Germany,Education,6,0.775,4,1,3.71,0,29,0,,13,377
C02532,2023-11-01,Pro,79,Month-to-month,Credit Card,USA,Healthcare,7,0.789,2,0,4.0,0,0,0,,34,2686
C02533,2024-02-01,Basic,29,Month-to-month,Credit Card,India,Nonprofit,39,0.802,3,3,3.22,0,11,1,2026-03-01,26,754
C02534,2025-07-01,Pro,79,Month-to-month,PayPal,USA,Marketing/Agency,5,0.696,1,4,3.61,1,18,1,2026-05-01,11,869
C02535,2024-05-01,Pro,79,2-Year,ACH/Bank Transfer,India,Marketing/Agency,28,0.655,6,0,3.8,0,5,1,2024-11-01,7,553
C02536,2025-02-01,Basic,29,Month-to-month,Credit Card,India,E-commerce,6,1.0,7,0,3.95,2,1,0,,19,551
C02537,2023-12-01,Enterprise,199,Month-to-month,PayPal,UK,Finance,1,0.671,5,0,4.51,2,11,1,2025-10-01,23,4577
C02538,2025-09-01,Basic,29,1-Year,ACH/Bank Transfer,India,E-commerce,48,0.02,2,2,5.0,2,3,0,,12,348
C02539,2025-01-01,Pro,79,1-Year,ACH/Bank Transfer,Canada,Manufacturing,20,0.281,3,0,5.0,1,1,0,,20,1580
C02540,2025-08-01,Basic,29,Month-to-month,ACH/Bank Transfer,USA,Nonprofit,45,0.609,0,2,3.52,0,2,0,,13,377
C02541,2024-09-01,Basic,29,Month-to-month,Credit Card,UK,E-commerce,31,0.36,5,0,2.71,0,5,0,,24,696
C02542,2025-07-01,Basic,29,1-Year,Credit Card,Germany,Marketing/Agency,16,0.828,3,1,3.37,2,33,0,,14,406
C02543,2024-07-01,Pro,79,1-Year,Manual Invoice,UK,SaaS/Tech,386,0.681,3,0,4.83,1,26,0,,26,2054
C02544,2026-07-01,Basic,29,Month-to-month,Credit Card,UK,Manufacturing,5,0.392,4,1,4.25,1,21,0,,2,58
C02545,2025-10-01,Basic,29,1-Year,PayPal,India,SaaS/Tech,10,0.371,3,2,2.95,1,2,0,,11,319
C02546,2026-07-01,Basic,29,1-Year,ACH/Bank Transfer,USA,Nonprofit,14,1.0,8,1,3.68,0,5,0,,2,58
C02547,2026-03-01,Pro,79,2-Year,Manual Invoice,India,Healthcare,31,0.77,2,0,2.99,1,2,0,,6,474
C02548,2024-12-01,Basic,29,Month-to-month,PayPal,Canada,Nonprofit,23,0.934,3,1,4.93,0,3,0,,21,609
C02549,2025-06-01,Basic,29,Month-to-month,Credit Card,Canada,Healthcare,7,0.602,4,1,3.2,1,13,0,,15,435
C02550,2024-05-01,Basic,29,1-Year,Credit Card,USA,Manufacturing,8,0.02,1,3,3.34,1,14,1,2024-12-01,8,232
C02551,2025-04-01,Pro,79,1-Year,ACH/Bank Transfer,Canada,Healthcare,47,0.401,3,3,5.0,2,9,0,,17,1343
C02552,2026-06-01,Basic,29,2-Year,Credit Card,Australia,E-commerce,15,0.617,4,2,4.17,1,19,0,,3,87
C02553,2023-07-01,Pro,79,2-Year,Credit Card,Canada,SaaS/Tech,13,0.995,3,0,3.66,0,8,0,,38,3002
C02554,2023-03-01,Basic,29,Month-to-month,PayPal,USA,Finance,7,0.218,6,2,3.94,1,8,1,2023-07-01,5,145
C02555,2025-05-01,Pro,79,1-Year,ACH/Bank Transfer,India,Nonprofit,80,0.612,5,1,2.44,1,51,0,,16,1264
C02556,2025-03-01,Basic,29,1-Year,Manual Invoice,Canada,Healthcare,9,0.686,5,0,3.98,0,2,0,,18,522
C02557,2024-01-01,Pro,79,Month-to-month,Credit Card,USA,Finance,21,0.503,3,1,4.62,0,2,0,,32,2528
C02558,2025-03-01,Enterprise,199,Month-to-month,PayPal,India,Healthcare,30,0.647,3,0,3.28,0,6,0,,18,3582
C02559,2023-09-01,Basic,29,2-Year,ACH/Bank Transfer,Canada,Nonprofit,4056,0.495,4,0,3.33,0,5,0,,36,1044
C02560,2024-03-01,Enterprise,199,Month-to-month,Credit Card,Australia,Healthcare,17,0.268,4,0,4.66,0,3,0,,30,5970
C02561,2025-05-01,Basic,29,1-Year,PayPal,USA,Healthcare,29,0.804,3,0,2.86,0,44,0,,16,464
C02562,2024-11-01,Pro,79,Month-to-month,Credit Card,USA,Nonprofit,12,0.727,1,2,3.08,0,0,0,,22,1738
C02563,2025-11-01,Pro,79,1-Year,Credit Card,USA,SaaS/Tech,1,0.431,6,2,2.87,0,1,0,,10,790
C02564,2023-08-01,Basic,29,2-Year,Manual Invoice,UK,Education,19,0.22,4,1,5.0,0,2,0,,37,1073
C02565,2025-11-01,Basic,29,Month-to-month,Credit Card,Australia,Finance,1,0.667,6,2,4.22,1,4,0,,10,290
C02566,2023-03-01,Basic,29,1-Year,Credit Card,Canada,Healthcare,13,0.9,4,2,2.22,0,2,0,,42,1218
C02567,2025-05-01,Pro,79,Month-to-month,Manual Invoice,UK,SaaS/Tech,4,0.494,4,2,3.83,0,3,0,,16,1264
C02568,2025-02-01,Basic,29,Month-to-month,ACH/Bank Transfer,Australia,Finance,9,0.422,8,2,3.52,1,8,0,,19,551
C02569,2024-05-01,Basic,29,2-Year,Credit Card,USA,Marketing/Agency,358,0.67,2,1,2.75,0,6,0,,28,812
C02570,2025-02-01,Enterprise,199,Month-to-month,Credit Card,USA,Manufacturing,8,0.866,4,0,5.0,0,9,0,,19,3781
C02571,2025-07-01,Pro,79,Month-to-month,Credit Card,USA,Education,55,0.515,4,1,3.69,0,0,0,,14,1106
C02572,2023-03-01,Pro,79,Month-to-month,Credit Card,Australia,E-commerce,14,0.455,2,4,3.96,0,13,0,,42,3318
C02573,2025-06-01,Pro,79,Month-to-month,Credit Card,USA,Finance,18,0.493,6,2,3.89,1,19,0,,15,1185
C02574,2023-11-01,Basic,29,2-Year,Credit Card,Canada,Nonprofit,5,0.404,4,1,4.06,0,4,0,,34,986
C02575,2025-06-01,Pro,79,Month-to-month,ACH/Bank Transfer,USA,Healthcare,34,0.751,5,1,4.17,0,9,0,,15,1185
C02576,2026-05-01,Basic,29,2-Year,ACH/Bank Transfer,UK,E-commerce,9,0.399,4,0,2.89,0,67,0,,4,116
C02577,2025-12-01,Basic,29,Month-to-month,Credit Card,Canada,Education,10,0.695,0,1,5.0,0,48,0,,9,261
C02578,2024-05-01,Pro,79,Month-to-month,Credit Card,USA,Healthcare,30,0.626,7,3,5.0,0,2,0,,28,2212
C02579,2023-07-01,Enterprise,199,Month-to-month,Credit Card,India,SaaS/Tech,153,0.5,7,2,2.5,0,3,1,2023-07-01,1,199
C02580,2025-04-01,Pro,79,Month-to-month,Manual Invoice,Germany,Finance,25,0.806,5,0,2.8,1,1,0,,17,1343
C02581,2025-09-01,Enterprise,199,Month-to-month,Credit Card,UK,Marketing/Agency,71,0.862,2,1,4.06,0,24,0,,12,2388
C02582,2026-02-01,Basic,29,2-Year,PayPal,Canada,Manufacturing,3,0.71,4,1,1.98,0,3,0,,7,203
C02583,2026-04-01,Enterprise,199,Month-to-month,PayPal,India,Finance,21,0.679,4,3,3.4,1,9,0,,5,995
C02584,2024-01-01,Basic,29,1-Year,Credit Card,Australia,Marketing/Agency,14,0.437,5,0,3.82,0,1,1,2024-05-01,5,145
C02585,2026-04-01,Basic,29,2-Year,Credit Card,Canada,Marketing/Agency,19,0.694,4,0,3.52,1,14,0,,5,145
C02586,2026-03-01,Enterprise,199,2-Year,Credit Card,Canada,SaaS/Tech,30,0.367,4,2,4.33,0,5,0,,6,1194
C02587,2023-03-01,Basic,29,Month-to-month,Credit Card,India,SaaS/Tech,9,0.492,0,1,4.78,0,22,1,2024-11-01,21,609
C02588,2023-07-01,Basic,29,1-Year,ACH/Bank Transfer,USA,Healthcare,15,0.782,2,2,4.32,1,14,1,2024-06-01,12,348
C02589,2024-08-01,Basic,29,Month-to-month,Credit Card,UK,E-commerce,3,0.746,2,0,4.7,2,23,1,2025-03-01,8,232
C02590,2025-08-01,Enterprise,199,Month-to-month,Manual Invoice,Germany,Nonprofit,1,0.204,4,1,5.0,0,25,0,,13,2587
C02591,2026-05-01,Pro,79,Month-to-month,Manual Invoice,Canada,SaaS/Tech,35,0.568,7,0,3.94,1,19,0,,4,316
C02592,2024-07-01,Pro,79,1-Year,Credit Card,India,Finance,1,0.384,7,1,4.34,0,5,0,,26,2054
C02593,2024-01-01,Basic,29,Month-to-month,PayPal,India,Manufacturing,25,0.235,2,1,5.0,0,28,0,,32,928
C02594,2024-09-01,Enterprise,199,1-Year,PayPal,India,Finance,3,0.721,3,3,4.28,0,9,0,,24,4776
C02595,2026-01-01,Enterprise,199,Month-to-month,ACH/Bank Transfer,India,Nonprofit,28,0.321,1,1,4.54,1,3,1,2026-03-01,3,597
C02596,2023-10-01,Pro,79,2-Year,PayPal,Australia,Education,14,0.342,4,3,3.79,0,31,1,2024-08-01,11,869
C02597,2023-01-01,Basic,29,Month-to-month,Credit Card,Canada,Healthcare,52,0.242,3,1,3.44,0,7,1,2025-05-01,29,841
C02598,2025-03-01,Pro,79,2-Year,ACH/Bank Transfer,India,Marketing/Agency,5,0.608,7,2,3.7,0,33,0,,18,1422
C02599,2023-07-01,Enterprise,199,Month-to-month,Credit Card,Australia,Finance,49,0.369,3,1,3.7,0,7,1,2024-06-01,12,2388
C02600,2025-02-01,Basic,29,Month-to-month,Credit Card,Germany,Education,3,0.347,4,6,4.03,2,6,1,2025-04-01,3,87
C02601,2023-09-01,Enterprise,199,1-Year,Credit Card,USA,E-commerce,41,0.79,7,1,4.22,1,1,0,,36,7164
C02602,2025-08-01,Pro,79,Month-to-month,Credit Card,UK,Marketing/Agency,102,0.431,6,0,4.16,0,7,0,,13,1027
C02603,2026-04-01,Enterprise,199,Month-to-month,Credit Card,Germany,Education,14,0.549,6,0,4.42,0,1,0,,5,995
C02604,2025-04-01,Basic,29,1-Year,Credit Card,UK,Manufacturing,46,0.494,1,2,3.27,2,36,1,2026-04-01,13,377
C02605,2025-10-01,Basic,29,1-Year,Credit Card,UK,Nonprofit,11,0.831,2,1,3.73,1,2,0,,11,319
C02606,2023-04-01,Basic,29,1-Year,Credit Card,UK,Manufacturing,2,0.074,4,0,3.89,0,9,0,,41,1189
C02607,2025-11-01,Enterprise,199,Month-to-month,Credit Card,USA,Marketing/Agency,19,0.34,4,1,4.17,0,2,1,2026-03-01,5,995
C02608,2026-01-01,Basic,29,1-Year,PayPal,USA,SaaS/Tech,2,0.871,0,1,3.67,1,2,0,,8,232
C02609,2025-09-01,Basic,29,1-Year,ACH/Bank Transfer,Germany,E-commerce,26,0.184,7,2,4.15,0,31,0,,12,348
C02610,2025-03-01,Enterprise,199,Month-to-month,ACH/Bank Transfer,India,Education,11,0.59,2,2,3.0,0,1,0,,18,3582
C02611,2024-11-01,Basic,29,1-Year,ACH/Bank Transfer,USA,Education,74,0.689,4,1,4.06,0,12,0,,22,638
C02612,2023-09-01,Basic,29,Month-to-month,ACH/Bank Transfer,USA,Manufacturing,1,0.553,2,1,4.11,0,8,0,,36,1044
C02613,2025-02-01,Pro,79,2-Year,ACH/Bank Transfer,USA,Manufacturing,29,0.075,7,1,4.56,1,21,0,,19,1501
C02614,2025-04-01,Pro,79,Month-to-month,ACH/Bank Transfer,India,Nonprofit,12,0.539,4,1,3.42,0,5,0,,17,1343
C02615,2023-04-01,Pro,79,2-Year,Credit Card,USA,SaaS/Tech,23,0.58,11,0,3.9,1,8,1,2024-01-01,10,790
C02616,2023-11-01,Enterprise,199,1-Year,Credit Card,USA,Marketing/Agency,43,0.714,6,1,3.11,0,3,0,,34,6766
C02617,2026-03-01,Basic,29,Month-to-month,Manual Invoice,India,Finance,7,0.092,3,1,4.94,0,0,0,,6,174
C02618,2023-09-01,Pro,79,1-Year,Credit Card,India,Education,7,0.44,4,0,4.71,0,11,0,,36,2844
C02619,2026-07-01,Basic,29,2-Year,ACH/Bank Transfer,India,Nonprofit,57,0.968,6,2,5.0,0,13,0,,2,58
C02620,2025-08-01,Basic,29,1-Year,Credit Card,India,Finance,23,0.787,5,1,5.0,0,9,0,,13,377
C02621,2025-09-01,Pro,79,1-Year,Credit Card,India,Nonprofit,52,0.57,4,1,3.6,0,0,0,,12,948
C02622,2025-01-01,Basic,29,Month-to-month,Credit Card,USA,Finance,5,0.497,5,3,4.74,0,7,0,,20,580
C02623,2026-01-01,Basic,29,1-Year,Manual Invoice,UK,Nonprofit,1,0.239,8,1,4.08,0,21,0,,8,232
C02624,2024-05-01,Basic,29,Month-to-month,PayPal,Australia,Marketing/Agency,10,0.144,6,4,3.89,0,1,0,,28,812
C02625,2025-06-01,Pro,79,1-Year,ACH/Bank Transfer,USA,E-commerce,4,1.0,2,0,3.44,0,6,0,,15,1185
C02626,2024-11-01,Basic,29,Month-to-month,Credit Card,India,Healthcare,33,0.348,3,2,5.0,0,11,0,,22,638
C02627,2026-03-01,Enterprise,199,1-Year,Credit Card,UK,E-commerce,17,0.502,6,2,5.0,0,0,0,,6,1194
C02628,2026-01-01,Basic,29,Month-to-month,PayPal,USA,Nonprofit,42,0.463,5,4,3.03,1,4,0,,8,232
C02629,2023-04-01,Basic,29,2-Year,Manual Invoice,India,Marketing/Agency,68,0.548,2,1,1.16,2,2,1,2025-03-01,24,696
C02630,2025-02-01,Pro,79,Month-to-month,Credit Card,Canada,Marketing/Agency,10,0.588,1,1,4.22,1,13,0,,19,1501
C02631,2025-06-01,Pro,79,Month-to-month,ACH/Bank Transfer,USA,Marketing/Agency,44,0.207,6,0,4.16,0,6,0,,15,1185
C02632,2023-05-01,Pro,79,2-Year,Credit Card,India,Finance,172,0.265,1,3,3.07,1,3,1,2025-04-01,24,1896
C02633,2025-08-01,Basic,29,Month-to-month,ACH/Bank Transfer,Australia,SaaS/Tech,23,0.287,5,1,4.09,0,9,0,,13,377
C02634,2025-12-01,Basic,29,Month-to-month,PayPal,UK,Nonprofit,6,0.566,7,2,3.35,2,36,1,2026-02-01,3,87
C02635,2024-02-01,Pro,79,Month-to-month,Credit Card,USA,E-commerce,8,0.716,6,2,3.43,0,9,0,,31,2449
C02636,2024-07-01,Enterprise,199,1-Year,ACH/Bank Transfer,UK,SaaS/Tech,14,0.571,4,0,3.66,0,19,1,2025-06-01,12,2388
C02637,2024-04-01,Basic,29,1-Year,Credit Card,USA,SaaS/Tech,23,0.543,3,1,3.96,2,9,0,,29,841
C02638,2023-09-01,Basic,29,2-Year,Credit Card,UK,Education,8,0.632,3,1,3.42,1,13,0,,36,1044
C02639,2026-07-01,Basic,29,1-Year,ACH/Bank Transfer,Germany,Healthcare,2,0.545,5,1,4.62,2,56,0,,2,58
C02640,2023-08-01,Pro,79,Month-to-month,Credit Card,India,E-commerce,6,0.766,3,1,4.62,1,57,1,2023-12-01,5,395
C02641,2023-08-01,Basic,29,2-Year,PayPal,UK,Marketing/Agency,13,0.109,4,3,4.29,1,19,0,,37,1073
C02642,2024-10-01,Pro,79,1-Year,ACH/Bank Transfer,USA,Manufacturing,88,0.329,3,0,3.75,1,3,1,2026-03-01,18,1422
C02643,2025-12-01,Basic,29,2-Year,Credit Card,India,E-commerce,24,1.0,7,1,2.69,0,9,0,,9,261
C02644,2023-09-01,Enterprise,199,Month-to-month,Credit Card,India,Finance,15,0.611,2,1,4.46,0,39,0,,36,7164
C02645,2024-02-01,Basic,29,1-Year,Manual Invoice,USA,Marketing/Agency,26,0.488,4,4,3.58,0,17,1,2025-11-01,22,638
C02646,2023-07-01,Basic,29,Month-to-month,Credit Card,Canada,SaaS/Tech,40,0.607,3,1,3.36,0,21,0,,38,1102
C02647,2024-07-01,Basic,29,Month-to-month,Credit Card,Australia,Manufacturing,15,0.58,6,1,3.62,0,22,0,,26,754
C02648,2023-12-01,Basic,29,1-Year,ACH/Bank Transfer,USA,E-commerce,14,0.399,5,3,4.51,1,1,0,,33,957
C02649,2025-05-01,Basic,29,1-Year,ACH/Bank Transfer,USA,Marketing/Agency,18,0.402,5,1,3.81,2,26,1,2026-05-01,13,377
C02650,2024-03-01,Pro,79,Month-to-month,ACH/Bank Transfer,USA,E-commerce,6,0.757,5,0,3.78,0,2,0,,30,2370
C02651,2024-05-01,Enterprise,199,1-Year,Credit Card,Germany,Finance,6,0.605,1,1,3.53,0,1,0,,28,5572
C02652,2025-08-01,Pro,79,Month-to-month,PayPal,India,Manufacturing,56,0.399,2,2,3.77,0,7,1,2026-06-01,11,869
C02653,2023-12-01,Basic,29,1-Year,Credit Card,USA,Finance,3,0.301,6,0,5.0,0,11,0,,33,957
C02654,2026-06-01,Basic,29,2-Year,Credit Card,Canada,Marketing/Agency,14,0.858,4,2,4.63,1,2,0,,3,87
C02655,2025-02-01,Basic,29,Month-to-month,Credit Card,Australia,Finance,13,0.489,1,3,3.33,0,3,0,,19,551
C02656,2026-07-01,Pro,79,Month-to-month,Manual Invoice,USA,Marketing/Agency,6,0.828,2,1,4.85,1,4,0,,2,158
C02657,2023-03-01,Basic,29,Month-to-month,Credit Card,Australia,Finance,25,0.363,4,1,5.0,0,12,0,,42,1218
C02658,2024-11-01,Basic,29,Month-to-month,Credit Card,USA,Education,4,0.311,6,1,2.92,0,14,0,,22,638
C02659,2026-04-01,Enterprise,199,Month-to-month,Credit Card,USA,Finance,13,0.554,5,1,4.45,0,18,0,,5,995
C02660,2026-01-01,Basic,29,Month-to-month,PayPal,USA,E-commerce,29,0.358,6,0,3.94,0,6,0,,8,232
C02661,2024-12-01,Basic,29,Month-to-month,Credit Card,Germany,Nonprofit,45,0.111,6,0,5.0,0,6,0,,21,609
C02662,2023-01-01,Basic,29,Month-to-month,Credit Card,Canada,Marketing/Agency,2,0.945,5,1,3.07,0,10,0,,44,1276
C02663,2024-03-01,Basic,29,Month-to-month,Credit Card,Canada,Marketing/Agency,40,0.31,3,2,4.38,2,18,0,,30,870
C02664,2024-06-01,Basic,29,Month-to-month,ACH/Bank Transfer,Germany,SaaS/Tech,46,0.671,5,0,3.53,0,11,0,,27,783
C02665,2024-12-01,Enterprise,199,Month-to-month,ACH/Bank Transfer,USA,Nonprofit,3,0.692,1,1,5.0,0,46,0,,21,4179
C02666,2025-12-01,Basic,29,Month-to-month,Credit Card,UK,Marketing/Agency,11,0.681,4,2,3.82,0,8,0,,9,261
C02667,2026-06-01,Basic,29,1-Year,Credit Card,USA,Healthcare,30,0.442,4,1,5.0,0,5,0,,3,87
C02668,2026-07-01,Basic,29,2-Year,Credit Card,Germany,Healthcare,23,0.913,6,1,4.44,0,10,0,,2,58
C02669,2023-12-01,Pro,79,Month-to-month,PayPal,India,Marketing/Agency,16,0.647,7,3,5.0,0,0,0,,33,2607
C02670,2025-07-01,Enterprise,199,Month-to-month,ACH/Bank Transfer,Canada,Manufacturing,23,0.409,3,1,4.54,0,1,0,,14,2786
C02671,2024-03-01,Pro,79,Month-to-month,Credit Card,UK,SaaS/Tech,9,0.589,5,1,3.71,2,8,0,,30,2370
C02672,2024-01-01,Basic,29,Month-to-month,Credit Card,Germany,Nonprofit,104,0.43,7,0,4.79,2,5,0,,32,928
C02673,2024-06-01,Pro,79,1-Year,Credit Card,India,Education,9,0.375,4,0,4.45,2,11,0,,27,2133
C02674,2023-10-01,Pro,79,Month-to-month,Credit Card,USA,Nonprofit,11,0.612,4,1,4.84,0,12,0,,35,2765
C02675,2023-08-01,Pro,79,Month-to-month,ACH/Bank Transfer,USA,Marketing/Agency,6,0.547,3,1,3.77,0,0,0,,37,2923
C02676,2024-01-01,Pro,79,1-Year,ACH/Bank Transfer,USA,E-commerce,81,0.594,4,3,4.09,0,0,0,,32,2528
C02677,2024-05-01,Enterprise,199,Month-to-month,Manual Invoice,Canada,Healthcare,8,0.435,8,1,5.0,2,22,0,,28,5572
C02678,2023-04-01,Enterprise,199,Month-to-month,Credit Card,USA,Manufacturing,8,0.632,5,0,5.0,1,0,0,,41,8159
C02679,2023-12-01,Pro,79,Month-to-month,Credit Card,UK,Manufacturing,12,0.756,5,1,3.77,0,4,0,,33,2607
C02680,2025-07-01,Pro,79,Month-to-month,ACH/Bank Transfer,UK,Manufacturing,30,0.515,3,1,3.92,1,27,0,,14,1106
C02681,2023-01-01,Basic,29,Month-to-month,ACH/Bank Transfer,India,Healthcare,7,0.355,9,0,4.06,1,28,1,2024-07-01,19,551
C02682,2025-04-01,Pro,79,Month-to-month,ACH/Bank Transfer,Canada,Marketing/Agency,9,0.146,4,1,4.55,0,34,1,2026-04-01,13,1027
C02683,2023-05-01,Basic,29,1-Year,Credit Card,USA,Marketing/Agency,76,0.237,5,3,4.24,1,1,0,,40,1160
C02684,2023-08-01,Basic,29,1-Year,Credit Card,India,SaaS/Tech,42,0.74,1,1,4.47,1,2,1,2024-07-01,12,348
C02685,2023-10-01,Basic,29,Month-to-month,Credit Card,UK,Marketing/Agency,55,0.433,3,1,4.8,0,33,0,,35,1015
C02686,2026-01-01,Pro,79,Month-to-month,Credit Card,USA,Finance,8,0.193,6,0,1.41,1,16,1,2026-04-01,4,316
C02687,2024-01-01,Pro,79,Month-to-month,Credit Card,Australia,Nonprofit,18,0.353,4,1,4.23,1,9,1,2024-06-01,6,474
C02688,2023-04-01,Basic,29,1-Year,Manual Invoice,Germany,Manufacturing,10,0.591,4,4,5.0,2,2,1,2025-08-01,29,841
C02689,2024-11-01,Enterprise,199,Month-to-month,PayPal,Germany,SaaS/Tech,14,0.712,5,1,3.09,1,0,0,,22,4378
C02690,2024-01-01,Basic,29,Month-to-month,Credit Card,Australia,Marketing/Agency,4,0.657,6,1,4.43,1,1,0,,32,928
C02691,2024-08-01,Basic,29,Month-to-month,ACH/Bank Transfer,USA,Marketing/Agency,11,0.81,5,2,3.23,1,21,1,2026-05-01,22,638
C02692,2024-08-01,Pro,79,Month-to-month,Credit Card,Canada,Marketing/Agency,211,0.727,5,3,4.51,0,4,1,2025-11-01,16,1264
C02693,2025-03-01,Enterprise,199,Month-to-month,Manual Invoice,Germany,Marketing/Agency,13,0.624,5,2,5.0,1,5,0,,18,3582
C02694,2023-05-01,Enterprise,199,1-Year,ACH/Bank Transfer,Germany,Manufacturing,8,0.34,3,1,4.49,1,37,0,,40,7960
C02695,2025-01-01,Enterprise,199,2-Year,Credit Card,India,Manufacturing,35,0.209,2,0,3.24,0,19,0,,20,3980
C02696,2026-05-01,Basic,29,Month-to-month,Credit Card,India,Nonprofit,75,0.58,4,1,4.63,0,6,0,,4,116
C02697,2024-07-01,Enterprise,199,1-Year,PayPal,USA,Marketing/Agency,55,0.78,8,0,5.0,0,9,0,,26,5174
C02698,2026-05-01,Basic,29,1-Year,Credit Card,Germany,Nonprofit,18,0.472,5,2,3.26,0,4,0,,4,116
C02699,2026-02-01,Pro,79,Month-to-month,Credit Card,Germany,E-commerce,38,0.613,3,1,4.54,0,7,0,,7,553
C02700,2025-09-01,Pro,79,1-Year,Credit Card,Canada,Nonprofit,18,0.526,10,0,4.25,0,0,0,,12,948
C02701,2023-09-01,Basic,29,Month-to-month,Credit Card,India,Healthcare,21,0.514,4,4,3.72,0,5,0,,36,1044
C02702,2024-08-01,Pro,79,Month-to-month,PayPal,Australia,E-commerce,47,0.791,3,1,1.44,1,9,1,2025-06-01,11,869
C02703,2024-03-01,Pro,79,1-Year,Credit Card,Australia,E-commerce,11,0.634,0,2,4.91,2,31,1,2024-12-01,10,790
C02704,2023-07-01,Pro,79,Month-to-month,PayPal,USA,Healthcare,7,0.725,5,2,4.54,1,3,0,,38,3002
C02705,2024-01-01,Enterprise,199,1-Year,ACH/Bank Transfer,Germany,Manufacturing,41,0.042,1,3,4.07,0,9,0,,32,6368
C02706,2024-03-01,Basic,29,2-Year,Credit Card,Germany,Nonprofit,11,0.364,4,5,3.38,0,26,0,,30,870
C02707,2026-06-01,Pro,79,2-Year,Credit Card,Canada,Manufacturing,24,0.55,3,0,3.9,0,6,0,,3,237
C02708,2026-07-01,Pro,79,1-Year,Credit Card,USA,SaaS/Tech,32,0.807,3,2,2.59,0,5,0,,2,158
C02709,2025-02-01,Pro,79,1-Year,Credit Card,USA,Healthcare,16,0.656,3,4,4.23,0,0,0,,19,1501
C02710,2026-05-01,Basic,29,1-Year,Credit Card,India,Finance,11,0.523,2,1,4.42,0,18,0,,4,116
C02711,2023-12-01,Basic,29,Month-to-month,Credit Card,India,SaaS/Tech,66,0.648,5,0,3.72,0,1,0,,33,957
C02712,2026-03-01,Pro,79,Month-to-month,Credit Card,UK,Finance,24,0.438,10,3,3.12,2,12,0,,6,474
C02713,2024-05-01,Basic,29,Month-to-month,PayPal,UK,E-commerce,24,0.437,2,1,3.16,1,34,0,,28,812
C02714,2024-05-01,Pro,79,1-Year,PayPal,USA,Healthcare,38,0.411,3,1,5.0,0,4,0,,28,2212
C02715,2024-04-01,Pro,79,Month-to-month,PayPal,India,Marketing/Agency,37,0.581,3,1,4.71,0,11,0,,29,2291
C02716,2024-04-01,Enterprise,199,Month-to-month,ACH/Bank Transfer,USA,SaaS/Tech,7,0.56,9,0,4.22,1,5,0,,29,5771
C02717,2023-11-01,Pro,79,Month-to-month,Credit Card,Germany,Finance,23,0.957,5,1,3.9,0,7,0,,34,2686
C02718,2026-04-01,Basic,29,Month-to-month,Credit Card,USA,Manufacturing,44,0.48,0,0,5.0,2,1,0,,5,145
C02719,2023-09-01,Pro,79,2-Year,Credit Card,India,Finance,12,0.29,2,1,2.17,0,7,0,,36,2844
C02720,2024-04-01,Basic,29,1-Year,Credit Card,USA,Manufacturing,1,0.713,4,2,5.0,0,8,0,,29,841
C02721,2023-02-01,Pro,79,Month-to-month,Credit Card,Germany,Healthcare,76,0.461,5,1,5.0,0,5,0,,43,3397
C02722,2025-02-01,Enterprise,199,1-Year,ACH/Bank Transfer,USA,Education,40,0.692,5,1,5.0,1,10,0,,19,3781
C02723,2026-05-01,Pro,79,Month-to-month,ACH/Bank Transfer,USA,Education,6,0.804,4,1,5.0,0,1,0,,4,316
C02724,2024-09-01,Pro,79,Month-to-month,ACH/Bank Transfer,Australia,Finance,4,0.81,4,3,4.47,2,0,0,,24,1896
C02725,2024-01-01,Pro,79,Month-to-month,PayPal,UK,E-commerce,8,0.308,6,2,5.0,1,10,0,,32,2528
C02726,2023-12-01,Enterprise,199,2-Year,Credit Card,UK,Manufacturing,8,0.556,5,0,4.22,0,9,0,,33,6567
C02727,2024-01-01,Enterprise,199,Month-to-month,PayPal,UK,Healthcare,35,0.624,4,1,3.16,0,1,0,,32,6368
C02728,2023-05-01,Pro,79,Month-to-month,PayPal,Canada,Nonprofit,6,0.328,3,0,3.82,2,4,1,2026-01-01,33,2607
C02729,2026-02-01,Basic,29,Month-to-month,Credit Card,Germany,Education,21,0.02,4,0,4.65,2,15,1,2026-03-01,2,58
C02730,2025-03-01,Enterprise,199,2-Year,PayPal,USA,Education,9,0.295,4,2,4.36,1,14,0,,18,3582
C02731,2025-06-01,Pro,79,Month-to-month,Credit Card,UK,Marketing/Agency,32,0.716,8,1,3.84,2,15,0,,15,1185
C02732,2023-06-01,Basic,29,Month-to-month,PayPal,USA,Nonprofit,21,0.552,0,1,4.34,0,8,0,,39,1131
C02733,2023-08-01,Basic,29,Month-to-month,PayPal,Australia,SaaS/Tech,25,0.704,1,3,4.72,1,22,0,,37,1073
C02734,2025-05-01,Enterprise,199,1-Year,ACH/Bank Transfer,UK,SaaS/Tech,20,0.631,2,2,3.53,0,32,0,,16,3184
C02735,2023-04-01,Basic,29,1-Year,PayPal,UK,Manufacturing,14,0.536,3,2,4.52,0,0,0,,41,1189
C02736,2023-09-01,Enterprise,199,1-Year,Credit Card,USA,SaaS/Tech,143,0.45,0,0,2.91,1,57,0,,36,7164
C02737,2024-12-01,Basic,29,Month-to-month,PayPal,USA,Marketing/Agency,37,0.486,2,0,3.42,0,31,0,,21,609
C02738,2026-01-01,Pro,79,1-Year,PayPal,Germany,Healthcare,16,0.812,5,0,2.72,1,5,0,,8,632
C02739,2026-04-01,Basic,29,1-Year,Credit Card,India,Marketing/Agency,517,0.375,6,1,3.44,0,1,0,,5,145
C02740,2026-04-01,Basic,29,Month-to-month,Credit Card,Canada,SaaS/Tech,12,0.692,2,2,3.56,1,18,0,,5,145
C02741,2025-06-01,Pro,79,Month-to-month,Credit Card,Australia,Healthcare,4,0.287,2,1,4.08,0,83,0,,15,1185
C02742,2024-07-01,Enterprise,199,Month-to-month,ACH/Bank Transfer,USA,Manufacturing,4,0.783,4,0,3.51,1,1,0,,26,5174
C02743,2025-08-01,Basic,29,Month-to-month,PayPal,India,SaaS/Tech,10,0.372,2,2,3.66,0,20,0,,13,377
C02744,2024-03-01,Pro,79,Month-to-month,Credit Card,Australia,Nonprofit,7,0.801,6,1,4.01,1,26,0,,30,2370
C02745,2023-06-01,Basic,29,Month-to-month,Credit Card,India,Healthcare,14,0.795,11,4,3.18,0,16,0,,39,1131
C02746,2024-10-01,Basic,29,Month-to-month,ACH/Bank Transfer,UK,SaaS/Tech,1,0.754,2,0,5.0,0,38,0,,23,667
C02747,2024-08-01,Pro,79,1-Year,Credit Card,Germany,Marketing/Agency,45,0.601,6,3,5.0,2,6,0,,25,1975
C02748,2023-02-01,Pro,79,Month-to-month,Credit Card,USA,E-commerce,14,0.533,4,1,5.0,0,4,0,,43,3397
C02749,2024-02-01,Enterprise,199,Month-to-month,Credit Card,Germany,Marketing/Agency,8,0.366,5,2,4.48,1,5,1,2025-10-01,21,4179
C02750,2024-05-01,Pro,79,Month-to-month,Credit Card,India,Education,5,0.308,3,0,5.0,0,25,0,,28,2212
C02751,2023-06-01,Enterprise,199,1-Year,Credit Card,Australia,Education,47,0.371,4,4,3.8,0,4,1,2026-02-01,33,6567
C02752,2023-09-01,Enterprise,199,1-Year,Credit Card,Australia,E-commerce,12,0.658,4,1,4.86,0,2,0,,36,7164
C02753,2025-10-01,Pro,79,Month-to-month,PayPal,UK,SaaS/Tech,2,0.649,0,0,3.27,1,6,0,,11,869
C02754,2026-03-01,Basic,29,Month-to-month,Credit Card,India,SaaS/Tech,10,0.66,6,1,4.34,1,15,0,,6,174
C02755,2026-01-01,Enterprise,199,1-Year,Manual Invoice,India,Manufacturing,5,0.628,5,1,4.43,1,6,0,,8,1592
C02756,2025-04-01,Basic,29,1-Year,Credit Card,UK,Marketing/Agency,47,0.767,5,2,4.75,0,7,0,,17,493
C02757,2024-12-01,Enterprise,199,Month-to-month,ACH/Bank Transfer,USA,Finance,8,0.437,4,2,4.02,0,3,1,2024-12-01,1,199
C02758,2025-07-01,Pro,79,Month-to-month,Credit Card,Canada,Healthcare,2,0.497,5,1,3.27,1,4,1,2026-01-01,7,553
C02759,2023-06-01,Basic,29,Month-to-month,Manual Invoice,India,E-commerce,6,0.191,5,1,4.07,0,4,0,,39,1131
C02760,2025-09-01,Basic,29,Month-to-month,Credit Card,Canada,Finance,19,0.469,6,1,3.44,0,0,0,,12,348
C02761,2023-12-01,Pro,79,Month-to-month,PayPal,Canada,Education,14,0.731,2,1,4.47,0,12,0,,33,2607
C02762,2026-05-01,Basic,29,Month-to-month,Credit Card,India,Nonprofit,25,0.502,3,2,3.1,0,7,0,,4,116
C02763,2026-03-01,Basic,29,Month-to-month,Credit Card,Canada,Healthcare,17,0.268,2,1,4.26,1,2,0,,6,174
C02764,2023-09-01,Basic,29,Month-to-month,PayPal,USA,Finance,21,0.459,3,2,3.25,0,2,0,,36,1044
C02765,2023-04-01,Pro,79,2-Year,Credit Card,India,Marketing/Agency,10,0.613,2,0,5.0,0,14,0,,41,3239
C02766,2025-06-01,Enterprise,199,Month-to-month,Credit Card,USA,Nonprofit,37,0.426,3,0,3.14,0,28,0,,15,2985
C02767,2023-03-01,Enterprise,199,Month-to-month,Credit Card,India,E-commerce,19,0.248,5,1,3.66,1,33,1,2023-12-01,10,1990
C02768,2024-04-01,Pro,79,1-Year,Credit Card,Australia,Education,5,0.456,8,1,3.83,0,1,0,,29,2291
C02769,2024-03-01,Pro,79,Month-to-month,ACH/Bank Transfer,USA,Manufacturing,3,0.675,2,0,5.0,0,2,0,,30,2370
C02770,2025-01-01,Basic,29,Month-to-month,Credit Card,India,E-commerce,7,0.958,1,2,5.0,2,0,1,2025-06-01,6,174
C02771,2026-01-01,Pro,79,2-Year,ACH/Bank Transfer,USA,Healthcare,2,0.823,0,1,4.74,1,6,0,,8,632
C02772,2023-10-01,Pro,79,Month-to-month,Credit Card,UK,Marketing/Agency,31,0.464,9,1,3.38,0,6,1,2025-03-01,18,1422
C02773,2023-07-01,Pro,79,Month-to-month,Credit Card,Canada,Manufacturing,43,0.628,4,3,4.21,0,7,0,,38,3002
C02774,2023-01-01,Basic,29,Month-to-month,PayPal,Germany,SaaS/Tech,23,0.457,4,2,3.48,0,20,0,,44,1276
C02775,2024-11-01,Enterprise,199,1-Year,Credit Card,USA,Education,61,0.58,4,1,4.07,0,8,0,,22,4378
C02776,2026-02-01,Basic,29,2-Year,Credit Card,USA,Nonprofit,60,0.534,5,2,4.65,0,4,0,,7,203
C02777,2023-07-01,Pro,79,2-Year,PayPal,USA,Healthcare,26,0.501,3,2,4.03,1,21,1,2025-09-01,27,2133
C02778,2024-03-01,Pro,79,1-Year,Credit Card,USA,Education,6,0.876,2,1,4.72,0,7,0,,30,2370
C02779,2023-01-01,Basic,29,Month-to-month,Credit Card,UK,Education,3,0.485,5,0,4.18,0,4,0,,44,1276
C02780,2025-12-01,Basic,29,1-Year,Credit Card,UK,Education,28,0.93,5,1,4.4,0,36,0,,9,261
C02781,2025-02-01,Enterprise,199,2-Year,ACH/Bank Transfer,Germany,Finance,6,0.541,3,1,3.93,0,2,0,,19,3781
C02782,2025-09-01,Pro,79,Month-to-month,ACH/Bank Transfer,Germany,Finance,12,0.563,5,1,3.42,0,1,1,2026-06-01,10,790
C02783,2025-03-01,Pro,79,Month-to-month,Credit Card,UK,Healthcare,5,0.314,0,1,3.96,0,12,0,,18,1422
C02784,2023-10-01,Basic,29,2-Year,PayPal,India,E-commerce,4,0.729,5,0,4.17,0,7,0,,35,1015
C02785,2024-11-01,Enterprise,199,1-Year,Credit Card,India,SaaS/Tech,20,0.617,5,2,5.0,0,0,0,,22,4378
C02786,2023-08-01,Pro,79,Month-to-month,Credit Card,Australia,Manufacturing,30,0.68,2,1,5.0,2,30,1,2025-09-01,26,2054
C02787,2023-11-01,Basic,29,1-Year,ACH/Bank Transfer,Canada,Healthcare,12,0.404,3,1,2.66,2,35,1,2024-01-01,3,87
C02788,2023-12-01,Basic,29,Month-to-month,Credit Card,USA,Nonprofit,18,0.543,5,3,4.55,2,7,0,,33,957
C02789,2023-11-01,Pro,79,Month-to-month,Credit Card,USA,Marketing/Agency,40,0.882,5,0,5.0,0,11,0,,34,2686
C02790,2024-08-01,Basic,29,1-Year,Credit Card,USA,Marketing/Agency,78,0.979,4,1,3.96,1,39,1,2025-02-01,7,203
C02791,2026-05-01,Basic,29,1-Year,PayPal,India,Nonprofit,36,0.947,4,0,3.35,1,12,0,,4,116
C02792,2025-10-01,Pro,79,1-Year,Manual Invoice,USA,Finance,14,0.854,3,0,5.0,0,4,0,,11,869
C02793,2023-01-01,Enterprise,199,1-Year,ACH/Bank Transfer,Australia,Nonprofit,102,0.473,4,2,4.8,1,1,1,2025-10-01,34,6766
C02794,2024-12-01,Pro,79,Month-to-month,Credit Card,USA,SaaS/Tech,44,0.558,3,3,3.86,2,4,1,2025-06-01,7,553
C02795,2025-08-01,Basic,29,Month-to-month,ACH/Bank Transfer,India,Healthcare,3,0.85,5,1,4.13,0,19,0,,13,377
C02796,2024-01-01,Basic,29,Month-to-month,ACH/Bank Transfer,USA,E-commerce,44,0.383,4,1,3.6,2,35,1,2024-04-01,4,116
C02797,2025-02-01,Pro,79,1-Year,Manual Invoice,Australia,SaaS/Tech,18,0.739,4,1,3.47,1,4,0,,19,1501
C02798,2023-06-01,Enterprise,199,Month-to-month,Credit Card,USA,Finance,13,0.494,4,0,3.88,0,7,0,,39,7761
C02799,2026-01-01,Pro,79,1-Year,Credit Card,UK,E-commerce,7,0.638,2,0,3.18,1,4,0,,8,632
C02800,2026-02-01,Basic,29,1-Year,ACH/Bank Transfer,Germany,Finance,5,0.313,2,2,4.59,0,21,0,,7,203
C02801,2025-09-01,Basic,29,Month-to-month,Manual Invoice,UK,Education,12,0.611,5,2,4.12,0,4,0,,12,348
C02802,2023-01-01,Pro,79,Month-to-month,Credit Card,Canada,Marketing/Agency,9,0.392,3,1,4.0,0,1,1,2024-02-01,14,1106
C02803,2026-03-01,Basic,29,Month-to-month,ACH/Bank Transfer,Australia,Manufacturing,57,0.558,5,0,3.59,2,1,1,2026-07-01,5,145
C02804,2026-07-01,Basic,29,Month-to-month,Credit Card,USA,Healthcare,16,0.794,5,0,3.26,2,8,0,,2,58
C02805,2023-07-01,Pro,79,Month-to-month,ACH/Bank Transfer,India,SaaS/Tech,3,0.559,3,1,3.61,1,19,0,,38,3002
C02806,2026-06-01,Pro,79,2-Year,ACH/Bank Transfer,Australia,Healthcare,8,0.533,5,0,3.79,2,1,0,,3,237
C02807,2025-10-01,Basic,29,Month-to-month,Manual Invoice,Canada,E-commerce,104,0.383,5,2,4.98,0,15,0,,11,319
C02808,2023-08-01,Basic,29,Month-to-month,Credit Card,UK,Manufacturing,9,0.645,4,1,4.64,0,26,0,,37,1073
C02809,2025-10-01,Basic,29,1-Year,Credit Card,USA,Healthcare,28,0.931,3,3,2.71,1,32,0,,11,319
C02810,2024-08-01,Pro,79,2-Year,Credit Card,India,Manufacturing,3,0.492,3,1,4.55,0,7,0,,25,1975
C02811,2023-12-01,Basic,29,Month-to-month,Credit Card,Canada,Education,3,0.924,1,0,3.02,2,18,0,,33,957
C02812,2025-07-01,Basic,29,1-Year,ACH/Bank Transfer,USA,Finance,39,0.426,4,6,4.15,0,1,1,2026-08-01,14,406
C02813,2024-05-01,Pro,79,Month-to-month,ACH/Bank Transfer,UK,Finance,148,0.534,6,1,4.13,0,3,0,,28,2212
C02814,2025-08-01,Basic,29,Month-to-month,Credit Card,India,Healthcare,11,0.801,5,1,4.34,1,0,0,,13,377
C02815,2024-04-01,Basic,29,1-Year,Credit Card,UK,Healthcare,12,0.776,5,1,3.42,0,2,0,,29,841
C02816,2023-08-01,Pro,79,2-Year,ACH/Bank Transfer,UK,SaaS/Tech,28,0.374,3,3,5.0,0,4,1,2023-12-01,5,395
C02817,2025-09-01,Basic,29,2-Year,Credit Card,Germany,Manufacturing,32,0.685,7,1,2.44,0,5,0,,12,348
C02818,2025-03-01,Enterprise,199,Month-to-month,Credit Card,Canada,E-commerce,42,0.524,2,1,4.32,2,15,0,,18,3582
C02819,2026-04-01,Pro,79,Month-to-month,Credit Card,USA,Education,25,0.533,1,0,3.05,1,12,0,,5,395
C02820,2024-04-01,Enterprise,199,2-Year,Credit Card,Canada,Marketing/Agency,50,0.92,4,3,5.0,0,11,1,2024-06-01,3,597
C02821,2024-10-01,Basic,29,Month-to-month,ACH/Bank Transfer,India,Finance,3,0.285,4,1,4.31,2,10,0,,23,667
C02822,2024-04-01,Basic,29,Month-to-month,PayPal,Germany,Finance,25,0.42,6,3,5.0,0,5,1,2025-09-01,18,522
C02823,2024-05-01,Pro,79,2-Year,Credit Card,Canada,Marketing/Agency,9,0.498,7,2,4.48,0,22,0,,28,2212
C02824,2025-02-01,Basic,29,Month-to-month,Credit Card,India,E-commerce,38,0.318,5,4,4.84,0,38,1,2025-06-01,5,145
C02825,2026-02-01,Pro,79,2-Year,ACH/Bank Transfer,USA,E-commerce,11,0.827,5,1,3.23,0,5,0,,7,553
C02826,2023-10-01,Enterprise,199,2-Year,Credit Card,USA,Education,38,0.367,5,1,3.17,1,6,1,2024-03-01,6,1194
C02827,2026-05-01,Basic,29,1-Year,Credit Card,USA,Education,12,0.512,1,0,4.42,1,1,0,,4,116
C02828,2024-07-01,Pro,79,2-Year,PayPal,Australia,Nonprofit,11,0.691,4,0,3.94,0,1,0,,26,2054
C02829,2025-08-01,Pro,79,Month-to-month,Credit Card,India,Education,15,0.733,1,0,4.34,2,0,0,,13,1027
C02830,2025-01-01,Pro,79,Month-to-month,Manual Invoice,USA,Finance,6,0.307,6,4,3.91,0,28,1,2025-11-01,11,869
C02831,2024-12-01,Enterprise,199,2-Year,PayPal,USA,Finance,65,0.231,5,1,3.16,1,13,0,,21,4179
C02832,2025-12-01,Basic,29,1-Year,Credit Card,UK,Nonprofit,137,0.432,7,0,5.0,0,2,0,,9,261
C02833,2023-04-01,Pro,79,Month-to-month,ACH/Bank Transfer,UK,Marketing/Agency,18,0.307,5,1,3.1,2,2,1,2023-12-01,9,711
C02834,2025-12-01,Basic,29,Month-to-month,Credit Card,India,E-commerce,2,0.7,5,3,4.4,0,6,0,,9,261
C02835,2024-09-01,Enterprise,199,1-Year,Manual Invoice,USA,Finance,53,0.887,7,3,3.63,1,21,0,,24,4776
C02836,2024-08-01,Basic,29,Month-to-month,Credit Card,Canada,SaaS/Tech,8,0.685,7,3,4.21,0,9,0,,25,725
C02837,2024-01-01,Pro,79,1-Year,Credit Card,Germany,Healthcare,26,0.494,1,1,2.44,0,16,0,,32,2528
C02838,2026-07-01,Enterprise,199,Month-to-month,Credit Card,USA,Marketing/Agency,6,0.381,7,1,4.39,0,18,0,,2,398
C02839,2025-03-01,Enterprise,199,2-Year,Credit Card,Germany,SaaS/Tech,3,0.212,6,3,3.74,2,1,0,,18,3582
C02840,2024-09-01,Basic,29,Month-to-month,PayPal,Germany,Nonprofit,34,0.436,8,3,3.63,0,0,0,,24,696
C02841,2024-12-01,Basic,29,Month-to-month,Manual Invoice,Canada,Finance,13,0.771,2,2,5.0,0,0,0,,21,609
C02842,2024-04-01,Basic,29,Month-to-month,Credit Card,Germany,Marketing/Agency,8,0.777,8,1,3.11,0,6,0,,29,841
C02843,2023-04-01,Basic,29,Month-to-month,Manual Invoice,Australia,Finance,43,0.505,8,1,2.81,0,27,0,,41,1189
C02844,2025-04-01,Enterprise,199,2-Year,Manual Invoice,USA,Finance,10,0.52,2,3,2.82,0,2,0,,17,3383
C02845,2025-07-01,Basic,29,Month-to-month,Credit Card,UK,E-commerce,3,0.579,3,4,3.0,0,27,0,,14,406
C02846,2026-04-01,Pro,79,1-Year,Credit Card,USA,E-commerce,3,0.516,7,1,4.21,2,5,0,,5,395
C02847,2023-12-01,Pro,79,1-Year,ACH/Bank Transfer,India,SaaS/Tech,25,0.442,2,3,3.77,0,25,0,,33,2607
C02848,2024-02-01,Pro,79,1-Year,Credit Card,Germany,Finance,13,0.399,8,2,4.14,0,27,1,2024-02-01,1,79
C02849,2023-07-01,Enterprise,199,2-Year,ACH/Bank Transfer,USA,Finance,106,0.38,4,5,4.36,2,30,1,2023-07-01,1,199
C02850,2025-04-01,Basic,29,1-Year,Credit Card,India,SaaS/Tech,6,0.934,1,0,4.91,0,6,0,,17,493
C02851,2025-04-01,Basic,29,Month-to-month,PayPal,India,Marketing/Agency,15,0.733,4,4,2.23,0,7,0,,17,493
C02852,2024-02-01,Pro,79,1-Year,PayPal,Germany,Education,23,0.84,4,2,3.63,0,2,0,,31,2449
C02853,2024-11-01,Pro,79,1-Year,Credit Card,Canada,Manufacturing,1,0.808,3,2,3.44,0,34,0,,22,1738
C02854,2024-11-01,Basic,29,1-Year,ACH/Bank Transfer,Germany,E-commerce,27,0.665,6,1,4.55,0,37,1,2026-03-01,17,493
C02855,2025-01-01,Basic,29,Month-to-month,Credit Card,Canada,Healthcare,4,0.362,6,2,2.63,1,6,0,,20,580
C02856,2023-04-01,Pro,79,Month-to-month,PayPal,USA,Marketing/Agency,11,0.644,1,1,5.0,0,3,0,,41,3239
C02857,2024-04-01,Basic,29,Month-to-month,Credit Card,India,Education,26,0.767,4,2,4.27,0,2,0,,29,841
C02858,2026-06-01,Basic,29,Month-to-month,Credit Card,USA,E-commerce,79,0.717,3,1,3.96,1,5,0,,3,87
C02859,2026-07-01,Basic,29,Month-to-month,Credit Card,UK,Marketing/Agency,14,0.457,1,2,2.47,1,11,1,2026-08-01,2,58
C02860,2025-01-01,Enterprise,199,Month-to-month,Credit Card,USA,Healthcare,14,0.714,3,2,4.69,0,9,1,2025-10-01,10,1990
C02861,2024-12-01,Basic,29,1-Year,Credit Card,Australia,Healthcare,3,0.374,2,0,2.9,0,0,0,,21,609
C02862,2024-03-01,Basic,29,1-Year,Manual Invoice,India,Manufacturing,29,0.603,3,2,3.08,1,44,1,2024-12-01,10,290
C02863,2023-05-01,Pro,79,1-Year,Credit Card,USA,E-commerce,71,0.5,6,5,3.17,2,36,1,2023-06-01,2,158
C02864,2024-06-01,Enterprise,199,Month-to-month,ACH/Bank Transfer,USA,Manufacturing,15,0.618,4,2,3.65,0,2,0,,27,5373
C02865,2025-06-01,Pro,79,Month-to-month,Credit Card,Australia,Healthcare,20,0.332,4,4,2.42,0,1,0,,15,1185
C02866,2025-05-01,Pro,79,Month-to-month,Credit Card,Germany,Education,5,0.629,2,1,4.45,0,12,0,,16,1264
C02867,2023-02-01,Pro,79,Month-to-month,ACH/Bank Transfer,Canada,E-commerce,131,0.444,4,0,4.52,0,6,0,,43,3397
C02868,2024-02-01,Enterprise,199,1-Year,Credit Card,USA,SaaS/Tech,1,0.44,4,1,4.33,0,1,0,,31,6169
C02869,2025-05-01,Pro,79,1-Year,ACH/Bank Transfer,Germany,Manufacturing,26,0.606,1,2,5.0,1,19,0,,16,1264
C02870,2026-02-01,Pro,79,2-Year,Credit Card,USA,Healthcare,5,0.597,4,0,4.49,0,20,0,,7,553
C02871,2024-12-01,Basic,29,Month-to-month,Manual Invoice,UK,Nonprofit,9,0.424,2,0,4.34,1,0,0,,21,609
C02872,2024-12-01,Basic,29,1-Year,PayPal,USA,E-commerce,9,1.0,5,3,3.31,1,11,0,,21,609
C02873,2023-11-01,Pro,79,1-Year,Manual Invoice,Germany,SaaS/Tech,76,0.492,4,0,4.38,0,56,0,,34,2686
C02874,2023-02-01,Pro,79,1-Year,Credit Card,USA,Healthcare,20,0.633,6,2,4.17,0,1,0,,43,3397
C02875,2026-05-01,Pro,79,2-Year,ACH/Bank Transfer,India,Healthcare,51,0.472,4,3,3.25,0,48,0,,4,316
C02876,2024-04-01,Pro,79,Month-to-month,Credit Card,India,Education,46,0.842,0,0,3.63,0,0,1,2024-10-01,7,553
C02877,2025-04-01,Basic,29,Month-to-month,Credit Card,Germany,Education,12,0.437,3,2,3.06,0,0,0,,17,493
C02878,2023-02-01,Pro,79,1-Year,Credit Card,Australia,Finance,8,0.539,2,0,3.38,0,0,0,,43,3397
C02879,2023-11-01,Basic,29,Month-to-month,Credit Card,USA,Finance,27,0.407,3,0,5.0,2,21,0,,34,986
C02880,2026-05-01,Enterprise,199,Month-to-month,ACH/Bank Transfer,UK,SaaS/Tech,12,0.792,2,1,4.6,1,0,0,,4,796
C02881,2025-12-01,Basic,29,1-Year,Credit Card,USA,Education,1,0.638,3,4,3.56,0,18,0,,9,261
C02882,2026-02-01,Pro,79,Month-to-month,Credit Card,USA,Finance,11,0.804,7,1,3.64,0,21,0,,7,553
C02883,2023-11-01,Basic,29,1-Year,Credit Card,Germany,Marketing/Agency,42,0.551,6,1,3.5,0,0,0,,34,986
C02884,2026-05-01,Pro,79,Month-to-month,ACH/Bank Transfer,Germany,Nonprofit,14,0.966,2,0,5.0,2,6,0,,4,316
C02885,2023-06-01,Enterprise,199,1-Year,Credit Card,India,Marketing/Agency,23,0.386,8,1,3.7,1,4,0,,39,7761
C02886,2024-03-01,Pro,79,Month-to-month,PayPal,India,Education,2,0.38,5,2,2.87,0,12,0,,30,2370
C02887,2024-08-01,Basic,29,Month-to-month,Credit Card,Germany,SaaS/Tech,6,0.602,7,1,4.78,0,21,0,,25,725
C02888,2026-06-01,Basic,29,Month-to-month,Credit Card,USA,E-commerce,11,0.647,1,0,3.95,2,3,0,,3,87
C02889,2023-06-01,Basic,29,Month-to-month,ACH/Bank Transfer,India,Marketing/Agency,29,0.36,1,1,3.38,0,21,1,2025-09-01,28,812
C02890,2023-02-01,Enterprise,199,Month-to-month,Credit Card,USA,SaaS/Tech,7,0.655,3,1,2.77,0,7,1,2024-06-01,17,3383
C02891,2026-01-01,Pro,79,Month-to-month,Credit Card,Canada,SaaS/Tech,12,0.708,3,3,4.87,0,2,0,,8,632
C02892,2023-03-01,Enterprise,199,1-Year,Credit Card,USA,Marketing/Agency,7,0.36,2,4,4.39,1,5,1,2024-10-01,20,3980
C02893,2024-10-01,Basic,29,Month-to-month,Credit Card,UK,Marketing/Agency,37,0.111,6,3,3.5,1,4,1,2024-12-01,3,87
C02894,2023-09-01,Basic,29,Month-to-month,ACH/Bank Transfer,USA,Marketing/Agency,5,1.0,2,1,2.63,0,19,0,,36,1044
C02895,2024-01-01,Basic,29,2-Year,Credit Card,Australia,Marketing/Agency,11,0.088,2,1,4.11,0,9,0,,32,928
C02896,2023-03-01,Basic,29,1-Year,Credit Card,India,Education,20,0.602,3,1,3.12,1,15,0,,42,1218
C02897,2025-11-01,Pro,79,1-Year,Credit Card,Germany,Marketing/Agency,9,0.077,7,1,5.0,0,10,0,,10,790
C02898,2024-06-01,Basic,29,Month-to-month,PayPal,Australia,Manufacturing,4,0.675,9,1,3.21,1,21,0,,27,783
C02899,2025-02-01,Pro,79,Month-to-month,Credit Card,USA,Education,5,0.576,3,0,4.41,1,11,0,,19,1501
C02900,2025-04-01,Pro,79,Month-to-month,Credit Card,USA,SaaS/Tech,32,0.618,3,1,5.0,0,24,0,,17,1343
C02901,2024-05-01,Pro,79,Month-to-month,ACH/Bank Transfer,UK,Marketing/Agency,11,0.438,6,2,3.92,1,2,1,2024-05-01,1,79
C02902,2026-02-01,Enterprise,199,Month-to-month,Credit Card,Australia,Education,149,0.805,8,0,3.86,2,12,0,,7,1393
C02903,2024-02-01,Pro,79,Month-to-month,Credit Card,Germany,Marketing/Agency,25,0.071,1,2,4.52,0,12,1,2024-03-01,2,158
C02904,2026-06-01,Pro,79,Month-to-month,Credit Card,USA,Finance,31,0.82,4,1,4.13,0,8,0,,3,237
C02905,2025-06-01,Basic,29,Month-to-month,Credit Card,Australia,Marketing/Agency,55,0.329,4,2,5.0,0,1,0,,15,435
C02906,2025-07-01,Basic,29,Month-to-month,ACH/Bank Transfer,Australia,Marketing/Agency,9,0.668,6,2,3.92,1,4,0,,14,406
C02907,2024-09-01,Pro,79,Month-to-month,Credit Card,UK,E-commerce,9,0.268,2,4,4.19,0,8,1,2025-02-01,6,474
C02908,2025-10-01,Basic,29,1-Year,PayPal,USA,Education,113,0.464,3,5,4.33,1,0,0,,11,319
C02909,2025-10-01,Enterprise,199,2-Year,ACH/Bank Transfer,India,Healthcare,13,0.529,3,2,5.0,0,28,0,,11,2189
C02910,2025-02-01,Enterprise,199,Month-to-month,PayPal,USA,Manufacturing,1,0.552,4,2,4.88,0,19,0,,19,3781
C02911,2023-02-01,Pro,79,Month-to-month,Manual Invoice,India,Healthcare,4,0.651,6,1,3.89,0,22,0,,43,3397
C02912,2025-11-01,Basic,29,1-Year,Credit Card,Germany,Manufacturing,90,0.605,6,3,2.87,1,6,0,,10,290
C02913,2025-02-01,Basic,29,1-Year,Credit Card,India,Marketing/Agency,152,0.104,4,0,4.43,0,4,0,,19,551
C02914,2025-04-01,Pro,79,Month-to-month,ACH/Bank Transfer,USA,Marketing/Agency,74,0.546,4,0,3.13,1,17,0,,17,1343
C02915,2025-07-01,Pro,79,Month-to-month,Credit Card,Canada,Manufacturing,7,0.261,8,1,3.26,0,3,0,,14,1106
C02916,2026-01-01,Basic,29,1-Year,PayPal,USA,Nonprofit,5,0.606,11,2,2.7,1,40,0,,8,232
C02917,2025-11-01,Basic,29,Month-to-month,ACH/Bank Transfer,Australia,Nonprofit,113,0.763,1,2,3.12,1,28,0,,10,290
C02918,2024-11-01,Basic,29,Month-to-month,ACH/Bank Transfer,Canada,Education,24,0.675,1,1,3.81,0,5,0,,22,638
C02919,2025-12-01,Enterprise,199,Month-to-month,Credit Card,USA,Education,55,0.465,5,1,4.26,0,1,0,,9,1791
C02920,2024-04-01,Pro,79,Month-to-month,Credit Card,USA,Nonprofit,7,0.612,9,0,3.8,2,39,0,,29,2291
C02921,2024-05-01,Pro,79,1-Year,Credit Card,Australia,Healthcare,17,0.391,3,3,3.43,1,1,1,2024-12-01,8,632
C02922,2024-06-01,Basic,29,2-Year,Credit Card,Canada,Marketing/Agency,27,0.608,3,2,4.0,0,6,0,,27,783
C02923,2025-01-01,Basic,29,Month-to-month,Credit Card,India,Education,65,0.738,7,0,3.58,1,12,0,,20,580
C02924,2025-04-01,Basic,29,2-Year,ACH/Bank Transfer,USA,Finance,44,0.635,5,3,2.98,0,0,0,,17,493
C02925,2023-07-01,Enterprise,199,1-Year,PayPal,USA,E-commerce,37,0.564,4,0,5.0,1,20,0,,38,7562
C02926,2026-05-01,Basic,29,Month-to-month,Manual Invoice,UK,Nonprofit,7,0.578,3,2,5.0,1,9,0,,4,116
C02927,2026-01-01,Pro,79,2-Year,ACH/Bank Transfer,Canada,Nonprofit,8,0.694,3,1,5.0,0,32,0,,8,632
C02928,2026-04-01,Basic,29,Month-to-month,Credit Card,UK,E-commerce,40,0.475,4,1,4.37,0,19,0,,5,145
C02929,2024-08-01,Pro,79,1-Year,Credit Card,India,Manufacturing,40,0.726,2,0,2.9,0,11,0,,25,1975
C02930,2023-10-01,Basic,29,2-Year,ACH/Bank Transfer,Canada,Healthcare,9,0.593,0,0,3.98,0,9,0,,35,1015
C02931,2025-09-01,Enterprise,199,Month-to-month,ACH/Bank Transfer,USA,Manufacturing,73,0.497,2,1,3.84,1,2,1,2025-12-01,4,796
C02932,2026-01-01,Pro,79,1-Year,Credit Card,Canada,Manufacturing,12,0.378,4,2,4.45,1,6,0,,8,632
C02933,2025-01-01,Enterprise,199,2-Year,Credit Card,USA,Finance,27,0.67,3,2,4.41,0,6,0,,20,3980
C02934,2025-02-01,Enterprise,199,Month-to-month,Credit Card,Germany,Marketing/Agency,2,0.123,0,2,5.0,0,7,0,,19,3781
C02935,2024-10-01,Basic,29,Month-to-month,Credit Card,USA,Finance,3,0.455,4,0,4.28,0,8,0,,23,667
C02936,2024-08-01,Pro,79,1-Year,Credit Card,USA,Marketing/Agency,35,0.784,6,0,3.58,0,1,0,,25,1975
C02937,2023-09-01,Pro,79,Month-to-month,Credit Card,USA,Marketing/Agency,214,0.592,3,2,3.89,1,26,0,,36,2844
C02938,2023-03-01,Pro,79,Month-to-month,Manual Invoice,UK,E-commerce,14,1.0,5,1,1.54,0,20,0,,42,3318
C02939,2023-04-01,Basic,29,1-Year,ACH/Bank Transfer,UK,Finance,8,0.91,6,2,3.5,0,22,0,,41,1189
C02940,2023-09-01,Enterprise,199,Month-to-month,Manual Invoice,UK,SaaS/Tech,18,0.782,7,2,4.45,0,6,0,,36,7164
C02941,2026-03-01,Pro,79,Month-to-month,PayPal,Canada,Healthcare,7,0.639,5,3,5.0,0,37,0,,6,474
C02942,2023-08-01,Basic,29,Month-to-month,Credit Card,Canada,Finance,24,0.535,1,0,3.57,2,2,0,,37,1073
C02943,2026-04-01,Basic,29,Month-to-month,Credit Card,USA,Education,19,0.531,3,0,3.01,2,3,0,,5,145
C02944,2023-07-01,Basic,29,Month-to-month,PayPal,UK,E-commerce,17,0.287,3,1,4.26,0,12,1,2025-09-01,27,783
C02945,2024-03-01,Pro,79,1-Year,Credit Card,UK,Healthcare,5,0.247,5,2,3.55,0,4,1,2025-02-01,12,948
C02946,2025-02-01,Enterprise,199,Month-to-month,Credit Card,UK,Healthcare,22,0.543,4,0,4.91,1,20,0,,19,3781
C02947,2024-06-01,Basic,29,Month-to-month,ACH/Bank Transfer,UK,Manufacturing,6,0.505,5,2,2.84,0,5,0,,27,783
C02948,2025-06-01,Pro,79,1-Year,PayPal,India,Nonprofit,4,0.615,2,2,5.0,0,38,0,,15,1185
C02949,2025-06-01,Basic,29,1-Year,ACH/Bank Transfer,Australia,Healthcare,61,0.514,2,0,5.0,0,0,0,,15,435
C02950,2025-02-01,Pro,79,Month-to-month,Credit Card,USA,Education,20,0.701,5,1,3.4,1,1,0,,19,1501
C02951,2024-02-01,Pro,79,Month-to-month,Credit Card,UK,Finance,135,0.45,5,1,3.98,1,6,0,,31,2449
C02952,2026-05-01,Basic,29,Month-to-month,Credit Card,USA,Finance,19,0.36,3,0,3.45,1,5,0,,4,116
C02953,2026-07-01,Basic,29,Month-to-month,Manual Invoice,Germany,Manufacturing,6,0.694,6,1,2.8,2,6,0,,2,58
C02954,2025-02-01,Basic,29,Month-to-month,Credit Card,India,Manufacturing,60,0.985,3,0,4.53,0,22,0,,19,551
C02955,2026-07-01,Pro,79,Month-to-month,Credit Card,UK,Finance,27,0.502,7,0,5.0,0,16,0,,2,158
C02956,2026-02-01,Enterprise,199,Month-to-month,Credit Card,India,Manufacturing,12,0.074,4,2,1.5,1,19,1,2026-04-01,3,597
C02957,2024-07-01,Pro,79,1-Year,ACH/Bank Transfer,India,Manufacturing,79,0.514,4,2,3.64,2,0,1,2026-08-01,26,2054
C02958,2025-05-01,Basic,29,1-Year,Credit Card,Canada,Healthcare,65,0.681,1,2,4.08,0,2,0,,16,464
C02959,2023-01-01,Enterprise,199,1-Year,ACH/Bank Transfer,Germany,Manufacturing,3,0.404,3,1,4.49,0,9,1,2025-10-01,34,6766
C02960,2023-07-01,Pro,79,Month-to-month,Credit Card,UK,E-commerce,12,0.695,5,3,2.55,0,31,1,2024-02-01,8,632
C02961,2023-06-01,Basic,29,1-Year,Credit Card,Germany,Marketing/Agency,28,0.465,7,1,1.58,1,22,1,2024-04-01,11,319
C02962,2025-12-01,Enterprise,199,2-Year,Credit Card,USA,Marketing/Agency,9,0.29,4,4,4.18,1,13,0,,9,1791
C02963,2026-02-01,Pro,79,1-Year,Credit Card,Australia,Education,7,0.784,2,1,2.83,1,6,0,,7,553
C02964,2023-07-01,Basic,29,Month-to-month,Manual Invoice,UK,Education,9,0.63,3,0,3.71,2,10,1,2024-07-01,13,377
C02965,2023-05-01,Basic,29,2-Year,ACH/Bank Transfer,Canada,Marketing/Agency,10,0.325,4,2,4.75,1,1,0,,40,1160
C02966,2023-03-01,Basic,29,1-Year,Credit Card,UK,Manufacturing,17,0.743,5,1,4.69,0,3,0,,42,1218
C02967,2023-08-01,Pro,79,Month-to-month,Credit Card,UK,Manufacturing,46,0.637,6,1,4.85,0,4,0,,37,2923
C02968,2024-12-01,Basic,29,Month-to-month,Credit Card,India,E-commerce,83,0.362,3,2,2.17,0,10,0,,21,609
C02969,2026-06-01,Basic,29,Month-to-month,ACH/Bank Transfer,USA,Marketing/Agency,1,0.476,1,1,4.98,0,39,0,,3,87
C02970,2024-04-01,Pro,79,2-Year,Credit Card,USA,Nonprofit,8,0.656,4,1,3.54,2,6,0,,29,2291
C02971,2024-01-01,Basic,29,Month-to-month,PayPal,Germany,SaaS/Tech,7,0.854,1,2,3.14,1,4,1,2024-11-01,11,319
C02972,2026-06-01,Enterprise,199,Month-to-month,Credit Card,India,Marketing/Agency,52,0.53,3,4,4.61,0,9,0,,3,597
C02973,2023-02-01,Enterprise,199,Month-to-month,Credit Card,Germany,Nonprofit,1,0.784,1,2,3.98,0,0,1,2024-05-01,16,3184
C02974,2024-10-01,Basic,29,Month-to-month,Credit Card,Australia,Healthcare,10,0.59,6,2,4.14,2,11,0,,23,667
C02975,2023-04-01,Enterprise,199,Month-to-month,Credit Card,India,Healthcare,9,0.643,7,2,5.0,0,24,0,,41,8159
C02976,2025-12-01,Basic,29,Month-to-month,ACH/Bank Transfer,India,Marketing/Agency,25,0.599,10,1,3.49,0,6,0,,9,261
C02977,2025-12-01,Enterprise,199,Month-to-month,Credit Card,USA,Finance,11,0.219,3,1,3.12,1,8,0,,9,1791
C02978,2023-11-01,Pro,79,1-Year,Credit Card,Germany,Manufacturing,21,0.909,6,2,4.02,1,8,0,,34,2686
C02979,2023-09-01,Enterprise,199,Month-to-month,Credit Card,USA,Education,2,0.412,3,3,4.83,0,25,1,2024-09-01,13,2587
C02980,2023-04-01,Enterprise,199,Month-to-month,Credit Card,UK,E-commerce,3,0.489,3,1,3.06,0,20,0,,41,8159
C02981,2026-04-01,Pro,79,Month-to-month,ACH/Bank Transfer,Canada,Finance,27,0.722,6,0,3.58,0,7,0,,5,395
C02982,2023-09-01,Basic,29,Month-to-month,Credit Card,India,Education,15,0.635,6,0,3.58,0,2,0,,36,1044
C02983,2025-10-01,Basic,29,Month-to-month,ACH/Bank Transfer,Canada,SaaS/Tech,7,0.52,7,1,4.42,0,3,0,,11,319
C02984,2025-06-01,Enterprise,199,1-Year,PayPal,India,Healthcare,30,0.953,6,2,4.33,1,31,0,,15,2985
C02985,2026-03-01,Pro,79,Month-to-month,Manual Invoice,India,Healthcare,7,0.928,3,3,2.82,0,6,0,,6,474
C02986,2025-01-01,Basic,29,1-Year,Credit Card,Australia,SaaS/Tech,22,0.443,5,3,3.53,0,3,0,,20,580
C02987,2023-03-01,Basic,29,Month-to-month,Credit Card,UK,Education,10,0.677,6,1,2.7,0,1,0,,42,1218
C02988,2025-01-01,Enterprise,199,Month-to-month,Credit Card,USA,Finance,25,0.235,2,3,4.82,0,49,0,,20,3980
C02989,2026-01-01,Enterprise,199,1-Year,Credit Card,Australia,E-commerce,7,0.374,1,0,4.4,0,7,0,,8,1592
C02990,2025-09-01,Enterprise,199,2-Year,Credit Card,India,Finance,6,0.388,5,0,3.19,2,5,1,2026-05-01,9,1791
C02991,2023-02-01,Enterprise,199,1-Year,Credit Card,UK,Nonprofit,24,0.316,4,0,4.26,1,0,0,,43,8557
C02992,2024-08-01,Basic,29,2-Year,Credit Card,India,Marketing/Agency,49,0.512,3,2,3.43,0,6,0,,25,725
C02993,2024-10-01,Basic,29,Month-to-month,Credit Card,USA,Manufacturing,28,0.794,4,1,3.34,0,13,0,,23,667
C02994,2025-05-01,Enterprise,199,Month-to-month,Manual Invoice,India,Education,6,0.46,6,0,2.36,0,4,0,,16,3184
C02995,2026-05-01,Basic,29,Month-to-month,ACH/Bank Transfer,USA,Manufacturing,32,0.828,3,0,4.08,1,2,0,,4,116
C02996,2025-09-01,Basic,29,2-Year,Manual Invoice,India,Nonprofit,7,0.207,1,0,5.0,1,7,0,,12,348
C02997,2025-05-01,Basic,29,Month-to-month,Manual Invoice,Germany,Marketing/Agency,19,0.533,4,2,4.52,1,9,0,,16,464
C02998,2023-02-01,Basic,29,Month-to-month,Credit Card,India,Healthcare,46,0.528,4,1,3.69,0,7,0,,43,1247
C02999,2024-04-01,Enterprise,199,Month-to-month,Credit Card,India,Healthcare,73,0.144,6,0,4.98,0,1,0,,29,5771
C03000,2024-08-01,Basic,29,1-Year,Credit Card,Canada,Healthcare,19,0.643,5,2,5.0,2,6,0,,25,725
C03001,2024-07-01,Basic,29,Month-to-month,Credit Card,Germany,SaaS/Tech,2,0.714,7,1,3.74,2,5,0,,26,754
C03002,2023-08-01,Basic,29,Month-to-month,PayPal,Canada,Finance,32,0.78,6,0,4.05,1,10,0,,37,1073
C03003,2023-01-01,Pro,79,Month-to-month,Credit Card,Germany,Finance,14,0.449,5,1,3.57,1,6,0,,44,3476
C03004,2024-08-01,Basic,29,2-Year,Credit Card,UK,Finance,2,0.468,2,2,4.01,0,9,0,,25,725
C03005,2024-11-01,Pro,79,2-Year,Credit Card,USA,SaaS/Tech,1,0.595,4,3,2.95,2,1,1,2025-04-01,6,474
C03006,2025-07-01,Pro,79,2-Year,Credit Card,Australia,Nonprofit,28,0.914,2,1,3.24,1,29,0,,14,1106
C03007,2025-10-01,Pro,79,1-Year,ACH/Bank Transfer,Australia,SaaS/Tech,68,0.588,8,2,3.74,0,19,0,,11,869
C03008,2025-11-01,Pro,79,1-Year,Credit Card,Australia,Finance,37,0.431,3,2,4.34,1,26,0,,10,790
C03009,2024-08-01,Enterprise,199,Month-to-month,ACH/Bank Transfer,India,Finance,17,0.417,5,1,2.73,0,14,0,,25,4975
C03010,2024-04-01,Enterprise,199,2-Year,ACH/Bank Transfer,USA,Manufacturing,25,1.0,3,3,5.0,0,12,0,,29,5771
C03011,2025-07-01,Enterprise,199,1-Year,Credit Card,USA,Healthcare,11,0.51,6,2,3.39,2,1,0,,14,2786
C03012,2024-01-01,Enterprise,199,Month-to-month,Credit Card,Australia,Marketing/Agency,176,0.449,7,1,3.3,0,3,0,,32,6368
C03013,2023-10-01,Pro,79,1-Year,Credit Card,USA,SaaS/Tech,40,0.433,3,1,3.51,1,0,0,,35,2765
C03014,2025-06-01,Basic,29,1-Year,Credit Card,Australia,SaaS/Tech,27,0.691,4,2,4.61,0,12,0,,15,435
C03015,2024-07-01,Pro,79,Month-to-month,PayPal,Canada,Education,8,0.559,3,1,4.98,0,0,0,,26,2054
C03016,2023-08-01,Pro,79,Month-to-month,ACH/Bank Transfer,India,Finance,36,0.839,5,2,3.91,0,7,0,,37,2923
C03017,2024-04-01,Pro,79,2-Year,ACH/Bank Transfer,UK,Education,35,0.814,1,2,4.59,2,19,1,2024-09-01,6,474
C03018,2026-04-01,Basic,29,Month-to-month,Credit Card,USA,Marketing/Agency,54,0.804,8,1,4.48,0,6,0,,5,145
C03019,2024-09-01,Pro,79,Month-to-month,Credit Card,India,Finance,20,0.535,2,2,2.46,2,1,1,2025-11-01,15,1185
C03020,2025-05-01,Basic,29,1-Year,Credit Card,USA,Healthcare,8,0.541,3,2,4.4,0,31,0,,16,464
C03021,2026-03-01,Pro,79,2-Year,Credit Card,UK,Healthcare,35,0.62,5,2,3.4,2,2,1,2026-07-01,5,395
C03022,2026-04-01,Basic,29,Month-to-month,Manual Invoice,UK,Manufacturing,9,0.664,5,1,3.21,0,12,0,,5,145
C03023,2025-04-01,Basic,29,Month-to-month,Credit Card,USA,Nonprofit,9,0.419,3,1,5.0,0,8,0,,17,493
C03024,2024-04-01,Basic,29,1-Year,ACH/Bank Transfer,Germany,Marketing/Agency,55,0.522,2,0,3.32,0,11,0,,29,841
C03025,2025-07-01,Basic,29,Month-to-month,Credit Card,UK,SaaS/Tech,56,0.466,2,0,5.0,1,1,0,,14,406
C03026,2024-03-01,Basic,29,Month-to-month,Credit Card,USA,Nonprofit,10,0.73,4,2,3.57,1,19,0,,30,870
C03027,2026-01-01,Pro,79,Month-to-month,Credit Card,Germany,Healthcare,428,0.527,4,3,4.04,0,20,0,,8,632
C03028,2023-08-01,Pro,79,1-Year,Credit Card,Canada,Manufacturing,16,0.606,6,0,4.02,0,4,0,,37,2923
C03029,2023-12-01,Pro,79,Month-to-month,Credit Card,UK,Healthcare,7,0.706,7,0,4.83,1,52,0,,33,2607
C03030,2023-08-01,Enterprise,199,Month-to-month,Credit Card,India,Finance,11,0.374,1,0,4.44,2,2,1,2023-08-01,1,199
C03031,2023-10-01,Enterprise,199,1-Year,Credit Card,Canada,SaaS/Tech,42,0.658,6,0,3.05,2,3,1,2024-01-01,4,796
C03032,2023-10-01,Enterprise,199,2-Year,ACH/Bank Transfer,Canada,Marketing/Agency,1,0.551,4,0,3.73,1,24,0,,35,6965
C03033,2023-02-01,Pro,79,Month-to-month,Credit Card,USA,E-commerce,23,0.883,5,1,4.78,0,24,0,,43,3397
C03034,2025-07-01,Basic,29,1-Year,Manual Invoice,USA,E-commerce,19,0.02,3,0,3.88,0,7,0,,14,406
C03035,2023-07-01,Pro,79,Month-to-month,Credit Card,UK,E-commerce,22,0.473,1,2,3.3,0,2,1,2025-07-01,25,1975
C03036,2024-04-01,Basic,29,Month-to-month,Credit Card,Germany,Manufacturing,16,0.596,1,0,4.05,0,2,0,,29,841
C03037,2023-08-01,Basic,29,2-Year,Credit Card,Australia,E-commerce,17,0.602,7,1,3.59,2,7,0,,37,1073
C03038,2024-09-01,Enterprise,199,1-Year,ACH/Bank Transfer,UK,SaaS/Tech,12,0.408,9,4,2.51,1,25,0,,24,4776
C03039,2026-07-01,Basic,29,1-Year,Manual Invoice,India,Nonprofit,34,0.383,4,0,4.54,0,16,0,,2,58
C03040,2024-03-01,Pro,79,Month-to-month,PayPal,Canada,Finance,322,0.943,4,1,3.64,0,36,0,,30,2370
C03041,2023-07-01,Pro,79,1-Year,Credit Card,Germany,Education,3,0.233,5,0,4.89,2,2,1,2024-01-01,7,553
C03042,2025-11-01,Basic,29,1-Year,ACH/Bank Transfer,UK,Marketing/Agency,12,0.664,10,2,3.02,2,0,0,,10,290
C03043,2025-07-01,Pro,79,Month-to-month,Credit Card,USA,Healthcare,9,0.353,5,1,4.69,0,39,1,2026-08-01,14,1106
C03044,2024-08-01,Basic,29,2-Year,Credit Card,USA,E-commerce,2,0.524,5,4,4.01,0,9,0,,25,725
C03045,2025-04-01,Pro,79,2-Year,PayPal,Australia,SaaS/Tech,4,0.496,6,1,3.82,2,20,0,,17,1343
C03046,2023-08-01,Basic,29,1-Year,Credit Card,USA,SaaS/Tech,11,0.591,6,1,5.0,0,25,0,,37,1073
C03047,2025-09-01,Pro,79,Month-to-month,Credit Card,India,Finance,10,0.52,5,1,2.42,0,0,0,,12,948
C03048,2025-03-01,Pro,79,2-Year,Credit Card,Germany,Finance,68,0.02,6,1,3.53,0,8,0,,18,1422
C03049,2025-05-01,Pro,79,1-Year,Credit Card,USA,Manufacturing,14,0.468,3,2,4.03,2,6,0,,16,1264
C03050,2026-03-01,Enterprise,199,Month-to-month,ACH/Bank Transfer,Germany,Marketing/Agency,43,0.533,5,5,4.67,1,9,0,,6,1194
C03051,2024-05-01,Pro,79,Month-to-month,Credit Card,USA,Nonprofit,10,0.675,4,0,4.64,0,3,0,,28,2212
C03052,2024-07-01,Basic,29,Month-to-month,Credit Card,UK,Nonprofit,34,0.544,5,1,2.55,0,7,1,2025-11-01,17,493
C03053,2024-02-01,Basic,29,Month-to-month,Credit Card,India,Nonprofit,5,0.652,6,1,4.34,1,10,0,,31,899
C03054,2024-11-01,Basic,29,Month-to-month,Credit Card,UK,Manufacturing,37,0.131,8,1,2.89,0,9,0,,22,638
C03055,2023-01-01,Basic,29,Month-to-month,Credit Card,USA,Manufacturing,12,0.626,3,1,3.96,0,1,0,,44,1276
C03056,2024-01-01,Enterprise,199,Month-to-month,Credit Card,USA,SaaS/Tech,4,0.774,6,0,3.77,0,2,0,,32,6368
C03057,2024-01-01,Basic,29,1-Year,Credit Card,Canada,Finance,28,0.136,9,1,5.0,0,29,0,,32,928
C03058,2024-07-01,Enterprise,199,1-Year,ACH/Bank Transfer,UK,Nonprofit,107,0.634,3,0,3.69,0,23,0,,26,5174
C03059,2025-11-01,Pro,79,Month-to-month,ACH/Bank Transfer,UK,Manufacturing,1,0.561,6,2,3.72,0,1,0,,10,790
C03060,2024-04-01,Enterprise,199,1-Year,Credit Card,UK,Healthcare,26,0.355,4,4,3.2,0,9,1,2025-04-01,13,2587
C03061,2023-02-01,Basic,29,2-Year,Credit Card,USA,Manufacturing,4,0.287,4,2,4.04,0,14,0,,43,1247
C03062,2026-05-01,Enterprise,199,Month-to-month,PayPal,UK,E-commerce,14,0.309,4,1,3.75,1,11,1,2026-07-01,3,597
C03063,2024-09-01,Enterprise,199,1-Year,Credit Card,USA,Marketing/Agency,6,0.577,4,1,4.81,2,4,0,,24,4776
C03064,2026-03-01,Pro,79,1-Year,ACH/Bank Transfer,USA,Finance,50,0.812,4,3,4.23,0,41,0,,6,474
C03065,2024-03-01,Pro,79,1-Year,Credit Card,India,SaaS/Tech,4,0.35,5,1,4.25,1,0,0,,30,2370
C03066,2025-06-01,Basic,29,Month-to-month,Credit Card,USA,Healthcare,33,0.81,1,1,4.9,0,4,0,,15,435
C03067,2024-01-01,Basic,29,Month-to-month,Credit Card,USA,Healthcare,1,0.472,7,1,3.43,1,8,0,,32,928
C03068,2024-10-01,Pro,79,Month-to-month,ACH/Bank Transfer,Canada,SaaS/Tech,12,0.968,10,1,3.68,1,23,0,,23,1817
C03069,2024-12-01,Pro,79,2-Year,ACH/Bank Transfer,Germany,Healthcare,16,0.766,3,0,4.19,0,3,0,,21,1659
C03070,2026-01-01,Pro,79,Month-to-month,PayPal,USA,SaaS/Tech,17,0.678,2,2,3.98,0,10,0,,8,632
C03071,2025-05-01,Pro,79,1-Year,PayPal,USA,E-commerce,10,0.337,5,1,4.09,1,37,0,,16,1264
C03072,2024-11-01,Pro,79,Month-to-month,ACH/Bank Transfer,UK,Education,11,0.394,3,2,2.18,2,2,1,2025-03-01,5,395
C03073,2026-03-01,Basic,29,Month-to-month,Manual Invoice,UK,Finance,12,0.656,4,0,3.32,0,33,0,,6,174
C03074,2024-04-01,Basic,29,Month-to-month,ACH/Bank Transfer,USA,Manufacturing,163,0.574,7,3,5.0,0,1,0,,29,841
C03075,2024-12-01,Pro,79,Month-to-month,PayPal,India,Healthcare,80,0.501,3,4,4.78,0,22,0,,21,1659
C03076,2023-10-01,Pro,79,1-Year,Credit Card,Australia,Healthcare,14,1.0,3,0,2.65,1,5,1,2024-01-01,4,316
C03077,2023-10-01,Enterprise,199,Month-to-month,Credit Card,Australia,SaaS/Tech,8,0.717,2,2,2.6,1,13,1,2025-01-01,16,3184
C03078,2024-10-01,Enterprise,199,Month-to-month,Credit Card,USA,SaaS/Tech,14,0.454,7,1,3.96,0,23,0,,23,4577
C03079,2023-11-01,Enterprise,199,Month-to-month,Credit Card,USA,Healthcare,117,0.418,4,2,2.8,0,6,1,2024-04-01,6,1194
C03080,2023-08-01,Basic,29,2-Year,Credit Card,Canada,Marketing/Agency,30,0.765,5,3,4.52,0,10,0,,37,1073
C03081,2024-07-01,Pro,79,Month-to-month,ACH/Bank Transfer,Australia,Marketing/Agency,52,0.733,2,4,3.58,2,7,1,2024-07-01,1,79
C03082,2025-03-01,Pro,79,Month-to-month,Credit Card,Canada,E-commerce,37,0.617,4,0,3.56,0,6,1,2025-08-01,6,474
C03083,2026-04-01,Enterprise,199,2-Year,Credit Card,Canada,Nonprofit,12,0.481,2,0,4.69,0,4,0,,5,995
C03084,2023-11-01,Enterprise,199,Month-to-month,Credit Card,Germany,SaaS/Tech,75,0.582,4,3,4.5,2,26,1,2024-09-01,11,2189
C03085,2025-07-01,Basic,29,Month-to-month,ACH/Bank Transfer,UK,E-commerce,76,0.02,8,4,3.02,0,0,0,,14,406
C03086,2025-08-01,Enterprise,199,Month-to-month,ACH/Bank Transfer,Canada,Nonprofit,5,0.074,9,0,5.0,1,3,0,,13,2587
C03087,2026-02-01,Basic,29,Month-to-month,Credit Card,USA,Marketing/Agency,11,0.227,8,0,4.37,0,11,0,,7,203
C03088,2024-11-01,Basic,29,1-Year,Credit Card,USA,SaaS/Tech,19,0.467,5,2,3.35,0,12,0,,22,638
C03089,2023-05-01,Pro,79,Month-to-month,Credit Card,UK,Education,62,0.75,4,0,5.0,1,21,0,,40,3160
C03090,2023-12-01,Pro,79,1-Year,Credit Card,UK,Education,3,0.533,6,0,3.06,0,1,0,,33,2607
C03091,2023-01-01,Pro,79,Month-to-month,Credit Card,Germany,Marketing/Agency,5,0.754,7,1,4.75,0,2,0,,44,3476
C03092,2023-10-01,Basic,29,1-Year,PayPal,Germany,Marketing/Agency,12,0.315,3,1,2.64,1,0,1,2024-07-01,10,290
C03093,2023-01-01,Pro,79,1-Year,Credit Card,USA,Nonprofit,108,0.718,7,0,4.17,0,12,0,,44,3476
C03094,2025-11-01,Enterprise,199,Month-to-month,ACH/Bank Transfer,USA,Nonprofit,4,0.629,4,0,2.78,2,1,0,,10,1990
C03095,2024-11-01,Basic,29,2-Year,Manual Invoice,Australia,E-commerce,97,0.429,5,3,4.05,0,12,0,,22,638
C03096,2024-06-01,Enterprise,199,Month-to-month,PayPal,USA,Nonprofit,17,0.938,4,1,4.57,1,26,0,,27,5373
C03097,2023-05-01,Pro,79,1-Year,PayPal,USA,Healthcare,31,0.588,1,1,4.72,1,15,0,,40,3160
C03098,2025-09-01,Basic,29,1-Year,Credit Card,Germany,Nonprofit,29,0.54,7,1,4.33,0,15,0,,12,348
C03099,2024-11-01,Pro,79,1-Year,ACH/Bank Transfer,USA,Marketing/Agency,13,0.937,6,0,4.59,0,30,0,,22,1738
C03100,2024-05-01,Pro,79,Month-to-month,Credit Card,USA,SaaS/Tech,18,0.583,5,2,2.71,0,1,0,,28,2212
C03101,2024-01-01,Enterprise,199,1-Year,ACH/Bank Transfer,Germany,SaaS/Tech,42,0.62,3,2,5.0,0,9,0,,32,6368
C03102,2025-08-01,Basic,29,Month-to-month,PayPal,Germany,Manufacturing,31,0.998,1,2,4.54,2,6,1,2025-09-01,2,58
C03103,2026-07-01,Basic,29,1-Year,Credit Card,India,Education,16,0.44,4,1,4.22,1,0,0,,2,58
C03104,2023-11-01,Pro,79,Month-to-month,Credit Card,Canada,SaaS/Tech,102,0.624,1,2,4.66,0,8,0,,34,2686
C03105,2023-02-01,Pro,79,Month-to-month,Credit Card,USA,Finance,7,0.487,2,0,4.33,0,43,0,,43,3397
C03106,2025-12-01,Pro,79,Month-to-month,ACH/Bank Transfer,USA,Manufacturing,24,0.553,7,3,4.16,1,5,0,,9,711
C03107,2025-07-01,Basic,29,Month-to-month,Credit Card,Germany,Marketing/Agency,8,0.22,5,3,3.45,2,14,1,2025-09-01,3,87
C03108,2024-12-01,Pro,79,Month-to-month,Credit Card,India,Healthcare,26,0.454,3,2,4.28,1,7,0,,21,1659
C03109,2023-05-01,Basic,29,Month-to-month,Credit Card,Germany,Finance,83,0.491,2,3,1.91,0,11,1,2023-10-01,6,174
C03110,2023-05-01,Pro,79,1-Year,ACH/Bank Transfer,Canada,Nonprofit,15,0.138,2,0,4.19,2,5,1,2025-02-01,22,1738
C03111,2023-01-01,Pro,79,Month-to-month,PayPal,USA,Nonprofit,31,0.869,5,0,3.96,0,0,0,,44,3476
C03112,2025-02-01,Basic,29,2-Year,Manual Invoice,India,Education,19,0.667,5,2,4.89,0,33,0,,19,551
C03113,2024-01-01,Basic,29,Month-to-month,PayPal,Canada,Finance,22,0.646,6,1,5.0,2,8,0,,32,928
C03114,2026-06-01,Enterprise,199,Month-to-month,ACH/Bank Transfer,USA,Healthcare,5,0.793,3,3,5.0,1,3,0,,3,597
C03115,2024-04-01,Pro,79,Month-to-month,Credit Card,India,Finance,18,0.661,9,2,4.66,0,23,0,,29,2291
C03116,2024-06-01,Pro,79,1-Year,PayPal,USA,Education,92,0.02,2,3,3.27,1,1,0,,27,2133
C03117,2026-06-01,Pro,79,Month-to-month,PayPal,UK,SaaS/Tech,3,0.597,3,0,2.84,1,0,0,,3,237
C03118,2026-07-01,Enterprise,199,Month-to-month,Manual Invoice,Canada,Manufacturing,33,0.273,4,0,3.28,0,8,0,,2,398
C03119,2024-04-01,Basic,29,Month-to-month,Credit Card,USA,Marketing/Agency,13,0.627,8,1,4.7,2,54,0,,29,841
C03120,2024-12-01,Basic,29,1-Year,ACH/Bank Transfer,Germany,Finance,11,0.331,5,1,3.06,0,4,0,,21,609
C03121,2024-07-01,Pro,79,2-Year,Manual Invoice,India,Nonprofit,1,0.635,2,1,4.14,0,30,1,2024-07-01,1,79
C03122,2025-09-01,Basic,29,1-Year,PayPal,Canada,Marketing/Agency,60,0.792,4,0,3.59,0,1,0,,12,348
C03123,2024-11-01,Pro,79,Month-to-month,Credit Card,USA,E-commerce,159,0.411,2,0,3.49,0,0,1,2025-11-01,13,1027
C03124,2025-04-01,Enterprise,199,2-Year,Manual Invoice,USA,Education,3,0.583,3,0,2.49,0,3,0,,17,3383
C03125,2023-11-01,Pro,79,Month-to-month,ACH/Bank Transfer,India,SaaS/Tech,12,0.513,6,2,4.76,0,1,0,,34,2686
C03126,2023-05-01,Enterprise,199,1-Year,ACH/Bank Transfer,UK,Healthcare,22,0.744,4,1,3.82,2,3,1,2025-04-01,24,4776
C03127,2024-11-01,Pro,79,1-Year,Credit Card,UK,Healthcare,11,0.727,6,1,5.0,2,3,1,2026-05-01,19,1501
C03128,2023-11-01,Basic,29,1-Year,Credit Card,Canada,Healthcare,14,0.687,5,0,3.99,0,8,0,,34,986
C03129,2026-03-01,Basic,29,1-Year,PayPal,India,Education,13,0.483,2,0,3.48,0,42,0,,6,174
C03130,2025-01-01,Basic,29,2-Year,Credit Card,USA,SaaS/Tech,13,0.575,2,2,3.92,0,7,0,,20,580
C03131,2023-01-01,Enterprise,199,2-Year,PayPal,UK,Manufacturing,10,0.564,7,4,5.0,0,2,0,,44,8756
C03132,2023-10-01,Pro,79,Month-to-month,Credit Card,India,E-commerce,2,0.358,5,1,5.0,1,4,0,,35,2765
C03133,2023-12-01,Basic,29,1-Year,PayPal,USA,Healthcare,24,0.788,4,0,5.0,0,9,0,,33,957
C03134,2024-01-01,Basic,29,1-Year,Credit Card,USA,Marketing/Agency,31,0.815,3,3,4.31,0,5,0,,32,928
C03135,2024-01-01,Enterprise,199,2-Year,PayPal,Canada,Education,10,0.303,4,2,4.27,0,6,0,,32,6368
C03136,2023-01-01,Pro,79,2-Year,Credit Card,USA,Marketing/Agency,5,0.402,3,2,5.0,0,14,0,,44,3476
C03137,2026-02-01,Pro,79,Month-to-month,ACH/Bank Transfer,Canada,Healthcare,5,0.551,5,1,4.27,0,1,0,,7,553
C03138,2025-02-01,Pro,79,1-Year,Manual Invoice,India,SaaS/Tech,42,0.919,4,2,4.91,0,3,0,,19,1501
C03139,2023-02-01,Pro,79,Month-to-month,Credit Card,Germany,Nonprofit,27,0.683,3,3,3.9,1,15,0,,43,3397
C03140,2023-09-01,Enterprise,199,1-Year,Manual Invoice,Canada,SaaS/Tech,16,0.407,5,2,4.83,1,10,0,,36,7164
C03141,2026-02-01,Basic,29,1-Year,PayPal,USA,Marketing/Agency,99,0.699,7,2,5.0,1,5,0,,7,203
C03142,2023-07-01,Basic,29,Month-to-month,Credit Card,USA,Education,9,1.0,9,2,3.56,0,21,0,,38,1102
C03143,2024-06-01,Pro,79,Month-to-month,Manual Invoice,UK,Education,29,0.668,7,1,4.43,2,2,0,,27,2133
C03144,2025-07-01,Basic,29,Month-to-month,ACH/Bank Transfer,Australia,Manufacturing,74,0.858,2,0,3.54,1,16,0,,14,406
C03145,2024-02-01,Pro,79,Month-to-month,Credit Card,India,Healthcare,7,0.697,6,2,3.03,1,36,0,,31,2449
C03146,2023-04-01,Pro,79,1-Year,Credit Card,USA,SaaS/Tech,10,0.354,3,1,3.92,0,6,1,2025-02-01,23,1817
C03147,2025-03-01,Pro,79,Month-to-month,Credit Card,Australia,SaaS/Tech,7,0.549,3,1,4.31,0,31,1,2026-05-01,15,1185
C03148,2024-06-01,Basic,29,Month-to-month,Credit Card,UK,E-commerce,2,0.56,7,2,4.88,1,6,1,2024-08-01,3,87
C03149,2023-09-01,Pro,79,Month-to-month,Credit Card,USA,Nonprofit,8,0.546,4,2,3.82,2,11,1,2024-09-01,13,1027
C03150,2025-09-01,Enterprise,199,1-Year,Credit Card,Australia,Healthcare,51,0.778,2,1,3.57,2,3,1,2026-05-01,9,1791
C03151,2023-07-01,Pro,79,1-Year,Credit Card,USA,Manufacturing,3,0.792,2,1,5.0,1,5,0,,38,3002
C03152,2023-01-01,Pro,79,2-Year,Credit Card,India,SaaS/Tech,1,0.547,2,0,4.32,1,0,0,,44,3476
C03153,2025-02-01,Basic,29,Month-to-month,Manual Invoice,India,Marketing/Agency,26,0.702,3,0,5.0,0,8,0,,19,551
C03154,2024-06-01,Pro,79,1-Year,ACH/Bank Transfer,USA,Nonprofit,2,0.743,5,0,3.19,2,17,0,,27,2133
C03155,2023-06-01,Pro,79,Month-to-month,ACH/Bank Transfer,Australia,Marketing/Agency,2,0.67,3,5,4.94,0,12,1,2023-12-01,7,553
C03156,2024-10-01,Basic,29,Month-to-month,Credit Card,India,Nonprofit,10,0.487,6,1,3.83,2,3,1,2025-03-01,6,174
C03157,2023-07-01,Basic,29,Month-to-month,Credit Card,USA,E-commerce,9,0.452,5,3,5.0,0,16,0,,38,1102
C03158,2025-03-01,Enterprise,199,1-Year,Credit Card,Germany,Education,20,0.943,3,1,5.0,2,22,0,,18,3582
C03159,2025-04-01,Pro,79,2-Year,Credit Card,India,SaaS/Tech,15,0.527,5,0,5.0,0,2,0,,17,1343
C03160,2025-07-01,Enterprise,199,Month-to-month,ACH/Bank Transfer,USA,E-commerce,29,0.593,2,1,4.35,1,22,0,,14,2786
C03161,2023-10-01,Pro,79,Month-to-month,Credit Card,USA,Marketing/Agency,49,0.395,4,2,4.09,0,17,1,2024-03-01,6,474
C03162,2026-01-01,Enterprise,199,2-Year,ACH/Bank Transfer,USA,Marketing/Agency,26,0.521,3,0,3.44,0,5,0,,8,1592
C03163,2024-04-01,Basic,29,2-Year,ACH/Bank Transfer,USA,Manufacturing,22,0.093,1,1,4.74,0,28,0,,29,841
C03164,2023-02-01,Pro,79,1-Year,ACH/Bank Transfer,Australia,Nonprofit,18,0.483,4,1,4.63,0,6,0,,43,3397
C03165,2023-08-01,Pro,79,Month-to-month,Credit Card,USA,Education,31,0.672,7,2,5.0,0,2,0,,37,2923
C03166,2023-12-01,Pro,79,Month-to-month,Credit Card,Germany,Finance,36,0.585,3,1,4.23,0,14,0,,33,2607
C03167,2026-05-01,Pro,79,Month-to-month,Manual Invoice,UK,Education,27,0.704,8,1,3.5,0,0,0,,4,316
C03168,2025-12-01,Enterprise,199,Month-to-month,Credit Card,UK,Nonprofit,78,0.297,2,1,3.71,0,60,0,,9,1791
C03169,2023-10-01,Basic,29,Month-to-month,ACH/Bank Transfer,USA,SaaS/Tech,68,0.53,3,3,4.07,1,14,0,,35,1015
C03170,2023-02-01,Pro,79,Month-to-month,Credit Card,Australia,Education,57,0.446,2,0,4.65,2,5,0,,43,3397
C03171,2025-07-01,Basic,29,Month-to-month,Manual Invoice,Australia,Manufacturing,112,0.483,1,1,3.22,1,42,1,2026-08-01,14,406
C03172,2025-05-01,Pro,79,Month-to-month,ACH/Bank Transfer,Canada,Manufacturing,3,0.548,1,1,3.21,1,11,1,2026-05-01,13,1027
C03173,2024-02-01,Pro,79,Month-to-month,Credit Card,UK,Manufacturing,10,0.511,2,0,4.2,0,23,1,2025-06-01,17,1343
C03174,2023-02-01,Basic,29,2-Year,Credit Card,Australia,Education,18,0.888,3,0,2.3,0,6,0,,43,1247
C03175,2025-12-01,Basic,29,1-Year,PayPal,India,SaaS/Tech,75,0.387,2,1,4.59,1,7,0,,9,261
C03176,2026-01-01,Basic,29,Month-to-month,Credit Card,Australia,Nonprofit,15,0.523,1,0,2.96,0,34,1,2026-03-01,3,87
C03177,2024-11-01,Basic,29,Month-to-month,Credit Card,USA,Marketing/Agency,2,0.627,3,0,3.92,1,11,0,,22,638
C03178,2023-01-01,Enterprise,199,1-Year,ACH/Bank Transfer,Australia,Finance,7,0.962,5,0,3.17,0,5,0,,44,8756
C03179,2026-03-01,Pro,79,2-Year,Credit Card,UK,Healthcare,5,0.19,4,2,3.84,0,25,0,,6,474
C03180,2024-04-01,Pro,79,Month-to-month,Credit Card,USA,Education,8,0.782,3,1,5.0,1,0,0,,29,2291
C03181,2024-12-01,Basic,29,1-Year,Credit Card,USA,Marketing/Agency,26,0.502,0,1,2.57,0,62,0,,21,609
C03182,2026-06-01,Enterprise,199,Month-to-month,Credit Card,UK,Manufacturing,44,0.825,5,1,4.19,0,2,0,,3,597
C03183,2025-05-01,Basic,29,Month-to-month,PayPal,India,Healthcare,19,0.353,4,1,2.93,0,0,0,,16,464
C03184,2024-06-01,Pro,79,1-Year,Credit Card,Germany,E-commerce,68,0.459,6,0,3.98,0,2,0,,27,2133
C03185,2024-09-01,Basic,29,Month-to-month,Manual Invoice,Germany,Marketing/Agency,16,0.376,5,2,3.39,2,8,1,2025-02-01,6,174
C03186,2025-05-01,Basic,29,Month-to-month,Manual Invoice,Germany,Finance,15,0.756,4,0,2.8,0,36,0,,16,464
C03187,2023-12-01,Basic,29,2-Year,Credit Card,UK,Healthcare,4,0.127,1,1,2.76,0,3,1,2026-03-01,28,812
C03188,2025-01-01,Pro,79,Month-to-month,Credit Card,Germany,Healthcare,18,0.431,4,0,3.82,0,1,1,2026-05-01,17,1343
C03189,2023-04-01,Pro,79,Month-to-month,Credit Card,USA,Healthcare,33,0.473,5,0,5.0,0,20,0,,41,3239
C03190,2026-04-01,Enterprise,199,2-Year,ACH/Bank Transfer,USA,Education,18,0.433,4,2,3.92,0,2,0,,5,995
C03191,2024-02-01,Basic,29,1-Year,ACH/Bank Transfer,USA,Manufacturing,7,0.994,7,0,3.17,2,0,0,,31,899
C03192,2026-03-01,Enterprise,199,2-Year,Credit Card,Germany,Finance,25,0.463,2,1,5.0,0,0,0,,6,1194
C03193,2023-05-01,Basic,29,1-Year,Credit Card,UK,Manufacturing,57,0.931,5,3,3.92,0,19,0,,40,1160
C03194,2025-12-01,Enterprise,199,2-Year,Credit Card,UK,Manufacturing,72,0.436,3,0,4.84,0,6,0,,9,1791
C03195,2023-01-01,Basic,29,2-Year,Credit Card,UK,SaaS/Tech,19,0.461,5,1,4.0,0,9,0,,44,1276
C03196,2025-07-01,Enterprise,199,2-Year,PayPal,Australia,Marketing/Agency,21,0.676,3,2,3.35,2,10,1,2025-10-01,4,796
C03197,2026-03-01,Basic,29,1-Year,Credit Card,Australia,Healthcare,93,0.489,0,2,4.0,0,12,0,,6,174
C03198,2024-06-01,Basic,29,2-Year,ACH/Bank Transfer,USA,Marketing/Agency,24,0.466,8,1,3.8,1,8,0,,27,783
C03199,2024-06-01,Basic,29,Month-to-month,ACH/Bank Transfer,Canada,Education,35,0.73,5,0,4.27,1,22,0,,27,783
C03200,2026-07-01,Pro,79,Month-to-month,ACH/Bank Transfer,India,E-commerce,12,0.695,1,2,3.17,0,13,0,,2,158
C03201,2023-04-01,Enterprise,199,1-Year,Credit Card,Canada,Healthcare,19,0.418,2,3,2.42,2,24,1,2023-05-01,2,398
C03202,2023-10-01,Pro,79,2-Year,PayPal,USA,Nonprofit,24,0.528,4,1,3.32,0,8,0,,35,2765
C03203,2023-10-01,Basic,29,Month-to-month,Credit Card,Australia,Education,6,0.897,5,1,4.02,1,2,0,,35,1015
C03204,2025-04-01,Basic,29,1-Year,PayPal,India,Marketing/Agency,45,0.591,1,1,3.93,1,2,1,2025-12-01,9,261
C03205,2024-03-01,Enterprise,199,1-Year,PayPal,UK,SaaS/Tech,8,0.546,6,0,5.0,0,19,0,,30,5970
C03206,2025-12-01,Enterprise,199,1-Year,Credit Card,India,Finance,26,0.924,5,2,2.69,0,1,0,,9,1791
C03207,2026-05-01,Basic,29,1-Year,Manual Invoice,USA,Manufacturing,4,0.527,5,2,5.0,2,5,0,,4,116
C03208,2026-04-01,Basic,29,Month-to-month,PayPal,India,Finance,7,0.471,4,1,3.77,0,10,0,,5,145
C03209,2025-02-01,Enterprise,199,2-Year,Credit Card,Australia,Nonprofit,15,0.609,3,1,2.86,1,5,0,,19,3781
C03210,2026-05-01,Basic,29,Month-to-month,Credit Card,USA,Finance,54,0.48,3,3,4.37,0,6,0,,4,116
C03211,2024-12-01,Basic,29,Month-to-month,Credit Card,UK,Marketing/Agency,29,0.471,0,0,5.0,0,0,0,,21,609
C03212,2023-01-01,Basic,29,Month-to-month,PayPal,USA,Nonprofit,22,0.02,1,0,5.0,2,10,1,2025-08-01,32,928
C03213,2025-11-01,Pro,79,1-Year,ACH/Bank Transfer,UK,Nonprofit,3,1.0,3,1,3.66,0,1,0,,10,790
C03214,2023-08-01,Enterprise,199,1-Year,ACH/Bank Transfer,Canada,Marketing/Agency,11,0.442,3,3,4.88,1,27,0,,37,7363
C03215,2026-07-01,Basic,29,Month-to-month,Credit Card,UK,Finance,10,0.467,3,1,4.33,0,4,0,,2,58
C03216,2024-06-01,Basic,29,1-Year,PayPal,Australia,Healthcare,14,0.384,6,2,2.58,0,13,1,2025-10-01,17,493
C03217,2025-06-01,Pro,79,1-Year,ACH/Bank Transfer,USA,E-commerce,37,0.574,1,1,4.05,0,15,0,,15,1185
C03218,2024-08-01,Basic,29,1-Year,Credit Card,UK,SaaS/Tech,2,0.859,3,1,4.47,1,2,0,,25,725
C03219,2023-06-01,Enterprise,199,Month-to-month,Credit Card,USA,Education,23,0.434,3,3,3.16,0,15,0,,39,7761
C03220,2023-08-01,Enterprise,199,Month-to-month,Credit Card,Germany,E-commerce,133,0.671,3,1,2.74,0,0,0,,37,7363
C03221,2026-03-01,Basic,29,Month-to-month,PayPal,USA,Manufacturing,8,0.54,4,4,3.31,0,3,0,,6,174
C03222,2023-10-01,Basic,29,Month-to-month,Credit Card,USA,Nonprofit,5,0.839,7,2,5.0,0,5,0,,35,1015
C03223,2026-07-01,Enterprise,199,Month-to-month,Manual Invoice,Germany,Marketing/Agency,73,0.815,1,2,3.54,2,32,0,,2,398
C03224,2024-02-01,Basic,29,Month-to-month,PayPal,Canada,Healthcare,4,0.827,3,0,4.79,1,16,0,,31,899
C03225,2024-06-01,Basic,29,Month-to-month,PayPal,Germany,Marketing/Agency,18,0.472,2,2,5.0,2,6,1,2025-03-01,10,290
C03226,2026-01-01,Basic,29,Month-to-month,Credit Card,India,Nonprofit,69,0.994,5,2,4.45,1,1,0,,8,232
C03227,2025-05-01,Pro,79,Month-to-month,PayPal,India,Healthcare,23,0.047,5,0,4.99,0,4,0,,16,1264
C03228,2024-11-01,Basic,29,1-Year,Credit Card,India,Nonprofit,28,0.343,4,4,4.35,0,9,0,,22,638
C03229,2023-11-01,Basic,29,1-Year,ACH/Bank Transfer,USA,Healthcare,1,0.671,2,0,3.97,0,17,0,,34,986
C03230,2025-05-01,Pro,79,2-Year,Manual Invoice,UK,SaaS/Tech,6,0.317,3,1,3.94,0,4,0,,16,1264
C03231,2026-03-01,Enterprise,199,Month-to-month,Credit Card,UK,E-commerce,10,0.657,3,2,3.64,0,1,0,,6,1194
C03232,2023-06-01,Enterprise,199,1-Year,Manual Invoice,India,E-commerce,38,0.272,2,1,3.55,0,9,0,,39,7761
C03233,2025-05-01,Basic,29,Month-to-month,ACH/Bank Transfer,India,Finance,19,0.755,6,0,4.01,0,3,0,,16,464
C03234,2025-06-01,Enterprise,199,1-Year,Credit Card,USA,Nonprofit,27,0.512,0,1,3.67,0,30,1,2026-03-01,10,1990
C03235,2024-02-01,Pro,79,1-Year,Credit Card,India,SaaS/Tech,76,0.288,2,3,4.55,1,3,0,,31,2449
C03236,2023-12-01,Basic,29,Month-to-month,Credit Card,India,Nonprofit,118,0.674,2,2,4.07,1,7,1,2024-08-01,9,261
C03237,2025-09-01,Pro,79,2-Year,Manual Invoice,USA,E-commerce,4,0.594,6,0,4.85,0,4,0,,12,948
C03238,2025-07-01,Pro,79,1-Year,Credit Card,India,Healthcare,76,0.543,3,4,4.21,0,19,0,,14,1106
C03239,2024-08-01,Pro,79,1-Year,ACH/Bank Transfer,USA,E-commerce,5,0.749,5,1,3.47,1,16,0,,25,1975
C03240,2023-09-01,Basic,29,1-Year,PayPal,UK,SaaS/Tech,17,0.205,2,0,3.91,0,1,0,,36,1044
C03241,2024-10-01,Basic,29,1-Year,Credit Card,USA,Finance,63,0.09,6,1,3.64,1,68,0,,23,667
C03242,2026-03-01,Pro,79,1-Year,Credit Card,India,Manufacturing,32,0.721,4,1,3.69,0,40,0,,6,474
C03243,2025-07-01,Pro,79,Month-to-month,Credit Card,Australia,Education,2,0.669,3,1,3.3,0,10,1,2026-03-01,9,711
C03244,2026-04-01,Basic,29,Month-to-month,Manual Invoice,USA,Education,4,0.287,1,2,4.3,0,15,0,,5,145
C03245,2025-04-01,Basic,29,1-Year,Credit Card,Australia,Manufacturing,20,0.239,5,3,4.7,0,21,0,,17,493
C03246,2026-03-01,Pro,79,1-Year,Credit Card,UK,Manufacturing,11,0.79,6,1,2.79,0,5,0,,6,474
C03247,2026-05-01,Basic,29,2-Year,Credit Card,USA,Healthcare,19,0.781,2,2,4.25,0,2,0,,4,116
C03248,2026-05-01,Basic,29,1-Year,ACH/Bank Transfer,Australia,Marketing/Agency,14,0.42,0,1,4.35,1,3,0,,4,116
C03249,2023-01-01,Pro,79,1-Year,Credit Card,Germany,SaaS/Tech,45,0.19,4,2,3.64,1,5,1,2026-01-01,37,2923
C03250,2025-02-01,Enterprise,199,Month-to-month,ACH/Bank Transfer,USA,SaaS/Tech,40,0.446,6,1,4.33,0,4,0,,19,3781
C03251,2024-07-01,Basic,29,Month-to-month,Manual Invoice,UK,Nonprofit,4,0.356,6,1,4.51,0,23,0,,26,754
C03252,2025-06-01,Pro,79,1-Year,Credit Card,UK,Education,6,0.305,4,1,3.57,0,2,0,,15,1185
C03253,2025-09-01,Pro,79,Month-to-month,PayPal,UK,Manufacturing,12,0.486,5,3,4.52,0,9,0,,12,948
C03254,2025-11-01,Pro,79,1-Year,ACH/Bank Transfer,India,Marketing/Agency,30,0.531,2,0,3.46,2,1,0,,10,790
C03255,2025-07-01,Pro,79,Month-to-month,Credit Card,Australia,Finance,20,0.335,2,1,3.74,2,0,0,,14,1106
C03256,2024-12-01,Enterprise,199,Month-to-month,ACH/Bank Transfer,Australia,E-commerce,15,0.62,6,1,4.3,2,22,0,,21,4179
C03257,2024-02-01,Basic,29,Month-to-month,Credit Card,Canada,Manufacturing,1,0.82,4,2,4.92,1,4,0,,31,899
C03258,2024-12-01,Pro,79,1-Year,Credit Card,India,Nonprofit,62,0.548,4,0,2.43,2,1,0,,21,1659
C03259,2023-07-01,Pro,79,Month-to-month,PayPal,USA,Marketing/Agency,13,0.838,4,3,4.45,1,8,1,2025-02-01,20,1580
C03260,2025-03-01,Enterprise,199,1-Year,Credit Card,Germany,Healthcare,7,0.665,2,4,4.25,1,1,0,,18,3582
C03261,2026-07-01,Pro,79,Month-to-month,Credit Card,USA,Education,16,0.41,5,1,5.0,0,0,0,,2,158
C03262,2023-07-01,Basic,29,1-Year,ACH/Bank Transfer,Canada,Marketing/Agency,13,0.718,9,0,5.0,0,1,0,,38,1102
C03263,2025-02-01,Pro,79,Month-to-month,Credit Card,India,Healthcare,35,0.664,4,1,5.0,0,5,0,,19,1501
C03264,2026-03-01,Pro,79,Month-to-month,ACH/Bank Transfer,India,Education,25,0.196,1,0,4.22,1,9,0,,6,474
C03265,2023-10-01,Basic,29,Month-to-month,PayPal,USA,Nonprofit,9,0.715,6,1,5.0,1,14,0,,35,1015
C03266,2025-04-01,Basic,29,Month-to-month,Credit Card,Canada,SaaS/Tech,9,0.332,6,2,3.41,0,3,0,,17,493
C03267,2024-04-01,Basic,29,Month-to-month,Credit Card,Australia,Manufacturing,24,0.616,2,2,2.84,0,34,1,2026-08-01,29,841
C03268,2026-03-01,Pro,79,Month-to-month,Credit Card,UK,SaaS/Tech,8,0.366,2,1,5.0,0,19,0,,6,474
C03269,2025-07-01,Basic,29,Month-to-month,Credit Card,India,Manufacturing,1,0.556,3,3,4.47,2,3,1,2025-07-01,1,29
C03270,2026-02-01,Pro,79,Month-to-month,ACH/Bank Transfer,India,Finance,11,0.622,4,0,3.13,0,16,0,,7,553
C03271,2024-09-01,Basic,29,Month-to-month,Credit Card,USA,Nonprofit,13,0.375,6,2,3.21,1,38,1,2024-10-01,2,58
C03272,2024-07-01,Basic,29,Month-to-month,Credit Card,USA,Healthcare,94,0.501,6,3,4.34,0,0,0,,26,754
C03273,2023-08-01,Pro,79,2-Year,Manual Invoice,USA,Finance,68,0.379,2,1,2.72,0,25,1,2025-12-01,29,2291
C03274,2023-07-01,Basic,29,1-Year,Credit Card,UK,Nonprofit,9,0.78,6,1,4.04,1,17,0,,38,1102
C03275,2023-10-01,Pro,79,1-Year,Credit Card,Australia,Education,31,0.432,1,1,4.28,2,5,1,2024-02-01,5,395
C03276,2023-04-01,Pro,79,Month-to-month,Credit Card,USA,Education,12,0.636,3,2,3.43,2,0,1,2024-08-01,17,1343
C03277,2024-12-01,Pro,79,1-Year,ACH/Bank Transfer,Canada,Manufacturing,30,0.45,3,5,3.22,0,5,0,,21,1659
C03278,2026-02-01,Basic,29,2-Year,Credit Card,Canada,SaaS/Tech,2,0.959,5,1,2.17,1,11,0,,7,203
C03279,2025-07-01,Basic,29,2-Year,Manual Invoice,India,Healthcare,4,0.875,3,3,2.58,2,10,1,2025-08-01,2,58
C03280,2023-10-01,Pro,79,Month-to-month,ACH/Bank Transfer,UK,Education,13,0.423,5,1,3.2,0,11,1,2024-04-01,7,553
C03281,2024-09-01,Pro,79,Month-to-month,Credit Card,India,SaaS/Tech,11,0.507,4,3,4.6,0,18,0,,24,1896
C03282,2026-07-01,Pro,79,Month-to-month,Credit Card,USA,Manufacturing,7,0.326,9,0,3.08,1,5,0,,2,158
C03283,2024-07-01,Basic,29,Month-to-month,Credit Card,Australia,Manufacturing,18,0.553,1,1,4.86,1,5,1,2024-11-01,5,145
C03284,2026-05-01,Pro,79,1-Year,PayPal,USA,Marketing/Agency,20,0.445,2,2,3.66,1,11,0,,4,316
C03285,2024-06-01,Pro,79,Month-to-month,Credit Card,Germany,Marketing/Agency,25,0.587,2,2,2.75,1,1,1,2025-07-01,14,1106
C03286,2024-04-01,Pro,79,Month-to-month,ACH/Bank Transfer,USA,Nonprofit,3,0.596,3,1,2.54,1,17,1,2025-09-01,18,1422
C03287,2023-12-01,Basic,29,Month-to-month,PayPal,India,SaaS/Tech,12,0.364,3,2,4.29,2,6,1,2025-12-01,25,725
C03288,2023-11-01,Basic,29,Month-to-month,ACH/Bank Transfer,India,Education,16,0.732,3,3,1.02,1,3,1,2025-02-01,16,464
C03289,2024-02-01,Basic,29,Month-to-month,Credit Card,USA,SaaS/Tech,5,0.399,5,1,4.34,0,10,0,,31,899
C03290,2023-03-01,Basic,29,1-Year,Credit Card,Canada,SaaS/Tech,12,0.286,3,0,2.38,0,68,0,,42,1218
C03291,2023-09-01,Basic,29,2-Year,ACH/Bank Transfer,India,Manufacturing,26,0.748,4,0,4.02,0,28,0,,36,1044
C03292,2023-07-01,Basic,29,1-Year,Manual Invoice,Canada,Finance,2,0.72,8,1,4.9,0,4,0,,38,1102
C03293,2023-04-01,Enterprise,199,Month-to-month,Credit Card,USA,E-commerce,21,0.62,5,0,4.71,0,0,0,,41,8159
C03294,2023-09-01,Basic,29,2-Year,Credit Card,USA,SaaS/Tech,4,0.034,2,3,4.67,1,33,1,2024-02-01,6,174
C03295,2024-04-01,Basic,29,Month-to-month,Manual Invoice,Australia,E-commerce,11,0.212,1,0,2.56,0,1,0,,29,841
C03296,2023-07-01,Pro,79,Month-to-month,PayPal,India,Education,25,0.221,3,2,3.44,0,1,0,,38,3002
C03297,2025-04-01,Enterprise,199,1-Year,ACH/Bank Transfer,India,SaaS/Tech,7,0.595,6,3,3.79,1,7,0,,17,3383
C03298,2023-06-01,Pro,79,1-Year,Credit Card,Australia,E-commerce,5,0.672,5,3,4.11,2,9,1,2023-09-01,4,316
C03299,2026-06-01,Pro,79,Month-to-month,PayPal,Australia,Manufacturing,10,0.357,3,1,5.0,0,6,0,,3,237
C03300,2024-11-01,Basic,29,2-Year,PayPal,USA,Marketing/Agency,25,0.466,1,1,4.32,0,10,0,,22,638
C03301,2026-02-01,Pro,79,Month-to-month,PayPal,India,Education,32,0.627,3,2,4.81,2,11,0,,7,553
C03302,2023-10-01,Pro,79,Month-to-month,Credit Card,USA,Marketing/Agency,3,0.745,4,0,3.02,1,5,0,,35,2765
C03303,2026-06-01,Basic,29,1-Year,Credit Card,India,Nonprofit,7,0.568,3,3,5.0,2,0,0,,3,87
C03304,2023-06-01,Enterprise,199,Month-to-month,Manual Invoice,UK,Marketing/Agency,10,0.637,2,1,5.0,1,45,0,,39,7761
C03305,2023-06-01,Pro,79,Month-to-month,Credit Card,USA,Education,1,0.431,6,0,3.24,1,1,1,2024-11-01,18,1422
C03306,2023-12-01,Basic,29,1-Year,Credit Card,USA,Marketing/Agency,25,0.681,3,1,5.0,0,13,0,,33,957
C03307,2026-05-01,Pro,79,Month-to-month,Credit Card,Germany,Manufacturing,44,0.444,1,2,4.66,1,8,0,,4,316
C03308,2025-03-01,Enterprise,199,Month-to-month,ACH/Bank Transfer,USA,Nonprofit,9,0.531,8,1,4.8,2,2,1,2026-02-01,12,2388
C03309,2025-04-01,Enterprise,199,Month-to-month,PayPal,Canada,E-commerce,1,0.754,1,3,3.64,1,0,1,2026-08-01,17,3383
C03310,2025-07-01,Basic,29,1-Year,Credit Card,UK,Finance,6,0.735,4,1,5.0,0,0,0,,14,406
C03311,2023-02-01,Basic,29,1-Year,PayPal,USA,Healthcare,3,0.771,1,2,2.94,0,23,1,2024-11-01,22,638
C03312,2024-04-01,Pro,79,2-Year,Credit Card,Australia,E-commerce,106,0.545,2,1,5.0,1,0,1,2025-06-01,15,1185
C03313,2026-01-01,Enterprise,199,2-Year,Manual Invoice,Australia,Marketing/Agency,2,0.336,5,0,4.7,1,3,0,,8,1592
C03314,2025-03-01,Basic,29,Month-to-month,Credit Card,Canada,Manufacturing,25,0.636,5,2,3.95,1,7,0,,18,522
C03315,2025-07-01,Basic,29,Month-to-month,PayPal,USA,E-commerce,3,0.493,2,0,4.22,0,8,0,,14,406
C03316,2025-11-01,Basic,29,Month-to-month,Credit Card,Australia,E-commerce,42,0.576,6,0,4.73,1,2,0,,10,290
C03317,2025-08-01,Basic,29,Month-to-month,ACH/Bank Transfer,Germany,SaaS/Tech,37,0.583,1,1,2.99,1,10,0,,13,377
C03318,2023-08-01,Basic,29,Month-to-month,Credit Card,USA,Manufacturing,16,0.629,4,0,3.64,1,10,0,,37,1073
C03319,2024-04-01,Basic,29,Month-to-month,ACH/Bank Transfer,USA,E-commerce,28,0.203,2,2,4.17,0,3,1,2025-03-01,12,348
C03320,2024-05-01,Basic,29,1-Year,Credit Card,India,Manufacturing,7,0.57,4,2,2.42,0,1,0,,28,812
C03321,2023-04-01,Basic,29,Month-to-month,Credit Card,Canada,Finance,38,1.0,9,1,3.83,0,7,0,,41,1189
C03322,2025-10-01,Pro,79,1-Year,Credit Card,Germany,Healthcare,31,0.483,2,1,4.74,0,5,0,,11,869
C03323,2025-06-01,Basic,29,Month-to-month,Credit Card,India,Marketing/Agency,5,0.597,1,1,3.88,0,1,1,2025-07-01,2,58
C03324,2024-07-01,Basic,29,Month-to-month,Credit Card,Germany,Finance,15,0.694,5,1,5.0,1,10,0,,26,754
C03325,2024-12-01,Basic,29,Month-to-month,Credit Card,India,Marketing/Agency,27,0.661,4,1,3.55,1,11,0,,21,609
C03326,2025-07-01,Pro,79,1-Year,Credit Card,India,Manufacturing,32,0.578,2,1,4.41,0,17,0,,14,1106
C03327,2025-11-01,Basic,29,1-Year,PayPal,USA,Education,38,0.74,6,2,3.11,0,21,0,,10,290
C03328,2023-02-01,Pro,79,Month-to-month,Manual Invoice,Germany,Finance,67,0.372,10,1,4.08,0,1,0,,43,3397
C03329,2026-07-01,Basic,29,Month-to-month,Credit Card,Germany,Nonprofit,42,0.635,2,2,3.48,1,1,0,,2,58
C03330,2024-10-01,Basic,29,2-Year,Credit Card,UK,Manufacturing,8,0.751,5,1,4.05,1,39,1,2025-08-01,11,319
C03331,2026-04-01,Basic,29,2-Year,Manual Invoice,UK,Education,6,0.751,5,1,4.45,0,9,0,,5,145
C03332,2024-10-01,Basic,29,Month-to-month,Manual Invoice,India,Manufacturing,10,0.786,7,0,4.97,0,1,0,,23,667
C03333,2023-10-01,Enterprise,199,Month-to-month,ACH/Bank Transfer,India,SaaS/Tech,88,0.504,7,2,3.37,2,1,1,2024-01-01,4,796
C03334,2026-07-01,Basic,29,1-Year,Credit Card,USA,Manufacturing,37,0.231,6,1,5.0,2,2,0,,2,58
C03335,2023-08-01,Basic,29,Month-to-month,Credit Card,USA,Nonprofit,131,0.504,9,0,4.86,0,13,0,,37,1073
C03336,2024-01-01,Pro,79,Month-to-month,Credit Card,USA,Healthcare,24,0.66,2,2,4.73,1,22,0,,32,2528
C03337,2026-02-01,Basic,29,1-Year,ACH/Bank Transfer,UK,Nonprofit,23,0.834,4,2,4.06,1,18,0,,7,203
C03338,2023-07-01,Pro,79,Month-to-month,Credit Card,USA,Nonprofit,39,0.619,4,1,4.41,0,2,0,,38,3002
C03339,2024-06-01,Basic,29,1-Year,ACH/Bank Transfer,USA,Healthcare,5,0.421,5,0,3.06,0,14,0,,27,783
C03340,2025-03-01,Basic,29,Month-to-month,Credit Card,Canada,Marketing/Agency,20,0.642,7,2,4.87,1,6,1,2025-08-01,6,174
C03341,2024-02-01,Enterprise,199,2-Year,PayPal,USA,Education,17,0.389,5,3,3.03,0,16,0,,31,6169
C03342,2024-07-01,Pro,79,Month-to-month,Credit Card,Germany,Manufacturing,23,0.696,10,1,4.12,0,0,0,,26,2054
C03343,2023-06-01,Pro,79,2-Year,PayPal,USA,Healthcare,10,0.175,7,3,4.48,2,2,0,,39,3081
C03344,2026-04-01,Basic,29,Month-to-month,Credit Card,UK,Education,2,0.57,1,1,3.13,0,7,0,,5,145
C03345,2026-07-01,Basic,29,Month-to-month,Credit Card,India,E-commerce,125,0.197,4,2,3.95,2,6,0,,2,58
C03346,2025-03-01,Pro,79,Month-to-month,Credit Card,Germany,Marketing/Agency,3,0.614,6,1,4.44,0,5,0,,18,1422
C03347,2024-06-01,Basic,29,Month-to-month,PayPal,India,Nonprofit,40,0.218,6,1,3.58,1,14,1,2025-05-01,12,348
C03348,2025-04-01,Pro,79,Month-to-month,PayPal,Canada,Nonprofit,8,0.777,4,1,3.99,0,2,0,,17,1343
C03349,2024-05-01,Basic,29,Month-to-month,Manual Invoice,Australia,Healthcare,47,0.849,8,2,2.35,0,30,0,,28,812
C03350,2023-11-01,Pro,79,2-Year,Credit Card,USA,Finance,49,0.539,6,3,4.79,0,6,0,,34,2686
C03351,2025-02-01,Basic,29,Month-to-month,Credit Card,USA,Marketing/Agency,23,0.52,4,1,4.69,1,30,0,,19,551
C03352,2025-12-01,Basic,29,Month-to-month,Manual Invoice,UK,Finance,18,0.305,5,1,4.63,1,3,0,,9,261
C03353,2024-09-01,Basic,29,1-Year,ACH/Bank Transfer,USA,Nonprofit,32,0.399,3,4,4.96,0,12,0,,24,696
C03354,2025-05-01,Basic,29,1-Year,Credit Card,USA,Education,21,0.812,2,2,4.06,0,26,0,,16,464
C03355,2024-08-01,Pro,79,Month-to-month,Credit Card,Canada,Manufacturing,12,0.331,8,1,3.65,0,15,0,,25,1975
C03356,2025-01-01,Pro,79,Month-to-month,Credit Card,Canada,Education,39,0.316,3,1,3.09,0,1,0,,20,1580
C03357,2023-06-01,Pro,79,Month-to-month,Credit Card,USA,E-commerce,43,0.782,5,0,5.0,0,23,0,,39,3081
C03358,2026-06-01,Basic,29,Month-to-month,Credit Card,USA,Healthcare,22,0.624,1,1,4.47,1,1,0,,3,87
C03359,2024-08-01,Basic,29,2-Year,Credit Card,UK,Healthcare,12,0.396,5,2,3.6,0,7,0,,25,725
C03360,2024-10-01,Enterprise,199,1-Year,Credit Card,UK,Healthcare,19,0.877,2,2,4.53,0,14,0,,23,4577
C03361,2026-06-01,Pro,79,Month-to-month,ACH/Bank Transfer,USA,Education,14,0.493,1,1,3.26,2,24,0,,3,237
C03362,2025-05-01,Enterprise,199,Month-to-month,Credit Card,USA,Finance,9,0.212,2,2,4.67,1,2,0,,16,3184
C03363,2023-08-01,Enterprise,199,1-Year,PayPal,UK,Manufacturing,8,0.248,4,1,4.78,1,0,1,2024-03-01,8,1592
C03364,2026-03-01,Enterprise,199,Month-to-month,PayPal,USA,Nonprofit,1,0.208,3,2,4.17,0,0,0,,6,1194
C03365,2026-02-01,Enterprise,199,1-Year,Manual Invoice,Germany,Healthcare,14,0.545,2,1,3.84,0,12,0,,7,1393
C03366,2023-05-01,Pro,79,2-Year,PayPal,Germany,E-commerce,11,0.828,7,0,4.41,0,0,0,,40,3160
C03367,2024-02-01,Basic,29,Month-to-month,PayPal,USA,Nonprofit,8,0.425,7,0,3.16,1,1,1,2025-11-01,22,638
C03368,2024-05-01,Pro,79,1-Year,ACH/Bank Transfer,UK,Nonprofit,20,0.857,3,1,4.26,0,8,0,,28,2212
C03369,2025-10-01,Enterprise,199,2-Year,PayPal,Australia,Finance,8,0.379,2,2,4.18,1,0,0,,11,2189
C03370,2023-02-01,Basic,29,2-Year,ACH/Bank Transfer,USA,E-commerce,25,0.523,3,2,5.0,1,2,0,,43,1247
C03371,2023-07-01,Enterprise,199,1-Year,Credit Card,UK,SaaS/Tech,10,0.897,5,0,4.41,0,12,0,,38,7562
C03372,2026-06-01,Enterprise,199,1-Year,Credit Card,Canada,Education,35,0.711,6,1,3.62,1,0,0,,3,597
C03373,2024-12-01,Enterprise,199,Month-to-month,Manual Invoice,Canada,Nonprofit,12,0.176,2,3,3.42,0,13,0,,21,4179
C03374,2023-10-01,Pro,79,1-Year,ACH/Bank Transfer,Germany,Finance,8,0.539,3,0,5.0,2,0,0,,35,2765
C03375,2024-08-01,Pro,79,1-Year,Credit Card,USA,SaaS/Tech,7,0.624,5,1,4.57,0,15,0,,25,1975
C03376,2024-02-01,Enterprise,199,1-Year,Credit Card,Canada,Finance,13,0.702,3,1,2.66,0,30,0,,31,6169
C03377,2025-06-01,Basic,29,1-Year,Credit Card,Australia,Manufacturing,3,0.755,5,3,2.73,0,17,0,,15,435
C03378,2026-07-01,Enterprise,199,2-Year,Credit Card,Australia,Education,69,1.0,3,2,3.45,0,5,0,,2,398
C03379,2023-11-01,Basic,29,1-Year,Manual Invoice,India,Marketing/Agency,17,0.715,0,1,4.1,0,10,0,,34,986
C03380,2023-11-01,Enterprise,199,1-Year,Manual Invoice,USA,Finance,7,0.646,3,1,3.42,0,2,0,,34,6766
C03381,2026-06-01,Basic,29,2-Year,Credit Card,USA,Marketing/Agency,6,0.571,1,0,3.93,0,12,0,,3,87
C03382,2026-01-01,Basic,29,1-Year,Credit Card,UK,Manufacturing,8,0.706,6,0,3.01,0,23,0,,8,232
C03383,2025-08-01,Basic,29,1-Year,ACH/Bank Transfer,Germany,Manufacturing,26,0.218,6,0,3.34,2,10,1,2026-07-01,12,348
C03384,2023-06-01,Basic,29,1-Year,Credit Card,USA,Healthcare,3,0.372,6,1,3.37,0,25,0,,39,1131
C03385,2025-06-01,Pro,79,2-Year,Credit Card,UK,Education,114,0.259,7,3,5.0,0,0,0,,15,1185
C03386,2025-08-01,Basic,29,Month-to-month,Credit Card,USA,SaaS/Tech,123,0.541,4,1,3.07,0,0,1,2026-01-01,6,174
C03387,2025-11-01,Basic,29,Month-to-month,Credit Card,USA,Nonprofit,11,0.56,7,4,4.23,0,6,0,,10,290
C03388,2026-04-01,Pro,79,Month-to-month,Manual Invoice,India,Nonprofit,171,0.649,4,2,4.95,0,4,0,,5,395
C03389,2026-01-01,Basic,29,1-Year,Credit Card,Germany,E-commerce,10,0.862,6,0,5.0,0,1,0,,8,232
C03390,2025-04-01,Enterprise,199,1-Year,Credit Card,USA,Healthcare,45,0.551,6,2,4.58,0,56,0,,17,3383
C03391,2026-01-01,Basic,29,Month-to-month,Credit Card,India,Marketing/Agency,4,0.257,4,0,3.34,1,1,0,,8,232
C03392,2024-01-01,Enterprise,199,Month-to-month,Credit Card,USA,Nonprofit,15,0.624,1,0,4.52,1,11,0,,32,6368
C03393,2024-12-01,Pro,79,1-Year,Manual Invoice,Canada,Marketing/Agency,12,0.226,1,2,2.99,0,9,0,,21,1659
C03394,2023-01-01,Enterprise,199,Month-to-month,Manual Invoice,Canada,Healthcare,93,0.559,3,3,4.33,0,1,0,,44,8756
C03395,2025-03-01,Basic,29,2-Year,Credit Card,USA,Finance,8,0.169,2,0,5.0,0,8,0,,18,522
C03396,2024-02-01,Enterprise,199,Month-to-month,Credit Card,UK,E-commerce,21,0.586,3,3,5.0,0,25,0,,31,6169
C03397,2023-04-01,Enterprise,199,Month-to-month,Manual Invoice,India,Healthcare,11,0.269,3,1,5.0,2,5,1,2024-02-01,11,2189
C03398,2025-06-01,Basic,29,2-Year,Credit Card,USA,Nonprofit,11,0.599,1,3,4.17,2,0,1,2025-10-01,5,145
C03399,2024-04-01,Pro,79,Month-to-month,Credit Card,UK,Finance,4,0.959,6,2,3.66,0,11,0,,29,2291
C03400,2025-05-01,Enterprise,199,1-Year,Manual Invoice,USA,Marketing/Agency,19,0.857,7,1,5.0,0,4,0,,16,3184
C03401,2023-09-01,Pro,79,1-Year,Credit Card,India,Nonprofit,52,0.345,3,1,4.05,2,0,1,2024-07-01,11,869
C03402,2023-10-01,Basic,29,Month-to-month,Credit Card,USA,Marketing/Agency,51,0.302,4,1,4.56,1,1,0,,35,1015
C03403,2025-08-01,Basic,29,2-Year,ACH/Bank Transfer,UK,Nonprofit,28,0.848,2,3,5.0,0,2,0,,13,377
C03404,2025-05-01,Basic,29,Month-to-month,Credit Card,India,Finance,26,0.861,3,4,3.93,0,8,0,,16,464
C03405,2024-10-01,Basic,29,1-Year,PayPal,UK,Finance,86,0.652,2,1,4.29,0,12,0,,23,667
C03406,2025-09-01,Basic,29,1-Year,Credit Card,UK,E-commerce,11,0.511,3,1,3.24,0,15,0,,12,348
C03407,2025-10-01,Enterprise,199,Month-to-month,Manual Invoice,UK,E-commerce,66,0.855,7,2,2.35,0,3,0,,11,2189
C03408,2025-08-01,Enterprise,199,1-Year,Credit Card,India,Manufacturing,53,0.685,5,1,3.4,1,7,0,,13,2587
C03409,2023-04-01,Enterprise,199,1-Year,Credit Card,India,E-commerce,17,0.574,3,1,4.26,2,7,0,,41,8159
C03410,2024-04-01,Pro,79,Month-to-month,Credit Card,India,Healthcare,8,0.394,1,3,2.84,1,35,1,2024-11-01,8,632
C03411,2025-06-01,Pro,79,2-Year,Credit Card,India,Marketing/Agency,2,0.577,4,0,4.34,0,1,0,,15,1185
C03412,2024-05-01,Basic,29,2-Year,Credit Card,India,Finance,17,0.307,4,0,4.01,0,9,0,,28,812
C03413,2025-03-01,Basic,29,Month-to-month,ACH/Bank Transfer,Australia,SaaS/Tech,3,0.902,1,1,1.96,1,5,1,2025-06-01,4,116
C03414,2026-06-01,Enterprise,199,Month-to-month,ACH/Bank Transfer,Canada,Healthcare,3,0.642,4,1,3.48,0,0,0,,3,597
C03415,2024-05-01,Basic,29,1-Year,Credit Card,Germany,Nonprofit,38,0.569,8,2,4.03,0,23,0,,28,812
C03416,2025-09-01,Pro,79,1-Year,Manual Invoice,USA,Nonprofit,10,0.076,6,2,3.47,0,16,0,,12,948
C03417,2024-07-01,Pro,79,1-Year,Credit Card,India,Manufacturing,8,0.286,3,2,4.04,0,53,1,2026-01-01,19,1501
C03418,2025-04-01,Enterprise,199,1-Year,PayPal,Germany,Nonprofit,18,0.545,2,1,4.7,2,2,1,2025-06-01,3,597
C03419,2024-04-01,Pro,79,1-Year,PayPal,USA,Manufacturing,1,0.324,5,3,3.97,0,37,0,,29,2291
C03420,2026-06-01,Enterprise,199,1-Year,Credit Card,USA,Education,4,0.6,5,2,4.49,0,2,0,,3,597
C03421,2023-01-01,Pro,79,1-Year,Credit Card,India,Finance,5,0.832,3,4,5.0,0,1,0,,44,3476
C03422,2024-06-01,Pro,79,Month-to-month,Credit Card,Canada,Marketing/Agency,49,0.383,7,1,4.2,1,31,1,2025-07-01,14,1106
C03423,2023-01-01,Basic,29,Month-to-month,Credit Card,Canada,Healthcare,11,0.28,2,1,4.88,1,2,0,,44,1276
C03424,2023-09-01,Basic,29,1-Year,Credit Card,USA,SaaS/Tech,16,0.744,2,4,3.41,1,11,1,2024-09-01,13,377
C03425,2023-03-01,Basic,29,Month-to-month,Credit Card,Germany,E-commerce,73,0.446,2,1,4.24,2,7,1,2024-05-01,15,435
C03426,2024-11-01,Pro,79,Month-to-month,Credit Card,Canada,SaaS/Tech,24,0.568,2,2,3.83,0,6,0,,22,1738
C03427,2026-07-01,Enterprise,199,Month-to-month,ACH/Bank Transfer,USA,Healthcare,6,0.703,1,1,5.0,0,31,0,,2,398
C03428,2023-01-01,Pro,79,2-Year,Credit Card,USA,Education,19,0.735,3,1,4.21,1,15,0,,44,3476
C03429,2023-03-01,Basic,29,Month-to-month,Manual Invoice,Australia,SaaS/Tech,15,0.773,5,2,3.64,0,5,0,,42,1218
C03430,2023-06-01,Enterprise,199,1-Year,ACH/Bank Transfer,USA,Marketing/Agency,9,0.686,4,3,5.0,0,4,0,,39,7761
C03431,2025-01-01,Enterprise,199,Month-to-month,Credit Card,UK,Manufacturing,5,0.02,6,2,3.02,0,32,0,,20,3980
C03432,2025-10-01,Enterprise,199,1-Year,Credit Card,India,Manufacturing,11,0.285,0,1,3.97,0,19,0,,11,2189
C03433,2023-09-01,Basic,29,Month-to-month,Credit Card,USA,Finance,105,0.34,2,1,4.95,2,0,1,2024-09-01,13,377
C03434,2023-03-01,Pro,79,2-Year,Credit Card,UK,Finance,73,0.257,6,1,3.84,0,3,0,,42,3318
C03435,2025-02-01,Pro,79,1-Year,Credit Card,USA,Healthcare,16,0.915,4,1,5.0,0,62,0,,19,1501
C03436,2025-07-01,Enterprise,199,2-Year,PayPal,Germany,Education,7,0.434,5,5,3.4,0,7,0,,14,2786
C03437,2025-02-01,Basic,29,Month-to-month,Credit Card,UK,Finance,11,0.369,5,3,4.64,0,9,0,,19,551
C03438,2023-05-01,Basic,29,Month-to-month,ACH/Bank Transfer,India,E-commerce,6,0.362,7,2,4.0,0,6,0,,40,1160
C03439,2023-11-01,Basic,29,Month-to-month,Credit Card,USA,Nonprofit,11,0.3,0,0,4.55,1,10,0,,34,986
C03440,2024-12-01,Pro,79,Month-to-month,Credit Card,USA,Education,50,0.647,6,2,3.5,2,10,1,2025-02-01,3,237
C03441,2023-06-01,Basic,29,Month-to-month,ACH/Bank Transfer,Australia,Marketing/Agency,21,0.611,6,0,2.36,1,20,1,2024-03-01,10,290
C03442,2024-02-01,Basic,29,Month-to-month,PayPal,USA,Healthcare,9,0.836,2,1,4.05,1,5,0,,31,899
C03443,2024-07-01,Basic,29,1-Year,PayPal,India,Education,16,0.375,3,1,4.31,2,0,1,2024-09-01,3,87
C03444,2026-05-01,Basic,29,1-Year,ACH/Bank Transfer,USA,Healthcare,33,0.89,5,0,3.88,2,6,0,,4,116
C03445,2024-12-01,Basic,29,Month-to-month,Credit Card,UK,E-commerce,8,0.699,3,2,3.92,1,29,0,,21,609
C03446,2026-04-01,Enterprise,199,1-Year,Credit Card,India,Manufacturing,5,0.847,3,1,5.0,0,7,0,,5,995
C03447,2026-06-01,Basic,29,1-Year,Credit Card,Canada,E-commerce,39,0.679,6,2,5.0,0,27,0,,3,87
C03448,2025-12-01,Enterprise,199,1-Year,Credit Card,UK,Healthcare,5,0.701,4,1,5.0,0,8,0,,9,1791
C03449,2023-11-01,Basic,29,1-Year,ACH/Bank Transfer,India,Marketing/Agency,3,0.772,1,1,3.63,1,7,0,,34,986
C03450,2024-04-01,Enterprise,199,Month-to-month,Credit Card,Australia,Education,28,0.67,3,1,3.89,0,7,0,,29,5771
C03451,2026-01-01,Basic,29,1-Year,ACH/Bank Transfer,India,Nonprofit,68,0.502,6,1,3.92,0,3,0,,8,232
C03452,2024-12-01,Pro,79,Month-to-month,Manual Invoice,Australia,Healthcare,24,0.583,1,1,4.45,0,17,0,,21,1659
C03453,2024-04-01,Enterprise,199,2-Year,Credit Card,Australia,Nonprofit,6,0.491,5,0,3.51,0,0,0,,29,5771
C03454,2025-07-01,Pro,79,Month-to-month,Credit Card,India,Education,30,0.461,4,2,4.22,2,17,1,2025-11-01,5,395
C03455,2024-07-01,Pro,79,Month-to-month,Credit Card,India,Marketing/Agency,34,0.641,8,3,3.92,1,8,0,,26,2054
C03456,2025-07-01,Basic,29,Month-to-month,ACH/Bank Transfer,Germany,Education,21,0.528,4,1,3.32,0,28,0,,14,406
C03457,2023-01-01,Basic,29,Month-to-month,Credit Card,India,Education,7,0.367,3,1,3.06,1,19,0,,44,1276
C03458,2024-09-01,Enterprise,199,1-Year,PayPal,Australia,Marketing/Agency,92,0.692,5,3,3.7,0,14,0,,24,4776
C03459,2026-06-01,Basic,29,1-Year,Credit Card,UK,SaaS/Tech,9,0.322,6,4,3.54,1,18,0,,3,87
C03460,2026-02-01,Basic,29,Month-to-month,Manual Invoice,USA,Marketing/Agency,133,0.623,5,0,5.0,0,4,0,,7,203
C03461,2025-04-01,Enterprise,199,1-Year,Credit Card,UK,SaaS/Tech,3,0.664,3,1,3.2,2,7,1,2026-06-01,15,2985
C03462,2024-07-01,Pro,79,Month-to-month,Credit Card,USA,SaaS/Tech,21,0.268,3,2,2.59,1,5,1,2026-08-01,26,2054
C03463,2025-10-01,Enterprise,199,1-Year,Manual Invoice,Canada,Healthcare,3,0.837,6,1,2.58,1,8,0,,11,2189
C03464,2025-03-01,Enterprise,199,Month-to-month,Manual Invoice,USA,Marketing/Agency,30,0.678,5,2,3.79,0,15,0,,18,3582
C03465,2024-02-01,Basic,29,2-Year,ACH/Bank Transfer,USA,Education,16,0.378,2,0,4.28,0,6,0,,31,899
C03466,2024-07-01,Pro,79,2-Year,Manual Invoice,Germany,Manufacturing,12,0.111,4,1,5.0,1,0,0,,26,2054
C03467,2023-06-01,Pro,79,Month-to-month,Credit Card,Canada,Healthcare,22,0.831,4,2,5.0,1,19,0,,39,3081
C03468,2025-11-01,Basic,29,Month-to-month,Manual Invoice,Canada,Manufacturing,16,0.813,7,1,3.24,1,31,0,,10,290
C03469,2025-12-01,Basic,29,Month-to-month,Credit Card,USA,Marketing/Agency,6,0.588,6,3,3.24,0,17,0,,9,261
C03470,2025-05-01,Basic,29,Month-to-month,Credit Card,Germany,SaaS/Tech,42,0.56,5,3,3.56,2,11,1,2026-06-01,14,406
C03471,2023-10-01,Basic,29,Month-to-month,Credit Card,USA,Nonprofit,9,0.37,6,2,4.77,0,14,1,2025-04-01,19,551
C03472,2023-09-01,Basic,29,2-Year,Credit Card,Germany,Nonprofit,1,0.781,10,2,3.84,2,15,0,,36,1044
C03473,2025-05-01,Enterprise,199,1-Year,ACH/Bank Transfer,UK,E-commerce,2,0.362,6,0,5.0,1,1,0,,16,3184
C03474,2026-06-01,Pro,79,2-Year,ACH/Bank Transfer,USA,E-commerce,8,0.597,4,1,4.23,0,38,0,,3,237
C03475,2025-10-01,Pro,79,Month-to-month,ACH/Bank Transfer,USA,Manufacturing,6,1.0,4,0,4.52,0,0,0,,11,869
C03476,2023-11-01,Basic,29,1-Year,PayPal,USA,Nonprofit,15,0.499,3,1,5.0,1,2,0,,34,986
C03477,2025-04-01,Basic,29,1-Year,PayPal,Germany,Healthcare,8,0.418,3,3,3.73,1,11,0,,17,493
C03478,2024-06-01,Basic,29,Month-to-month,Credit Card,USA,Manufacturing,11,0.796,4,4,3.23,1,3,1,2026-04-01,23,667
C03479,2025-06-01,Pro,79,Month-to-month,PayPal,Germany,Education,12,0.893,4,0,5.0,2,15,0,,15,1185
C03480,2024-10-01,Basic,29,Month-to-month,Credit Card,USA,Healthcare,16,0.466,3,1,1.7,0,3,1,2025-05-01,8,232
C03481,2025-04-01,Basic,29,Month-to-month,Manual Invoice,Germany,SaaS/Tech,17,0.438,3,3,4.14,1,6,1,2025-06-01,3,87
C03482,2023-10-01,Basic,29,Month-to-month,Manual Invoice,USA,Healthcare,21,0.66,1,2,3.06,0,9,0,,35,1015
C03483,2023-05-01,Basic,29,Month-to-month,PayPal,India,E-commerce,4,0.89,4,3,2.53,2,22,1,2023-05-01,1,29
C03484,2026-07-01,Enterprise,199,Month-to-month,PayPal,USA,E-commerce,7,0.646,3,0,4.18,0,6,0,,2,398
C03485,2024-06-01,Enterprise,199,Month-to-month,ACH/Bank Transfer,India,Nonprofit,24,0.512,3,1,3.71,0,21,0,,27,5373
C03486,2023-04-01,Enterprise,199,2-Year,ACH/Bank Transfer,Germany,Healthcare,3,0.702,8,1,4.07,0,3,0,,41,8159
C03487,2023-03-01,Enterprise,199,Month-to-month,PayPal,Canada,Nonprofit,27,0.943,4,2,4.41,0,1,0,,42,8358
C03488,2025-11-01,Pro,79,Month-to-month,PayPal,Germany,E-commerce,17,0.28,1,1,3.81,0,1,1,2026-04-01,6,474
C03489,2025-03-01,Pro,79,Month-to-month,ACH/Bank Transfer,India,Healthcare,115,0.783,5,2,4.22,0,11,0,,18,1422
C03490,2023-11-01,Basic,29,1-Year,Manual Invoice,Canada,Finance,8,0.689,9,3,5.0,0,4,0,,34,986
C03491,2025-08-01,Basic,29,Month-to-month,Credit Card,Australia,SaaS/Tech,6,0.787,1,0,4.27,2,5,0,,13,377
C03492,2026-07-01,Basic,29,2-Year,ACH/Bank Transfer,UK,Education,21,0.283,5,0,3.31,0,35,0,,2,58
C03493,2024-12-01,Pro,79,2-Year,PayPal,USA,E-commerce,43,0.722,3,1,3.48,0,5,0,,21,1659
C03494,2025-01-01,Basic,29,2-Year,ACH/Bank Transfer,USA,E-commerce,18,0.267,3,3,4.05,0,2,0,,20,580
C03495,2023-08-01,Basic,29,Month-to-month,Credit Card,Germany,Manufacturing,36,0.323,8,1,3.48,0,1,0,,37,1073
C03496,2023-11-01,Basic,29,1-Year,Credit Card,Canada,Nonprofit,9,0.367,4,2,4.43,2,22,0,,34,986
C03497,2024-12-01,Enterprise,199,Month-to-month,Credit Card,USA,Education,5,1.0,5,2,5.0,2,7,1,2025-01-01,2,398
C03498,2026-04-01,Basic,29,Month-to-month,Credit Card,USA,E-commerce,30,0.798,6,1,4.45,1,11,0,,5,145
C03499,2024-08-01,Basic,29,Month-to-month,Credit Card,India,SaaS/Tech,30,0.536,4,2,4.45,0,19,0,,25,725
C03500,2025-07-01,Pro,79,Month-to-month,PayPal,India,Marketing/Agency,39,0.21,1,1,5.0,0,2,1,2026-08-01,14,1106
C03501,2025-08-01,Enterprise,199,Month-to-month,ACH/Bank Transfer,India,Healthcare,42,0.654,3,1,3.48,2,24,0,,13,2587
C03502,2023-01-01,Enterprise,199,Month-to-month,Credit Card,UK,E-commerce,24,0.497,7,2,2.54,0,8,1,2023-08-01,8,1592
C03503,2026-06-01,Basic,29,2-Year,Credit Card,India,SaaS/Tech,28,0.494,2,2,4.39,1,16,0,,3,87
C03504,2025-10-01,Basic,29,Month-to-month,ACH/Bank Transfer,USA,Education,76,0.587,5,2,2.76,0,1,0,,11,319
C03505,2024-12-01,Enterprise,199,Month-to-month,Credit Card,Canada,Marketing/Agency,25,0.476,4,0,5.0,1,8,0,,21,4179
C03506,2025-06-01,Enterprise,199,Month-to-month,ACH/Bank Transfer,India,Finance,11,0.717,7,1,3.98,1,4,0,,15,2985
C03507,2023-03-01,Basic,29,2-Year,ACH/Bank Transfer,India,Healthcare,34,0.517,6,1,4.04,1,9,0,,42,1218
C03508,2023-01-01,Basic,29,1-Year,Credit Card,UK,Marketing/Agency,8,1.0,3,0,4.39,1,1,0,,44,1276
C03509,2024-07-01,Basic,29,Month-to-month,Credit Card,Australia,SaaS/Tech,28,0.332,4,1,2.39,0,1,0,,26,754
C03510,2026-04-01,Enterprise,199,Month-to-month,ACH/Bank Transfer,Canada,Manufacturing,2,1.0,2,3,3.04,0,34,1,2026-04-01,1,199
C03511,2023-09-01,Enterprise,199,Month-to-month,Credit Card,India,E-commerce,2,1.0,4,2,4.85,1,4,0,,36,7164
C03512,2026-04-01,Pro,79,1-Year,Credit Card,Australia,Healthcare,5,0.543,5,2,4.29,0,6,0,,5,395
C03513,2026-07-01,Enterprise,199,1-Year,Credit Card,USA,Healthcare,149,0.636,3,1,1.83,0,14,0,,2,398
C03514,2025-09-01,Pro,79,1-Year,Credit Card,Australia,Marketing/Agency,9,0.449,2,1,3.41,0,29,0,,12,948
C03515,2024-08-01,Pro,79,2-Year,ACH/Bank Transfer,USA,SaaS/Tech,16,0.857,3,1,3.24,1,7,0,,25,1975
C03516,2025-11-01,Enterprise,199,1-Year,ACH/Bank Transfer,India,E-commerce,15,0.652,4,1,4.71,0,1,0,,10,1990
C03517,2025-04-01,Enterprise,199,Month-to-month,Manual Invoice,USA,Healthcare,69,0.525,2,1,3.26,0,9,0,,17,3383
C03518,2024-09-01,Basic,29,Month-to-month,Credit Card,UK,E-commerce,44,0.617,2,3,3.27,0,3,0,,24,696
C03519,2025-06-01,Pro,79,Month-to-month,ACH/Bank Transfer,India,Manufacturing,2,0.616,1,0,2.49,0,12,0,,15,1185
C03520,2025-12-01,Enterprise,199,2-Year,PayPal,Canada,Finance,50,0.499,5,1,3.59,1,24,0,,9,1791
C03521,2024-08-01,Pro,79,Month-to-month,PayPal,USA,Education,10,0.556,3,2,3.79,1,7,0,,25,1975
C03522,2024-01-01,Basic,29,Month-to-month,Credit Card,India,Healthcare,52,0.69,1,1,4.34,0,14,0,,32,928
C03523,2023-11-01,Enterprise,199,Month-to-month,PayPal,Australia,Manufacturing,9,0.324,2,1,3.23,1,23,1,2024-06-01,8,1592
C03524,2023-06-01,Pro,79,Month-to-month,Credit Card,USA,Nonprofit,21,0.381,4,2,2.63,2,14,1,2023-11-01,6,474
C03525,2026-01-01,Pro,79,Month-to-month,ACH/Bank Transfer,UK,Nonprofit,17,0.944,4,3,4.23,0,8,0,,8,632
C03526,2024-08-01,Pro,79,1-Year,Credit Card,UK,Finance,15,0.428,3,2,2.06,0,3,1,2025-11-01,16,1264
C03527,2024-06-01,Basic,29,2-Year,Credit Card,Germany,SaaS/Tech,1,0.689,5,3,4.07,1,2,0,,27,783
C03528,2023-01-01,Enterprise,199,2-Year,Credit Card,USA,Education,93,0.392,6,1,4.53,0,25,0,,44,8756
C03529,2023-07-01,Pro,79,Month-to-month,Credit Card,USA,Education,12,0.882,1,2,5.0,0,5,1,2023-07-01,1,79
C03530,2024-07-01,Enterprise,199,2-Year,ACH/Bank Transfer,Germany,Nonprofit,24,0.287,4,1,2.26,0,6,0,,26,5174
C03531,2023-02-01,Enterprise,199,Month-to-month,Credit Card,USA,Manufacturing,6,0.361,6,3,3.56,0,7,1,2023-09-01,8,1592
C03532,2025-05-01,Basic,29,Month-to-month,PayPal,Canada,SaaS/Tech,26,0.628,1,2,1.79,1,1,1,2026-04-01,12,348
C03533,2025-06-01,Pro,79,1-Year,Credit Card,Germany,SaaS/Tech,109,0.425,4,1,3.43,0,12,1,2025-12-01,7,553
C03534,2025-03-01,Basic,29,Month-to-month,PayPal,India,Finance,69,0.724,4,2,4.32,1,36,0,,18,522
C03535,2025-06-01,Pro,79,Month-to-month,PayPal,Canada,Nonprofit,8,0.742,3,0,2.63,0,13,0,,15,1185
C03536,2025-10-01,Pro,79,Month-to-month,PayPal,Germany,Healthcare,30,0.08,5,0,2.93,0,1,0,,11,869
C03537,2026-01-01,Basic,29,Month-to-month,Credit Card,USA,Education,3,0.614,3,3,3.04,0,2,0,,8,232
C03538,2023-08-01,Enterprise,199,Month-to-month,Credit Card,UK,E-commerce,47,0.333,6,1,2.93,1,15,0,,37,7363
C03539,2026-07-01,Basic,29,Month-to-month,Credit Card,USA,Finance,3,0.61,8,1,2.9,0,4,0,,2,58
C03540,2024-11-01,Enterprise,199,2-Year,PayPal,USA,Healthcare,21,0.636,4,2,2.99,0,10,0,,22,4378
C03541,2023-03-01,Pro,79,1-Year,Credit Card,USA,Marketing/Agency,14,0.722,5,1,2.6,1,2,0,,42,3318
C03542,2024-09-01,Basic,29,Month-to-month,PayPal,UK,Finance,31,0.175,4,2,4.0,0,5,1,2026-03-01,19,551
C03543,2024-12-01,Pro,79,Month-to-month,Manual Invoice,USA,E-commerce,22,0.824,1,3,4.94,0,16,0,,21,1659
C03544,2024-05-01,Pro,79,Month-to-month,Credit Card,UK,Nonprofit,47,0.676,4,2,3.3,2,24,0,,28,2212
C03545,2024-02-01,Basic,29,1-Year,PayPal,Australia,Marketing/Agency,19,0.461,5,2,4.11,0,6,0,,31,899
C03546,2026-05-01,Basic,29,Month-to-month,Credit Card,Australia,Education,1,0.125,5,0,4.38,0,8,0,,4,116
C03547,2024-06-01,Pro,79,Month-to-month,Credit Card,Canada,SaaS/Tech,41,0.567,6,0,5.0,0,14,0,,27,2133
C03548,2025-05-01,Basic,29,2-Year,Credit Card,USA,Nonprofit,51,0.664,1,1,3.06,0,3,0,,16,464
C03549,2026-02-01,Enterprise,199,Month-to-month,Credit Card,USA,SaaS/Tech,58,0.458,4,2,2.05,1,26,0,,7,1393
C03550,2024-12-01,Pro,79,Month-to-month,Credit Card,India,SaaS/Tech,6,0.304,1,3,4.93,0,4,0,,21,1659
C03551,2024-11-01,Enterprise,199,Month-to-month,Credit Card,UK,SaaS/Tech,48,0.359,3,0,1.56,1,20,0,,22,4378
C03552,2024-08-01,Pro,79,2-Year,ACH/Bank Transfer,Canada,Marketing/Agency,78,0.629,3,1,2.72,2,10,0,,25,1975
C03553,2026-02-01,Pro,79,1-Year,Credit Card,USA,Education,86,0.24,3,2,5.0,1,17,0,,7,553
C03554,2024-11-01,Basic,29,Month-to-month,Manual Invoice,Germany,Marketing/Agency,58,0.238,5,3,4.97,2,44,1,2025-08-01,10,290
C03555,2026-02-01,Enterprise,199,Month-to-month,Credit Card,Germany,Finance,8,0.576,2,6,1.34,0,8,0,,7,1393
C03556,2026-07-01,Pro,79,Month-to-month,Credit Card,USA,Finance,15,0.759,8,3,4.78,1,37,0,,2,158
C03557,2024-08-01,Pro,79,Month-to-month,Credit Card,India,Finance,36,0.814,5,2,3.32,0,3,0,,25,1975
C03558,2023-06-01,Enterprise,199,Month-to-month,Credit Card,USA,Healthcare,5,0.451,7,1,5.0,1,9,1,2024-10-01,17,3383
C03559,2025-05-01,Basic,29,Month-to-month,PayPal,USA,Healthcare,7,0.61,4,0,5.0,0,24,0,,16,464
C03560,2025-01-01,Enterprise,199,2-Year,PayPal,UK,SaaS/Tech,2,0.628,5,1,4.67,0,24,0,,20,3980
C03561,2023-12-01,Pro,79,2-Year,Credit Card,Germany,Nonprofit,8,0.888,2,1,4.02,1,0,0,,33,2607
C03562,2025-12-01,Basic,29,1-Year,Credit Card,Canada,Manufacturing,32,0.464,2,1,3.78,0,34,0,,9,261
C03563,2023-05-01,Enterprise,199,Month-to-month,PayPal,UK,Healthcare,2,0.431,1,3,5.0,1,9,1,2025-12-01,32,6368
C03564,2024-11-01,Basic,29,Month-to-month,PayPal,Australia,Education,20,0.638,7,1,5.0,2,11,0,,22,638
C03565,2025-12-01,Basic,29,1-Year,Credit Card,UK,Finance,1,0.588,2,0,2.81,0,9,0,,9,261
C03566,2023-02-01,Pro,79,1-Year,Credit Card,Australia,Education,15,0.569,5,2,2.33,0,18,0,,43,3397
C03567,2023-05-01,Basic,29,1-Year,PayPal,USA,E-commerce,18,0.621,5,2,5.0,0,0,0,,40,1160
C03568,2023-07-01,Basic,29,2-Year,Credit Card,Canada,Education,25,0.471,1,2,2.68,0,2,0,,38,1102
C03569,2023-08-01,Pro,79,2-Year,Credit Card,Canada,SaaS/Tech,11,0.303,4,2,4.46,0,0,0,,37,2923
C03570,2024-10-01,Basic,29,2-Year,Credit Card,USA,Education,29,0.429,2,1,4.25,1,13,1,2026-01-01,16,464
C03571,2024-02-01,Basic,29,1-Year,Credit Card,Germany,Healthcare,4,0.482,0,3,3.55,1,25,1,2024-05-01,4,116
C03572,2023-08-01,Basic,29,Month-to-month,Credit Card,USA,E-commerce,7,1.0,1,3,5.0,0,18,0,,37,1073
C03573,2025-12-01,Enterprise,199,Month-to-month,Credit Card,India,Marketing/Agency,50,0.513,5,0,3.6,0,25,0,,9,1791
C03574,2026-02-01,Pro,79,Month-to-month,ACH/Bank Transfer,Canada,Manufacturing,13,0.369,3,1,2.82,0,10,0,,7,553
C03575,2023-03-01,Basic,29,Month-to-month,PayPal,Germany,Healthcare,1,0.376,5,1,3.26,0,6,1,2023-06-01,4,116
C03576,2024-07-01,Basic,29,Month-to-month,Credit Card,India,Marketing/Agency,30,0.53,5,0,3.51,0,10,0,,26,754
C03577,2023-06-01,Pro,79,2-Year,Credit Card,Australia,Marketing/Agency,4,0.169,3,0,2.78,0,16,0,,39,3081
C03578,2023-04-01,Basic,29,2-Year,PayPal,Canada,Marketing/Agency,7,0.844,3,1,3.41,2,7,0,,41,1189
C03579,2025-06-01,Enterprise,199,Month-to-month,PayPal,USA,Nonprofit,4,0.487,4,2,2.25,0,2,0,,15,2985
C03580,2023-04-01,Basic,29,2-Year,Credit Card,UK,Manufacturing,8,0.62,1,0,3.66,2,39,0,,41,1189
C03581,2024-02-01,Basic,29,Month-to-month,ACH/Bank Transfer,USA,Manufacturing,3,0.716,5,3,2.76,0,16,1,2025-02-01,13,377
C03582,2023-11-01,Basic,29,Month-to-month,Credit Card,India,SaaS/Tech,14,0.613,6,2,3.94,0,3,0,,34,986
C03583,2026-06-01,Basic,29,Month-to-month,Credit Card,USA,Finance,47,0.567,3,3,3.3,0,9,0,,3,87
C03584,2024-11-01,Basic,29,Month-to-month,ACH/Bank Transfer,USA,Nonprofit,74,0.367,6,1,2.7,0,94,1,2026-01-01,15,435
C03585,2026-02-01,Pro,79,Month-to-month,ACH/Bank Transfer,India,SaaS/Tech,5,0.608,3,1,3.52,0,1,0,,7,553
C03586,2025-01-01,Pro,79,1-Year,Credit Card,Canada,Nonprofit,86,0.64,3,2,4.51,2,0,0,,20,1580
C03587,2023-05-01,Pro,79,Month-to-month,Manual Invoice,India,Manufacturing,11,0.408,5,3,5.0,2,9,1,2023-09-01,5,395
C03588,2024-11-01,Basic,29,Month-to-month,Manual Invoice,India,Marketing/Agency,8,0.744,7,0,3.82,1,23,0,,22,638
C03589,2023-08-01,Pro,79,1-Year,ACH/Bank Transfer,USA,Nonprofit,45,0.617,4,1,4.04,1,5,0,,37,2923
C03590,2024-10-01,Pro,79,2-Year,Credit Card,USA,Education,2,0.492,5,2,4.44,1,1,0,,23,1817
C03591,2025-01-01,Pro,79,2-Year,Credit Card,Germany,SaaS/Tech,70,0.162,5,0,3.62,0,4,0,,20,1580
C03592,2026-02-01,Basic,29,Month-to-month,Credit Card,India,E-commerce,5,0.506,2,1,4.2,0,1,0,,7,203
C03593,2025-09-01,Basic,29,2-Year,Credit Card,USA,Marketing/Agency,18,0.735,6,1,5.0,0,1,0,,12,348
C03594,2024-07-01,Pro,79,Month-to-month,Credit Card,Canada,Finance,4,0.876,4,1,4.43,2,3,0,,26,2054
C03595,2023-11-01,Enterprise,199,Month-to-month,Manual Invoice,USA,Education,1,0.681,3,4,2.83,0,1,0,,34,6766
C03596,2025-11-01,Pro,79,2-Year,PayPal,UK,E-commerce,6,0.411,7,1,2.72,1,12,0,,10,790
C03597,2023-08-01,Enterprise,199,Month-to-month,ACH/Bank Transfer,Australia,Finance,12,0.482,5,2,2.93,0,37,1,2025-01-01,18,3582
C03598,2025-08-01,Pro,79,Month-to-month,ACH/Bank Transfer,USA,SaaS/Tech,4,0.899,6,1,3.3,0,5,0,,13,1027
C03599,2023-02-01,Basic,29,2-Year,Credit Card,Canada,E-commerce,13,0.946,5,0,3.49,0,0,0,,43,1247
C03600,2023-01-01,Pro,79,Month-to-month,ACH/Bank Transfer,USA,Nonprofit,2,0.547,6,2,4.32,0,0,0,,44,3476
C03601,2024-02-01,Pro,79,2-Year,ACH/Bank Transfer,USA,E-commerce,43,0.508,7,2,4.94,0,1,0,,31,2449
C03602,2025-08-01,Pro,79,Month-to-month,PayPal,USA,E-commerce,161,0.214,7,0,3.83,0,0,0,,13,1027
C03603,2023-05-01,Pro,79,Month-to-month,Credit Card,India,Manufacturing,77,0.529,2,2,3.53,0,44,1,2025-09-01,29,2291
C03604,2023-06-01,Pro,79,1-Year,PayPal,UK,SaaS/Tech,10,0.624,3,2,5.0,1,1,0,,39,3081
C03605,2026-05-01,Pro,79,2-Year,PayPal,Australia,Marketing/Agency,33,0.75,3,1,3.14,2,17,1,2026-07-01,3,237
C03606,2025-11-01,Basic,29,Month-to-month,ACH/Bank Transfer,Australia,Manufacturing,4,0.563,3,1,4.24,0,2,0,,10,290
C03607,2023-01-01,Pro,79,1-Year,PayPal,USA,Manufacturing,8,0.889,3,1,3.62,1,29,0,,44,3476
C03608,2026-02-01,Pro,79,1-Year,PayPal,Australia,Education,4,0.397,4,0,4.35,2,5,0,,7,553
C03609,2024-03-01,Pro,79,2-Year,Credit Card,India,Education,3,0.892,8,2,2.87,2,20,1,2025-01-01,11,869
C03610,2025-11-01,Pro,79,Month-to-month,ACH/Bank Transfer,USA,Finance,2,0.428,2,1,4.14,0,24,0,,10,790
C03611,2025-02-01,Pro,79,Month-to-month,Credit Card,USA,Manufacturing,6,0.726,2,1,2.85,0,9,0,,19,1501
C03612,2025-02-01,Pro,79,Month-to-month,Credit Card,Canada,Healthcare,6,0.561,5,0,3.9,0,6,0,,19,1501
C03613,2023-08-01,Enterprise,199,Month-to-month,ACH/Bank Transfer,USA,SaaS/Tech,32,0.391,2,1,3.67,0,18,0,,37,7363
C03614,2024-08-01,Pro,79,1-Year,Credit Card,Australia,E-commerce,17,0.823,3,2,3.75,0,11,0,,25,1975
C03615,2025-03-01,Basic,29,1-Year,PayPal,USA,Nonprofit,56,0.393,4,1,3.67,0,12,0,,18,522
C03616,2024-10-01,Pro,79,1-Year,Credit Card,UK,Marketing/Agency,4,0.661,6,1,3.41,1,18,0,,23,1817
C03617,2026-03-01,Basic,29,Month-to-month,Credit Card,UK,Finance,9,0.393,7,3,3.72,1,16,1,2026-05-01,3,87
C03618,2025-07-01,Pro,79,Month-to-month,PayPal,India,Nonprofit,2,0.707,3,5,5.0,0,11,0,,14,1106
C03619,2025-06-01,Basic,29,Month-to-month,Credit Card,Canada,SaaS/Tech,22,0.298,5,3,4.3,0,1,0,,15,435
C03620,2023-08-01,Basic,29,Month-to-month,Credit Card,USA,SaaS/Tech,24,0.292,1,2,4.82,1,3,0,,37,1073
C03621,2025-11-01,Basic,29,1-Year,Credit Card,USA,Education,47,0.317,3,2,3.68,0,6,0,,10,290
C03622,2026-01-01,Pro,79,1-Year,Credit Card,UK,Nonprofit,2,0.565,3,0,5.0,2,0,0,,8,632
C03623,2026-07-01,Basic,29,1-Year,Manual Invoice,Canada,Manufacturing,6,0.352,6,1,4.27,0,13,0,,2,58
C03624,2025-11-01,Enterprise,199,Month-to-month,Credit Card,India,E-commerce,11,0.493,5,0,3.78,1,7,0,,10,1990
C03625,2024-11-01,Pro,79,1-Year,Credit Card,India,Nonprofit,12,0.02,3,3,4.31,1,20,1,2025-01-01,3,237
C03626,2023-10-01,Basic,29,Month-to-month,Credit Card,UK,Finance,11,0.291,4,2,4.05,0,0,1,2025-12-01,27,783
C03627,2023-12-01,Enterprise,199,Month-to-month,ACH/Bank Transfer,USA,Finance,14,0.658,3,2,4.2,0,29,1,2024-11-01,12,2388
C03628,2023-10-01,Basic,29,Month-to-month,Credit Card,USA,Nonprofit,5,0.433,1,2,3.22,1,4,1,2023-10-01,1,29
C03629,2024-06-01,Enterprise,199,1-Year,Credit Card,UK,Healthcare,13,0.975,6,1,4.06,0,3,0,,27,5373
C03630,2025-04-01,Basic,29,1-Year,Credit Card,Australia,SaaS/Tech,30,0.065,2,1,1.57,0,3,0,,17,493
C03631,2024-11-01,Basic,29,1-Year,Credit Card,USA,Manufacturing,90,0.778,6,1,4.46,2,11,0,,22,638
C03632,2023-09-01,Enterprise,199,Month-to-month,Credit Card,USA,Education,7,0.285,7,0,4.2,1,2,0,,36,7164
C03633,2024-10-01,Pro,79,Month-to-month,Credit Card,Germany,Education,9,0.696,6,2,3.38,0,0,0,,23,1817
C03634,2026-04-01,Basic,29,Month-to-month,Credit Card,UK,Manufacturing,38,0.492,2,2,4.92,0,5,0,,5,145
C03635,2025-04-01,Enterprise,199,Month-to-month,Credit Card,India,Finance,91,0.256,4,1,2.04,0,3,0,,17,3383
C03636,2025-10-01,Basic,29,Month-to-month,Credit Card,Australia,Finance,4,0.731,4,4,3.27,0,3,0,,11,319
C03637,2024-07-01,Basic,29,Month-to-month,Manual Invoice,UK,SaaS/Tech,30,0.551,7,3,3.96,1,1,0,,26,754
C03638,2024-07-01,Basic,29,Month-to-month,Manual Invoice,Canada,Healthcare,13,0.422,5,0,4.2,2,12,0,,26,754
C03639,2025-01-01,Pro,79,Month-to-month,Credit Card,Canada,Education,49,0.47,9,1,3.93,2,0,1,2026-03-01,15,1185
C03640,2024-09-01,Enterprise,199,1-Year,Manual Invoice,India,Finance,5,0.775,2,0,3.74,1,13,0,,24,4776
C03641,2024-07-01,Basic,29,1-Year,PayPal,Germany,Nonprofit,16,0.636,7,3,4.56,1,19,1,2024-11-01,5,145
C03642,2023-01-01,Enterprise,199,1-Year,ACH/Bank Transfer,Canada,Finance,12,0.602,8,2,4.03,0,1,0,,44,8756
C03643,2026-07-01,Pro,79,1-Year,PayPal,India,Marketing/Agency,16,0.355,2,1,2.35,0,33,0,,2,158
C03644,2025-12-01,Pro,79,Month-to-month,Credit Card,USA,SaaS/Tech,17,0.546,1,0,4.49,0,0,0,,9,711
C03645,2023-11-01,Basic,29,Month-to-month,ACH/Bank Transfer,USA,Marketing/Agency,10,0.516,6,0,2.91,0,27,0,,34,986
C03646,2025-04-01,Enterprise,199,2-Year,Credit Card,India,Education,4,0.34,3,0,4.06,0,22,0,,17,3383
C03647,2025-11-01,Basic,29,Month-to-month,Credit Card,Germany,Finance,52,0.678,4,1,3.2,2,0,0,,10,290
C03648,2023-06-01,Basic,29,Month-to-month,PayPal,India,Education,24,0.708,9,1,4.88,0,28,0,,39,1131
C03649,2023-06-01,Basic,29,2-Year,Manual Invoice,Germany,Finance,8,0.492,5,1,2.35,2,7,1,2024-02-01,9,261
C03650,2024-07-01,Pro,79,2-Year,ACH/Bank Transfer,USA,Marketing/Agency,15,0.546,5,3,4.05,2,14,0,,26,2054
C03651,2025-08-01,Pro,79,Month-to-month,Credit Card,India,Education,2,0.471,5,1,4.17,0,3,1,2026-03-01,8,632
C03652,2025-07-01,Basic,29,2-Year,PayPal,India,Healthcare,15,0.186,3,0,3.95,1,2,0,,14,406
C03653,2026-04-01,Enterprise,199,Month-to-month,PayPal,India,Finance,24,0.915,4,0,4.71,0,2,0,,5,995
C03654,2025-05-01,Basic,29,2-Year,Credit Card,USA,Nonprofit,13,0.55,7,0,3.44,2,17,0,,16,464
C03655,2023-03-01,Pro,79,1-Year,ACH/Bank Transfer,USA,Marketing/Agency,5,0.75,4,2,4.48,0,15,0,,42,3318
C03656,2023-12-01,Basic,29,2-Year,Credit Card,India,SaaS/Tech,8,0.578,6,2,2.4,2,3,0,,33,957
C03657,2024-02-01,Enterprise,199,Month-to-month,Manual Invoice,Germany,Nonprofit,2,0.529,2,1,4.39,0,0,0,,31,6169
C03658,2024-11-01,Basic,29,1-Year,PayPal,UK,Healthcare,34,0.609,5,2,4.01,0,7,0,,22,638
C03659,2025-03-01,Pro,79,2-Year,PayPal,UK,E-commerce,5,0.978,4,0,3.91,1,4,0,,18,1422
C03660,2023-05-01,Pro,79,Month-to-month,Credit Card,India,Manufacturing,74,0.277,5,1,4.85,0,5,1,2025-02-01,22,1738
C03661,2026-07-01,Enterprise,199,2-Year,Credit Card,India,Marketing/Agency,50,0.637,3,2,2.99,0,8,0,,2,398
C03662,2026-07-01,Pro,79,1-Year,ACH/Bank Transfer,USA,Nonprofit,2,0.141,5,1,4.22,0,6,0,,2,158
C03663,2025-11-01,Basic,29,1-Year,ACH/Bank Transfer,USA,Manufacturing,5,0.64,3,1,4.76,0,1,0,,10,290
C03664,2025-09-01,Basic,29,1-Year,Credit Card,India,Manufacturing,1,0.232,8,1,5.0,1,0,0,,12,348
C03665,2025-07-01,Enterprise,199,Month-to-month,Manual Invoice,Germany,Education,681,0.466,6,1,5.0,1,8,0,,14,2786
C03666,2023-09-01,Basic,29,Month-to-month,Credit Card,USA,Healthcare,20,0.642,3,3,3.02,0,5,0,,36,1044
C03667,2023-08-01,Basic,29,2-Year,Credit Card,Germany,Manufacturing,33,0.176,5,2,4.44,1,10,1,2025-12-01,29,841
C03668,2023-05-01,Enterprise,199,1-Year,Credit Card,USA,SaaS/Tech,16,0.624,2,1,3.46,0,29,0,,40,7960
C03669,2025-02-01,Basic,29,Month-to-month,Credit Card,USA,Nonprofit,17,0.953,3,1,5.0,0,0,0,,19,551
C03670,2025-08-01,Pro,79,1-Year,ACH/Bank Transfer,Germany,Marketing/Agency,25,0.659,4,3,3.62,0,12,0,,13,1027
C03671,2024-06-01,Basic,29,Month-to-month,ACH/Bank Transfer,USA,SaaS/Tech,4,0.663,1,2,3.32,0,2,0,,27,783
C03672,2023-01-01,Enterprise,199,Month-to-month,Credit Card,USA,Marketing/Agency,32,0.178,5,0,3.99,1,0,0,,44,8756
C03673,2025-02-01,Pro,79,Month-to-month,ACH/Bank Transfer,India,Nonprofit,2,0.023,3,2,3.83,0,6,0,,19,1501
C03674,2023-05-01,Basic,29,1-Year,Credit Card,Australia,Nonprofit,14,0.678,3,0,2.93,2,2,1,2023-08-01,4,116
C03675,2025-01-01,Pro,79,Month-to-month,Credit Card,Germany,Nonprofit,4,0.338,2,1,3.31,0,6,0,,20,1580
C03676,2024-05-01,Basic,29,2-Year,ACH/Bank Transfer,Germany,Marketing/Agency,6,0.362,3,0,4.42,0,9,0,,28,812
C03677,2026-04-01,Pro,79,2-Year,Credit Card,USA,Healthcare,6,0.299,1,2,3.02,0,17,0,,5,395
C03678,2026-04-01,Basic,29,2-Year,ACH/Bank Transfer,India,Education,3,0.818,1,0,4.88,0,16,0,,5,145
C03679,2025-04-01,Pro,79,Month-to-month,Credit Card,India,SaaS/Tech,48,0.871,6,1,3.23,1,15,0,,17,1343
C03680,2023-10-01,Pro,79,2-Year,PayPal,India,E-commerce,33,0.47,3,0,4.05,0,38,0,,35,2765
C03681,2023-04-01,Basic,29,Month-to-month,ACH/Bank Transfer,USA,Healthcare,9,0.798,5,2,2.94,0,0,0,,41,1189
C03682,2025-05-01,Basic,29,2-Year,PayPal,USA,Healthcare,12,0.395,2,2,3.07,0,19,0,,16,464
C03683,2026-03-01,Basic,29,1-Year,Credit Card,USA,E-commerce,9,0.371,1,0,4.32,0,18,0,,6,174
C03684,2025-11-01,Pro,79,Month-to-month,PayPal,UK,Marketing/Agency,62,0.441,7,1,5.0,2,10,0,,10,790
C03685,2026-02-01,Pro,79,1-Year,PayPal,USA,Education,4,0.409,3,1,5.0,2,2,0,,7,553
C03686,2024-03-01,Pro,79,Month-to-month,Credit Card,Australia,Healthcare,17,0.282,7,1,5.0,1,0,1,2025-04-01,14,1106
C03687,2024-07-01,Pro,79,1-Year,ACH/Bank Transfer,Canada,Nonprofit,16,0.799,0,3,3.67,1,3,0,,26,2054
C03688,2025-04-01,Enterprise,199,Month-to-month,PayPal,India,Finance,38,0.735,7,0,4.04,0,13,0,,17,3383
C03689,2025-03-01,Enterprise,199,Month-to-month,Credit Card,USA,Nonprofit,7,0.421,5,2,3.83,1,2,0,,18,3582
C03690,2023-12-01,Enterprise,199,Month-to-month,Manual Invoice,Canada,SaaS/Tech,80,0.345,3,0,4.51,0,6,0,,33,6567
C03691,2025-08-01,Basic,29,Month-to-month,Credit Card,India,Finance,2,0.486,1,2,4.0,2,14,0,,13,377
C03692,2024-11-01,Pro,79,Month-to-month,PayPal,Germany,Marketing/Agency,20,0.359,4,1,3.27,0,12,0,,22,1738
C03693,2025-10-01,Pro,79,1-Year,ACH/Bank Transfer,UK,Finance,4,0.689,3,3,4.54,2,10,1,2026-01-01,4,316
C03694,2024-07-01,Basic,29,Month-to-month,Credit Card,India,Healthcare,72,0.437,4,1,4.67,2,11,1,2026-03-01,21,609
C03695,2024-11-01,Enterprise,199,1-Year,Credit Card,Canada,SaaS/Tech,3,0.629,0,0,3.95,1,3,0,,22,4378
C03696,2023-07-01,Pro,79,2-Year,Credit Card,Canada,Marketing/Agency,3,0.427,6,2,3.92,0,16,0,,38,3002
C03697,2024-11-01,Basic,29,2-Year,ACH/Bank Transfer,USA,Manufacturing,37,0.626,7,0,4.12,1,6,1,2026-04-01,18,522
C03698,2024-02-01,Pro,79,Month-to-month,ACH/Bank Transfer,India,Finance,24,0.541,5,0,4.09,0,26,0,,31,2449
C03699,2026-02-01,Pro,79,Month-to-month,Credit Card,India,SaaS/Tech,347,0.677,3,2,4.07,0,8,0,,7,553
C03700,2025-06-01,Enterprise,199,Month-to-month,Credit Card,UK,Healthcare,25,0.768,4,1,5.0,0,11,0,,15,2985
C03701,2023-06-01,Basic,29,2-Year,Credit Card,Germany,SaaS/Tech,41,0.476,5,0,3.51,0,16,0,,39,1131
C03702,2026-03-01,Basic,29,Month-to-month,PayPal,India,Healthcare,7,1.0,5,2,2.98,0,56,0,,6,174
C03703,2026-03-01,Pro,79,Month-to-month,ACH/Bank Transfer,India,Finance,24,0.866,3,2,3.85,0,3,0,,6,474
C03704,2026-03-01,Basic,29,1-Year,Credit Card,Australia,Education,35,0.725,4,2,5.0,1,51,0,,6,174
C03705,2025-01-01,Enterprise,199,1-Year,PayPal,India,Finance,4,0.886,2,1,3.38,0,12,0,,20,3980
C03706,2023-01-01,Pro,79,1-Year,Credit Card,Australia,Marketing/Agency,100,0.781,0,2,4.42,0,44,0,,44,3476
C03707,2025-03-01,Basic,29,Month-to-month,Credit Card,Germany,SaaS/Tech,52,0.392,5,0,4.85,0,1,0,,18,522
C03708,2026-03-01,Pro,79,2-Year,PayPal,Germany,SaaS/Tech,2,0.541,3,1,3.57,2,2,0,,6,474
C03709,2025-06-01,Basic,29,1-Year,Credit Card,UK,SaaS/Tech,69,0.652,3,1,3.7,0,5,0,,15,435
C03710,2023-03-01,Enterprise,199,Month-to-month,Credit Card,UK,Healthcare,5,0.791,6,0,3.34,0,3,0,,42,8358
C03711,2023-02-01,Enterprise,199,2-Year,Credit Card,UK,Healthcare,11,0.535,3,3,3.86,0,4,0,,43,8557
C03712,2024-09-01,Basic,29,2-Year,Credit Card,Australia,Nonprofit,3,0.543,4,2,3.49,2,6,0,,24,696
C03713,2025-04-01,Basic,29,Month-to-month,ACH/Bank Transfer,Canada,Manufacturing,105,0.152,5,0,3.94,1,0,0,,17,493
C03714,2025-09-01,Pro,79,Month-to-month,Credit Card,USA,Finance,38,0.757,5,2,2.61,0,0,1,2026-07-01,11,869
C03715,2023-03-01,Basic,29,1-Year,PayPal,USA,Nonprofit,1,0.328,3,2,4.08,0,4,0,,42,1218
C03716,2024-08-01,Pro,79,Month-to-month,Credit Card,USA,Manufacturing,9,0.301,2,1,3.7,1,4,0,,25,1975
C03717,2025-08-01,Basic,29,2-Year,Credit Card,Germany,SaaS/Tech,35,0.418,5,0,5.0,0,0,0,,13,377
C03718,2024-08-01,Basic,29,1-Year,Credit Card,India,Healthcare,9,0.985,3,2,3.76,1,1,0,,25,725
C03719,2024-09-01,Basic,29,1-Year,Credit Card,USA,Manufacturing,68,0.264,3,2,3.69,0,1,0,,24,696
C03720,2026-01-01,Enterprise,199,Month-to-month,PayPal,Germany,Marketing/Agency,4,0.355,4,1,3.22,0,4,0,,8,1592
C03721,2025-07-01,Basic,29,1-Year,PayPal,Germany,Marketing/Agency,1,0.507,6,2,2.99,0,44,0,,14,406
C03722,2026-06-01,Basic,29,Month-to-month,Credit Card,Australia,Education,2,0.606,1,2,2.89,2,10,0,,3,87
C03723,2025-10-01,Pro,79,Month-to-month,Credit Card,India,Healthcare,39,0.933,6,2,5.0,0,36,0,,11,869
C03724,2026-02-01,Enterprise,199,2-Year,Credit Card,USA,Marketing/Agency,1,0.548,10,3,4.57,0,13,0,,7,1393
C03725,2025-03-01,Basic,29,1-Year,PayPal,USA,Manufacturing,13,0.224,5,1,5.0,0,2,0,,18,522
C03726,2026-02-01,Enterprise,199,1-Year,Credit Card,USA,E-commerce,13,0.242,1,1,4.3,0,17,0,,7,1393
C03727,2025-12-01,Basic,29,Month-to-month,Credit Card,UK,Manufacturing,14,0.465,3,2,3.79,0,11,0,,9,261
C03728,2025-09-01,Basic,29,Month-to-month,PayPal,India,E-commerce,10,0.751,3,1,4.24,2,8,1,2026-06-01,10,290
C03729,2025-09-01,Pro,79,Month-to-month,Credit Card,USA,SaaS/Tech,5,0.244,6,0,3.1,0,5,0,,12,948
C03730,2024-01-01,Pro,79,2-Year,Credit Card,USA,Education,4,0.595,1,1,4.55,0,5,0,,32,2528
C03731,2025-10-01,Enterprise,199,1-Year,Credit Card,India,Finance,6,0.495,3,1,4.56,0,14,0,,11,2189
C03732,2025-06-01,Basic,29,1-Year,Credit Card,India,E-commerce,12,0.789,6,1,3.04,0,17,0,,15,435
C03733,2023-06-01,Enterprise,199,Month-to-month,Credit Card,Canada,SaaS/Tech,4,0.338,4,2,4.5,0,18,0,,39,7761
C03734,2025-10-01,Basic,29,2-Year,PayPal,India,Finance,4,0.465,2,3,5.0,0,1,0,,11,319
C03735,2023-12-01,Basic,29,1-Year,Credit Card,Australia,E-commerce,33,0.59,5,0,4.04,2,0,0,,33,957
C03736,2025-05-01,Enterprise,199,Month-to-month,ACH/Bank Transfer,Germany,Education,3,1.0,4,3,4.64,1,2,0,,16,3184
C03737,2025-04-01,Basic,29,Month-to-month,Credit Card,Germany,E-commerce,18,0.332,3,4,3.81,1,0,1,2025-09-01,6,174
C03738,2023-07-01,Basic,29,1-Year,Credit Card,India,Marketing/Agency,11,1.0,1,1,4.96,1,13,0,,38,1102
C03739,2025-08-01,Pro,79,2-Year,Credit Card,UK,Healthcare,40,0.409,5,1,4.41,0,10,0,,13,1027
C03740,2023-05-01,Basic,29,Month-to-month,Manual Invoice,UK,Healthcare,12,0.271,5,0,4.79,0,6,0,,40,1160
C03741,2024-10-01,Basic,29,Month-to-month,PayPal,India,E-commerce,7,0.732,1,1,3.2,0,12,0,,23,667
C03742,2025-04-01,Basic,29,Month-to-month,Credit Card,USA,Healthcare,66,0.679,5,3,2.8,0,4,0,,17,493
C03743,2025-11-01,Pro,79,Month-to-month,Credit Card,Australia,Finance,30,0.866,6,3,3.82,1,0,0,,10,790
C03744,2025-02-01,Enterprise,199,1-Year,Credit Card,Germany,Education,10,0.324,3,4,3.9,2,14,1,2025-04-01,3,597
C03745,2026-03-01,Pro,79,Month-to-month,Credit Card,USA,Healthcare,9,0.767,4,3,4.03,2,8,0,,6,474
C03746,2025-11-01,Basic,29,Month-to-month,Credit Card,Canada,Nonprofit,10,0.36,7,1,3.05,0,8,0,,10,290
C03747,2024-02-01,Pro,79,2-Year,Credit Card,USA,Manufacturing,7,0.639,2,0,4.78,1,18,0,,31,2449
C03748,2023-11-01,Enterprise,199,Month-to-month,ACH/Bank Transfer,Canada,E-commerce,12,0.055,6,0,3.42,0,2,0,,34,6766
C03749,2023-06-01,Pro,79,2-Year,Credit Card,USA,Manufacturing,8,0.87,5,8,4.59,0,11,0,,39,3081
C03750,2026-03-01,Enterprise,199,Month-to-month,PayPal,Germany,E-commerce,23,0.383,0,2,4.92,2,6,1,2026-05-01,3,597
C03751,2024-02-01,Basic,29,Month-to-month,Credit Card,Australia,Finance,14,0.347,3,0,2.85,0,1,1,2024-07-01,6,174
C03752,2023-04-01,Pro,79,2-Year,ACH/Bank Transfer,USA,Finance,7,0.845,4,0,3.89,0,1,0,,41,3239
C03753,2024-02-01,Basic,29,Month-to-month,ACH/Bank Transfer,Germany,SaaS/Tech,93,0.587,5,2,4.71,2,11,0,,31,899
C03754,2025-12-01,Pro,79,Month-to-month,Credit Card,USA,E-commerce,16,0.897,2,0,4.16,0,0,0,,9,711
C03755,2025-05-01,Enterprise,199,1-Year,PayPal,UK,Education,21,0.296,8,4,3.96,1,6,0,,16,3184
C03756,2024-05-01,Basic,29,Month-to-month,Credit Card,USA,Healthcare,1,0.655,2,1,4.82,0,4,0,,28,812
C03757,2023-12-01,Basic,29,1-Year,PayPal,UK,Manufacturing,3,0.741,3,1,5.0,2,9,0,,33,957
C03758,2026-04-01,Enterprise,199,Month-to-month,PayPal,Canada,Manufacturing,12,0.677,2,2,3.92,2,11,1,2026-06-01,3,597
C03759,2023-05-01,Basic,29,Month-to-month,Manual Invoice,India,Marketing/Agency,66,0.576,6,0,4.17,2,5,0,,40,1160
C03760,2025-12-01,Basic,29,1-Year,ACH/Bank Transfer,India,Finance,35,0.282,8,1,4.05,2,27,0,,9,261
C03761,2024-11-01,Basic,29,Month-to-month,Credit Card,UK,E-commerce,52,0.286,5,3,5.0,2,21,0,,22,638
C03762,2025-07-01,Pro,79,Month-to-month,Credit Card,Canada,SaaS/Tech,17,0.662,4,0,4.28,0,17,0,,14,1106
C03763,2025-01-01,Pro,79,Month-to-month,Credit Card,Canada,Finance,31,0.836,2,2,5.0,1,1,0,,20,1580
C03764,2026-03-01,Pro,79,1-Year,Credit Card,UK,Marketing/Agency,5,0.779,3,0,4.69,0,14,0,,6,474
C03765,2024-04-01,Pro,79,2-Year,ACH/Bank Transfer,India,Nonprofit,7,0.757,2,1,4.02,2,7,0,,29,2291
C03766,2024-05-01,Basic,29,Month-to-month,Manual Invoice,USA,Education,20,0.17,5,2,4.44,1,36,1,2025-06-01,14,406
C03767,2025-12-01,Pro,79,Month-to-month,Credit Card,Australia,Education,81,0.393,3,0,3.8,0,5,0,,9,711
C03768,2023-12-01,Pro,79,Month-to-month,Credit Card,India,Manufacturing,6,0.672,4,3,3.23,0,13,0,,33,2607
C03769,2024-03-01,Pro,79,Month-to-month,Credit Card,India,Education,7,0.493,5,1,3.95,2,14,1,2024-12-01,10,790
C03770,2026-05-01,Basic,29,Month-to-month,Credit Card,USA,E-commerce,16,0.45,4,0,4.65,0,11,0,,4,116
C03771,2023-01-01,Pro,79,1-Year,ACH/Bank Transfer,USA,Education,9,0.73,6,2,2.48,2,20,1,2023-05-01,5,395
C03772,2023-03-01,Enterprise,199,Month-to-month,Credit Card,India,Education,8,0.515,4,4,5.0,1,58,0,,42,8358
C03773,2024-07-01,Basic,29,Month-to-month,Credit Card,UK,SaaS/Tech,9,0.613,2,2,4.21,0,23,0,,26,754
C03774,2024-04-01,Basic,29,Month-to-month,Manual Invoice,USA,SaaS/Tech,4,0.96,2,2,5.0,0,16,0,,29,841
C03775,2026-06-01,Enterprise,199,1-Year,ACH/Bank Transfer,Canada,Nonprofit,43,1.0,2,4,3.42,0,0,0,,3,597
C03776,2024-03-01,Pro,79,Month-to-month,PayPal,Australia,Manufacturing,33,0.639,6,1,2.84,0,4,0,,30,2370
C03777,2023-11-01,Basic,29,Month-to-month,ACH/Bank Transfer,USA,Education,87,0.417,3,0,4.21,1,8,1,2026-05-01,31,899
C03778,2025-05-01,Basic,29,1-Year,Manual Invoice,USA,Nonprofit,62,0.674,3,1,3.85,1,4,0,,16,464
C03779,2025-07-01,Enterprise,199,Month-to-month,Credit Card,Germany,Nonprofit,4,0.416,8,3,3.85,0,19,0,,14,2786
C03780,2025-03-01,Basic,29,1-Year,PayPal,UK,SaaS/Tech,109,0.427,5,0,4.32,0,14,0,,18,522
C03781,2024-05-01,Basic,29,2-Year,PayPal,USA,Marketing/Agency,8,1.0,1,2,4.63,1,0,0,,28,812
C03782,2024-05-01,Enterprise,199,1-Year,Credit Card,India,E-commerce,16,0.414,4,3,5.0,1,5,1,2026-02-01,22,4378
C03783,2024-06-01,Basic,29,2-Year,Credit Card,UK,SaaS/Tech,25,0.539,3,1,4.93,0,32,0,,27,783
C03784,2024-09-01,Pro,79,Month-to-month,PayPal,India,Marketing/Agency,32,0.797,3,2,3.6,0,7,0,,24,1896
C03785,2025-12-01,Enterprise,199,Month-to-month,PayPal,India,Manufacturing,49,0.819,2,0,4.22,1,13,0,,9,1791
C03786,2026-07-01,Basic,29,1-Year,Credit Card,Germany,Marketing/Agency,286,0.469,1,1,4.59,2,21,0,,2,58
C03787,2025-04-01,Pro,79,Month-to-month,Manual Invoice,Australia,E-commerce,48,0.396,3,2,5.0,0,4,0,,17,1343
C03788,2026-04-01,Pro,79,1-Year,ACH/Bank Transfer,USA,SaaS/Tech,82,0.436,6,1,4.8,0,0,0,,5,395
C03789,2025-09-01,Pro,79,Month-to-month,Credit Card,Australia,Nonprofit,20,0.161,4,4,3.88,0,2,0,,12,948
C03790,2023-10-01,Pro,79,1-Year,Credit Card,Canada,SaaS/Tech,25,0.425,4,3,3.38,0,29,0,,35,2765
C03791,2026-06-01,Basic,29,1-Year,Credit Card,USA,Manufacturing,16,0.749,2,0,5.0,0,40,0,,3,87
C03792,2023-02-01,Pro,79,Month-to-month,ACH/Bank Transfer,Canada,Marketing/Agency,33,0.966,2,1,4.17,1,28,0,,43,3397
C03793,2024-06-01,Pro,79,Month-to-month,Credit Card,India,SaaS/Tech,23,0.983,5,0,5.0,0,30,0,,27,2133
C03794,2025-05-01,Basic,29,1-Year,ACH/Bank Transfer,USA,E-commerce,17,0.585,5,1,4.26,0,8,0,,16,464
C03795,2025-04-01,Pro,79,Month-to-month,Credit Card,USA,Finance,21,0.878,5,1,2.6,2,37,0,,17,1343
C03796,2025-01-01,Basic,29,1-Year,ACH/Bank Transfer,India,E-commerce,7,0.586,6,1,4.93,2,23,0,,20,580
C03797,2024-10-01,Pro,79,1-Year,Credit Card,Canada,Healthcare,31,0.669,5,0,3.92,1,16,1,2025-07-01,10,790
C03798,2025-10-01,Pro,79,Month-to-month,PayPal,Canada,Nonprofit,142,0.49,1,0,5.0,2,32,0,,11,869
C03799,2026-05-01,Basic,29,Month-to-month,Credit Card,Germany,Nonprofit,36,0.248,7,1,3.43,1,4,0,,4,116
C03800,2023-07-01,Pro,79,1-Year,Credit Card,UK,E-commerce,14,0.428,8,0,3.76,0,15,0,,38,3002
C03801,2025-11-01,Basic,29,Month-to-month,Manual Invoice,USA,E-commerce,4,0.567,6,2,3.84,1,0,0,,10,290
C03802,2023-02-01,Pro,79,Month-to-month,Manual Invoice,UK,E-commerce,32,0.213,5,1,4.38,1,34,1,2023-03-01,2,158
C03803,2024-07-01,Basic,29,2-Year,Credit Card,USA,Healthcare,4,0.857,5,2,3.69,2,24,1,2026-05-01,23,667
C03804,2023-12-01,Enterprise,199,1-Year,PayPal,Australia,SaaS/Tech,15,0.572,8,2,4.93,0,20,0,,33,6567
C03805,2024-08-01,Pro,79,Month-to-month,Credit Card,USA,Education,7,0.061,8,0,2.51,0,13,1,2024-11-01,4,316
C03806,2026-05-01,Enterprise,199,1-Year,Credit Card,India,E-commerce,25,0.685,1,2,4.06,2,5,1,2026-08-01,4,796
C03807,2026-06-01,Enterprise,199,1-Year,Credit Card,UK,Education,12,0.686,3,0,4.98,0,21,0,,3,597
C03808,2026-02-01,Basic,29,1-Year,Credit Card,UK,Education,11,0.716,1,1,3.09,0,14,0,,7,203
C03809,2025-09-01,Basic,29,Month-to-month,ACH/Bank Transfer,India,Healthcare,5,0.502,3,3,4.89,0,7,0,,12,348
C03810,2026-05-01,Basic,29,1-Year,ACH/Bank Transfer,UK,Marketing/Agency,6,0.839,3,1,3.68,0,1,0,,4,116
C03811,2025-04-01,Pro,79,1-Year,Credit Card,USA,Manufacturing,11,0.215,5,0,3.92,1,12,0,,17,1343
C03812,2024-11-01,Enterprise,199,Month-to-month,Credit Card,UK,SaaS/Tech,37,0.577,5,1,4.88,1,10,1,2025-08-01,10,1990
C03813,2023-05-01,Basic,29,Month-to-month,Credit Card,USA,Healthcare,3,0.547,2,1,4.9,1,20,1,2024-01-01,9,261
C03814,2025-05-01,Basic,29,Month-to-month,PayPal,Canada,Manufacturing,188,0.772,5,0,4.5,2,20,0,,16,464
C03815,2025-10-01,Enterprise,199,1-Year,ACH/Bank Transfer,India,Nonprofit,46,0.531,5,3,3.76,0,0,0,,11,2189
C03816,2023-07-01,Pro,79,Month-to-month,ACH/Bank Transfer,India,SaaS/Tech,13,0.453,1,1,4.83,0,0,1,2026-07-01,37,2923
C03817,2024-02-01,Basic,29,Month-to-month,ACH/Bank Transfer,Canada,Manufacturing,20,0.63,5,2,3.09,0,3,0,,31,899
C03818,2024-01-01,Enterprise,199,1-Year,Credit Card,USA,Education,8,0.109,3,1,2.25,1,35,1,2025-06-01,18,3582
C03819,2026-06-01,Enterprise,199,Month-to-month,PayPal,Canada,E-commerce,10,0.33,6,0,3.4,0,19,0,,3,597
C03820,2024-05-01,Basic,29,2-Year,Credit Card,UK,Marketing/Agency,2,0.693,5,3,3.85,0,11,0,,28,812
C03821,2026-06-01,Enterprise,199,2-Year,Manual Invoice,Canada,Education,4,0.488,5,1,4.33,0,22,1,2026-08-01,3,597
C03822,2025-06-01,Enterprise,199,1-Year,PayPal,Australia,Marketing/Agency,11,0.488,6,1,3.81,1,31,0,,15,2985
C03823,2023-11-01,Enterprise,199,2-Year,Credit Card,UK,Healthcare,9,0.584,4,1,4.02,1,8,0,,34,6766
C03824,2023-03-01,Basic,29,2-Year,ACH/Bank Transfer,USA,E-commerce,87,0.892,1,2,2.72,1,6,0,,42,1218
C03825,2025-02-01,Basic,29,Month-to-month,ACH/Bank Transfer,USA,Finance,5,0.626,7,0,4.44,2,6,0,,19,551
C03826,2023-12-01,Enterprise,199,1-Year,Credit Card,Canada,SaaS/Tech,9,0.835,4,3,4.8,2,29,1,2024-05-01,6,1194
C03827,2023-03-01,Enterprise,199,1-Year,Credit Card,India,Finance,8,0.455,3,1,5.0,0,36,0,,42,8358
C03828,2025-11-01,Enterprise,199,Month-to-month,ACH/Bank Transfer,USA,Nonprofit,5,0.793,4,0,5.0,0,17,1,2025-12-01,2,398
C03829,2024-12-01,Enterprise,199,Month-to-month,Credit Card,Canada,Finance,23,0.548,7,0,4.21,0,24,0,,21,4179
C03830,2024-10-01,Enterprise,199,2-Year,ACH/Bank Transfer,Canada,Manufacturing,15,0.984,2,1,4.0,1,8,1,2025-01-01,4,796
C03831,2025-05-01,Enterprise,199,1-Year,Credit Card,Australia,Education,12,0.191,6,3,5.0,0,3,0,,16,3184
C03832,2025-03-01,Basic,29,1-Year,PayPal,Germany,Manufacturing,20,0.516,3,0,4.12,0,7,0,,18,522
C03833,2025-04-01,Pro,79,2-Year,ACH/Bank Transfer,India,Finance,41,0.452,4,3,3.78,0,17,0,,17,1343
C03834,2024-02-01,Basic,29,1-Year,Manual Invoice,USA,SaaS/Tech,9,0.05,4,2,5.0,0,1,0,,31,899
C03835,2023-07-01,Basic,29,1-Year,ACH/Bank Transfer,India,Nonprofit,20,0.403,7,1,3.72,2,2,1,2024-08-01,14,406
C03836,2025-07-01,Pro,79,2-Year,Credit Card,UK,Finance,92,0.403,4,2,2.24,1,15,0,,14,1106
C03837,2025-01-01,Basic,29,Month-to-month,Credit Card,UK,SaaS/Tech,31,0.494,5,1,3.3,0,8,0,,20,580
C03838,2025-03-01,Pro,79,1-Year,PayPal,USA,Finance,17,0.104,2,1,3.02,0,7,0,,18,1422
C03839,2025-05-01,Pro,79,Month-to-month,Manual Invoice,USA,Finance,3,0.804,4,3,3.94,2,1,0,,16,1264
C03840,2023-03-01,Pro,79,2-Year,Credit Card,USA,Education,13,0.226,6,1,4.44,0,11,0,,42,3318
C03841,2026-02-01,Pro,79,2-Year,PayPal,Canada,Healthcare,4,0.429,3,0,3.89,2,8,0,,7,553
C03842,2025-04-01,Basic,29,Month-to-month,ACH/Bank Transfer,India,Nonprofit,31,0.718,8,4,4.37,1,14,0,,17,493
C03843,2024-02-01,Basic,29,Month-to-month,Credit Card,USA,Marketing/Agency,2,0.725,4,0,4.26,2,6,1,2025-02-01,13,377
C03844,2026-07-01,Basic,29,2-Year,Credit Card,Australia,Education,1,0.398,5,2,3.51,0,13,0,,2,58
C03845,2024-06-01,Pro,79,Month-to-month,Credit Card,UK,Healthcare,22,0.325,8,0,4.49,0,30,0,,27,2133
C03846,2024-07-01,Basic,29,Month-to-month,Credit Card,India,Finance,49,0.635,2,1,3.89,1,24,1,2025-01-01,7,203
C03847,2026-02-01,Pro,79,Month-to-month,Credit Card,UK,Healthcare,5,0.541,4,0,4.0,0,1,0,,7,553
C03848,2025-02-01,Pro,79,1-Year,Credit Card,Germany,Education,11,0.165,5,5,3.5,0,4,1,2026-06-01,17,1343
C03849,2023-11-01,Basic,29,Month-to-month,ACH/Bank Transfer,Australia,Marketing/Agency,12,0.69,5,0,3.07,0,8,0,,34,986
C03850,2024-02-01,Enterprise,199,1-Year,Manual Invoice,UK,Marketing/Agency,2,0.213,4,1,3.12,1,21,1,2024-06-01,5,995
C03851,2024-11-01,Pro,79,1-Year,ACH/Bank Transfer,Canada,Nonprofit,2,0.814,9,2,2.88,2,16,0,,22,1738
C03852,2023-03-01,Pro,79,Month-to-month,Credit Card,USA,Finance,75,0.906,5,1,2.4,2,8,1,2025-03-01,25,1975
C03853,2025-11-01,Basic,29,Month-to-month,Credit Card,Australia,Manufacturing,44,0.913,5,4,3.21,0,7,0,,10,290
C03854,2025-06-01,Pro,79,2-Year,Credit Card,India,E-commerce,22,0.604,4,2,5.0,0,28,0,,15,1185
C03855,2024-12-01,Enterprise,199,2-Year,Credit Card,UK,Finance,13,0.414,7,3,3.13,0,3,0,,21,4179
C03856,2026-02-01,Basic,29,1-Year,Credit Card,India,Education,98,0.587,6,1,4.33,0,28,0,,7,203
C03857,2023-10-01,Basic,29,Month-to-month,Manual Invoice,USA,Education,65,0.67,5,0,4.81,2,6,0,,35,1015
C03858,2026-05-01,Basic,29,Month-to-month,Credit Card,UK,Nonprofit,189,0.119,6,1,3.65,0,7,0,,4,116
C03859,2023-05-01,Basic,29,Month-to-month,ACH/Bank Transfer,USA,E-commerce,17,0.587,2,1,4.16,0,2,0,,40,1160
C03860,2024-08-01,Basic,29,Month-to-month,ACH/Bank Transfer,UK,Marketing/Agency,39,0.271,4,1,3.86,1,0,1,2025-05-01,10,290
C03861,2025-06-01,Pro,79,Month-to-month,ACH/Bank Transfer,USA,Finance,29,0.76,6,2,5.0,1,9,0,,15,1185
C03862,2025-06-01,Pro,79,Month-to-month,Credit Card,USA,Healthcare,50,0.712,6,3,3.23,2,2,1,2025-10-01,5,395
C03863,2023-10-01,Basic,29,2-Year,PayPal,India,E-commerce,13,0.35,3,0,4.01,2,1,0,,35,1015
C03864,2024-01-01,Basic,29,Month-to-month,ACH/Bank Transfer,India,Healthcare,16,0.746,3,1,2.94,1,8,1,2024-01-01,1,29
C03865,2023-12-01,Pro,79,Month-to-month,Manual Invoice,UK,Manufacturing,129,0.854,1,1,4.84,1,10,1,2024-06-01,7,553
C03866,2025-08-01,Pro,79,1-Year,ACH/Bank Transfer,USA,Marketing/Agency,10,0.572,5,2,4.73,2,14,0,,13,1027
C03867,2023-10-01,Pro,79,2-Year,Credit Card,UK,Finance,221,0.02,3,2,5.0,0,2,1,2024-01-01,4,316
C03868,2025-12-01,Pro,79,Month-to-month,Credit Card,UK,Education,5,0.785,4,0,3.75,0,7,0,,9,711
C03869,2025-02-01,Basic,29,1-Year,Credit Card,UK,Education,11,0.589,4,2,4.34,2,4,0,,19,551
C03870,2025-11-01,Pro,79,Month-to-month,ACH/Bank Transfer,USA,Nonprofit,16,0.357,3,1,4.13,0,8,0,,10,790
C03871,2023-09-01,Pro,79,Month-to-month,PayPal,UK,E-commerce,4,0.329,1,6,4.69,0,17,1,2024-03-01,7,553
C03872,2023-02-01,Basic,29,1-Year,Credit Card,Germany,Manufacturing,28,0.297,5,2,3.95,1,10,1,2024-07-01,18,522
C03873,2023-12-01,Basic,29,2-Year,PayPal,India,Education,3,0.092,2,0,2.58,2,10,1,2024-10-01,11,319
C03874,2025-04-01,Enterprise,199,2-Year,Credit Card,India,Finance,23,0.3,4,1,3.39,1,9,0,,17,3383
C03875,2024-06-01,Pro,79,1-Year,ACH/Bank Transfer,Canada,Nonprofit,6,0.294,2,1,2.53,0,21,0,,27,2133
C03876,2026-03-01,Pro,79,Month-to-month,Credit Card,USA,Healthcare,2,0.376,3,1,4.74,0,14,0,,6,474
C03877,2025-01-01,Basic,29,Month-to-month,PayPal,India,SaaS/Tech,39,0.535,5,0,4.25,0,6,0,,20,580
C03878,2023-02-01,Basic,29,Month-to-month,Credit Card,USA,Finance,12,0.728,2,2,5.0,2,0,1,2025-07-01,30,870
C03879,2025-01-01,Enterprise,199,Month-to-month,Manual Invoice,USA,Healthcare,50,0.416,4,1,4.59,0,16,0,,20,3980
C03880,2025-06-01,Enterprise,199,1-Year,Manual Invoice,Australia,Marketing/Agency,17,0.717,1,2,4.29,2,17,0,,15,2985
C03881,2025-04-01,Basic,29,1-Year,Credit Card,UK,E-commerce,6,0.347,4,0,4.91,1,17,0,,17,493
C03882,2024-07-01,Pro,79,1-Year,Credit Card,USA,SaaS/Tech,41,0.7,0,1,2.48,0,2,1,2025-11-01,17,1343
C03883,2025-01-01,Pro,79,2-Year,Credit Card,India,Nonprofit,86,0.654,3,0,4.33,1,58,1,2026-01-01,13,1027
C03884,2026-02-01,Basic,29,2-Year,ACH/Bank Transfer,Germany,Finance,24,0.26,5,1,4.38,1,8,0,,7,203
C03885,2024-07-01,Basic,29,1-Year,Credit Card,Australia,Marketing/Agency,32,0.874,2,3,4.94,2,27,0,,26,754
C03886,2023-04-01,Enterprise,199,1-Year,Credit Card,UK,Healthcare,9,0.814,4,3,3.75,0,7,0,,41,8159
C03887,2023-01-01,Basic,29,Month-to-month,Credit Card,Australia,E-commerce,15,0.521,2,1,3.95,1,8,0,,44,1276
C03888,2026-04-01,Basic,29,Month-to-month,Credit Card,India,Manufacturing,4,0.869,2,0,2.58,2,4,1,2026-05-01,2,58
C03889,2023-11-01,Pro,79,2-Year,Credit Card,USA,Nonprofit,9,0.3,3,2,5.0,0,1,0,,34,2686
C03890,2023-10-01,Pro,79,Month-to-month,Credit Card,USA,SaaS/Tech,12,0.83,5,1,2.09,0,3,0,,35,2765
C03891,2024-04-01,Basic,29,2-Year,PayPal,India,SaaS/Tech,20,0.295,6,0,3.78,0,0,0,,29,841
C03892,2024-01-01,Basic,29,2-Year,Credit Card,USA,Healthcare,59,0.614,4,1,4.24,2,7,0,,32,928
C03893,2026-03-01,Pro,79,1-Year,Credit Card,Germany,E-commerce,19,0.65,2,2,3.91,2,16,0,,6,474
C03894,2024-02-01,Basic,29,Month-to-month,Manual Invoice,USA,Manufacturing,14,0.486,3,0,5.0,0,2,0,,31,899
C03895,2025-03-01,Pro,79,1-Year,Credit Card,Canada,Nonprofit,12,0.123,4,3,4.17,0,6,0,,18,1422
C03896,2026-04-01,Pro,79,Month-to-month,Credit Card,UK,E-commerce,14,0.707,3,1,5.0,2,11,0,,5,395
C03897,2023-01-01,Basic,29,1-Year,PayPal,UK,SaaS/Tech,63,0.35,4,0,3.42,1,24,1,2024-05-01,17,493
C03898,2024-12-01,Basic,29,Month-to-month,Credit Card,USA,Healthcare,6,0.648,5,2,3.62,0,2,0,,21,609
C03899,2025-10-01,Pro,79,2-Year,ACH/Bank Transfer,UK,Education,2,0.676,5,2,3.12,1,10,0,,11,869
C03900,2024-03-01,Pro,79,1-Year,Credit Card,Germany,Healthcare,16,0.397,2,2,3.44,1,15,1,2024-03-01,1,79
C03901,2023-11-01,Basic,29,Month-to-month,Credit Card,USA,Marketing/Agency,38,0.39,3,1,4.54,0,13,0,,34,986
C03902,2025-06-01,Enterprise,199,Month-to-month,Credit Card,Australia,Finance,21,0.98,8,3,3.05,1,2,0,,15,2985
C03903,2023-01-01,Enterprise,199,Month-to-month,Credit Card,USA,E-commerce,35,0.809,5,3,5.0,1,22,1,2026-07-01,43,8557
C03904,2024-02-01,Enterprise,199,Month-to-month,Manual Invoice,UK,Finance,11,0.459,4,0,1.12,0,37,0,,31,6169
C03905,2024-05-01,Enterprise,199,1-Year,Credit Card,Australia,Education,3,0.551,1,0,5.0,0,15,0,,28,5572
C03906,2025-09-01,Basic,29,Month-to-month,Credit Card,Australia,Education,9,0.666,1,0,3.13,0,11,1,2026-03-01,7,203
C03907,2025-11-01,Enterprise,199,2-Year,Credit Card,UK,SaaS/Tech,40,0.359,5,1,4.15,1,42,0,,10,1990
C03908,2026-06-01,Pro,79,1-Year,Credit Card,Germany,SaaS/Tech,3,0.527,4,2,2.95,0,19,0,,3,237
C03909,2024-11-01,Enterprise,199,Month-to-month,ACH/Bank Transfer,Australia,Education,68,0.02,3,3,2.88,0,12,0,,22,4378
C03910,2024-08-01,Basic,29,Month-to-month,Credit Card,USA,Finance,266,0.837,6,0,4.14,0,3,0,,25,725
C03911,2024-12-01,Pro,79,Month-to-month,Credit Card,UK,SaaS/Tech,8,0.281,2,3,3.63,1,2,1,2025-04-01,5,395
C03912,2025-03-01,Basic,29,2-Year,ACH/Bank Transfer,Australia,E-commerce,8,1.0,2,5,4.0,0,0,0,,18,522
C03913,2025-09-01,Pro,79,2-Year,Credit Card,UK,Marketing/Agency,24,1.0,4,0,4.47,0,0,0,,12,948
C03914,2024-07-01,Basic,29,Month-to-month,ACH/Bank Transfer,India,E-commerce,12,0.505,11,2,4.39,0,9,0,,26,754
C03915,2025-07-01,Basic,29,1-Year,PayPal,Australia,Finance,14,0.337,2,1,4.23,1,0,0,,14,406
C03916,2024-04-01,Pro,79,2-Year,Credit Card,USA,Nonprofit,20,0.539,9,3,3.24,0,1,0,,29,2291
C03917,2026-04-01,Pro,79,Month-to-month,Manual Invoice,Australia,Finance,2,0.178,4,0,2.75,0,9,0,,5,395
C03918,2023-01-01,Basic,29,1-Year,PayPal,India,Healthcare,8,0.149,3,2,3.67,1,1,1,2023-02-01,2,58
C03919,2024-02-01,Pro,79,Month-to-month,Credit Card,UK,SaaS/Tech,103,0.233,7,3,3.61,2,13,1,2024-02-01,1,79
C03920,2025-06-01,Pro,79,1-Year,Credit Card,Germany,Finance,16,0.207,9,2,4.79,2,11,0,,15,1185
C03921,2024-08-01,Basic,29,1-Year,Manual Invoice,India,E-commerce,20,0.911,2,0,3.17,1,6,0,,25,725
C03922,2026-07-01,Basic,29,Month-to-month,Manual Invoice,USA,Manufacturing,5,0.71,6,0,3.43,1,0,0,,2,58
C03923,2025-09-01,Pro,79,1-Year,Manual Invoice,Canada,SaaS/Tech,23,0.508,5,0,4.29,0,19,0,,12,948
C03924,2024-11-01,Enterprise,199,1-Year,ACH/Bank Transfer,USA,SaaS/Tech,1,0.608,3,3,2.8,0,6,0,,22,4378
C03925,2024-10-01,Pro,79,1-Year,Credit Card,Germany,SaaS/Tech,6,0.021,9,1,3.79,0,4,0,,23,1817
C03926,2023-11-01,Basic,29,2-Year,ACH/Bank Transfer,USA,Healthcare,2,0.421,3,3,4.36,0,22,0,,34,986
C03927,2024-07-01,Basic,29,2-Year,ACH/Bank Transfer,UK,Finance,80,0.381,3,3,3.48,2,3,1,2024-07-01,1,29
C03928,2023-08-01,Basic,29,Month-to-month,PayPal,UK,E-commerce,5,0.646,2,1,3.45,1,6,0,,37,1073
C03929,2024-06-01,Pro,79,Month-to-month,Credit Card,Germany,Marketing/Agency,25,0.646,1,0,5.0,0,24,0,,27,2133
C03930,2025-05-01,Pro,79,1-Year,Credit Card,USA,Manufacturing,42,1.0,3,0,3.25,0,18,0,,16,1264
C03931,2024-05-01,Basic,29,Month-to-month,Manual Invoice,USA,Healthcare,37,0.254,3,2,4.87,0,1,0,,28,812
C03932,2024-04-01,Enterprise,199,Month-to-month,Credit Card,Germany,Manufacturing,41,0.17,1,0,4.79,1,11,0,,29,5771
C03933,2024-04-01,Enterprise,199,Month-to-month,Credit Card,USA,Finance,9,0.554,2,1,3.9,2,4,1,2025-03-01,12,2388
C03934,2026-05-01,Basic,29,Month-to-month,ACH/Bank Transfer,UK,E-commerce,77,0.487,6,2,3.91,0,19,0,,4,116
C03935,2023-05-01,Pro,79,Month-to-month,Credit Card,UK,Education,36,0.956,3,4,3.81,2,10,1,2023-09-01,5,395
C03936,2023-05-01,Basic,29,2-Year,Credit Card,Canada,Nonprofit,23,0.508,3,0,4.91,2,0,0,,40,1160
C03937,2025-06-01,Basic,29,Month-to-month,ACH/Bank Transfer,USA,E-commerce,16,0.371,2,1,4.08,0,34,1,2026-05-01,12,348
C03938,2026-06-01,Basic,29,1-Year,Credit Card,India,Healthcare,8,0.197,8,0,5.0,0,21,0,,3,87
C03939,2023-04-01,Basic,29,Month-to-month,Credit Card,Australia,Finance,6,0.181,9,0,4.11,0,13,0,,41,1189
C03940,2025-07-01,Basic,29,Month-to-month,Credit Card,USA,E-commerce,6,0.42,5,3,2.88,0,0,0,,14,406
C03941,2023-12-01,Basic,29,2-Year,Credit Card,USA,Manufacturing,57,0.79,5,1,3.92,2,13,0,,33,957
C03942,2025-08-01,Pro,79,1-Year,Credit Card,USA,Manufacturing,10,0.546,3,1,3.34,1,9,0,,13,1027
C03943,2026-03-01,Enterprise,199,Month-to-month,Manual Invoice,USA,Marketing/Agency,104,0.756,1,0,4.73,2,2,0,,6,1194
C03944,2023-03-01,Basic,29,Month-to-month,Credit Card,India,E-commerce,17,0.819,4,1,5.0,0,21,0,,42,1218
C03945,2023-07-01,Pro,79,Month-to-month,Credit Card,Canada,Education,4,0.842,6,3,4.75,1,12,0,,38,3002
C03946,2024-09-01,Pro,79,Month-to-month,Credit Card,USA,Education,20,0.442,4,1,5.0,1,14,0,,24,1896
C03947,2025-11-01,Pro,79,1-Year,Credit Card,Canada,Manufacturing,24,0.211,5,2,4.5,0,2,0,,10,790
C03948,2026-01-01,Pro,79,Month-to-month,ACH/Bank Transfer,Germany,E-commerce,34,0.505,1,2,4.97,1,4,0,,8,632
C03949,2024-11-01,Basic,29,1-Year,Credit Card,Germany,Marketing/Agency,4,0.39,4,3,5.0,0,6,0,,22,638
C03950,2026-07-01,Basic,29,Month-to-month,Credit Card,Germany,Marketing/Agency,101,0.356,5,3,5.0,0,14,0,,2,58
C03951,2024-09-01,Pro,79,1-Year,ACH/Bank Transfer,India,E-commerce,84,0.66,1,2,3.4,2,13,1,2025-06-01,10,790
C03952,2023-08-01,Basic,29,Month-to-month,ACH/Bank Transfer,Germany,Education,7,0.917,2,3,4.23,2,13,0,,37,1073
C03953,2024-07-01,Pro,79,2-Year,Credit Card,USA,Healthcare,63,0.689,5,0,3.53,0,14,0,,26,2054
C03954,2025-09-01,Basic,29,Month-to-month,Credit Card,USA,Healthcare,15,0.321,10,1,1.41,0,4,0,,12,348
C03955,2024-10-01,Enterprise,199,2-Year,ACH/Bank Transfer,Germany,SaaS/Tech,9,0.579,6,1,5.0,1,19,0,,23,4577
C03956,2025-09-01,Pro,79,Month-to-month,ACH/Bank Transfer,Australia,Finance,4,0.871,6,0,3.27,2,30,0,,12,948
C03957,2026-04-01,Pro,79,Month-to-month,Credit Card,USA,Marketing/Agency,58,0.441,5,1,5.0,0,0,0,,5,395
C03958,2024-04-01,Basic,29,Month-to-month,Credit Card,USA,Healthcare,6,0.703,2,0,4.99,2,5,1,2024-05-01,2,58
C03959,2025-04-01,Enterprise,199,Month-to-month,Credit Card,India,Marketing/Agency,13,0.669,3,1,3.24,2,2,0,,17,3383
C03960,2025-03-01,Pro,79,Month-to-month,Manual Invoice,India,E-commerce,103,0.306,0,2,4.77,1,10,0,,18,1422
C03961,2024-06-01,Enterprise,199,Month-to-month,Credit Card,Canada,Manufacturing,25,0.428,3,1,2.88,1,11,1,2025-11-01,18,3582
C03962,2025-08-01,Basic,29,1-Year,Credit Card,USA,SaaS/Tech,14,0.761,4,2,3.83,0,0,0,,13,377
C03963,2025-11-01,Pro,79,1-Year,Credit Card,Germany,Marketing/Agency,8,0.591,4,0,3.64,0,7,0,,10,790
C03964,2023-09-01,Pro,79,Month-to-month,ACH/Bank Transfer,Canada,Education,44,0.64,3,1,4.07,0,0,0,,36,2844
C03965,2023-04-01,Basic,29,1-Year,Credit Card,USA,E-commerce,7,0.554,3,1,4.35,1,10,0,,41,1189
C03966,2024-02-01,Pro,79,1-Year,Manual Invoice,USA,Nonprofit,87,0.988,3,1,5.0,0,4,0,,31,2449
C03967,2025-07-01,Basic,29,Month-to-month,Credit Card,Canada,Marketing/Agency,29,0.532,2,3,4.01,0,1,0,,14,406
C03968,2025-10-01,Basic,29,Month-to-month,Manual Invoice,India,Education,5,0.698,4,2,2.33,1,5,0,,11,319
C03969,2025-03-01,Enterprise,199,Month-to-month,Manual Invoice,UK,Marketing/Agency,3,0.571,4,1,3.94,0,18,0,,18,3582
C03970,2023-05-01,Basic,29,Month-to-month,Credit Card,Canada,E-commerce,154,0.389,5,1,4.43,0,12,0,,40,1160
C03971,2023-12-01,Basic,29,Month-to-month,Credit Card,Australia,Education,8,0.304,3,0,3.47,0,30,1,2024-04-01,5,145
C03972,2024-06-01,Pro,79,1-Year,ACH/Bank Transfer,USA,Marketing/Agency,34,0.364,4,1,4.34,0,19,0,,27,2133
C03973,2025-01-01,Pro,79,Month-to-month,Credit Card,USA,Marketing/Agency,5,0.657,5,2,5.0,0,3,0,,20,1580
C03974,2025-08-01,Basic,29,Month-to-month,Credit Card,USA,Healthcare,25,0.519,3,1,4.09,2,0,1,2025-10-01,3,87
C03975,2023-07-01,Enterprise,199,1-Year,Manual Invoice,Germany,Healthcare,43,0.645,6,0,4.07,1,2,0,,38,7562
C03976,2023-03-01,Pro,79,Month-to-month,PayPal,Canada,Education,3,0.636,4,0,3.01,2,0,1,2024-03-01,13,1027
C03977,2024-12-01,Enterprise,199,Month-to-month,PayPal,Germany,Marketing/Agency,7,0.848,5,3,4.95,0,1,1,2025-08-01,9,1791
C03978,2024-07-01,Basic,29,Month-to-month,Credit Card,UK,Nonprofit,10,0.391,5,1,4.58,0,8,0,,26,754
C03979,2025-08-01,Pro,79,1-Year,Credit Card,USA,Education,4,0.911,4,0,5.0,1,0,0,,13,1027
C03980,2025-07-01,Pro,79,Month-to-month,Credit Card,USA,Marketing/Agency,31,0.734,4,0,4.95,0,1,0,,14,1106
C03981,2024-03-01,Enterprise,199,Month-to-month,Credit Card,UK,E-commerce,8,0.798,3,4,3.82,2,22,1,2026-05-01,27,5373
C03982,2026-05-01,Pro,79,1-Year,Credit Card,USA,E-commerce,19,0.768,5,1,4.34,0,7,0,,4,316
C03983,2023-11-01,Enterprise,199,Month-to-month,Credit Card,Germany,Nonprofit,4,0.964,3,1,3.01,1,0,1,2024-10-01,12,2388
C03984,2023-10-01,Basic,29,Month-to-month,Credit Card,UK,Finance,30,0.584,1,0,3.19,0,1,0,,35,1015
C03985,2026-05-01,Basic,29,1-Year,Credit Card,Germany,E-commerce,12,0.584,6,1,5.0,0,2,0,,4,116
C03986,2024-09-01,Basic,29,1-Year,Credit Card,Australia,Nonprofit,206,0.629,2,2,5.0,1,6,0,,24,696
C03987,2025-12-01,Pro,79,1-Year,Credit Card,Germany,Finance,4,0.678,2,1,5.0,0,0,0,,9,711
C03988,2024-04-01,Pro,79,Month-to-month,Credit Card,UK,Marketing/Agency,23,0.223,4,0,5.0,1,0,0,,29,2291
C03989,2025-07-01,Enterprise,199,Month-to-month,Credit Card,USA,Nonprofit,2,0.538,6,1,3.88,0,12,0,,14,2786
C03990,2023-10-01,Enterprise,199,Month-to-month,Credit Card,India,Healthcare,9,0.809,3,0,5.0,1,13,1,2024-05-01,8,1592
C03991,2026-02-01,Basic,29,2-Year,Credit Card,Canada,Education,25,0.558,4,2,4.08,1,0,0,,7,203
C03992,2023-09-01,Pro,79,Month-to-month,Manual Invoice,USA,Nonprofit,16,0.92,5,1,5.0,1,7,0,,36,2844
C03993,2023-09-01,Pro,79,2-Year,Credit Card,India,SaaS/Tech,10,0.074,2,0,3.3,0,9,1,2023-10-01,2,158
C03994,2025-11-01,Pro,79,Month-to-month,Credit Card,India,Education,8,0.817,9,2,3.56,1,22,0,,10,790
C03995,2024-12-01,Enterprise,199,1-Year,Manual Invoice,India,Manufacturing,13,0.442,6,1,4.21,0,11,0,,21,4179
C03996,2026-04-01,Pro,79,2-Year,PayPal,Germany,Finance,26,0.618,2,0,4.75,2,9,0,,5,395
C03997,2023-11-01,Pro,79,1-Year,Credit Card,Germany,E-commerce,59,0.631,0,0,4.72,0,6,0,,34,2686
C03998,2025-02-01,Pro,79,Month-to-month,Credit Card,UK,E-commerce,7,0.558,3,2,5.0,1,5,0,,19,1501
C03999,2026-01-01,Basic,29,Month-to-month,Credit Card,Canada,Manufacturing,3,0.309,2,1,4.47,1,10,0,,8,232
C04000,2025-04-01,Basic,29,2-Year,Credit Card,Canada,Marketing/Agency,27,0.53,4,1,4.92,1,24,0,,17,493
C04001,2023-05-01,Pro,79,2-Year,Credit Card,Germany,Healthcare,21,0.618,5,1,4.64,0,4,0,,40,3160
C04002,2026-02-01,Pro,79,2-Year,Manual Invoice,Canada,Marketing/Agency,12,0.406,3,0,2.91,0,13,0,,7,553
C04003,2023-04-01,Pro,79,Month-to-month,Manual Invoice,India,E-commerce,5,0.755,3,1,4.64,1,14,0,,41,3239
C04004,2024-11-01,Pro,79,1-Year,Credit Card,Canada,Manufacturing,44,0.68,4,1,3.49,0,3,0,,22,1738
C04005,2024-04-01,Basic,29,Month-to-month,Credit Card,India,Manufacturing,7,0.516,2,0,2.31,0,4,0,,29,841
C04006,2025-03-01,Basic,29,Month-to-month,Credit Card,Australia,E-commerce,15,0.506,0,3,3.11,2,4,1,2025-05-01,3,87
C04007,2026-04-01,Pro,79,Month-to-month,ACH/Bank Transfer,Australia,E-commerce,6,0.605,2,0,3.88,1,4,0,,5,395
C04008,2024-12-01,Enterprise,199,Month-to-month,ACH/Bank Transfer,Germany,Manufacturing,8,0.738,5,0,3.35,0,27,0,,21,4179
C04009,2023-11-01,Enterprise,199,1-Year,Credit Card,Germany,Education,1,0.753,5,3,3.31,0,56,1,2024-12-01,14,2786
C04010,2024-07-01,Pro,79,Month-to-month,ACH/Bank Transfer,UK,Nonprofit,8,0.632,4,1,5.0,0,4,0,,26,2054
C04011,2023-12-01,Pro,79,2-Year,Credit Card,India,Finance,32,0.508,3,5,4.42,1,4,0,,33,2607
C04012,2025-06-01,Pro,79,Month-to-month,Credit Card,USA,Education,74,0.514,7,2,3.63,2,11,0,,15,1185
C04013,2025-03-01,Pro,79,Month-to-month,ACH/Bank Transfer,USA,Healthcare,20,0.571,6,2,4.36,0,32,0,,18,1422
C04014,2024-03-01,Basic,29,1-Year,Credit Card,UK,SaaS/Tech,118,0.603,6,1,3.51,1,3,0,,30,870
C04015,2026-02-01,Basic,29,1-Year,PayPal,India,Nonprofit,3,0.81,6,1,3.96,0,0,0,,7,203
C04016,2025-03-01,Basic,29,1-Year,Credit Card,Canada,E-commerce,5,0.787,6,2,3.57,1,2,0,,18,522
C04017,2024-02-01,Pro,79,1-Year,ACH/Bank Transfer,Canada,SaaS/Tech,7,0.483,5,0,3.93,0,8,0,,31,2449
C04018,2024-11-01,Pro,79,Month-to-month,Credit Card,UK,Marketing/Agency,19,0.557,4,1,3.61,2,1,0,,22,1738
C04019,2026-02-01,Basic,29,1-Year,Credit Card,India,E-commerce,13,0.541,6,2,3.28,0,15,0,,7,203
C04020,2023-01-01,Basic,29,Month-to-month,ACH/Bank Transfer,Canada,Nonprofit,9,0.734,5,0,4.13,1,11,1,2023-06-01,6,174
C04021,2024-10-01,Pro,79,1-Year,Credit Card,USA,Nonprofit,18,0.513,4,1,4.56,2,6,1,2025-11-01,14,1106
C04022,2025-07-01,Basic,29,Month-to-month,Credit Card,UK,Manufacturing,9,0.464,3,3,3.52,2,2,1,2025-07-01,1,29
C04023,2025-03-01,Enterprise,199,Month-to-month,Credit Card,UK,Marketing/Agency,25,0.735,3,1,2.65,1,12,1,2025-05-01,3,597
C04024,2023-09-01,Pro,79,Month-to-month,ACH/Bank Transfer,Australia,SaaS/Tech,5,0.829,2,0,3.07,1,4,1,2025-04-01,20,1580
C04025,2026-06-01,Pro,79,2-Year,Credit Card,USA,Finance,16,0.235,5,1,5.0,0,46,0,,3,237
C04026,2025-05-01,Basic,29,1-Year,ACH/Bank Transfer,USA,Healthcare,22,0.517,2,2,4.32,1,3,0,,16,464
C04027,2024-07-01,Pro,79,Month-to-month,Credit Card,India,SaaS/Tech,3,0.689,2,2,3.5,1,4,1,2025-05-01,11,869
C04028,2026-03-01,Enterprise,199,1-Year,Credit Card,USA,SaaS/Tech,13,0.818,3,0,3.71,0,16,0,,6,1194
C04029,2023-06-01,Basic,29,Month-to-month,Credit Card,USA,Finance,26,0.712,4,1,3.54,1,19,0,,39,1131
C04030,2023-10-01,Pro,79,Month-to-month,Credit Card,Canada,Finance,47,0.605,2,2,3.16,2,26,1,2024-01-01,4,316
C04031,2025-04-01,Pro,79,1-Year,Credit Card,India,Healthcare,4,0.433,2,3,3.84,0,0,0,,17,1343
C04032,2025-06-01,Pro,79,2-Year,Credit Card,USA,Education,20,0.48,4,5,3.22,1,15,0,,15,1185
C04033,2023-03-01,Pro,79,1-Year,Credit Card,USA,Education,5,0.795,2,1,4.67,0,14,0,,42,3318
C04034,2023-01-01,Pro,79,Month-to-month,PayPal,Australia,Healthcare,2,0.333,5,1,3.76,2,0,1,2024-05-01,17,1343
C04035,2025-03-01,Enterprise,199,Month-to-month,Credit Card,Germany,E-commerce,3,0.772,5,1,3.93,2,9,0,,18,3582
C04036,2026-01-01,Basic,29,Month-to-month,Credit Card,India,SaaS/Tech,67,1.0,6,1,3.74,0,4,0,,8,232
C04037,2024-06-01,Pro,79,Month-to-month,ACH/Bank Transfer,India,Nonprofit,12,0.292,4,1,4.1,0,0,0,,27,2133
C04038,2024-06-01,Pro,79,1-Year,Credit Card,USA,Healthcare,38,0.225,2,2,3.3,2,1,1,2024-06-01,1,79
C04039,2026-01-01,Pro,79,Month-to-month,Credit Card,USA,Manufacturing,98,0.452,3,1,3.94,2,3,0,,8,632
C04040,2025-01-01,Basic,29,1-Year,Credit Card,India,Finance,18,0.677,4,1,3.67,0,0,0,,20,580
C04041,2025-10-01,Pro,79,Month-to-month,PayPal,Canada,Marketing/Agency,2,0.257,2,0,2.69,1,2,0,,11,869
C04042,2024-06-01,Basic,29,Month-to-month,Credit Card,Canada,Education,3,0.944,3,2,4.1,2,2,1,2024-06-01,1,29
C04043,2023-04-01,Basic,29,1-Year,Credit Card,USA,Education,40,0.335,5,1,4.38,1,50,1,2024-05-01,14,406
C04044,2024-06-01,Basic,29,Month-to-month,ACH/Bank Transfer,USA,Manufacturing,3,0.561,2,1,4.93,0,29,0,,27,783
C04045,2025-09-01,Pro,79,Month-to-month,Credit Card,UK,Nonprofit,19,0.412,4,1,3.51,0,54,0,,12,948
C04046,2024-05-01,Basic,29,Month-to-month,Credit Card,USA,Education,33,0.665,7,0,3.46,0,0,0,,28,812
C04047,2023-04-01,Pro,79,Month-to-month,Manual Invoice,Canada,Healthcare,4,0.02,4,1,5.0,0,0,0,,41,3239
C04048,2023-06-01,Basic,29,Month-to-month,Manual Invoice,Australia,Marketing/Agency,52,0.274,5,4,3.77,2,12,1,2024-04-01,11,319
C04049,2023-11-01,Enterprise,199,1-Year,Credit Card,Canada,Healthcare,5,0.844,4,4,3.2,0,15,0,,34,6766
C04050,2025-04-01,Basic,29,1-Year,PayPal,USA,Manufacturing,9,0.472,6,2,5.0,0,11,0,,17,493
C04051,2026-02-01,Pro,79,1-Year,Manual Invoice,Australia,Manufacturing,106,0.565,4,3,1.8,0,19,0,,7,553
C04052,2025-03-01,Pro,79,1-Year,Credit Card,India,Marketing/Agency,17,0.92,2,3,3.37,1,20,0,,18,1422
C04053,2023-05-01,Pro,79,2-Year,Credit Card,India,Marketing/Agency,3,0.288,4,1,3.77,2,5,0,,40,3160
C04054,2026-03-01,Basic,29,2-Year,Credit Card,USA,SaaS/Tech,25,0.645,6,2,3.13,0,2,0,,6,174
C04055,2023-03-01,Basic,29,1-Year,Credit Card,USA,Manufacturing,23,0.93,6,1,4.1,1,7,0,,42,1218
C04056,2024-07-01,Basic,29,Month-to-month,Credit Card,India,Manufacturing,9,0.289,4,2,4.86,2,27,1,2025-06-01,12,348
C04057,2026-03-01,Pro,79,Month-to-month,Credit Card,Canada,Marketing/Agency,58,0.47,3,1,2.75,1,12,1,2026-08-01,6,474
C04058,2025-04-01,Basic,29,1-Year,ACH/Bank Transfer,USA,Finance,12,0.5,7,2,3.84,0,7,0,,17,493
C04059,2026-03-01,Enterprise,199,Month-to-month,Credit Card,Canada,Manufacturing,13,0.494,3,0,4.3,1,19,0,,6,1194
C04060,2025-01-01,Basic,29,Month-to-month,Manual Invoice,UK,Education,12,0.407,2,2,4.61,0,6,0,,20,580
C04061,2025-12-01,Pro,79,1-Year,Manual Invoice,India,Nonprofit,52,1.0,6,2,3.53,1,0,0,,9,711
C04062,2026-06-01,Enterprise,199,2-Year,ACH/Bank Transfer,Canada,Finance,22,0.317,1,0,4.07,1,18,0,,3,597
C04063,2025-02-01,Basic,29,Month-to-month,Credit Card,Germany,Education,14,0.897,5,2,4.18,1,5,0,,19,551
C04064,2024-06-01,Basic,29,Month-to-month,Manual Invoice,USA,SaaS/Tech,138,0.785,4,3,3.93,1,3,1,2024-10-01,5,145
C04065,2024-08-01,Basic,29,Month-to-month,Credit Card,USA,Nonprofit,7,0.604,3,1,5.0,0,2,0,,25,725
C04066,2024-03-01,Pro,79,1-Year,ACH/Bank Transfer,USA,Manufacturing,3,0.717,5,1,3.06,1,0,0,,30,2370
C04067,2025-01-01,Basic,29,1-Year,Credit Card,India,Education,56,0.707,4,2,3.67,1,3,0,,20,580
C04068,2023-09-01,Basic,29,Month-to-month,Credit Card,India,Finance,8,0.799,5,2,3.04,1,14,0,,36,1044
C04069,2025-02-01,Pro,79,Month-to-month,Credit Card,India,Education,61,0.528,5,0,4.22,0,22,0,,19,1501
C04070,2026-07-01,Pro,79,Month-to-month,Credit Card,USA,Marketing/Agency,6,0.862,6,0,3.4,2,5,0,,2,158
C04071,2023-05-01,Pro,79,Month-to-month,Manual Invoice,India,Nonprofit,9,0.382,2,1,3.33,0,1,0,,40,3160
C04072,2024-08-01,Enterprise,199,Month-to-month,Manual Invoice,Australia,Education,170,0.81,1,2,3.33,0,5,0,,25,4975
C04073,2026-02-01,Pro,79,1-Year,PayPal,Germany,Marketing/Agency,11,0.442,5,2,4.99,1,7,0,,7,553
C04074,2026-05-01,Basic,29,Month-to-month,ACH/Bank Transfer,UK,Manufacturing,20,0.966,0,2,3.64,0,73,0,,4,116
C04075,2025-08-01,Pro,79,Month-to-month,Credit Card,USA,Education,8,0.443,6,4,4.59,2,8,0,,13,1027
C04076,2026-05-01,Basic,29,1-Year,Credit Card,USA,Healthcare,6,0.656,7,2,4.66,0,4,0,,4,116
C04077,2023-06-01,Basic,29,Month-to-month,ACH/Bank Transfer,India,E-commerce,18,0.64,3,2,4.28,1,0,1,2024-08-01,15,435
C04078,2025-10-01,Pro,79,Month-to-month,Credit Card,Germany,Manufacturing,11,0.697,6,1,5.0,0,18,0,,11,869
C04079,2025-08-01,Pro,79,2-Year,ACH/Bank Transfer,Australia,Nonprofit,31,0.57,3,1,2.94,2,10,1,2025-08-01,1,79
C04080,2025-07-01,Enterprise,199,Month-to-month,Credit Card,India,Marketing/Agency,27,0.187,3,1,3.95,0,0,0,,14,2786
C04081,2026-06-01,Pro,79,Month-to-month,Credit Card,Canada,Nonprofit,60,0.239,4,0,4.06,0,18,0,,3,237
C04082,2024-09-01,Pro,79,Month-to-month,Credit Card,Germany,Nonprofit,103,0.488,3,1,4.28,0,10,0,,24,1896
C04083,2026-05-01,Pro,79,Month-to-month,Credit Card,Canada,Manufacturing,5,0.575,4,1,5.0,0,2,0,,4,316
C04084,2023-06-01,Basic,29,1-Year,Credit Card,Germany,E-commerce,7,1.0,4,1,1.88,0,3,0,,39,1131
C04085,2023-03-01,Enterprise,199,Month-to-month,PayPal,UK,Education,14,0.463,1,1,4.66,0,4,0,,42,8358
C04086,2023-05-01,Pro,79,1-Year,Manual Invoice,Germany,Healthcare,22,0.695,4,2,3.57,1,3,0,,40,3160
C04087,2025-05-01,Pro,79,Month-to-month,Credit Card,UK,Manufacturing,2,0.655,4,0,2.9,0,5,0,,16,1264
C04088,2024-06-01,Basic,29,1-Year,Credit Card,Australia,Manufacturing,3,0.538,4,2,3.94,0,39,0,,27,783
C04089,2023-04-01,Enterprise,199,Month-to-month,Credit Card,India,Finance,1,0.258,1,0,4.66,0,1,0,,41,8159
C04090,2023-11-01,Basic,29,2-Year,PayPal,India,E-commerce,20,0.148,2,0,5.0,1,4,0,,34,986
C04091,2024-09-01,Enterprise,199,1-Year,Credit Card,USA,Nonprofit,7,0.761,8,0,4.94,0,40,0,,24,4776
C04092,2025-05-01,Pro,79,2-Year,ACH/Bank Transfer,USA,SaaS/Tech,8,0.366,7,1,5.0,1,1,0,,16,1264
C04093,2024-09-01,Enterprise,199,Month-to-month,Credit Card,UK,Marketing/Agency,77,0.695,1,3,2.2,0,18,1,2025-12-01,16,3184
C04094,2025-04-01,Basic,29,Month-to-month,Credit Card,UK,Education,38,0.634,5,1,2.8,0,3,1,2025-08-01,5,145
C04095,2025-10-01,Basic,29,Month-to-month,PayPal,UK,E-commerce,42,0.569,4,2,4.5,0,8,0,,11,319
C04096,2023-03-01,Basic,29,Month-to-month,Credit Card,USA,E-commerce,7,0.546,4,0,3.8,1,4,0,,42,1218
C04097,2025-10-01,Pro,79,1-Year,ACH/Bank Transfer,USA,Education,85,0.739,6,6,5.0,0,32,0,,11,869
C04098,2024-05-01,Pro,79,2-Year,PayPal,Germany,Manufacturing,111,0.649,3,0,3.06,0,4,0,,28,2212
C04099,2025-11-01,Enterprise,199,Month-to-month,ACH/Bank Transfer,India,Manufacturing,72,0.854,1,0,3.78,0,0,0,,10,1990
C04100,2025-05-01,Enterprise,199,2-Year,PayPal,Canada,Finance,43,0.742,6,3,4.95,2,28,0,,16,3184
C04101,2024-06-01,Pro,79,2-Year,PayPal,India,Education,15,0.469,3,3,3.95,1,11,0,,27,2133
C04102,2025-01-01,Pro,79,Month-to-month,Credit Card,Australia,Nonprofit,75,0.103,5,2,2.17,0,2,1,2025-03-01,3,237
C04103,2025-08-01,Pro,79,Month-to-month,PayPal,USA,E-commerce,59,0.11,3,3,3.56,2,6,1,2025-10-01,3,237
C04104,2024-10-01,Basic,29,Month-to-month,Credit Card,Australia,Education,20,0.927,3,0,1.68,0,15,1,2025-06-01,9,261
C04105,2023-11-01,Basic,29,1-Year,Credit Card,UK,Healthcare,2,0.715,10,0,3.11,0,4,0,,34,986
C04106,2024-07-01,Basic,29,Month-to-month,PayPal,Canada,SaaS/Tech,15,0.434,2,0,3.84,1,9,0,,26,754
C04107,2024-08-01,Pro,79,Month-to-month,Credit Card,Germany,Marketing/Agency,2,0.615,4,3,4.64,0,0,0,,25,1975
C04108,2024-11-01,Pro,79,1-Year,Credit Card,USA,Finance,17,0.46,4,1,4.89,0,40,0,,22,1738
C04109,2026-06-01,Basic,29,Month-to-month,Credit Card,Canada,E-commerce,27,0.927,5,2,3.29,1,5,0,,3,87
C04110,2023-10-01,Basic,29,Month-to-month,PayPal,Germany,Manufacturing,124,0.4,3,1,5.0,0,15,0,,35,1015
C04111,2026-05-01,Basic,29,1-Year,Manual Invoice,India,Finance,2,0.523,6,2,4.28,0,13,0,,4,116
C04112,2023-05-01,Pro,79,2-Year,ACH/Bank Transfer,USA,Marketing/Agency,40,0.298,4,3,5.0,2,9,0,,40,3160
C04113,2026-01-01,Pro,79,1-Year,Manual Invoice,USA,Finance,14,0.31,7,2,2.28,0,12,0,,8,632
C04114,2024-04-01,Enterprise,199,1-Year,Credit Card,India,SaaS/Tech,39,0.297,5,0,3.62,0,7,0,,29,5771
C04115,2023-05-01,Basic,29,Month-to-month,ACH/Bank Transfer,Canada,Marketing/Agency,17,0.867,3,1,4.34,0,5,0,,40,1160
C04116,2026-02-01,Enterprise,199,Month-to-month,Credit Card,Australia,Education,16,0.701,3,0,3.74,1,48,0,,7,1393
C04117,2026-03-01,Pro,79,2-Year,Credit Card,USA,SaaS/Tech,38,0.757,1,1,5.0,1,4,0,,6,474
C04118,2023-09-01,Pro,79,Month-to-month,ACH/Bank Transfer,UK,Healthcare,126,0.896,3,2,5.0,2,5,0,,36,2844
C04119,2026-03-01,Basic,29,Month-to-month,ACH/Bank Transfer,USA,E-commerce,16,0.92,3,1,4.24,1,9,0,,6,174
C04120,2025-12-01,Enterprise,199,1-Year,PayPal,Germany,E-commerce,76,0.564,2,2,4.9,0,1,0,,9,1791
C04121,2026-01-01,Pro,79,Month-to-month,PayPal,Germany,Healthcare,17,0.376,4,1,4.6,0,25,0,,8,632
C04122,2026-01-01,Enterprise,199,1-Year,Credit Card,USA,Nonprofit,120,0.422,4,3,3.46,1,5,1,2026-07-01,7,1393
C04123,2023-06-01,Enterprise,199,Month-to-month,Credit Card,UK,Marketing/Agency,8,0.313,9,0,4.34,0,0,0,,39,7761
C04124,2024-11-01,Enterprise,199,1-Year,PayPal,USA,E-commerce,14,0.341,7,2,4.37,0,16,0,,22,4378
C04125,2025-03-01,Pro,79,Month-to-month,Credit Card,Germany,Marketing/Agency,7,0.67,5,3,2.78,0,1,0,,18,1422
C04126,2023-11-01,Pro,79,1-Year,PayPal,USA,Manufacturing,2,0.693,0,0,4.66,0,17,0,,34,2686
C04127,2023-04-01,Pro,79,1-Year,ACH/Bank Transfer,UK,Marketing/Agency,453,0.342,3,1,3.2,0,8,1,2025-11-01,32,2528
C04128,2023-03-01,Pro,79,Month-to-month,Credit Card,Germany,Finance,3,0.365,4,3,4.51,0,2,0,,42,3318
C04129,2024-07-01,Pro,79,1-Year,Credit Card,USA,Finance,14,0.227,2,1,2.99,0,1,1,2025-12-01,18,1422
C04130,2026-05-01,Basic,29,1-Year,Credit Card,Germany,Finance,212,0.378,3,0,3.46,0,6,0,,4,116
C04131,2026-06-01,Basic,29,1-Year,PayPal,UK,Nonprofit,23,0.486,4,1,5.0,0,1,0,,3,87
C04132,2025-11-01,Basic,29,Month-to-month,Credit Card,USA,E-commerce,80,0.663,3,1,4.99,0,18,0,,10,290
C04133,2025-02-01,Basic,29,Month-to-month,Manual Invoice,UK,E-commerce,20,0.509,2,2,3.91,0,6,0,,19,551
C04134,2023-05-01,Enterprise,199,Month-to-month,Manual Invoice,USA,Healthcare,11,0.103,3,0,5.0,2,2,0,,40,7960
C04135,2025-01-01,Enterprise,199,1-Year,Credit Card,Australia,Education,16,0.394,3,2,4.14,0,3,0,,20,3980
C04136,2025-08-01,Enterprise,199,Month-to-month,Manual Invoice,USA,Education,13,0.982,3,1,3.36,0,13,0,,13,2587
C04137,2025-12-01,Pro,79,Month-to-month,ACH/Bank Transfer,Canada,Marketing/Agency,102,0.67,3,0,5.0,2,8,0,,9,711
C04138,2024-04-01,Pro,79,Month-to-month,Credit Card,USA,SaaS/Tech,10,0.461,3,0,3.5,0,18,0,,29,2291
C04139,2026-07-01,Pro,79,1-Year,ACH/Bank Transfer,USA,Nonprofit,21,0.525,4,2,3.17,1,8,0,,2,158
C04140,2023-11-01,Basic,29,Month-to-month,PayPal,UK,Nonprofit,4,0.648,3,0,4.78,0,14,1,2026-07-01,33,957
C04141,2025-10-01,Basic,29,1-Year,Credit Card,UK,SaaS/Tech,27,0.557,2,2,4.17,2,11,1,2026-02-01,5,145
C04142,2024-08-01,Basic,29,2-Year,Credit Card,UK,SaaS/Tech,11,0.817,6,4,2.31,1,1,1,2024-12-01,5,145
C04143,2026-02-01,Basic,29,Month-to-month,Credit Card,UK,SaaS/Tech,23,0.368,3,2,3.18,1,6,0,,7,203
C04144,2023-05-01,Enterprise,199,Month-to-month,ACH/Bank Transfer,Germany,SaaS/Tech,8,0.619,4,2,3.41,0,3,0,,40,7960
C04145,2025-12-01,Enterprise,199,1-Year,Credit Card,India,Marketing/Agency,21,0.304,3,2,3.45,1,7,1,2026-07-01,8,1592
C04146,2025-05-01,Basic,29,Month-to-month,Manual Invoice,USA,Education,1,0.204,5,3,4.03,1,1,0,,16,464
C04147,2025-08-01,Basic,29,2-Year,ACH/Bank Transfer,Germany,E-commerce,46,0.02,2,0,4.42,0,9,0,,13,377
C04148,2024-03-01,Basic,29,Month-to-month,Credit Card,India,Marketing/Agency,7,0.464,4,1,3.72,0,27,0,,30,870
C04149,2023-07-01,Basic,29,Month-to-month,Manual Invoice,India,Manufacturing,23,0.604,1,1,5.0,0,8,0,,38,1102
C04150,2024-08-01,Pro,79,Month-to-month,Credit Card,India,Nonprofit,6,0.358,3,3,4.36,0,28,0,,25,1975
C04151,2026-04-01,Basic,29,Month-to-month,ACH/Bank Transfer,Australia,Nonprofit,5,0.555,6,0,3.4,0,25,0,,5,145
C04152,2023-03-01,Pro,79,Month-to-month,Credit Card,Canada,E-commerce,11,0.942,7,2,4.51,2,10,0,,42,3318
C04153,2026-02-01,Enterprise,199,2-Year,ACH/Bank Transfer,USA,Marketing/Agency,13,0.493,2,3,3.99,0,3,0,,7,1393
C04154,2023-02-01,Pro,79,Month-to-month,ACH/Bank Transfer,Germany,Finance,5,0.733,8,0,3.61,0,2,0,,43,3397
C04155,2023-09-01,Enterprise,199,2-Year,Credit Card,USA,Education,12,0.585,2,4,1.63,1,11,1,2025-03-01,19,3781
C04156,2025-05-01,Basic,29,2-Year,ACH/Bank Transfer,USA,Marketing/Agency,47,0.588,2,2,3.96,0,21,0,,16,464
C04157,2025-04-01,Pro,79,Month-to-month,Credit Card,India,Marketing/Agency,60,0.566,6,1,3.52,1,13,0,,17,1343
C04158,2024-09-01,Pro,79,1-Year,Manual Invoice,UK,Education,28,0.444,5,0,3.83,0,12,0,,24,1896
C04159,2023-01-01,Basic,29,Month-to-month,Credit Card,India,SaaS/Tech,22,0.973,2,1,1.67,2,25,1,2023-10-01,10,290
C04160,2023-11-01,Pro,79,1-Year,ACH/Bank Transfer,Canada,E-commerce,121,0.561,3,0,3.37,2,7,0,,34,2686
C04161,2023-07-01,Basic,29,1-Year,Manual Invoice,USA,Education,4,0.636,5,3,4.85,0,7,0,,38,1102
C04162,2024-05-01,Basic,29,1-Year,Credit Card,India,Education,6,0.633,2,2,3.48,0,15,0,,28,812
C04163,2026-02-01,Basic,29,Month-to-month,Credit Card,USA,Education,7,0.302,4,2,3.56,2,8,1,2026-02-01,1,29
C04164,2025-05-01,Pro,79,1-Year,Manual Invoice,India,Finance,3,0.497,4,1,4.04,1,29,0,,16,1264
C04165,2025-08-01,Pro,79,Month-to-month,Credit Card,India,Manufacturing,74,0.206,3,3,3.47,1,9,1,2026-06-01,11,869
C04166,2026-04-01,Pro,79,Month-to-month,Manual Invoice,Canada,Finance,22,0.292,6,1,4.42,1,0,0,,5,395
C04167,2023-04-01,Pro,79,Month-to-month,Manual Invoice,India,Education,3,0.332,2,6,3.11,0,19,1,2023-08-01,5,395
C04168,2025-02-01,Basic,29,2-Year,Credit Card,India,Manufacturing,23,0.658,2,0,2.88,0,1,0,,19,551
C04169,2025-10-01,Basic,29,Month-to-month,Credit Card,UK,SaaS/Tech,154,0.559,4,2,3.92,0,1,0,,11,319
C04170,2023-08-01,Pro,79,Month-to-month,Credit Card,USA,Healthcare,2,0.865,3,2,4.34,0,13,0,,37,2923
C04171,2026-06-01,Enterprise,199,Month-to-month,Credit Card,USA,Finance,16,0.488,5,0,2.62,0,4,0,,3,597
C04172,2024-07-01,Pro,79,2-Year,Credit Card,UK,Education,23,1.0,4,1,4.47,0,50,0,,26,2054
C04173,2026-07-01,Pro,79,Month-to-month,Manual Invoice,USA,Manufacturing,11,0.883,5,1,2.76,0,11,0,,2,158
C04174,2023-10-01,Basic,29,1-Year,ACH/Bank Transfer,USA,Nonprofit,37,0.461,3,1,5.0,0,5,0,,35,1015
C04175,2023-04-01,Enterprise,199,Month-to-month,Credit Card,India,Finance,78,0.629,4,4,5.0,0,7,1,2023-06-01,3,597
C04176,2026-02-01,Basic,29,2-Year,Credit Card,USA,Education,16,0.693,4,4,4.29,0,24,0,,7,203
C04177,2023-06-01,Basic,29,Month-to-month,Credit Card,India,Education,7,0.296,5,3,3.57,1,14,1,2023-12-01,7,203
C04178,2023-11-01,Pro,79,Month-to-month,ACH/Bank Transfer,Australia,Finance,33,0.662,7,1,3.8,0,2,0,,34,2686
C04179,2023-07-01,Basic,29,Month-to-month,Credit Card,Germany,E-commerce,82,0.696,5,0,3.8,0,18,0,,38,1102
C04180,2025-08-01,Basic,29,Month-to-month,PayPal,USA,Education,5,0.681,4,0,5.0,0,3,0,,13,377
C04181,2026-07-01,Pro,79,1-Year,Credit Card,Germany,Nonprofit,42,0.367,5,0,3.91,0,0,0,,2,158
C04182,2024-02-01,Basic,29,Month-to-month,Manual Invoice,India,Nonprofit,20,0.721,3,1,4.8,0,6,0,,31,899
C04183,2024-02-01,Pro,79,2-Year,Credit Card,UK,Finance,9,0.49,4,3,3.82,0,0,1,2026-02-01,25,1975
C04184,2025-09-01,Enterprise,199,Month-to-month,Manual Invoice,USA,Healthcare,32,0.533,5,1,5.0,1,0,0,,12,2388
C04185,2025-12-01,Basic,29,Month-to-month,Credit Card,Australia,Education,7,0.397,1,5,4.88,0,7,1,2026-05-01,6,174
C04186,2026-01-01,Basic,29,Month-to-month,ACH/Bank Transfer,Germany,Education,16,0.697,7,1,4.05,0,11,0,,8,232
C04187,2023-09-01,Pro,79,1-Year,Credit Card,Germany,SaaS/Tech,266,0.368,7,1,2.63,0,10,0,,36,2844
C04188,2025-08-01,Enterprise,199,2-Year,Manual Invoice,USA,SaaS/Tech,29,0.42,3,0,4.49,0,20,0,,13,2587
C04189,2023-02-01,Pro,79,2-Year,Credit Card,Germany,Healthcare,87,0.863,3,3,3.12,0,40,0,,43,3397
C04190,2025-02-01,Pro,79,1-Year,Manual Invoice,India,Nonprofit,4,0.702,2,3,1.7,0,19,0,,19,1501
C04191,2026-04-01,Pro,79,1-Year,Manual Invoice,Germany,Manufacturing,16,0.536,2,4,3.9,0,9,0,,5,395
C04192,2024-08-01,Pro,79,Month-to-month,Credit Card,USA,Finance,1,0.325,1,1,5.0,2,27,1,2025-01-01,6,474
C04193,2023-03-01,Basic,29,Month-to-month,Credit Card,UK,E-commerce,14,0.519,9,3,4.59,0,12,0,,42,1218
C04194,2023-05-01,Pro,79,Month-to-month,Credit Card,India,Marketing/Agency,41,0.169,2,0,3.21,2,5,1,2023-05-01,1,79
C04195,2023-08-01,Enterprise,199,2-Year,Manual Invoice,India,Finance,16,0.558,4,2,5.0,1,0,0,,37,7363
C04196,2023-08-01,Pro,79,Month-to-month,Credit Card,UK,Healthcare,26,0.372,5,1,4.66,0,11,0,,37,2923
C04197,2023-08-01,Basic,29,Month-to-month,PayPal,India,SaaS/Tech,40,0.828,4,3,4.85,0,42,0,,37,1073
C04198,2024-05-01,Basic,29,Month-to-month,Credit Card,Germany,SaaS/Tech,11,0.71,6,2,3.62,2,2,1,2025-03-01,11,319
C04199,2024-03-01,Pro,79,1-Year,Credit Card,India,Nonprofit,21,0.358,7,2,3.95,1,3,1,2024-09-01,7,553
C04200,2024-05-01,Pro,79,Month-to-month,PayPal,India,Nonprofit,13,0.932,5,2,4.65,0,3,0,,28,2212
C04201,2023-09-01,Basic,29,Month-to-month,PayPal,India,Marketing/Agency,1,0.537,6,0,3.71,1,7,0,,36,1044
C04202,2026-07-01,Basic,29,2-Year,Credit Card,UK,E-commerce,22,0.645,3,1,3.8,0,9,0,,2,58
C04203,2025-10-01,Pro,79,Month-to-month,ACH/Bank Transfer,USA,E-commerce,34,0.139,6,0,3.49,0,4,0,,11,869
C04204,2025-09-01,Basic,29,Month-to-month,PayPal,Germany,Finance,41,0.66,4,2,4.6,0,21,0,,12,348
C04205,2023-08-01,Basic,29,Month-to-month,ACH/Bank Transfer,India,SaaS/Tech,22,0.703,2,2,4.12,1,1,0,,37,1073
C04206,2023-08-01,Basic,29,2-Year,Credit Card,USA,Healthcare,78,0.531,2,1,3.81,0,4,1,2026-05-01,34,986
C04207,2026-02-01,Basic,29,Month-to-month,Credit Card,Australia,Manufacturing,169,0.505,2,0,4.5,0,10,0,,7,203
C04208,2024-05-01,Basic,29,1-Year,Credit Card,Australia,Nonprofit,49,0.487,5,1,5.0,0,1,0,,28,812
C04209,2024-10-01,Basic,29,Month-to-month,Credit Card,USA,Nonprofit,15,0.326,3,2,3.43,2,5,1,2025-01-01,4,116
C04210,2023-04-01,Basic,29,Month-to-month,Credit Card,USA,Education,9,0.913,6,2,3.49,2,7,0,,41,1189
C04211,2023-01-01,Basic,29,Month-to-month,PayPal,Germany,Finance,7,0.501,3,3,5.0,0,4,0,,44,1276
C04212,2026-02-01,Pro,79,1-Year,Credit Card,USA,SaaS/Tech,6,0.285,2,1,3.3,1,6,0,,7,553
C04213,2023-09-01,Basic,29,2-Year,Credit Card,Australia,Marketing/Agency,11,0.299,1,2,3.76,2,2,1,2023-09-01,1,29
C04214,2024-10-01,Enterprise,199,Month-to-month,Credit Card,UK,SaaS/Tech,1,0.647,4,0,3.81,1,0,0,,23,4577
C04215,2023-01-01,Basic,29,2-Year,Credit Card,USA,Nonprofit,12,0.618,6,1,4.75,0,27,0,,44,1276
C04216,2026-06-01,Basic,29,2-Year,Credit Card,USA,Marketing/Agency,19,0.575,3,1,3.96,2,2,0,,3,87
C04217,2024-07-01,Basic,29,Month-to-month,PayPal,India,Education,20,0.29,3,2,4.41,0,12,1,2026-06-01,24,696
C04218,2025-03-01,Enterprise,199,2-Year,Credit Card,Germany,E-commerce,1,0.747,1,3,5.0,2,29,0,,18,3582
C04219,2023-05-01,Enterprise,199,Month-to-month,ACH/Bank Transfer,USA,E-commerce,21,0.781,5,1,3.37,1,6,0,,40,7960
C04220,2024-05-01,Enterprise,199,1-Year,Credit Card,UK,Marketing/Agency,21,0.674,3,4,2.75,1,41,1,2024-10-01,6,1194
C04221,2026-05-01,Pro,79,Month-to-month,Credit Card,USA,SaaS/Tech,15,0.419,5,1,5.0,0,6,0,,4,316
C04222,2024-11-01,Basic,29,1-Year,Credit Card,Canada,SaaS/Tech,34,0.76,5,0,3.76,0,12,0,,22,638
C04223,2024-01-01,Basic,29,Month-to-month,Credit Card,USA,Nonprofit,21,0.777,7,2,3.23,0,11,0,,32,928
C04224,2025-02-01,Enterprise,199,Month-to-month,ACH/Bank Transfer,USA,Marketing/Agency,11,0.665,3,2,3.34,0,49,0,,19,3781
C04225,2023-05-01,Basic,29,1-Year,Credit Card,Canada,Healthcare,1,0.753,2,3,4.23,0,14,0,,40,1160
C04226,2026-03-01,Basic,29,1-Year,PayPal,USA,Finance,8,0.189,3,2,3.29,1,1,0,,6,174
C04227,2023-09-01,Basic,29,Month-to-month,Credit Card,USA,E-commerce,12,0.504,4,3,2.0,0,17,1,2024-01-01,5,145
C04228,2023-07-01,Basic,29,Month-to-month,ACH/Bank Transfer,India,Healthcare,45,0.214,1,1,3.27,0,8,0,,38,1102
C04229,2024-11-01,Basic,29,Month-to-month,Credit Card,India,Finance,8,0.597,3,0,5.0,0,6,0,,22,638
C04230,2025-03-01,Enterprise,199,1-Year,ACH/Bank Transfer,USA,Finance,13,0.41,4,1,4.32,0,0,0,,18,3582
C04231,2024-12-01,Basic,29,Month-to-month,Credit Card,Canada,Education,83,0.716,3,2,4.26,0,1,0,,21,609
C04232,2024-09-01,Basic,29,1-Year,PayPal,Germany,Education,6,0.595,3,0,3.09,0,6,0,,24,696
C04233,2026-06-01,Basic,29,1-Year,Credit Card,Australia,E-commerce,14,0.417,0,1,2.9,0,4,0,,3,87
C04234,2023-08-01,Basic,29,Month-to-month,Credit Card,UK,Education,24,0.336,5,0,5.0,0,7,0,,37,1073
C04235,2024-05-01,Pro,79,2-Year,PayPal,Germany,Nonprofit,27,0.399,10,1,3.78,1,11,0,,28,2212
C04236,2023-06-01,Enterprise,199,1-Year,Manual Invoice,Australia,Marketing/Agency,32,0.544,5,2,4.05,1,22,0,,39,7761
C04237,2025-07-01,Enterprise,199,1-Year,PayPal,UK,SaaS/Tech,7,0.094,1,3,3.52,0,46,0,,14,2786
C04238,2025-11-01,Basic,29,2-Year,Credit Card,UK,Nonprofit,20,0.96,7,2,3.78,1,6,0,,10,290
C04239,2024-06-01,Pro,79,1-Year,Credit Card,Australia,Nonprofit,15,0.594,5,2,3.51,0,10,0,,27,2133
C04240,2024-03-01,Basic,29,Month-to-month,Credit Card,Australia,E-commerce,19,0.454,5,1,5.0,1,6,0,,30,870
C04241,2025-05-01,Enterprise,199,Month-to-month,ACH/Bank Transfer,UK,Marketing/Agency,8,0.616,7,1,2.84,2,7,1,2025-11-01,7,1393
C04242,2023-05-01,Basic,29,2-Year,Credit Card,Canada,Education,2,0.607,2,0,3.47,0,6,0,,40,1160
C04243,2024-05-01,Pro,79,Month-to-month,Credit Card,USA,Healthcare,18,0.175,5,2,2.65,0,4,1,2025-10-01,18,1422
C04244,2023-01-01,Basic,29,Month-to-month,Credit Card,Canada,SaaS/Tech,23,0.588,4,1,4.62,0,4,0,,44,1276
C04245,2026-05-01,Enterprise,199,2-Year,PayPal,India,Education,37,0.099,2,0,4.35,1,7,0,,4,796
C04246,2025-12-01,Pro,79,Month-to-month,PayPal,USA,Education,10,0.43,2,0,2.22,0,9,0,,9,711
C04247,2024-04-01,Basic,29,1-Year,PayPal,India,Healthcare,32,0.078,1,1,4.82,0,16,1,2024-07-01,4,116
C04248,2025-08-01,Basic,29,Month-to-month,Credit Card,UK,E-commerce,14,0.392,10,2,4.65,0,3,0,,13,377
C04249,2023-06-01,Basic,29,Month-to-month,Credit Card,USA,Education,15,0.381,3,1,3.28,1,1,1,2024-03-01,10,290
C04250,2026-03-01,Pro,79,2-Year,Credit Card,USA,SaaS/Tech,3,0.691,2,0,2.85,1,23,0,,6,474
C04251,2026-05-01,Basic,29,Month-to-month,Credit Card,Germany,Finance,6,0.619,3,2,3.48,1,2,0,,4,116
C04252,2025-03-01,Enterprise,199,Month-to-month,Credit Card,USA,Healthcare,33,0.621,5,4,5.0,1,19,0,,18,3582
C04253,2024-12-01,Basic,29,Month-to-month,Credit Card,Germany,SaaS/Tech,36,0.995,5,2,4.86,0,30,0,,21,609
C04254,2024-08-01,Enterprise,199,1-Year,Credit Card,USA,E-commerce,11,0.364,3,2,4.12,0,0,0,,25,4975
C04255,2026-06-01,Pro,79,1-Year,PayPal,Canada,Education,2,0.59,4,0,2.95,1,10,0,,3,237
C04256,2025-02-01,Basic,29,Month-to-month,Credit Card,Germany,Healthcare,23,0.854,2,0,4.35,1,12,0,,19,551
C04257,2025-11-01,Basic,29,Month-to-month,Manual Invoice,USA,Manufacturing,2,0.682,9,4,4.35,1,38,1,2025-12-01,2,58
C04258,2023-05-01,Pro,79,Month-to-month,PayPal,Germany,Manufacturing,19,0.677,2,1,4.53,0,16,0,,40,3160
C04259,2026-04-01,Basic,29,2-Year,Credit Card,USA,Education,20,0.489,1,2,4.26,0,5,0,,5,145
C04260,2023-11-01,Basic,29,Month-to-month,PayPal,India,Marketing/Agency,6,0.629,6,2,4.7,2,11,0,,34,986
C04261,2024-08-01,Pro,79,1-Year,Credit Card,USA,Nonprofit,7,0.652,2,0,3.54,0,15,0,,25,1975
C04262,2025-12-01,Basic,29,Month-to-month,Credit Card,UK,Nonprofit,14,0.289,4,1,3.68,1,5,0,,9,261
C04263,2026-06-01,Basic,29,Month-to-month,ACH/Bank Transfer,Germany,Healthcare,9,0.829,2,1,4.46,1,10,0,,3,87
C04264,2023-12-01,Pro,79,1-Year,Credit Card,Australia,Finance,30,0.91,4,1,3.85,0,42,1,2025-08-01,21,1659
C04265,2023-07-01,Enterprise,199,1-Year,Credit Card,UK,Marketing/Agency,38,0.853,4,2,3.21,1,0,0,,38,7562
C04266,2025-06-01,Basic,29,Month-to-month,PayPal,Germany,Healthcare,6,0.339,6,3,4.7,0,7,0,,15,435
C04267,2024-06-01,Pro,79,1-Year,Credit Card,Canada,Manufacturing,5,0.517,3,1,2.54,0,15,0,,27,2133
C04268,2025-03-01,Enterprise,199,Month-to-month,ACH/Bank Transfer,Canada,Education,17,0.345,3,2,2.95,0,0,0,,18,3582
C04269,2025-02-01,Basic,29,2-Year,Manual Invoice,India,SaaS/Tech,17,0.464,6,0,4.18,0,6,0,,19,551
C04270,2023-10-01,Basic,29,2-Year,Credit Card,USA,Nonprofit,9,0.575,2,2,4.5,0,0,0,,35,1015
C04271,2024-08-01,Basic,29,Month-to-month,Credit Card,UK,Finance,11,0.278,6,0,3.51,2,8,1,2025-03-01,8,232
C04272,2023-10-01,Basic,29,1-Year,PayPal,USA,Marketing/Agency,68,1.0,4,1,3.64,1,12,0,,35,1015
C04273,2023-06-01,Basic,29,2-Year,ACH/Bank Transfer,USA,Healthcare,18,0.676,7,2,4.52,1,2,0,,39,1131
C04274,2024-09-01,Basic,29,2-Year,Credit Card,USA,SaaS/Tech,11,0.489,3,1,4.53,0,11,0,,24,696
C04275,2025-10-01,Basic,29,Month-to-month,Credit Card,Australia,SaaS/Tech,10,0.446,4,2,3.22,1,2,0,,11,319
C04276,2024-09-01,Enterprise,199,2-Year,Credit Card,India,Nonprofit,42,0.801,6,3,3.6,1,12,0,,24,4776
C04277,2024-03-01,Pro,79,Month-to-month,Credit Card,UK,Education,9,0.616,7,1,3.8,0,2,0,,30,2370
C04278,2024-01-01,Pro,79,1-Year,ACH/Bank Transfer,India,SaaS/Tech,20,0.673,5,1,2.72,0,3,0,,32,2528
C04279,2023-03-01,Enterprise,199,1-Year,Credit Card,UK,Healthcare,41,0.792,2,0,3.91,1,2,0,,42,8358
C04280,2024-04-01,Basic,29,1-Year,ACH/Bank Transfer,USA,SaaS/Tech,31,0.387,4,2,4.7,1,26,0,,29,841
C04281,2023-07-01,Enterprise,199,2-Year,Credit Card,USA,SaaS/Tech,4,0.542,6,1,4.04,0,5,0,,38,7562
C04282,2023-11-01,Basic,29,1-Year,Credit Card,UK,E-commerce,5,0.961,1,0,5.0,0,11,1,2025-02-01,16,464
C04283,2026-07-01,Enterprise,199,1-Year,ACH/Bank Transfer,India,Education,11,0.305,6,2,3.13,1,1,0,,2,398
C04284,2024-09-01,Pro,79,2-Year,Credit Card,India,Manufacturing,7,0.138,7,4,3.78,0,1,0,,24,1896
C04285,2025-02-01,Pro,79,2-Year,Credit Card,Canada,Finance,15,0.386,7,2,2.58,0,2,1,2025-07-01,6,474
C04286,2024-09-01,Enterprise,199,1-Year,Credit Card,India,Nonprofit,1,0.559,5,1,3.65,2,3,1,2026-01-01,17,3383
C04287,2023-03-01,Pro,79,1-Year,Credit Card,USA,Healthcare,7,0.577,3,0,4.96,0,2,0,,42,3318
C04288,2024-10-01,Enterprise,199,Month-to-month,Credit Card,India,Finance,13,0.349,5,2,4.36,0,5,1,2024-12-01,3,597
C04289,2023-10-01,Basic,29,Month-to-month,Credit Card,USA,Manufacturing,22,0.628,3,1,4.2,0,17,0,,35,1015
C04290,2023-08-01,Basic,29,2-Year,Credit Card,Germany,Nonprofit,13,0.667,4,1,5.0,0,8,0,,37,1073
C04291,2024-04-01,Basic,29,Month-to-month,Credit Card,USA,Marketing/Agency,88,1.0,4,4,5.0,0,30,0,,29,841
C04292,2024-05-01,Pro,79,Month-to-month,Manual Invoice,India,Healthcare,12,0.668,5,2,3.49,0,45,0,,28,2212
C04293,2026-02-01,Pro,79,Month-to-month,ACH/Bank Transfer,Germany,Manufacturing,21,0.5,3,3,3.32,0,30,0,,7,553
C04294,2026-07-01,Pro,79,1-Year,Credit Card,UK,Manufacturing,30,0.505,2,6,4.7,1,6,0,,2,158
C04295,2023-03-01,Basic,29,1-Year,ACH/Bank Transfer,Canada,E-commerce,4,0.521,6,2,3.21,0,8,0,,42,1218
C04296,2026-02-01,Basic,29,1-Year,Credit Card,Australia,SaaS/Tech,21,0.664,6,3,3.81,0,23,0,,7,203
C04297,2025-08-01,Pro,79,1-Year,Credit Card,India,E-commerce,4,0.592,7,2,3.39,2,5,0,,13,1027
C04298,2025-02-01,Basic,29,Month-to-month,Credit Card,UK,Manufacturing,13,0.172,3,2,4.78,0,6,0,,19,551
C04299,2023-11-01,Pro,79,2-Year,Manual Invoice,Germany,E-commerce,18,0.198,2,1,3.95,0,26,0,,34,2686
C04300,2024-08-01,Basic,29,Month-to-month,Credit Card,USA,Nonprofit,17,0.89,4,1,5.0,1,2,0,,25,725
C04301,2025-08-01,Enterprise,199,1-Year,ACH/Bank Transfer,Germany,SaaS/Tech,8,0.502,2,0,3.68,0,1,0,,13,2587
C04302,2025-07-01,Pro,79,2-Year,ACH/Bank Transfer,Canada,E-commerce,41,0.17,4,2,2.95,1,8,0,,14,1106
C04303,2026-06-01,Basic,29,Month-to-month,Credit Card,USA,Finance,10,0.474,3,0,2.93,0,59,0,,3,87
C04304,2023-12-01,Enterprise,199,2-Year,ACH/Bank Transfer,India,Nonprofit,41,0.452,5,1,5.0,0,23,0,,33,6567
C04305,2024-11-01,Basic,29,2-Year,Credit Card,UK,Education,25,0.484,4,0,4.28,1,17,0,,22,638
C04306,2023-06-01,Pro,79,2-Year,Credit Card,India,Nonprofit,12,1.0,2,0,2.49,0,12,0,,39,3081
C04307,2026-02-01,Enterprise,199,Month-to-month,Credit Card,Germany,SaaS/Tech,21,0.34,6,2,3.44,0,3,0,,7,1393
C04308,2023-08-01,Pro,79,1-Year,Credit Card,India,SaaS/Tech,26,0.229,1,1,4.96,1,10,0,,37,2923
C04309,2025-06-01,Enterprise,199,Month-to-month,ACH/Bank Transfer,Canada,Nonprofit,33,0.13,2,1,3.41,1,1,0,,15,2985
C04310,2026-06-01,Pro,79,Month-to-month,ACH/Bank Transfer,USA,SaaS/Tech,504,0.752,4,1,3.42,1,0,0,,3,237
C04311,2026-07-01,Pro,79,1-Year,ACH/Bank Transfer,Australia,Healthcare,17,0.897,4,4,4.37,0,23,0,,2,158
C04312,2025-12-01,Enterprise,199,2-Year,Credit Card,Canada,Education,8,0.699,8,1,3.6,1,3,0,,9,1791
C04313,2023-01-01,Pro,79,Month-to-month,Credit Card,UK,Nonprofit,2,0.754,3,0,5.0,0,4,0,,44,3476
C04314,2025-10-01,Enterprise,199,1-Year,Credit Card,India,SaaS/Tech,4,0.831,2,1,4.28,2,5,0,,11,2189
C04315,2023-04-01,Enterprise,199,Month-to-month,Credit Card,UK,Nonprofit,1,0.941,1,2,4.09,0,1,1,2024-09-01,18,3582
C04316,2025-09-01,Pro,79,Month-to-month,PayPal,Australia,Healthcare,5,0.324,4,1,3.04,1,17,1,2026-04-01,8,632
C04317,2025-03-01,Enterprise,199,1-Year,Credit Card,India,Healthcare,11,0.431,3,1,3.59,0,17,0,,18,3582
C04318,2024-02-01,Enterprise,199,Month-to-month,Credit Card,UK,Education,2,0.452,5,1,4.2,1,32,0,,31,6169
C04319,2026-05-01,Pro,79,Month-to-month,Credit Card,Canada,E-commerce,28,0.343,7,2,4.24,1,24,0,,4,316
C04320,2023-09-01,Enterprise,199,Month-to-month,ACH/Bank Transfer,UK,Marketing/Agency,94,0.855,5,3,3.76,0,3,0,,36,7164
C04321,2023-05-01,Basic,29,Month-to-month,PayPal,USA,Marketing/Agency,2,0.717,5,1,4.34,0,1,0,,40,1160
C04322,2023-10-01,Enterprise,199,Month-to-month,Credit Card,UK,Nonprofit,48,0.385,3,2,2.84,0,1,0,,35,6965
C04323,2023-01-01,Basic,29,1-Year,ACH/Bank Transfer,USA,Healthcare,18,0.764,2,1,1.61,0,4,0,,44,1276
C04324,2023-04-01,Enterprise,199,Month-to-month,ACH/Bank Transfer,India,E-commerce,14,0.486,1,0,4.1,0,10,0,,41,8159
C04325,2025-01-01,Basic,29,Month-to-month,Credit Card,India,Marketing/Agency,3,0.171,5,4,3.54,2,4,1,2025-04-01,4,116
C04326,2025-12-01,Basic,29,Month-to-month,Manual Invoice,UK,Healthcare,100,0.746,3,1,3.87,1,17,0,,9,261
C04327,2026-07-01,Enterprise,199,1-Year,Credit Card,USA,Nonprofit,16,0.252,3,0,5.0,1,31,0,,2,398
C04328,2025-01-01,Pro,79,Month-to-month,ACH/Bank Transfer,USA,Manufacturing,2,1.0,3,2,4.18,1,27,0,,20,1580
C04329,2025-07-01,Pro,79,2-Year,Credit Card,India,E-commerce,35,0.444,8,1,2.76,1,6,0,,14,1106
C04330,2025-07-01,Basic,29,Month-to-month,Credit Card,UK,SaaS/Tech,8,0.498,5,1,4.37,0,26,0,,14,406
C04331,2025-12-01,Basic,29,2-Year,ACH/Bank Transfer,Canada,Healthcare,3,0.553,1,4,3.49,1,14,1,2026-01-01,2,58
C04332,2024-07-01,Pro,79,1-Year,PayPal,USA,Finance,4,0.112,6,1,4.6,2,36,1,2025-04-01,10,790
C04333,2026-07-01,Basic,29,Month-to-month,Credit Card,USA,Marketing/Agency,6,0.651,5,3,3.58,1,15,0,,2,58
C04334,2024-03-01,Enterprise,199,1-Year,Credit Card,Germany,E-commerce,27,0.303,3,2,3.31,0,12,0,,30,5970
C04335,2026-06-01,Enterprise,199,Month-to-month,Manual Invoice,USA,E-commerce,44,0.755,5,3,2.91,0,28,0,,3,597
C04336,2023-09-01,Pro,79,2-Year,ACH/Bank Transfer,UK,Education,5,0.557,4,1,3.51,0,0,0,,36,2844
C04337,2025-10-01,Pro,79,Month-to-month,Credit Card,Germany,Nonprofit,37,0.312,3,2,3.06,0,50,1,2026-01-01,4,316
C04338,2025-03-01,Basic,29,Month-to-month,Credit Card,India,Marketing/Agency,8,0.45,4,1,3.15,0,28,0,,18,522
C04339,2023-11-01,Basic,29,Month-to-month,Credit Card,Canada,Marketing/Agency,14,0.467,4,1,5.0,0,8,0,,34,986
C04340,2026-05-01,Pro,79,2-Year,Credit Card,India,Manufacturing,12,0.413,5,1,2.82,0,1,0,,4,316
C04341,2023-08-01,Pro,79,1-Year,Credit Card,UK,Education,43,0.744,5,1,4.96,0,15,0,,37,2923
C04342,2023-01-01,Pro,79,1-Year,Credit Card,UK,E-commerce,4,0.749,2,3,3.25,0,19,0,,44,3476
C04343,2023-12-01,Pro,79,Month-to-month,Credit Card,USA,Education,171,0.872,6,1,4.83,0,5,0,,33,2607
C04344,2023-02-01,Pro,79,2-Year,PayPal,USA,Marketing/Agency,32,0.02,2,3,3.64,0,0,0,,43,3397
C04345,2024-08-01,Pro,79,Month-to-month,ACH/Bank Transfer,India,Healthcare,32,0.573,8,2,3.61,0,9,0,,25,1975
C04346,2026-07-01,Enterprise,199,1-Year,Credit Card,USA,Finance,36,0.617,2,2,4.59,0,1,0,,2,398
C04347,2023-04-01,Basic,29,1-Year,Credit Card,Germany,E-commerce,19,0.605,4,2,3.75,1,0,0,,41,1189
C04348,2024-08-01,Basic,29,Month-to-month,Credit Card,USA,E-commerce,4,0.585,4,2,3.45,0,4,1,2025-11-01,16,464
C04349,2023-10-01,Basic,29,Month-to-month,ACH/Bank Transfer,Germany,Nonprofit,6,0.818,7,0,3.74,2,45,1,2025-04-01,19,551
C04350,2023-12-01,Basic,29,1-Year,Credit Card,Germany,SaaS/Tech,8,0.554,7,0,2.42,0,11,0,,33,957
C04351,2023-04-01,Pro,79,Month-to-month,Credit Card,Germany,Finance,12,0.436,2,1,3.86,2,28,1,2023-08-01,5,395
C04352,2024-08-01,Enterprise,199,Month-to-month,Manual Invoice,UK,SaaS/Tech,41,0.302,5,1,3.92,0,9,0,,25,4975
C04353,2025-12-01,Pro,79,Month-to-month,PayPal,Australia,Education,8,0.371,5,1,5.0,1,38,0,,9,711
C04354,2025-12-01,Basic,29,2-Year,Credit Card,USA,Marketing/Agency,6,0.68,3,2,2.72,0,1,0,,9,261
C04355,2023-01-01,Basic,29,2-Year,Credit Card,UK,Nonprofit,3,0.912,0,2,4.42,1,0,0,,44,1276
C04356,2024-06-01,Basic,29,Month-to-month,PayPal,USA,E-commerce,158,0.3,8,4,4.14,1,10,0,,27,783
C04357,2024-04-01,Pro,79,Month-to-month,Credit Card,India,Manufacturing,40,0.489,5,2,3.83,0,16,0,,29,2291
C04358,2024-09-01,Basic,29,1-Year,Credit Card,USA,Finance,99,0.26,2,1,2.46,0,4,0,,24,696
C04359,2024-03-01,Pro,79,1-Year,PayPal,USA,SaaS/Tech,26,0.915,4,0,4.55,0,47,0,,30,2370
C04360,2023-09-01,Basic,29,Month-to-month,ACH/Bank Transfer,Australia,Nonprofit,44,0.48,4,1,2.66,1,3,0,,36,1044
C04361,2024-09-01,Basic,29,1-Year,Credit Card,Germany,Finance,1,0.395,4,2,3.61,1,2,1,2025-02-01,6,174
C04362,2023-01-01,Basic,29,Month-to-month,Credit Card,USA,Finance,11,0.79,4,1,4.14,1,13,0,,44,1276
C04363,2024-03-01,Pro,79,Month-to-month,Credit Card,Canada,Healthcare,25,0.449,3,1,4.53,1,18,1,2026-04-01,26,2054
C04364,2023-06-01,Pro,79,1-Year,Credit Card,India,Healthcare,64,0.497,2,4,3.05,0,24,1,2025-03-01,22,1738
C04365,2024-10-01,Pro,79,1-Year,Credit Card,USA,Finance,160,0.164,3,1,3.52,2,19,1,2025-01-01,4,316
C04366,2023-01-01,Basic,29,1-Year,Manual Invoice,USA,Marketing/Agency,8,0.661,5,3,3.32,0,0,0,,44,1276
C04367,2024-06-01,Pro,79,Month-to-month,Manual Invoice,Australia,Education,4,0.463,2,0,1.76,1,10,0,,27,2133
C04368,2024-11-01,Enterprise,199,Month-to-month,Credit Card,India,SaaS/Tech,23,0.671,5,2,4.71,1,18,0,,22,4378
C04369,2023-01-01,Pro,79,Month-to-month,Credit Card,UK,E-commerce,2,0.548,5,1,5.0,0,29,0,,44,3476
C04370,2023-02-01,Pro,79,2-Year,Credit Card,Germany,E-commerce,9,0.403,7,0,3.6,2,6,0,,43,3397
C04371,2025-01-01,Pro,79,Month-to-month,Credit Card,India,Manufacturing,28,0.167,6,0,5.0,0,5,0,,20,1580
C04372,2023-01-01,Pro,79,1-Year,Credit Card,Canada,Manufacturing,99,0.712,10,1,2.46,2,3,0,,44,3476
C04373,2026-01-01,Basic,29,1-Year,ACH/Bank Transfer,India,Healthcare,41,0.69,1,4,3.81,0,12,0,,8,232
C04374,2023-08-01,Pro,79,1-Year,Credit Card,USA,Marketing/Agency,3,0.621,3,3,4.86,1,14,0,,37,2923
C04375,2026-05-01,Pro,79,2-Year,Credit Card,UK,Finance,9,0.511,3,0,5.0,0,4,0,,4,316
C04376,2025-01-01,Enterprise,199,Month-to-month,ACH/Bank Transfer,India,Nonprofit,4,0.599,7,5,4.14,2,13,0,,20,3980
C04377,2026-06-01,Basic,29,Month-to-month,ACH/Bank Transfer,India,Nonprofit,20,1.0,5,0,3.73,1,41,0,,3,87
C04378,2025-01-01,Enterprise,199,Month-to-month,Credit Card,USA,Manufacturing,6,0.625,1,3,3.44,1,3,0,,20,3980
C04379,2026-04-01,Enterprise,199,1-Year,Credit Card,USA,E-commerce,1,0.367,5,1,4.31,0,1,0,,5,995
C04380,2025-04-01,Basic,29,Month-to-month,Manual Invoice,India,Healthcare,19,0.311,4,3,1.9,0,0,0,,17,493
C04381,2025-09-01,Enterprise,199,Month-to-month,ACH/Bank Transfer,Germany,Healthcare,21,0.535,3,1,5.0,0,52,1,2026-08-01,12,2388
C04382,2023-09-01,Basic,29,Month-to-month,ACH/Bank Transfer,USA,E-commerce,26,0.426,6,3,3.04,0,24,0,,36,1044
C04383,2024-11-01,Basic,29,Month-to-month,Credit Card,USA,Marketing/Agency,53,0.194,3,0,4.67,0,0,0,,22,638
C04384,2023-02-01,Pro,79,2-Year,ACH/Bank Transfer,UK,Manufacturing,119,0.765,7,2,4.87,1,3,0,,43,3397
C04385,2023-07-01,Enterprise,199,Month-to-month,Manual Invoice,Australia,SaaS/Tech,15,0.086,7,2,2.91,0,11,0,,38,7562
C04386,2025-02-01,Pro,79,Month-to-month,Manual Invoice,USA,SaaS/Tech,46,0.506,4,0,3.7,0,3,1,2025-07-01,6,474
C04387,2025-09-01,Pro,79,Month-to-month,Credit Card,USA,Finance,25,0.211,3,3,4.0,1,22,1,2026-08-01,12,948
C04388,2026-07-01,Basic,29,Month-to-month,ACH/Bank Transfer,India,Education,80,0.031,4,2,4.61,0,32,0,,2,58
C04389,2023-04-01,Enterprise,199,1-Year,PayPal,India,Manufacturing,93,0.509,1,0,5.0,1,5,0,,41,8159
C04390,2023-01-01,Enterprise,199,Month-to-month,Credit Card,USA,Education,27,0.844,6,1,5.0,2,1,0,,44,8756
C04391,2023-01-01,Basic,29,1-Year,Manual Invoice,USA,Manufacturing,87,0.339,4,2,3.74,1,13,0,,44,1276
C04392,2024-08-01,Enterprise,199,Month-to-month,Credit Card,Canada,Manufacturing,29,0.269,2,5,5.0,0,19,1,2025-02-01,7,1393
C04393,2025-08-01,Pro,79,1-Year,PayPal,USA,Finance,11,0.647,3,2,3.06,0,23,0,,13,1027
C04394,2024-12-01,Pro,79,1-Year,Credit Card,India,Education,49,1.0,5,0,3.78,1,0,0,,21,1659
C04395,2023-09-01,Pro,79,2-Year,Manual Invoice,India,Education,29,0.197,2,0,4.92,0,3,0,,36,2844
C04396,2024-04-01,Pro,79,Month-to-month,Credit Card,USA,SaaS/Tech,20,0.87,3,0,3.68,1,14,0,,29,2291
C04397,2025-05-01,Basic,29,Month-to-month,Credit Card,UK,Education,121,0.654,4,0,4.48,0,2,0,,16,464
C04398,2024-07-01,Enterprise,199,1-Year,PayPal,Australia,E-commerce,43,0.426,7,1,3.68,0,1,0,,26,5174
C04399,2025-08-01,Basic,29,Month-to-month,Credit Card,UK,Marketing/Agency,36,0.655,5,0,5.0,0,8,0,,13,377
C04400,2024-03-01,Basic,29,2-Year,PayPal,Germany,Education,20,0.36,3,2,4.23,2,22,1,2025-04-01,14,406
C04401,2025-01-01,Pro,79,Month-to-month,ACH/Bank Transfer,USA,Education,10,0.173,11,1,4.35,1,21,0,,20,1580
C04402,2025-10-01,Basic,29,Month-to-month,Credit Card,Germany,E-commerce,38,0.65,3,0,2.53,2,7,0,,11,319
C04403,2025-01-01,Pro,79,1-Year,ACH/Bank Transfer,USA,Marketing/Agency,59,0.589,2,2,4.31,0,10,0,,20,1580
C04404,2024-01-01,Pro,79,Month-to-month,Credit Card,Canada,Education,4,0.747,2,0,5.0,0,10,0,,32,2528
C04405,2025-12-01,Enterprise,199,Month-to-month,Credit Card,USA,Manufacturing,45,0.95,6,0,4.53,0,28,0,,9,1791
C04406,2025-04-01,Basic,29,1-Year,Manual Invoice,Germany,Finance,81,0.432,1,1,4.74,0,3,0,,17,493
C04407,2023-04-01,Basic,29,2-Year,Credit Card,Germany,E-commerce,4,0.588,1,1,4.9,1,0,0,,41,1189
C04408,2026-06-01,Enterprise,199,Month-to-month,Credit Card,Australia,Finance,22,0.702,2,1,3.81,2,6,0,,3,597
C04409,2025-01-01,Basic,29,1-Year,Credit Card,India,Education,15,0.948,9,0,3.7,1,0,0,,20,580
C04410,2024-10-01,Pro,79,Month-to-month,Credit Card,India,SaaS/Tech,24,0.314,2,3,3.46,1,3,1,2025-03-01,6,474
C04411,2024-09-01,Pro,79,2-Year,PayPal,UK,Healthcare,10,0.774,2,0,3.53,1,4,0,,24,1896
C04412,2024-03-01,Basic,29,Month-to-month,Credit Card,Australia,Finance,15,0.66,4,2,3.64,1,6,1,2024-10-01,8,232
C04413,2024-04-01,Enterprise,199,2-Year,Credit Card,Australia,Manufacturing,26,0.635,2,1,1.0,2,18,1,2024-05-01,2,398
C04414,2026-01-01,Basic,29,1-Year,Credit Card,India,Nonprofit,27,0.553,5,1,2.94,0,15,0,,8,232
C04415,2025-11-01,Pro,79,Month-to-month,Manual Invoice,UK,Education,3,1.0,3,2,3.06,0,29,0,,10,790
C04416,2024-09-01,Pro,79,Month-to-month,ACH/Bank Transfer,Canada,Education,16,0.695,2,3,4.15,1,23,0,,24,1896
C04417,2023-11-01,Enterprise,199,2-Year,Credit Card,India,SaaS/Tech,18,0.433,3,1,3.36,0,2,0,,34,6766
C04418,2023-08-01,Basic,29,Month-to-month,Credit Card,India,E-commerce,13,0.385,3,1,3.55,2,29,1,2023-10-01,3,87
C04419,2024-11-01,Basic,29,1-Year,Credit Card,UK,Nonprofit,43,0.926,2,2,3.01,0,0,0,,22,638
C04420,2023-04-01,Basic,29,Month-to-month,PayPal,USA,Finance,5,0.522,3,3,4.1,2,21,1,2024-04-01,13,377
C04421,2025-06-01,Basic,29,Month-to-month,Credit Card,India,Marketing/Agency,12,0.724,3,2,4.65,0,2,0,,15,435
C04422,2026-03-01,Basic,29,2-Year,Credit Card,India,Education,14,0.979,5,3,4.08,2,23,0,,6,174
C04423,2025-01-01,Pro,79,Month-to-month,Credit Card,USA,Healthcare,20,0.263,5,2,4.43,0,6,0,,20,1580
C04424,2025-03-01,Pro,79,Month-to-month,Credit Card,India,Manufacturing,12,0.668,4,0,4.48,0,7,0,,18,1422
C04425,2025-12-01,Pro,79,2-Year,Manual Invoice,USA,Finance,2,0.31,3,1,1.7,0,11,1,2026-05-01,6,474
C04426,2025-06-01,Pro,79,Month-to-month,ACH/Bank Transfer,India,Healthcare,3,0.3,2,2,3.55,0,15,0,,15,1185
C04427,2024-06-01,Basic,29,Month-to-month,Credit Card,USA,Finance,10,0.665,2,0,5.0,1,0,0,,27,783
C04428,2025-01-01,Pro,79,Month-to-month,Credit Card,USA,Marketing/Agency,2,0.77,4,1,5.0,0,23,0,,20,1580
C04429,2024-03-01,Enterprise,199,2-Year,ACH/Bank Transfer,Germany,Healthcare,7,0.837,5,3,5.0,2,8,0,,30,5970
C04430,2024-11-01,Pro,79,Month-to-month,Credit Card,India,SaaS/Tech,9,0.435,3,0,4.96,0,1,0,,22,1738
C04431,2025-03-01,Basic,29,1-Year,Manual Invoice,India,Education,20,0.721,3,2,3.58,0,4,0,,18,522
C04432,2023-08-01,Enterprise,199,Month-to-month,Credit Card,USA,Finance,70,0.755,2,0,4.31,0,8,0,,37,7363
C04433,2025-03-01,Enterprise,199,1-Year,Credit Card,India,Healthcare,16,0.289,4,1,2.87,0,0,1,2025-11-01,9,1791
C04434,2024-07-01,Basic,29,1-Year,PayPal,India,Manufacturing,15,0.319,3,4,4.63,0,17,1,2025-12-01,18,522
C04435,2023-07-01,Basic,29,Month-to-month,Credit Card,India,SaaS/Tech,13,0.539,5,2,4.7,1,19,1,2024-09-01,15,435
C04436,2024-01-01,Pro,79,2-Year,ACH/Bank Transfer,India,Finance,8,0.319,5,2,3.86,2,3,0,,32,2528
C04437,2024-04-01,Pro,79,Month-to-month,Credit Card,India,Marketing/Agency,6,0.91,6,2,3.26,0,1,0,,29,2291
C04438,2024-11-01,Basic,29,Month-to-month,Credit Card,India,Finance,8,0.276,2,1,4.65,0,4,0,,22,638
C04439,2024-09-01,Pro,79,Month-to-month,Credit Card,Australia,Manufacturing,138,1.0,1,1,4.34,1,3,0,,24,1896
C04440,2023-11-01,Pro,79,Month-to-month,Credit Card,Australia,Education,25,0.297,4,2,3.53,0,3,1,2025-08-01,22,1738
C04441,2026-05-01,Basic,29,1-Year,Credit Card,Canada,Manufacturing,6,0.54,2,2,4.34,2,13,0,,4,116
C04442,2025-03-01,Basic,29,2-Year,ACH/Bank Transfer,Australia,Manufacturing,7,0.381,3,0,5.0,1,12,0,,18,522
C04443,2023-12-01,Enterprise,199,1-Year,Credit Card,Australia,E-commerce,7,0.553,2,2,4.39,0,11,0,,33,6567
C04444,2023-09-01,Pro,79,Month-to-month,Credit Card,UK,E-commerce,12,0.466,5,1,4.46,0,16,1,2026-03-01,31,2449
C04445,2024-10-01,Basic,29,1-Year,Credit Card,India,E-commerce,44,0.794,3,5,3.19,1,6,0,,23,667
C04446,2025-01-01,Basic,29,Month-to-month,Credit Card,Germany,Finance,7,0.569,2,2,4.56,0,13,0,,20,580
C04447,2026-07-01,Enterprise,199,1-Year,Credit Card,Australia,Education,6,0.535,2,4,3.41,2,5,0,,2,398
C04448,2025-08-01,Basic,29,Month-to-month,Credit Card,UK,E-commerce,6,0.414,1,0,3.2,2,4,1,2026-02-01,7,203
C04449,2023-08-01,Pro,79,Month-to-month,ACH/Bank Transfer,Australia,E-commerce,6,0.498,10,1,4.86,2,12,0,,37,2923
C04450,2025-06-01,Basic,29,Month-to-month,Credit Card,UK,SaaS/Tech,9,0.49,3,2,3.94,2,2,1,2025-10-01,5,145
C04451,2026-03-01,Basic,29,Month-to-month,Credit Card,India,Marketing/Agency,2,0.711,6,0,4.36,0,5,0,,6,174
C04452,2025-01-01,Enterprise,199,Month-to-month,Credit Card,Australia,SaaS/Tech,3,0.527,3,2,4.56,0,10,0,,20,3980
C04453,2023-08-01,Basic,29,Month-to-month,Credit Card,USA,SaaS/Tech,2,0.552,3,2,3.73,0,10,0,,37,1073
C04454,2024-04-01,Pro,79,Month-to-month,PayPal,USA,Nonprofit,11,0.02,5,3,3.02,0,3,1,2025-10-01,19,1501
C04455,2023-10-01,Basic,29,1-Year,Credit Card,USA,Nonprofit,48,0.891,4,3,3.24,0,1,0,,35,1015
C04456,2024-03-01,Pro,79,2-Year,Manual Invoice,India,Nonprofit,18,0.344,8,1,4.74,2,1,0,,30,2370
C04457,2024-10-01,Pro,79,Month-to-month,Credit Card,Canada,Manufacturing,85,0.533,3,3,2.58,1,8,0,,23,1817
C04458,2024-09-01,Basic,29,Month-to-month,ACH/Bank Transfer,USA,Healthcare,89,0.277,5,2,5.0,2,1,0,,24,696
C04459,2026-02-01,Pro,79,Month-to-month,Credit Card,India,Nonprofit,122,0.269,4,2,4.92,0,6,0,,7,553
C04460,2025-10-01,Basic,29,Month-to-month,Credit Card,Australia,Marketing/Agency,5,0.6,4,1,4.57,2,3,0,,11,319
C04461,2024-09-01,Pro,79,Month-to-month,ACH/Bank Transfer,USA,Education,7,0.462,3,3,5.0,1,5,0,,24,1896
C04462,2024-02-01,Basic,29,Month-to-month,ACH/Bank Transfer,Canada,Marketing/Agency,10,0.667,4,0,3.97,0,21,0,,31,899
C04463,2023-04-01,Enterprise,199,Month-to-month,ACH/Bank Transfer,UK,Education,197,0.285,4,3,3.75,0,15,1,2026-04-01,37,7363
C04464,2025-05-01,Basic,29,Month-to-month,ACH/Bank Transfer,India,Education,121,0.352,3,0,3.25,2,3,1,2025-10-01,6,174
C04465,2025-02-01,Enterprise,199,1-Year,Manual Invoice,India,Manufacturing,50,0.875,5,1,2.99,2,6,0,,19,3781
C04466,2026-01-01,Pro,79,Month-to-month,Manual Invoice,USA,Nonprofit,15,0.371,2,2,3.08,0,14,0,,8,632
C04467,2024-01-01,Enterprise,199,Month-to-month,PayPal,India,Education,38,0.555,3,0,2.99,1,1,1,2026-05-01,29,5771
C04468,2025-10-01,Pro,79,Month-to-month,PayPal,India,Education,62,0.512,4,0,3.21,2,0,0,,11,869
C04469,2024-11-01,Basic,29,Month-to-month,ACH/Bank Transfer,UK,Manufacturing,8,0.464,1,1,3.59,1,27,0,,22,638
C04470,2023-01-01,Pro,79,2-Year,ACH/Bank Transfer,USA,Education,22,0.232,2,3,4.16,2,6,1,2023-05-01,5,395
C04471,2024-07-01,Enterprise,199,Month-to-month,Credit Card,UK,Marketing/Agency,47,0.717,5,0,3.57,1,13,1,2024-07-01,1,199
C04472,2025-03-01,Pro,79,Month-to-month,PayPal,USA,E-commerce,130,0.597,1,2,5.0,0,11,0,,18,1422
C04473,2026-02-01,Basic,29,1-Year,Manual Invoice,Canada,Manufacturing,23,0.73,3,0,2.89,2,0,1,2026-07-01,6,174
C04474,2026-01-01,Pro,79,1-Year,Credit Card,USA,Education,22,0.59,4,1,4.2,0,25,0,,8,632
C04475,2025-06-01,Pro,79,Month-to-month,ACH/Bank Transfer,Germany,Finance,23,0.188,2,1,4.46,0,3,0,,15,1185
C04476,2023-12-01,Pro,79,1-Year,Credit Card,Australia,SaaS/Tech,19,0.623,6,1,4.94,0,33,0,,33,2607
C04477,2023-03-01,Pro,79,1-Year,Credit Card,UK,SaaS/Tech,7,0.974,2,1,3.26,2,13,1,2023-08-01,6,474
C04478,2026-07-01,Basic,29,1-Year,ACH/Bank Transfer,USA,E-commerce,6,0.037,1,2,3.13,0,4,0,,2,58
C04479,2023-04-01,Basic,29,1-Year,Credit Card,Germany,Education,62,0.386,0,1,3.72,0,1,0,,41,1189
C04480,2025-12-01,Enterprise,199,Month-to-month,Credit Card,UK,SaaS/Tech,8,0.486,5,1,4.86,1,13,0,,9,1791
C04481,2026-04-01,Enterprise,199,Month-to-month,Credit Card,USA,Education,33,0.608,3,4,4.98,0,13,0,,5,995
C04482,2026-05-01,Pro,79,Month-to-month,Credit Card,UK,Finance,3,0.482,7,1,3.91,2,41,1,2026-07-01,3,237
C04483,2025-03-01,Basic,29,Month-to-month,PayPal,India,Nonprofit,2,0.656,4,0,4.15,0,0,0,,18,522
C04484,2024-01-01,Basic,29,1-Year,Credit Card,USA,Education,164,0.939,5,2,4.08,0,3,0,,32,928
C04485,2024-08-01,Basic,29,Month-to-month,Credit Card,UK,Nonprofit,21,0.569,2,3,4.42,0,5,0,,25,725
C04486,2023-04-01,Pro,79,Month-to-month,Manual Invoice,USA,Marketing/Agency,20,0.957,2,1,5.0,1,4,1,2023-05-01,2,158
C04487,2023-04-01,Pro,79,1-Year,Credit Card,Germany,E-commerce,3,0.496,1,1,2.01,0,3,1,2023-06-01,3,237
C04488,2023-11-01,Enterprise,199,Month-to-month,PayPal,India,E-commerce,22,0.478,1,4,4.3,2,7,1,2023-11-01,1,199
C04489,2025-12-01,Basic,29,1-Year,Credit Card,UK,Nonprofit,9,0.282,2,1,3.29,1,18,0,,9,261
C04490,2026-03-01,Enterprise,199,1-Year,Credit Card,India,Marketing/Agency,100,0.459,6,6,4.09,0,41,0,,6,1194
C04491,2025-04-01,Enterprise,199,Month-to-month,PayPal,India,Healthcare,8,0.453,3,1,3.89,0,17,0,,17,3383
C04492,2024-05-01,Pro,79,1-Year,ACH/Bank Transfer,Australia,Healthcare,8,0.685,3,1,5.0,2,2,0,,28,2212
C04493,2024-01-01,Basic,29,1-Year,Credit Card,UK,Nonprofit,144,0.527,3,1,5.0,0,24,0,,32,928
C04494,2023-01-01,Basic,29,1-Year,ACH/Bank Transfer,India,Healthcare,100,0.519,2,3,5.0,0,15,0,,44,1276
C04495,2024-09-01,Basic,29,Month-to-month,Credit Card,Australia,E-commerce,14,0.524,5,0,4.3,0,64,0,,24,696
C04496,2026-02-01,Basic,29,2-Year,Credit Card,Canada,Education,115,0.517,6,4,2.84,1,1,0,,7,203
C04497,2025-09-01,Basic,29,Month-to-month,PayPal,UK,Manufacturing,17,0.399,6,2,3.59,0,1,0,,12,348
C04498,2024-03-01,Enterprise,199,2-Year,PayPal,USA,Healthcare,34,0.798,2,3,4.06,2,11,0,,30,5970
C04499,2024-08-01,Enterprise,199,1-Year,Credit Card,Canada,Marketing/Agency,17,0.123,5,2,5.0,0,8,0,,25,4975
C04500,2026-07-01,Pro,79,Month-to-month,Credit Card,Australia,Education,10,0.755,3,2,4.57,2,14,1,2026-08-01,2,158
C04501,2024-12-01,Pro,79,1-Year,Credit Card,Germany,Healthcare,16,0.654,7,4,3.55,0,27,0,,21,1659
C04502,2025-09-01,Basic,29,2-Year,Credit Card,Germany,Marketing/Agency,1,1.0,4,2,2.97,0,33,0,,12,348
C04503,2024-02-01,Pro,79,Month-to-month,Manual Invoice,USA,Marketing/Agency,12,0.607,6,0,4.46,2,2,0,,31,2449
C04504,2024-09-01,Pro,79,Month-to-month,Credit Card,India,Healthcare,5,1.0,1,1,3.65,1,2,0,,24,1896
C04505,2026-03-01,Pro,79,Month-to-month,Credit Card,Germany,Healthcare,20,0.827,3,2,4.86,0,24,0,,6,474
C04506,2023-09-01,Basic,29,Month-to-month,Credit Card,USA,SaaS/Tech,26,0.455,1,0,3.61,2,9,1,2024-08-01,12,348
C04507,2025-06-01,Basic,29,2-Year,Credit Card,Canada,Finance,42,0.636,3,2,2.9,0,65,0,,15,435
C04508,2026-06-01,Enterprise,199,2-Year,ACH/Bank Transfer,Canada,Education,13,0.529,8,3,3.05,0,0,0,,3,597
C04509,2026-07-01,Pro,79,1-Year,Credit Card,UK,Education,26,0.71,7,0,2.64,1,8,0,,2,158
C04510,2025-07-01,Basic,29,1-Year,Credit Card,India,SaaS/Tech,2,0.479,4,0,5.0,0,1,0,,14,406
C04511,2024-03-01,Basic,29,Month-to-month,ACH/Bank Transfer,UK,Nonprofit,13,0.578,4,0,4.92,0,12,0,,30,870
C04512,2024-09-01,Pro,79,Month-to-month,Manual Invoice,USA,Nonprofit,16,0.374,6,1,3.81,0,23,0,,24,1896
C04513,2025-10-01,Basic,29,Month-to-month,Manual Invoice,USA,SaaS/Tech,10,0.302,7,1,5.0,0,4,0,,11,319
C04514,2024-01-01,Basic,29,1-Year,ACH/Bank Transfer,USA,Finance,11,0.44,4,4,4.7,0,1,0,,32,928
C04515,2024-07-01,Basic,29,2-Year,Credit Card,Canada,Manufacturing,69,0.671,6,1,5.0,0,10,0,,26,754
C04516,2023-06-01,Pro,79,Month-to-month,Credit Card,USA,Finance,22,0.749,3,0,3.76,0,9,0,,39,3081
C04517,2023-01-01,Basic,29,1-Year,Credit Card,USA,Healthcare,22,0.29,3,0,3.75,2,8,0,,44,1276
C04518,2025-12-01,Basic,29,Month-to-month,Credit Card,USA,Finance,4,0.472,3,1,2.84,2,10,1,2026-03-01,4,116
C04519,2026-02-01,Enterprise,199,Month-to-month,Credit Card,USA,Education,7,0.799,2,0,3.03,0,0,0,,7,1393
C04520,2025-02-01,Basic,29,Month-to-month,PayPal,India,E-commerce,189,0.359,5,2,4.48,0,34,0,,19,551
C04521,2024-03-01,Enterprise,199,Month-to-month,ACH/Bank Transfer,USA,Marketing/Agency,70,1.0,3,2,4.4,0,2,0,,30,5970
C04522,2024-12-01,Enterprise,199,1-Year,Manual Invoice,UK,Healthcare,23,0.971,5,0,4.89,0,11,0,,21,4179
C04523,2023-10-01,Basic,29,Month-to-month,ACH/Bank Transfer,USA,Education,14,0.365,5,5,3.94,2,4,1,2025-05-01,20,580
C04524,2025-12-01,Enterprise,199,Month-to-month,Credit Card,USA,Education,87,0.497,6,1,1.67,0,11,0,,9,1791
C04525,2026-03-01,Enterprise,199,1-Year,PayPal,Germany,Nonprofit,34,0.488,5,1,2.42,0,2,0,,6,1194
C04526,2025-04-01,Pro,79,2-Year,Credit Card,Germany,Finance,40,0.611,2,3,4.31,0,1,0,,17,1343
C04527,2023-02-01,Basic,29,Month-to-month,Credit Card,USA,SaaS/Tech,10,0.392,2,3,5.0,0,4,0,,43,1247
C04528,2025-02-01,Basic,29,Month-to-month,Credit Card,USA,Healthcare,8,0.667,6,1,4.86,0,3,0,,19,551
C04529,2023-10-01,Basic,29,Month-to-month,Credit Card,Germany,Education,53,0.751,2,1,4.12,1,7,0,,35,1015
C04530,2023-04-01,Pro,79,1-Year,Manual Invoice,Australia,SaaS/Tech,15,0.594,3,1,4.24,1,4,1,2023-06-01,3,237
C04531,2025-06-01,Pro,79,1-Year,Credit Card,Germany,Finance,13,0.02,3,3,4.85,1,14,0,,15,1185
C04532,2025-01-01,Basic,29,2-Year,Credit Card,Germany,E-commerce,89,0.572,4,2,2.77,1,29,0,,20,580
C04533,2025-05-01,Basic,29,Month-to-month,Credit Card,USA,Healthcare,8,1.0,4,1,3.47,0,13,0,,16,464
C04534,2025-06-01,Pro,79,Month-to-month,Credit Card,USA,Manufacturing,2,0.551,4,2,4.2,0,26,1,2025-12-01,7,553
C04535,2026-03-01,Basic,29,Month-to-month,Credit Card,UK,Healthcare,135,0.424,4,4,2.83,1,0,0,,6,174
C04536,2024-02-01,Basic,29,Month-to-month,ACH/Bank Transfer,India,Finance,8,0.434,5,2,4.47,2,10,0,,31,899
C04537,2023-06-01,Enterprise,199,Month-to-month,Credit Card,USA,SaaS/Tech,3,0.486,3,1,4.57,0,0,0,,39,7761
C04538,2025-07-01,Enterprise,199,Month-to-month,Credit Card,USA,Healthcare,15,0.929,2,1,5.0,0,13,0,,14,2786
C04539,2023-01-01,Pro,79,2-Year,ACH/Bank Transfer,Canada,Healthcare,36,0.909,3,1,4.4,0,5,0,,44,3476
C04540,2025-05-01,Pro,79,Month-to-month,ACH/Bank Transfer,Germany,Manufacturing,8,0.887,4,0,5.0,1,12,0,,16,1264
C04541,2023-03-01,Pro,79,Month-to-month,ACH/Bank Transfer,Germany,Manufacturing,2,0.561,3,1,4.35,2,42,0,,42,3318
C04542,2025-09-01,Basic,29,Month-to-month,Credit Card,USA,Manufacturing,4,1.0,3,1,3.19,1,10,0,,12,348
C04543,2023-10-01,Basic,29,Month-to-month,Credit Card,USA,Marketing/Agency,4,0.584,4,0,4.15,0,2,0,,35,1015
C04544,2025-10-01,Basic,29,Month-to-month,Credit Card,UK,E-commerce,260,0.584,1,2,2.77,1,0,0,,11,319
C04545,2025-05-01,Basic,29,1-Year,PayPal,India,Manufacturing,32,0.542,3,1,2.63,0,25,0,,16,464
C04546,2025-12-01,Pro,79,1-Year,PayPal,USA,E-commerce,11,0.455,5,2,3.75,0,9,0,,9,711
C04547,2023-07-01,Pro,79,2-Year,Credit Card,Canada,Manufacturing,34,0.533,5,0,3.14,1,1,0,,38,3002
C04548,2023-08-01,Enterprise,199,1-Year,Credit Card,Australia,Nonprofit,7,0.801,2,3,3.58,2,8,1,2023-09-01,2,398
C04549,2024-05-01,Pro,79,2-Year,PayPal,Canada,Healthcare,22,0.452,5,1,5.0,0,6,0,,28,2212
C04550,2025-05-01,Enterprise,199,1-Year,ACH/Bank Transfer,USA,Healthcare,17,1.0,5,2,2.45,0,1,0,,16,3184
C04551,2023-01-01,Enterprise,199,1-Year,PayPal,India,E-commerce,28,0.579,2,0,3.96,0,26,0,,44,8756
C04552,2026-07-01,Pro,79,Month-to-month,Credit Card,Germany,E-commerce,20,0.131,4,2,4.02,0,7,0,,2,158
C04553,2024-04-01,Basic,29,Month-to-month,Credit Card,USA,Manufacturing,17,0.346,5,2,1.38,2,6,1,2024-04-01,1,29
C04554,2026-03-01,Basic,29,Month-to-month,Credit Card,Australia,Nonprofit,9,0.758,2,0,3.73,2,31,0,,6,174
C04555,2025-09-01,Basic,29,Month-to-month,Credit Card,USA,Marketing/Agency,9,0.24,5,0,3.98,0,25,0,,12,348
C04556,2025-06-01,Basic,29,Month-to-month,Credit Card,USA,Finance,20,0.69,5,1,3.7,0,0,0,,15,435
C04557,2023-01-01,Basic,29,Month-to-month,Credit Card,Germany,SaaS/Tech,2,0.593,4,2,3.75,2,2,1,2024-02-01,14,406
C04558,2025-07-01,Basic,29,Month-to-month,Manual Invoice,UK,Nonprofit,7,0.787,6,4,4.28,0,21,0,,14,406
C04559,2023-11-01,Pro,79,Month-to-month,Credit Card,UK,Finance,4,0.729,9,2,4.55,0,21,0,,34,2686
C04560,2025-11-01,Enterprise,199,1-Year,PayPal,USA,Marketing/Agency,102,0.628,4,0,4.24,1,7,0,,10,1990
C04561,2024-10-01,Pro,79,Month-to-month,Credit Card,Australia,Manufacturing,11,0.691,6,3,2.13,0,6,1,2025-01-01,4,316
C04562,2023-11-01,Pro,79,Month-to-month,Credit Card,USA,Nonprofit,3,0.581,7,3,3.71,2,2,1,2024-02-01,4,316
C04563,2023-03-01,Basic,29,1-Year,Credit Card,India,Education,3,0.02,4,0,3.69,2,60,1,2023-05-01,3,87
C04564,2025-06-01,Basic,29,2-Year,PayPal,India,Finance,52,0.689,0,3,4.05,0,11,0,,15,435
C04565,2024-06-01,Basic,29,Month-to-month,Credit Card,Germany,Marketing/Agency,36,0.427,2,2,4.79,0,16,1,2026-06-01,25,725
C04566,2025-03-01,Basic,29,1-Year,PayPal,Germany,Nonprofit,3,0.46,7,1,3.95,2,9,0,,18,522
C04567,2024-01-01,Enterprise,199,2-Year,PayPal,UK,Education,132,0.438,1,0,4.38,0,1,0,,32,6368
C04568,2025-08-01,Pro,79,Month-to-month,Credit Card,India,SaaS/Tech,30,0.809,1,2,3.27,1,14,0,,13,1027
C04569,2026-05-01,Pro,79,Month-to-month,Manual Invoice,USA,Finance,1,0.363,4,1,3.1,0,17,0,,4,316
C04570,2024-10-01,Enterprise,199,2-Year,ACH/Bank Transfer,USA,Finance,33,0.429,7,0,5.0,2,29,0,,23,4577
C04571,2024-11-01,Pro,79,Month-to-month,Credit Card,India,Manufacturing,18,0.26,6,0,4.85,0,5,0,,22,1738
C04572,2023-04-01,Basic,29,Month-to-month,Credit Card,India,Healthcare,403,0.384,2,2,3.69,1,10,0,,41,1189
C04573,2024-04-01,Basic,29,2-Year,Credit Card,India,Education,6,0.607,2,0,4.36,2,2,1,2025-12-01,21,609
C04574,2023-10-01,Basic,29,Month-to-month,Credit Card,USA,SaaS/Tech,47,0.414,0,2,4.66,0,9,0,,35,1015
C04575,2026-05-01,Pro,79,2-Year,ACH/Bank Transfer,Canada,SaaS/Tech,45,0.621,5,3,4.46,2,8,0,,4,316
C04576,2024-07-01,Pro,79,Month-to-month,Credit Card,Canada,Healthcare,7,0.363,6,0,3.42,0,16,1,2026-03-01,21,1659
C04577,2024-10-01,Enterprise,199,Month-to-month,Credit Card,India,Finance,8,0.513,3,5,4.41,2,5,1,2024-10-01,1,199
C04578,2025-11-01,Basic,29,1-Year,Credit Card,India,E-commerce,2,0.564,3,1,4.12,0,4,0,,10,290
C04579,2025-12-01,Basic,29,Month-to-month,Credit Card,Germany,Healthcare,4,0.681,5,1,4.46,1,16,0,,9,261
C04580,2024-10-01,Basic,29,2-Year,Credit Card,USA,Marketing/Agency,31,0.375,6,1,5.0,1,37,0,,23,667
C04581,2023-09-01,Enterprise,199,Month-to-month,Credit Card,India,Education,62,0.519,6,0,2.0,0,17,0,,36,7164
C04582,2023-04-01,Enterprise,199,2-Year,Credit Card,UK,Marketing/Agency,5,0.373,2,2,3.16,1,4,0,,41,8159
C04583,2023-02-01,Pro,79,1-Year,Credit Card,UK,Healthcare,18,0.443,6,1,3.53,0,5,0,,43,3397
C04584,2026-07-01,Pro,79,Month-to-month,ACH/Bank Transfer,USA,Healthcare,4,0.381,4,3,5.0,0,11,0,,2,158
C04585,2026-01-01,Basic,29,Month-to-month,Manual Invoice,Canada,Marketing/Agency,4,0.507,4,2,4.18,0,8,0,,8,232
C04586,2026-05-01,Basic,29,2-Year,Credit Card,USA,Nonprofit,10,0.729,7,1,4.54,0,55,0,,4,116
C04587,2024-02-01,Basic,29,Month-to-month,Credit Card,Australia,Finance,16,0.517,4,1,2.01,0,12,0,,31,899
C04588,2026-01-01,Basic,29,Month-to-month,Manual Invoice,Australia,E-commerce,17,0.84,7,1,3.94,0,3,0,,8,232
C04589,2025-01-01,Enterprise,199,2-Year,Credit Card,USA,Nonprofit,49,0.795,7,0,3.97,1,0,0,,20,3980
C04590,2023-06-01,Enterprise,199,Month-to-month,PayPal,Canada,Healthcare,6,0.429,4,4,2.85,1,11,1,2023-10-01,5,995
C04591,2023-03-01,Basic,29,1-Year,Credit Card,USA,Education,38,0.527,2,1,3.53,1,9,0,,42,1218
C04592,2025-01-01,Enterprise,199,1-Year,Manual Invoice,India,Education,38,0.511,1,0,4.64,1,20,0,,20,3980
C04593,2024-06-01,Pro,79,Month-to-month,Credit Card,Canada,E-commerce,26,0.97,4,1,4.24,0,1,0,,27,2133
C04594,2024-08-01,Pro,79,Month-to-month,Manual Invoice,USA,Education,54,0.684,3,3,3.38,0,1,1,2025-05-01,10,790
C04595,2023-01-01,Enterprise,199,Month-to-month,Credit Card,USA,SaaS/Tech,20,0.416,4,1,2.39,0,16,1,2023-11-01,11,2189
C04596,2026-06-01,Basic,29,Month-to-month,PayPal,Germany,SaaS/Tech,18,0.742,2,3,4.86,1,5,0,,3,87
C04597,2025-07-01,Basic,29,1-Year,PayPal,UK,Healthcare,20,0.525,1,1,4.01,0,16,0,,14,406
C04598,2025-02-01,Pro,79,1-Year,ACH/Bank Transfer,India,SaaS/Tech,12,0.418,7,1,3.5,1,61,0,,19,1501
C04599,2023-07-01,Basic,29,2-Year,ACH/Bank Transfer,Canada,Marketing/Agency,26,0.33,3,2,3.34,0,0,0,,38,1102
C04600,2024-06-01,Basic,29,2-Year,Credit Card,India,Finance,26,0.53,6,1,2.85,1,0,0,,27,783
C04601,2026-03-01,Basic,29,Month-to-month,Credit Card,UK,SaaS/Tech,5,0.574,3,1,2.94,0,11,0,,6,174
C04602,2024-02-01,Basic,29,1-Year,Credit Card,India,Finance,31,0.727,3,3,3.73,2,0,1,2025-04-01,15,435
C04603,2024-04-01,Basic,29,2-Year,Manual Invoice,India,Education,53,0.645,6,4,3.39,2,0,1,2026-02-01,23,667
C04604,2026-01-01,Pro,79,Month-to-month,Manual Invoice,India,Education,72,0.383,5,0,4.98,0,4,0,,8,632
C04605,2024-04-01,Basic,29,1-Year,Credit Card,USA,Education,24,0.692,3,2,4.79,2,26,0,,29,841
C04606,2023-01-01,Basic,29,Month-to-month,ACH/Bank Transfer,USA,Manufacturing,11,0.579,4,2,5.0,0,15,0,,44,1276
C04607,2023-04-01,Pro,79,1-Year,Credit Card,USA,Healthcare,73,0.346,3,1,3.06,0,10,0,,41,3239
C04608,2023-12-01,Enterprise,199,1-Year,Credit Card,Germany,E-commerce,1,0.728,5,0,3.94,1,14,0,,33,6567
C04609,2023-12-01,Basic,29,1-Year,Credit Card,India,Nonprofit,143,0.2,3,1,4.94,2,10,0,,33,957
C04610,2025-10-01,Basic,29,Month-to-month,ACH/Bank Transfer,Canada,SaaS/Tech,12,0.611,5,0,5.0,0,1,0,,11,319
C04611,2025-04-01,Pro,79,1-Year,Credit Card,Canada,Finance,38,0.452,1,2,3.83,1,5,0,,17,1343
C04612,2025-01-01,Pro,79,Month-to-month,Credit Card,Germany,E-commerce,3,1.0,3,2,3.3,2,23,0,,20,1580
C04613,2024-04-01,Basic,29,2-Year,Credit Card,Canada,SaaS/Tech,14,0.379,4,1,5.0,2,14,0,,29,841
C04614,2026-01-01,Basic,29,Month-to-month,ACH/Bank Transfer,Australia,Finance,87,0.368,5,1,4.02,0,12,0,,8,232
C04615,2025-04-01,Enterprise,199,Month-to-month,Credit Card,India,E-commerce,6,0.26,4,3,2.07,2,9,1,2025-08-01,5,995
C04616,2025-01-01,Basic,29,1-Year,Credit Card,Germany,Finance,168,0.547,2,3,3.42,0,0,0,,20,580
C04617,2025-07-01,Pro,79,Month-to-month,Credit Card,Canada,Finance,3,0.471,4,0,3.22,0,6,0,,14,1106
C04618,2024-12-01,Basic,29,Month-to-month,PayPal,UK,Manufacturing,19,0.483,7,0,3.11,0,10,0,,21,609
C04619,2024-07-01,Basic,29,2-Year,Manual Invoice,USA,Nonprofit,34,0.61,4,2,3.76,0,1,0,,26,754
C04620,2023-01-01,Pro,79,1-Year,Credit Card,India,Education,80,0.443,7,3,4.46,0,1,0,,44,3476
C04621,2025-02-01,Enterprise,199,Month-to-month,Credit Card,USA,SaaS/Tech,22,0.14,5,2,4.22,0,14,0,,19,3781
C04622,2025-09-01,Pro,79,Month-to-month,Credit Card,Canada,Healthcare,5,0.481,3,1,3.71,0,13,0,,12,948
C04623,2024-06-01,Pro,79,Month-to-month,ACH/Bank Transfer,India,Healthcare,35,0.658,5,1,3.58,1,26,0,,27,2133
C04624,2025-12-01,Pro,79,Month-to-month,Credit Card,USA,SaaS/Tech,20,0.481,7,0,2.56,1,2,0,,9,711
C04625,2026-04-01,Pro,79,1-Year,ACH/Bank Transfer,Germany,SaaS/Tech,5,0.416,2,1,3.29,0,0,0,,5,395
C04626,2026-06-01,Pro,79,Month-to-month,Credit Card,UK,Nonprofit,10,0.763,3,3,4.45,0,19,0,,3,237
C04627,2024-07-01,Enterprise,199,1-Year,PayPal,USA,Manufacturing,5,0.614,2,0,3.78,0,16,0,,26,5174
C04628,2025-12-01,Basic,29,Month-to-month,PayPal,UK,Healthcare,22,0.374,8,1,4.83,0,4,0,,9,261
C04629,2026-03-01,Basic,29,1-Year,Manual Invoice,USA,Manufacturing,53,0.55,2,2,4.6,0,27,1,2026-06-01,4,116
C04630,2024-03-01,Pro,79,2-Year,ACH/Bank Transfer,USA,Healthcare,24,0.46,5,0,4.8,0,2,0,,30,2370
C04631,2024-03-01,Pro,79,Month-to-month,Credit Card,USA,Finance,16,0.946,1,0,4.05,2,1,1,2026-04-01,26,2054
C04632,2024-10-01,Basic,29,Month-to-month,PayPal,USA,Manufacturing,45,0.637,3,2,4.66,0,8,1,2026-07-01,22,638
C04633,2023-11-01,Basic,29,Month-to-month,PayPal,India,Marketing/Agency,31,0.899,6,1,5.0,0,9,0,,34,986
C04634,2023-02-01,Basic,29,Month-to-month,Credit Card,Australia,E-commerce,10,0.685,3,1,2.46,1,11,1,2026-04-01,39,1131
C04635,2025-02-01,Basic,29,1-Year,Manual Invoice,Australia,Marketing/Agency,17,0.743,3,2,3.48,1,6,0,,19,551
C04636,2023-08-01,Basic,29,1-Year,Credit Card,UK,Marketing/Agency,22,0.769,2,0,1.74,0,17,0,,37,1073
C04637,2025-11-01,Pro,79,Month-to-month,Credit Card,USA,Nonprofit,33,0.678,6,1,4.05,0,16,0,,10,790
C04638,2023-09-01,Enterprise,199,1-Year,PayPal,UK,SaaS/Tech,19,0.54,2,1,5.0,1,6,1,2024-11-01,15,2985
C04639,2024-03-01,Pro,79,1-Year,Credit Card,Australia,Finance,26,0.274,5,1,4.45,1,31,0,,30,2370
C04640,2023-11-01,Pro,79,1-Year,Credit Card,Australia,Manufacturing,9,0.505,4,1,3.89,0,3,0,,34,2686
C04641,2023-03-01,Basic,29,1-Year,Credit Card,USA,Education,28,0.261,6,0,4.27,0,0,0,,42,1218
C04642,2023-06-01,Basic,29,Month-to-month,Credit Card,Germany,Finance,4,0.655,6,0,3.44,0,15,0,,39,1131
C04643,2023-04-01,Basic,29,Month-to-month,ACH/Bank Transfer,Australia,SaaS/Tech,13,0.524,2,0,4.46,0,24,1,2024-01-01,10,290
C04644,2024-08-01,Pro,79,Month-to-month,Credit Card,USA,Healthcare,23,0.773,9,2,2.74,1,1,1,2026-08-01,25,1975
C04645,2026-05-01,Basic,29,2-Year,Credit Card,USA,Marketing/Agency,12,0.457,3,2,5.0,0,12,0,,4,116
C04646,2025-09-01,Pro,79,Month-to-month,Credit Card,USA,Marketing/Agency,65,0.473,7,2,4.48,1,2,0,,12,948
C04647,2023-09-01,Pro,79,Month-to-month,PayPal,USA,SaaS/Tech,62,0.951,5,2,5.0,0,2,0,,36,2844
C04648,2023-09-01,Pro,79,1-Year,PayPal,Australia,E-commerce,22,0.656,6,2,4.87,1,2,0,,36,2844
C04649,2025-09-01,Basic,29,1-Year,Manual Invoice,India,Nonprofit,72,0.557,3,1,2.39,0,36,0,,12,348
C04650,2026-01-01,Enterprise,199,1-Year,PayPal,UK,Nonprofit,4,0.548,2,1,5.0,2,2,0,,8,1592
C04651,2023-01-01,Enterprise,199,1-Year,PayPal,UK,Marketing/Agency,8,0.576,7,1,3.77,1,0,0,,44,8756
C04652,2023-07-01,Pro,79,1-Year,ACH/Bank Transfer,USA,Finance,5,0.401,6,1,4.45,2,0,1,2024-07-01,13,1027
C04653,2026-05-01,Basic,29,1-Year,Manual Invoice,India,Healthcare,17,0.453,7,3,4.06,2,16,0,,4,116
C04654,2025-07-01,Enterprise,199,1-Year,Credit Card,USA,Finance,2,0.624,4,1,4.46,0,4,0,,14,2786
C04655,2024-06-01,Pro,79,2-Year,Credit Card,Australia,Finance,67,0.573,6,2,5.0,0,1,0,,27,2133
C04656,2023-01-01,Pro,79,2-Year,ACH/Bank Transfer,India,E-commerce,34,0.216,4,1,2.71,0,4,0,,44,3476
C04657,2024-12-01,Pro,79,Month-to-month,PayPal,USA,Education,21,0.55,4,1,3.92,1,8,0,,21,1659
C04658,2023-03-01,Enterprise,199,Month-to-month,PayPal,Australia,Marketing/Agency,62,0.026,5,6,3.31,1,13,1,2023-03-01,1,199
C04659,2025-10-01,Pro,79,Month-to-month,Credit Card,USA,Marketing/Agency,14,0.112,8,0,4.53,1,0,0,,11,869
C04660,2024-03-01,Basic,29,2-Year,Credit Card,Germany,Finance,32,0.577,2,2,2.99,1,3,1,2024-04-01,2,58
C04661,2026-07-01,Enterprise,199,2-Year,Manual Invoice,USA,Manufacturing,3,0.364,6,2,3.0,0,12,0,,2,398
C04662,2025-07-01,Basic,29,1-Year,Credit Card,USA,Marketing/Agency,6,0.889,3,2,3.37,0,18,0,,14,406
C04663,2023-02-01,Enterprise,199,1-Year,PayPal,India,Education,27,0.713,4,3,3.3,2,8,1,2026-06-01,41,8159
C04664,2026-02-01,Basic,29,Month-to-month,Credit Card,India,E-commerce,17,0.466,7,1,3.45,0,4,0,,7,203
C04665,2024-12-01,Basic,29,Month-to-month,PayPal,Canada,SaaS/Tech,1,0.446,3,1,4.55,0,0,0,,21,609
C04666,2024-07-01,Pro,79,Month-to-month,ACH/Bank Transfer,Germany,Marketing/Agency,20,0.658,3,1,3.2,1,8,1,2025-02-01,8,632
C04667,2026-04-01,Pro,79,Month-to-month,ACH/Bank Transfer,USA,SaaS/Tech,6,0.557,3,1,3.75,0,16,0,,5,395
C04668,2026-04-01,Basic,29,Month-to-month,ACH/Bank Transfer,India,E-commerce,2,0.837,2,1,4.18,0,0,0,,5,145
C04669,2024-03-01,Pro,79,2-Year,PayPal,India,Nonprofit,3,0.249,9,1,4.83,0,1,0,,30,2370
C04670,2025-03-01,Basic,29,1-Year,Credit Card,USA,Marketing/Agency,30,0.896,3,6,2.8,0,9,1,2025-10-01,8,232
C04671,2023-08-01,Pro,79,2-Year,Manual Invoice,USA,Nonprofit,34,0.457,5,3,2.93,1,107,1,2023-09-01,2,158
C04672,2024-04-01,Enterprise,199,2-Year,Manual Invoice,USA,Nonprofit,29,0.584,6,0,3.58,2,7,0,,29,5771
C04673,2025-12-01,Basic,29,1-Year,PayPal,USA,Nonprofit,2,0.726,3,1,4.24,0,0,0,,9,261
C04674,2024-12-01,Pro,79,Month-to-month,Manual Invoice,USA,SaaS/Tech,12,0.426,4,2,2.16,0,3,1,2025-09-01,10,790
C04675,2024-12-01,Enterprise,199,Month-to-month,Credit Card,USA,Education,64,1.0,7,1,4.16,0,11,0,,21,4179
C04676,2024-08-01,Pro,79,Month-to-month,Credit Card,Germany,SaaS/Tech,85,0.477,3,0,4.87,0,6,0,,25,1975
C04677,2025-05-01,Pro,79,Month-to-month,Credit Card,Canada,E-commerce,11,0.606,1,0,2.29,0,17,1,2026-01-01,9,711
C04678,2024-03-01,Pro,79,2-Year,ACH/Bank Transfer,Germany,E-commerce,20,0.02,6,3,3.57,0,1,0,,30,2370
C04679,2023-03-01,Basic,29,Month-to-month,Credit Card,Germany,Marketing/Agency,67,0.515,3,0,4.04,0,4,0,,42,1218
C04680,2025-09-01,Basic,29,1-Year,Credit Card,India,Healthcare,13,0.626,3,1,2.64,0,7,0,,12,348
C04681,2023-03-01,Basic,29,2-Year,ACH/Bank Transfer,India,Manufacturing,16,0.221,9,0,3.89,0,0,0,,42,1218
C04682,2023-02-01,Basic,29,1-Year,Manual Invoice,USA,Marketing/Agency,12,0.813,4,3,3.85,0,11,0,,43,1247
C04683,2023-06-01,Pro,79,1-Year,Credit Card,India,E-commerce,5,0.554,6,3,2.97,2,4,1,2024-04-01,11,869
C04684,2023-04-01,Enterprise,199,Month-to-month,Credit Card,UK,Marketing/Agency,10,0.436,4,3,4.19,1,0,0,,41,8159
C04685,2026-03-01,Pro,79,Month-to-month,Credit Card,Australia,Nonprofit,2,0.487,3,3,4.35,2,1,0,,6,474
C04686,2023-09-01,Enterprise,199,Month-to-month,Credit Card,Australia,Manufacturing,54,0.593,4,2,4.07,0,16,0,,36,7164
C04687,2025-07-01,Enterprise,199,Month-to-month,ACH/Bank Transfer,Germany,Manufacturing,12,0.536,7,0,2.8,1,18,0,,14,2786
C04688,2025-11-01,Basic,29,Month-to-month,Manual Invoice,India,E-commerce,9,0.775,4,1,4.41,1,11,0,,10,290
C04689,2025-11-01,Enterprise,199,2-Year,Credit Card,USA,Marketing/Agency,12,0.989,3,0,4.49,0,6,0,,10,1990
C04690,2026-04-01,Basic,29,1-Year,Credit Card,Germany,Manufacturing,18,0.914,3,3,3.47,1,19,0,,5,145
C04691,2024-03-01,Pro,79,1-Year,Credit Card,USA,E-commerce,28,0.587,4,1,2.29,0,23,0,,30,2370
C04692,2025-09-01,Enterprise,199,Month-to-month,Credit Card,India,Education,24,0.587,2,1,3.34,2,42,0,,12,2388
C04693,2025-07-01,Pro,79,1-Year,ACH/Bank Transfer,Canada,E-commerce,27,0.633,5,1,3.6,0,0,0,,14,1106
C04694,2023-06-01,Enterprise,199,1-Year,ACH/Bank Transfer,India,SaaS/Tech,23,0.371,4,1,3.97,0,29,1,2023-07-01,2,398
C04695,2025-05-01,Basic,29,1-Year,ACH/Bank Transfer,USA,Education,20,0.343,6,2,4.75,1,2,0,,16,464
C04696,2023-10-01,Basic,29,1-Year,PayPal,USA,Education,45,0.189,5,1,4.13,0,0,0,,35,1015
C04697,2024-10-01,Enterprise,199,1-Year,PayPal,USA,Healthcare,25,0.575,3,0,5.0,0,16,0,,23,4577
C04698,2023-12-01,Pro,79,Month-to-month,PayPal,USA,Manufacturing,9,0.333,2,2,4.89,1,0,1,2024-02-01,3,237
C04699,2024-12-01,Basic,29,1-Year,Manual Invoice,USA,E-commerce,12,0.099,2,1,5.0,0,21,0,,21,609
C04700,2025-11-01,Enterprise,199,Month-to-month,PayPal,India,Finance,26,0.598,3,1,4.0,0,1,0,,10,1990
C04701,2026-04-01,Pro,79,Month-to-month,Credit Card,USA,E-commerce,10,0.639,3,1,3.8,0,0,0,,5,395
C04702,2025-05-01,Pro,79,Month-to-month,Credit Card,Australia,E-commerce,6,0.451,8,1,4.78,0,4,0,,16,1264
C04703,2026-04-01,Pro,79,Month-to-month,PayPal,Germany,SaaS/Tech,10,0.672,1,1,4.42,0,19,0,,5,395
C04704,2025-12-01,Pro,79,Month-to-month,Credit Card,India,E-commerce,2,0.451,3,0,5.0,1,15,0,,9,711
C04705,2024-11-01,Basic,29,Month-to-month,Credit Card,UK,Nonprofit,51,0.668,10,2,3.35,0,3,0,,22,638
C04706,2026-04-01,Pro,79,Month-to-month,PayPal,Germany,E-commerce,8,0.541,6,1,3.75,1,3,0,,5,395
C04707,2023-03-01,Basic,29,1-Year,PayPal,UK,Education,48,0.678,3,1,4.44,0,3,0,,42,1218
C04708,2024-03-01,Basic,29,Month-to-month,Manual Invoice,Canada,Finance,8,0.354,4,1,3.88,2,49,1,2025-03-01,13,377
C04709,2025-09-01,Enterprise,199,2-Year,Credit Card,Germany,Healthcare,18,0.477,1,0,4.71,0,7,0,,12,2388
C04710,2025-08-01,Basic,29,Month-to-month,Credit Card,India,Manufacturing,61,0.851,3,1,4.03,0,15,0,,13,377
C04711,2026-04-01,Basic,29,Month-to-month,PayPal,Australia,Marketing/Agency,549,0.317,3,4,4.09,0,3,0,,5,145
C04712,2025-11-01,Pro,79,2-Year,Credit Card,India,Marketing/Agency,13,0.441,2,2,2.67,2,25,0,,10,790
C04713,2024-02-01,Basic,29,1-Year,Credit Card,USA,Education,20,0.626,3,3,4.94,1,11,0,,31,899
C04714,2024-10-01,Basic,29,Month-to-month,Manual Invoice,USA,E-commerce,67,0.651,1,3,4.25,1,11,1,2025-12-01,15,435
C04715,2024-03-01,Basic,29,1-Year,PayPal,Canada,E-commerce,18,0.403,3,1,3.16,2,0,1,2024-03-01,1,29
C04716,2024-11-01,Pro,79,Month-to-month,Credit Card,Germany,E-commerce,8,0.879,5,2,2.75,1,5,0,,22,1738
C04717,2026-07-01,Basic,29,1-Year,Credit Card,UK,SaaS/Tech,14,0.731,8,1,3.1,2,0,0,,2,58
C04718,2025-06-01,Pro,79,Month-to-month,PayPal,USA,E-commerce,4,0.546,5,5,3.18,0,5,0,,15,1185
C04719,2025-10-01,Pro,79,Month-to-month,Credit Card,UK,E-commerce,8,0.566,7,1,4.17,0,10,0,,11,869
C04720,2024-11-01,Pro,79,Month-to-month,Credit Card,UK,Healthcare,7,0.414,4,0,3.55,0,0,0,,22,1738
C04721,2024-04-01,Enterprise,199,2-Year,PayPal,USA,Nonprofit,3,0.482,2,0,4.03,1,9,0,,29,5771
C04722,2025-04-01,Basic,29,Month-to-month,Credit Card,India,Marketing/Agency,29,0.293,3,1,4.56,0,17,0,,17,493
C04723,2025-06-01,Basic,29,1-Year,Credit Card,Canada,Nonprofit,36,0.128,1,2,5.0,0,36,1,2026-02-01,9,261
C04724,2025-12-01,Enterprise,199,1-Year,Credit Card,Canada,Nonprofit,11,0.938,3,0,2.58,2,8,0,,9,1791
C04725,2023-09-01,Pro,79,Month-to-month,Credit Card,Germany,Healthcare,11,0.549,5,0,3.3,0,2,0,,36,2844
C04726,2025-02-01,Basic,29,Month-to-month,PayPal,Canada,Finance,2,0.764,4,1,3.96,0,2,0,,19,551
C04727,2026-04-01,Basic,29,Month-to-month,ACH/Bank Transfer,USA,Finance,1,0.187,6,4,4.46,1,4,0,,5,145
C04728,2026-04-01,Pro,79,Month-to-month,Credit Card,USA,Finance,44,0.479,3,2,4.42,0,18,0,,5,395
C04729,2025-03-01,Basic,29,1-Year,Credit Card,Australia,SaaS/Tech,41,0.547,6,1,4.43,0,3,0,,18,522
C04730,2025-04-01,Basic,29,Month-to-month,Credit Card,Germany,Education,55,0.756,5,1,3.63,0,21,0,,17,493
C04731,2025-06-01,Pro,79,1-Year,ACH/Bank Transfer,Germany,Education,10,0.95,5,3,5.0,1,1,0,,15,1185
C04732,2023-06-01,Basic,29,Month-to-month,PayPal,Germany,Manufacturing,22,0.628,4,3,4.08,1,17,1,2024-01-01,8,232
C04733,2023-09-01,Basic,29,Month-to-month,ACH/Bank Transfer,India,SaaS/Tech,30,0.674,4,2,3.81,1,3,1,2026-01-01,29,841
C04734,2025-01-01,Basic,29,Month-to-month,Manual Invoice,Canada,Education,29,0.595,4,1,4.96,1,13,0,,20,580
C04735,2023-04-01,Basic,29,Month-to-month,Credit Card,USA,SaaS/Tech,65,0.292,4,2,4.2,0,2,1,2024-07-01,16,464
C04736,2023-10-01,Pro,79,Month-to-month,Credit Card,Canada,Nonprofit,38,0.357,3,2,5.0,0,3,0,,35,2765
C04737,2025-09-01,Pro,79,Month-to-month,Credit Card,Canada,SaaS/Tech,3,0.554,4,2,4.31,1,9,0,,12,948
C04738,2026-02-01,Pro,79,Month-to-month,Credit Card,India,Finance,15,0.758,2,0,3.52,0,39,0,,7,553
C04739,2026-05-01,Enterprise,199,1-Year,ACH/Bank Transfer,Australia,E-commerce,1,0.609,4,2,4.18,2,10,0,,4,796
C04740,2023-07-01,Pro,79,1-Year,ACH/Bank Transfer,India,Education,3,0.593,2,2,3.2,0,7,0,,38,3002
C04741,2023-12-01,Basic,29,1-Year,PayPal,USA,Finance,21,0.348,3,2,3.96,0,0,0,,33,957
C04742,2023-10-01,Enterprise,199,Month-to-month,PayPal,India,Nonprofit,1,0.623,5,1,4.32,2,37,0,,35,6965
C04743,2024-10-01,Enterprise,199,Month-to-month,Credit Card,UK,Marketing/Agency,1,0.803,6,2,3.58,2,1,0,,23,4577
C04744,2024-01-01,Basic,29,Month-to-month,Credit Card,USA,Healthcare,11,0.269,1,1,3.33,0,2,0,,32,928
C04745,2024-12-01,Basic,29,1-Year,ACH/Bank Transfer,USA,Nonprofit,10,0.441,5,3,4.28,0,3,0,,21,609
C04746,2024-04-01,Pro,79,1-Year,Credit Card,India,Education,47,0.437,3,2,4.17,1,21,0,,29,2291
C04747,2023-10-01,Basic,29,Month-to-month,PayPal,Australia,Nonprofit,20,0.407,3,2,3.12,0,8,0,,35,1015
C04748,2023-07-01,Pro,79,1-Year,Manual Invoice,Canada,Nonprofit,3,0.946,3,1,3.93,1,29,1,2025-05-01,23,1817
C04749,2023-08-01,Basic,29,Month-to-month,Credit Card,USA,E-commerce,3,0.557,3,1,5.0,0,34,0,,37,1073
C04750,2023-10-01,Pro,79,1-Year,Credit Card,India,Education,30,0.411,3,1,3.67,0,2,0,,35,2765
C04751,2024-10-01,Pro,79,1-Year,Manual Invoice,Australia,E-commerce,12,0.445,7,1,5.0,0,39,0,,23,1817
C04752,2025-12-01,Pro,79,Month-to-month,ACH/Bank Transfer,USA,Healthcare,34,0.343,3,0,3.25,1,8,0,,9,711
C04753,2026-06-01,Enterprise,199,Month-to-month,ACH/Bank Transfer,USA,Marketing/Agency,9,0.501,2,3,4.64,1,2,1,2026-07-01,2,398
C04754,2023-10-01,Pro,79,1-Year,Credit Card,USA,SaaS/Tech,2,0.597,4,2,4.3,0,6,0,,35,2765
C04755,2025-11-01,Pro,79,Month-to-month,Credit Card,USA,E-commerce,12,0.643,3,2,3.22,2,0,0,,10,790
C04756,2024-11-01,Pro,79,2-Year,PayPal,UK,Finance,185,0.625,6,4,2.99,0,6,0,,22,1738
C04757,2025-01-01,Basic,29,Month-to-month,Credit Card,USA,SaaS/Tech,6,0.972,3,5,2.74,0,0,0,,20,580
C04758,2026-01-01,Pro,79,2-Year,Credit Card,USA,E-commerce,12,0.503,6,4,5.0,0,23,0,,8,632
C04759,2026-02-01,Basic,29,Month-to-month,ACH/Bank Transfer,USA,Manufacturing,8,0.467,4,1,4.84,1,17,1,2026-03-01,2,58
C04760,2024-07-01,Pro,79,Month-to-month,Credit Card,Australia,Manufacturing,8,0.672,4,0,5.0,0,1,0,,26,2054
C04761,2023-12-01,Basic,29,1-Year,Credit Card,USA,Manufacturing,23,0.494,2,0,5.0,0,9,1,2025-07-01,20,580
C04762,2024-01-01,Basic,29,Month-to-month,ACH/Bank Transfer,Australia,E-commerce,12,0.482,4,0,2.92,1,17,1,2026-04-01,28,812
C04763,2025-09-01,Pro,79,1-Year,ACH/Bank Transfer,Germany,Marketing/Agency,29,0.769,2,0,4.17,0,14,0,,12,948
C04764,2024-08-01,Enterprise,199,Month-to-month,Credit Card,USA,Manufacturing,32,0.446,5,1,5.0,0,18,0,,25,4975
C04765,2024-02-01,Basic,29,Month-to-month,Credit Card,USA,Education,6,0.507,1,3,2.04,1,12,1,2025-03-01,14,406
C04766,2024-05-01,Basic,29,1-Year,Credit Card,Germany,E-commerce,19,0.525,4,3,2.52,2,2,0,,28,812
C04767,2024-08-01,Basic,29,Month-to-month,Credit Card,India,Manufacturing,28,0.341,7,2,3.58,0,1,0,,25,725
C04768,2024-02-01,Basic,29,Month-to-month,Credit Card,UK,Manufacturing,9,0.467,6,1,2.64,0,33,0,,31,899
C04769,2024-11-01,Enterprise,199,Month-to-month,Manual Invoice,Canada,Healthcare,25,0.435,4,3,3.46,1,24,0,,22,4378
C04770,2025-05-01,Basic,29,Month-to-month,Credit Card,Canada,Manufacturing,59,1.0,1,1,4.97,0,4,0,,16,464
C04771,2024-12-01,Enterprise,199,Month-to-month,Credit Card,India,SaaS/Tech,29,0.693,3,1,4.0,0,0,0,,21,4179
C04772,2026-06-01,Enterprise,199,Month-to-month,PayPal,USA,Finance,23,0.509,4,1,3.43,0,18,0,,3,597
C04773,2024-12-01,Enterprise,199,2-Year,Credit Card,UK,Finance,27,0.323,5,4,4.22,2,2,0,,21,4179
C04774,2023-06-01,Pro,79,Month-to-month,PayPal,Australia,SaaS/Tech,6,0.608,0,0,2.78,0,11,0,,39,3081
C04775,2025-12-01,Basic,29,Month-to-month,Credit Card,Germany,Education,21,1.0,4,1,3.26,0,27,0,,9,261
C04776,2024-03-01,Basic,29,1-Year,Manual Invoice,UK,Finance,4,0.435,3,1,5.0,2,34,0,,30,870
C04777,2026-04-01,Basic,29,Month-to-month,Manual Invoice,USA,Nonprofit,136,0.246,3,1,3.1,0,14,0,,5,145
C04778,2024-12-01,Basic,29,1-Year,Manual Invoice,UK,Healthcare,6,0.323,5,2,3.45,2,11,1,2025-03-01,4,116
C04779,2024-10-01,Pro,79,1-Year,PayPal,USA,Healthcare,11,0.503,3,4,2.46,0,19,1,2024-10-01,1,79
C04780,2025-08-01,Basic,29,1-Year,PayPal,Canada,Marketing/Agency,95,0.828,5,1,3.37,1,6,0,,13,377
C04781,2024-01-01,Basic,29,Month-to-month,Manual Invoice,Germany,Education,31,0.562,5,1,5.0,0,9,0,,32,928
C04782,2025-04-01,Basic,29,Month-to-month,ACH/Bank Transfer,USA,Finance,6,0.581,6,0,4.39,0,7,0,,17,493
C04783,2024-02-01,Basic,29,Month-to-month,Credit Card,Germany,Healthcare,33,0.799,8,1,3.29,0,2,1,2024-02-01,1,29
C04784,2024-06-01,Pro,79,Month-to-month,ACH/Bank Transfer,UK,Finance,35,0.613,7,3,5.0,0,12,1,2025-02-01,9,711
C04785,2025-01-01,Basic,29,1-Year,Credit Card,Australia,Healthcare,7,0.371,6,3,2.95,2,6,0,,20,580
C04786,2024-04-01,Pro,79,Month-to-month,PayPal,Germany,Marketing/Agency,11,0.586,3,0,3.86,0,7,0,,29,2291
C04787,2025-04-01,Basic,29,1-Year,ACH/Bank Transfer,USA,Manufacturing,7,0.804,2,0,3.89,0,0,0,,17,493
C04788,2024-05-01,Enterprise,199,Month-to-month,Manual Invoice,USA,Nonprofit,39,0.992,3,0,5.0,2,14,0,,28,5572
C04789,2024-11-01,Enterprise,199,Month-to-month,Credit Card,UK,Education,4,0.544,0,1,4.34,0,30,0,,22,4378
C04790,2024-09-01,Enterprise,199,Month-to-month,Manual Invoice,Canada,Manufacturing,53,1.0,5,0,2.46,1,0,0,,24,4776
C04791,2026-07-01,Pro,79,Month-to-month,ACH/Bank Transfer,India,Education,135,0.72,6,1,4.0,2,12,0,,2,158
C04792,2023-03-01,Enterprise,199,2-Year,ACH/Bank Transfer,Australia,Nonprofit,6,0.689,6,2,3.2,0,24,1,2023-04-01,2,398
C04793,2026-01-01,Enterprise,199,1-Year,ACH/Bank Transfer,UK,Healthcare,2,0.82,3,0,4.49,1,17,0,,8,1592
C04794,2025-08-01,Basic,29,Month-to-month,PayPal,USA,Manufacturing,75,0.602,5,1,5.0,0,15,0,,13,377
C04795,2023-04-01,Pro,79,Month-to-month,Credit Card,USA,Education,4,0.173,4,1,4.42,1,2,1,2026-01-01,34,2686
C04796,2023-01-01,Pro,79,Month-to-month,Credit Card,India,Education,1,0.328,3,1,5.0,1,31,1,2026-04-01,40,3160
C04797,2023-11-01,Basic,29,Month-to-month,ACH/Bank Transfer,USA,Manufacturing,3,0.5,5,0,4.13,0,0,0,,34,986
C04798,2024-05-01,Pro,79,1-Year,Credit Card,Australia,Education,43,0.886,3,0,3.66,0,7,0,,28,2212
C04799,2026-01-01,Basic,29,2-Year,PayPal,UK,SaaS/Tech,4,0.606,4,2,5.0,1,2,0,,8,232
C04800,2025-04-01,Pro,79,Month-to-month,Credit Card,Germany,SaaS/Tech,4,0.432,0,2,5.0,0,6,0,,17,1343
C04801,2024-11-01,Basic,29,Month-to-month,ACH/Bank Transfer,UK,Education,8,0.389,5,0,4.37,0,4,0,,22,638
C04802,2023-08-01,Pro,79,1-Year,ACH/Bank Transfer,Australia,Education,27,0.607,3,1,5.0,0,23,0,,37,2923
C04803,2025-12-01,Pro,79,Month-to-month,Credit Card,Germany,Finance,20,0.645,1,0,4.86,2,29,1,2026-01-01,2,158
C04804,2024-07-01,Pro,79,1-Year,Credit Card,Australia,SaaS/Tech,13,0.72,1,5,3.61,0,10,0,,26,2054
C04805,2024-11-01,Enterprise,199,Month-to-month,Credit Card,USA,Education,5,0.076,7,1,4.03,1,57,1,2026-01-01,15,2985
C04806,2024-09-01,Pro,79,Month-to-month,Manual Invoice,USA,Healthcare,6,0.791,5,0,3.35,0,8,0,,24,1896
C04807,2026-02-01,Pro,79,1-Year,ACH/Bank Transfer,Australia,Finance,2,0.51,3,1,5.0,0,14,0,,7,553
C04808,2025-02-01,Basic,29,Month-to-month,Credit Card,Canada,Finance,7,0.132,4,3,4.38,0,12,0,,19,551
C04809,2025-01-01,Basic,29,Month-to-month,PayPal,UK,E-commerce,31,0.318,9,0,5.0,0,4,0,,20,580
C04810,2025-11-01,Enterprise,199,Month-to-month,Manual Invoice,India,Manufacturing,7,0.43,1,3,3.17,0,0,0,,10,1990
C04811,2024-10-01,Pro,79,1-Year,PayPal,Canada,Healthcare,8,1.0,7,1,3.22,2,6,0,,23,1817
C04812,2026-03-01,Basic,29,Month-to-month,PayPal,USA,E-commerce,61,0.436,2,1,4.3,0,25,0,,6,174
C04813,2023-01-01,Pro,79,1-Year,ACH/Bank Transfer,UK,E-commerce,236,0.912,3,1,4.86,0,17,0,,44,3476
C04814,2024-07-01,Enterprise,199,Month-to-month,Manual Invoice,India,Manufacturing,15,0.973,7,1,4.15,0,23,0,,26,5174
C04815,2023-03-01,Basic,29,Month-to-month,Credit Card,Australia,Education,38,0.887,3,3,4.76,0,2,0,,42,1218
C04816,2024-01-01,Basic,29,1-Year,ACH/Bank Transfer,USA,E-commerce,46,0.349,4,3,4.2,0,4,1,2026-03-01,27,783
C04817,2024-08-01,Pro,79,Month-to-month,Credit Card,India,E-commerce,2,0.571,4,2,1.37,2,19,1,2024-12-01,5,395
C04818,2026-04-01,Pro,79,Month-to-month,PayPal,Canada,Finance,212,0.606,5,0,2.34,2,0,1,2026-05-01,2,158
C04819,2025-02-01,Pro,79,1-Year,Credit Card,UK,E-commerce,14,0.769,6,2,3.86,0,52,0,,19,1501
C04820,2023-03-01,Pro,79,1-Year,ACH/Bank Transfer,India,Nonprofit,11,0.697,1,0,3.69,2,4,1,2026-03-01,37,2923
C04821,2025-06-01,Enterprise,199,Month-to-month,Credit Card,UK,SaaS/Tech,62,0.62,4,1,4.51,0,32,0,,15,2985
C04822,2024-11-01,Basic,29,Month-to-month,ACH/Bank Transfer,Australia,Marketing/Agency,28,0.136,5,0,3.86,2,5,1,2026-05-01,19,551
C04823,2025-05-01,Pro,79,2-Year,ACH/Bank Transfer,USA,E-commerce,5,0.712,8,3,3.0,1,11,0,,16,1264
C04824,2025-10-01,Pro,79,1-Year,Manual Invoice,India,Education,87,0.826,0,0,3.81,0,1,0,,11,869
C04825,2024-08-01,Pro,79,2-Year,Credit Card,Australia,Education,41,0.392,4,2,5.0,0,3,0,,25,1975
C04826,2023-02-01,Basic,29,Month-to-month,Credit Card,Germany,Nonprofit,8,0.422,1,0,2.99,0,7,1,2025-05-01,28,812
C04827,2023-10-01,Basic,29,2-Year,ACH/Bank Transfer,USA,SaaS/Tech,45,0.546,0,1,3.6,1,7,1,2026-01-01,28,812
C04828,2024-08-01,Pro,79,2-Year,PayPal,India,Healthcare,9,0.811,3,1,5.0,0,34,0,,25,1975
C04829,2024-03-01,Basic,29,2-Year,ACH/Bank Transfer,India,Marketing/Agency,18,0.39,6,3,2.86,0,10,1,2025-01-01,11,319
C04830,2026-06-01,Basic,29,Month-to-month,Credit Card,USA,E-commerce,7,0.411,7,1,4.15,0,46,0,,3,87
C04831,2025-05-01,Basic,29,Month-to-month,Manual Invoice,India,Nonprofit,37,0.579,6,0,5.0,0,4,0,,16,464
C04832,2024-02-01,Basic,29,Month-to-month,Manual Invoice,USA,Marketing/Agency,3,0.413,2,2,3.5,0,2,1,2025-10-01,21,609
C04833,2023-05-01,Pro,79,1-Year,Credit Card,USA,SaaS/Tech,14,0.365,5,2,5.0,0,0,0,,40,3160
C04834,2026-01-01,Pro,79,Month-to-month,Credit Card,UK,Healthcare,26,0.596,4,0,3.11,1,10,0,,8,632
C04835,2025-11-01,Pro,79,Month-to-month,Credit Card,India,E-commerce,36,0.485,0,1,3.7,1,4,0,,10,790
C04836,2024-04-01,Basic,29,2-Year,PayPal,India,Marketing/Agency,7,0.888,2,1,2.71,2,15,0,,29,841
C04837,2026-04-01,Pro,79,1-Year,PayPal,India,Education,73,0.698,3,3,2.44,1,27,0,,5,395
C04838,2026-07-01,Pro,79,Month-to-month,Credit Card,India,Finance,8,0.314,7,1,3.56,0,3,0,,2,158
C04839,2024-12-01,Pro,79,Month-to-month,Credit Card,UK,Manufacturing,995,0.406,4,2,3.91,0,15,0,,21,1659
C04840,2023-08-01,Basic,29,1-Year,Credit Card,Australia,Finance,62,0.57,3,1,4.62,1,12,0,,37,1073
C04841,2023-08-01,Basic,29,Month-to-month,ACH/Bank Transfer,Germany,SaaS/Tech,58,0.389,2,1,5.0,0,13,0,,37,1073
C04842,2024-01-01,Pro,79,1-Year,Credit Card,USA,Nonprofit,5,0.526,2,1,3.67,1,12,0,,32,2528
C04843,2024-11-01,Enterprise,199,Month-to-month,PayPal,Canada,Finance,168,0.49,4,3,4.88,1,9,1,2024-12-01,2,398
C04844,2023-09-01,Basic,29,2-Year,Credit Card,USA,Finance,18,0.524,5,3,3.41,1,21,1,2024-04-01,8,232
C04845,2024-02-01,Basic,29,1-Year,Credit Card,Germany,Nonprofit,5,0.627,7,2,5.0,1,0,0,,31,899
C04846,2024-06-01,Enterprise,199,Month-to-month,Credit Card,India,Finance,53,0.02,7,2,4.47,0,3,0,,27,5373
C04847,2026-01-01,Pro,79,Month-to-month,Credit Card,Australia,SaaS/Tech,20,0.298,4,0,4.75,0,7,0,,8,632
C04848,2024-03-01,Pro,79,1-Year,Credit Card,India,Manufacturing,94,0.708,5,0,5.0,0,3,0,,30,2370
C04849,2025-04-01,Pro,79,1-Year,Credit Card,Germany,E-commerce,22,0.835,6,1,4.69,2,1,0,,17,1343
C04850,2024-10-01,Pro,79,Month-to-month,PayPal,India,Manufacturing,13,0.58,3,3,4.8,0,31,0,,23,1817
C04851,2023-10-01,Basic,29,1-Year,Credit Card,USA,Manufacturing,27,0.841,4,1,3.96,0,2,0,,35,1015
C04852,2026-05-01,Enterprise,199,2-Year,PayPal,Australia,SaaS/Tech,3,0.267,3,1,2.8,0,20,0,,4,796
C04853,2025-03-01,Enterprise,199,1-Year,PayPal,Australia,Nonprofit,43,0.791,2,1,4.06,1,3,0,,18,3582
C04854,2023-11-01,Basic,29,2-Year,ACH/Bank Transfer,UK,Nonprofit,27,0.537,5,4,4.55,0,16,1,2024-02-01,4,116
C04855,2024-11-01,Pro,79,Month-to-month,ACH/Bank Transfer,India,Finance,23,0.862,4,2,2.89,1,2,1,2025-02-01,4,316
C04856,2024-08-01,Enterprise,199,Month-to-month,Credit Card,Germany,Manufacturing,35,0.465,2,1,4.69,2,4,1,2026-04-01,21,4179
C04857,2025-12-01,Basic,29,Month-to-month,Credit Card,India,Finance,38,0.309,9,0,4.85,1,47,0,,9,261
C04858,2025-03-01,Pro,79,Month-to-month,ACH/Bank Transfer,India,SaaS/Tech,35,0.291,6,2,4.33,0,0,0,,18,1422
C04859,2024-06-01,Pro,79,Month-to-month,Credit Card,India,SaaS/Tech,2,0.857,5,0,4.19,0,9,0,,27,2133
C04860,2024-01-01,Enterprise,199,Month-to-month,Credit Card,USA,E-commerce,4,0.399,4,0,4.07,1,21,0,,32,6368
C04861,2026-04-01,Enterprise,199,1-Year,ACH/Bank Transfer,UK,Manufacturing,5,0.917,4,1,3.44,1,1,0,,5,995
C04862,2023-10-01,Basic,29,Month-to-month,ACH/Bank Transfer,USA,Marketing/Agency,9,0.319,6,2,3.86,1,0,1,2025-07-01,22,638
C04863,2024-12-01,Basic,29,Month-to-month,Credit Card,UK,E-commerce,50,0.654,0,2,3.91,0,6,0,,21,609
C04864,2024-12-01,Basic,29,Month-to-month,Credit Card,UK,Marketing/Agency,92,0.503,5,0,3.3,0,9,0,,21,609
C04865,2023-08-01,Basic,29,1-Year,Credit Card,UK,Manufacturing,35,0.247,1,0,3.3,1,7,1,2026-06-01,35,1015
C04866,2023-03-01,Pro,79,1-Year,Credit Card,Canada,Healthcare,7,0.713,5,2,4.66,0,30,0,,42,3318
C04867,2026-03-01,Pro,79,Month-to-month,Credit Card,USA,Nonprofit,11,0.595,4,0,4.5,1,4,0,,6,474
C04868,2025-11-01,Basic,29,1-Year,Credit Card,Canada,Healthcare,20,0.466,6,2,3.63,1,13,0,,10,290
C04869,2024-03-01,Enterprise,199,1-Year,Credit Card,India,Education,4,0.494,2,0,2.26,0,14,0,,30,5970
C04870,2023-03-01,Pro,79,Month-to-month,Credit Card,Australia,E-commerce,50,0.537,7,1,3.61,0,1,0,,42,3318
C04871,2024-12-01,Basic,29,1-Year,Credit Card,India,Education,18,0.392,3,1,3.93,0,14,0,,21,609
C04872,2026-04-01,Pro,79,Month-to-month,Manual Invoice,USA,Nonprofit,4,0.699,5,1,3.62,0,20,0,,5,395
C04873,2025-03-01,Pro,79,Month-to-month,Credit Card,India,Education,5,0.543,5,0,4.25,0,7,0,,18,1422
C04874,2025-10-01,Basic,29,1-Year,ACH/Bank Transfer,Canada,Nonprofit,2,0.308,3,1,3.87,1,0,0,,11,319
C04875,2024-05-01,Basic,29,Month-to-month,Credit Card,India,Healthcare,6,0.457,8,2,5.0,1,21,0,,28,812
C04876,2023-04-01,Pro,79,Month-to-month,Credit Card,India,Healthcare,8,0.429,8,1,3.41,0,0,0,,41,3239
C04877,2023-02-01,Basic,29,Month-to-month,ACH/Bank Transfer,UK,Education,60,0.652,4,1,4.28,1,11,0,,43,1247
C04878,2023-09-01,Pro,79,Month-to-month,PayPal,Germany,Manufacturing,79,0.442,9,2,1.97,0,0,1,2025-06-01,22,1738
C04879,2025-07-01,Basic,29,Month-to-month,Credit Card,India,Healthcare,15,0.02,3,2,2.78,0,14,1,2025-11-01,5,145
C04880,2023-06-01,Pro,79,Month-to-month,ACH/Bank Transfer,UK,Nonprofit,29,0.643,1,1,4.29,0,12,1,2026-06-01,37,2923
C04881,2026-03-01,Pro,79,1-Year,Credit Card,USA,Healthcare,7,0.788,5,4,3.55,0,2,0,,6,474
C04882,2024-04-01,Basic,29,Month-to-month,PayPal,UK,Finance,5,0.377,5,3,3.96,1,0,0,,29,841
C04883,2024-05-01,Enterprise,199,Month-to-month,Credit Card,India,Manufacturing,13,0.315,5,1,5.0,0,10,0,,28,5572
C04884,2023-03-01,Basic,29,1-Year,ACH/Bank Transfer,UK,Education,12,0.486,3,2,5.0,0,3,0,,42,1218
C04885,2026-04-01,Basic,29,1-Year,ACH/Bank Transfer,Germany,Healthcare,1,0.576,6,2,4.73,0,11,0,,5,145
C04886,2025-01-01,Pro,79,2-Year,PayPal,Canada,Nonprofit,6,0.678,10,3,5.0,1,3,0,,20,1580
C04887,2024-11-01,Basic,29,Month-to-month,PayPal,USA,Healthcare,9,0.397,3,3,5.0,0,12,0,,22,638
C04888,2024-03-01,Pro,79,2-Year,Credit Card,India,Marketing/Agency,127,0.924,4,1,4.36,2,2,0,,30,2370
C04889,2025-12-01,Enterprise,199,Month-to-month,Credit Card,Australia,Healthcare,4,0.44,2,2,5.0,2,4,0,,9,1791
C04890,2025-08-01,Basic,29,2-Year,ACH/Bank Transfer,USA,Education,6,0.912,3,3,3.67,0,30,0,,13,377
C04891,2026-06-01,Basic,29,1-Year,Credit Card,USA,Nonprofit,8,0.394,3,0,3.75,0,0,0,,3,87
C04892,2025-11-01,Basic,29,Month-to-month,ACH/Bank Transfer,UK,SaaS/Tech,37,0.343,6,2,4.79,0,8,0,,10,290
C04893,2025-08-01,Pro,79,Month-to-month,Credit Card,India,Manufacturing,2,0.332,2,0,3.85,0,0,0,,13,1027
C04894,2025-07-01,Basic,29,Month-to-month,PayPal,Germany,SaaS/Tech,19,0.764,6,1,4.01,0,17,0,,14,406
C04895,2025-07-01,Pro,79,1-Year,ACH/Bank Transfer,UK,SaaS/Tech,9,0.588,2,1,4.67,1,2,0,,14,1106
C04896,2025-07-01,Pro,79,Month-to-month,Credit Card,Canada,Manufacturing,8,0.58,4,0,3.13,0,7,0,,14,1106
C04897,2024-09-01,Basic,29,Month-to-month,ACH/Bank Transfer,India,E-commerce,24,0.37,3,1,4.15,1,1,1,2026-01-01,17,493
C04898,2025-08-01,Basic,29,1-Year,Credit Card,Canada,SaaS/Tech,19,0.81,3,3,3.98,0,42,0,,13,377
C04899,2023-01-01,Basic,29,Month-to-month,PayPal,USA,Nonprofit,24,0.226,4,2,4.61,1,8,0,,44,1276
C04900,2026-06-01,Basic,29,Month-to-month,PayPal,Canada,Education,6,0.521,4,2,4.46,0,5,0,,3,87
C04901,2026-07-01,Basic,29,1-Year,PayPal,India,E-commerce,138,0.638,2,5,3.93,1,9,0,,2,58
C04902,2023-11-01,Basic,29,2-Year,Credit Card,India,Manufacturing,5,0.744,4,2,3.66,1,1,0,,34,986
C04903,2023-09-01,Pro,79,1-Year,Credit Card,UK,Marketing/Agency,52,0.101,4,3,4.35,0,0,0,,36,2844
C04904,2025-05-01,Enterprise,199,Month-to-month,Credit Card,Canada,Finance,11,0.606,3,3,5.0,0,13,0,,16,3184
C04905,2024-05-01,Basic,29,Month-to-month,Credit Card,USA,Healthcare,7,0.73,3,3,4.83,1,1,0,,28,812
C04906,2026-02-01,Enterprise,199,2-Year,Credit Card,Australia,Nonprofit,2,0.511,7,1,2.0,1,2,1,2026-02-01,1,199
C04907,2023-02-01,Pro,79,2-Year,Manual Invoice,Canada,Manufacturing,104,0.773,4,0,4.54,0,6,0,,43,3397
C04908,2023-03-01,Enterprise,199,Month-to-month,Credit Card,USA,Nonprofit,5,0.599,4,0,2.38,0,53,1,2025-04-01,26,5174
C04909,2023-04-01,Pro,79,Month-to-month,Credit Card,Canada,E-commerce,3,0.479,3,1,5.0,0,4,0,,41,3239
C04910,2024-05-01,Enterprise,199,Month-to-month,Credit Card,USA,Manufacturing,28,0.502,4,0,4.82,0,3,0,,28,5572
C04911,2026-07-01,Basic,29,2-Year,Manual Invoice,USA,SaaS/Tech,7,0.57,1,2,3.91,2,12,0,,2,58
C04912,2023-11-01,Enterprise,199,Month-to-month,Credit Card,UK,Marketing/Agency,46,0.633,4,0,4.2,0,11,0,,34,6766
C04913,2024-10-01,Basic,29,Month-to-month,Credit Card,USA,Nonprofit,8,0.073,4,0,2.58,0,14,0,,23,667
C04914,2025-03-01,Pro,79,2-Year,Credit Card,India,Nonprofit,11,0.835,3,0,2.42,2,21,0,,18,1422
C04915,2024-11-01,Enterprise,199,Month-to-month,Credit Card,USA,Manufacturing,29,0.592,2,2,3.05,0,9,0,,22,4378
C04916,2024-06-01,Pro,79,2-Year,ACH/Bank Transfer,India,Education,22,0.601,3,1,2.8,1,7,0,,27,2133
C04917,2024-08-01,Pro,79,1-Year,Credit Card,USA,Finance,16,0.348,5,2,3.79,1,1,0,,25,1975
C04918,2023-09-01,Basic,29,Month-to-month,Manual Invoice,Australia,Healthcare,24,0.538,6,4,3.95,1,14,0,,36,1044
C04919,2024-03-01,Basic,29,Month-to-month,Manual Invoice,Germany,Nonprofit,16,0.21,1,1,3.67,1,17,1,2025-11-01,21,609
C04920,2026-04-01,Basic,29,Month-to-month,Credit Card,USA,E-commerce,167,0.338,3,1,4.3,0,31,0,,5,145
C04921,2026-05-01,Pro,79,Month-to-month,Credit Card,Germany,Healthcare,20,0.657,5,0,3.72,1,19,0,,4,316
C04922,2024-01-01,Basic,29,1-Year,ACH/Bank Transfer,UK,Finance,26,0.57,4,0,3.18,0,1,0,,32,928
C04923,2026-02-01,Pro,79,2-Year,Credit Card,Canada,Finance,8,0.258,5,3,3.67,1,0,0,,7,553
C04924,2025-08-01,Pro,79,2-Year,Credit Card,India,SaaS/Tech,18,0.677,5,0,4.7,0,1,0,,13,1027
C04925,2023-10-01,Basic,29,Month-to-month,ACH/Bank Transfer,UK,Healthcare,5,0.913,4,2,4.94,0,1,0,,35,1015
C04926,2024-12-01,Pro,79,Month-to-month,Credit Card,India,Manufacturing,2,0.542,3,1,4.16,0,1,0,,21,1659
C04927,2026-04-01,Basic,29,Month-to-month,Credit Card,USA,Nonprofit,19,0.459,6,1,4.04,1,3,0,,5,145
C04928,2026-07-01,Enterprise,199,1-Year,Credit Card,UK,E-commerce,42,0.625,3,3,4.38,0,8,0,,2,398
C04929,2024-03-01,Pro,79,Month-to-month,ACH/Bank Transfer,Canada,Manufacturing,55,0.591,2,0,2.98,2,5,1,2025-04-01,14,1106
C04930,2025-09-01,Pro,79,1-Year,Credit Card,India,Education,17,0.385,5,2,3.81,2,2,0,,12,948
C04931,2025-08-01,Enterprise,199,1-Year,ACH/Bank Transfer,UK,Healthcare,39,0.473,3,3,5.0,0,14,0,,13,2587
C04932,2024-10-01,Basic,29,Month-to-month,Manual Invoice,USA,Education,6,0.27,5,2,5.0,1,34,0,,23,667
C04933,2024-06-01,Pro,79,1-Year,Manual Invoice,UK,Marketing/Agency,34,0.397,3,3,5.0,0,13,0,,27,2133
C04934,2023-05-01,Basic,29,Month-to-month,ACH/Bank Transfer,India,Finance,3,0.382,9,3,5.0,2,5,1,2025-07-01,27,783
C04935,2024-05-01,Pro,79,2-Year,Credit Card,India,SaaS/Tech,21,0.644,3,2,5.0,0,14,1,2026-02-01,22,1738
C04936,2024-05-01,Enterprise,199,Month-to-month,ACH/Bank Transfer,USA,Education,14,0.633,5,4,4.23,0,8,0,,28,5572
C04937,2024-04-01,Pro,79,1-Year,Credit Card,Australia,SaaS/Tech,123,0.668,4,1,3.92,1,1,0,,29,2291
C04938,2023-08-01,Pro,79,2-Year,Credit Card,Australia,Healthcare,14,0.461,2,3,3.33,2,5,1,2023-11-01,4,316
C04939,2026-04-01,Pro,79,Month-to-month,ACH/Bank Transfer,USA,Education,46,0.427,2,1,5.0,0,4,0,,5,395
C04940,2025-03-01,Basic,29,2-Year,Credit Card,Canada,Healthcare,2,0.456,5,0,3.94,0,15,0,,18,522
C04941,2024-12-01,Pro,79,1-Year,Credit Card,Canada,SaaS/Tech,34,0.789,2,3,4.81,0,19,1,2026-06-01,19,1501
C04942,2023-12-01,Enterprise,199,2-Year,Credit Card,India,SaaS/Tech,15,0.431,6,0,4.21,2,4,0,,33,6567
C04943,2023-03-01,Basic,29,2-Year,Credit Card,USA,Manufacturing,19,0.743,6,0,3.46,2,3,0,,42,1218
C04944,2023-03-01,Enterprise,199,1-Year,ACH/Bank Transfer,Australia,E-commerce,18,0.376,6,2,3.95,0,9,0,,42,8358
C04945,2023-08-01,Basic,29,1-Year,Credit Card,Canada,Nonprofit,26,0.492,5,0,4.58,2,6,0,,37,1073
C04946,2024-03-01,Basic,29,1-Year,Credit Card,USA,Finance,2,0.738,0,2,2.51,1,8,1,2025-06-01,16,464
C04947,2024-12-01,Basic,29,2-Year,ACH/Bank Transfer,UK,SaaS/Tech,26,1.0,7,1,2.26,0,1,0,,21,609
C04948,2026-04-01,Basic,29,Month-to-month,Manual Invoice,Canada,SaaS/Tech,15,0.867,4,1,5.0,0,11,0,,5,145
C04949,2024-09-01,Enterprise,199,Month-to-month,Credit Card,Canada,Healthcare,5,0.58,3,0,3.69,2,3,1,2024-12-01,4,796
C04950,2025-08-01,Basic,29,Month-to-month,PayPal,USA,Marketing/Agency,53,0.832,5,0,3.68,1,22,0,,13,377
C04951,2026-06-01,Basic,29,1-Year,Credit Card,USA,Healthcare,15,0.55,5,2,4.03,2,2,0,,3,87
C04952,2023-01-01,Pro,79,Month-to-month,Credit Card,India,Manufacturing,5,0.532,3,1,4.42,0,7,0,,44,3476
C04953,2025-04-01,Enterprise,199,1-Year,Credit Card,USA,Marketing/Agency,10,0.498,3,2,3.77,2,16,1,2026-03-01,12,2388
C04954,2025-06-01,Pro,79,Month-to-month,Credit Card,Germany,SaaS/Tech,11,0.392,2,1,3.62,0,2,0,,15,1185
C04955,2023-02-01,Pro,79,Month-to-month,Credit Card,India,SaaS/Tech,7,0.535,2,2,4.48,0,12,1,2024-05-01,16,1264
C04956,2025-07-01,Pro,79,1-Year,ACH/Bank Transfer,USA,Education,29,0.599,5,1,5.0,0,6,0,,14,1106
C04957,2026-06-01,Pro,79,1-Year,ACH/Bank Transfer,Australia,Nonprofit,12,0.447,0,2,3.19,1,16,0,,3,237
C04958,2024-07-01,Basic,29,1-Year,ACH/Bank Transfer,Germany,Healthcare,12,0.617,0,2,3.15,2,1,1,2025-02-01,8,232
C04959,2024-07-01,Pro,79,Month-to-month,Credit Card,Germany,Nonprofit,11,0.515,3,4,3.2,2,34,1,2024-09-01,3,237
C04960,2026-07-01,Basic,29,Month-to-month,Credit Card,UK,Marketing/Agency,16,0.875,3,0,5.0,0,38,0,,2,58
C04961,2025-09-01,Basic,29,1-Year,Credit Card,USA,Marketing/Agency,2,0.333,4,2,3.49,0,39,0,,12,348
C04962,2026-05-01,Pro,79,2-Year,Credit Card,Germany,Manufacturing,20,0.301,6,4,5.0,0,2,0,,4,316
C04963,2023-10-01,Enterprise,199,1-Year,PayPal,Germany,Finance,102,1.0,7,0,3.8,1,11,0,,35,6965
C04964,2025-09-01,Pro,79,Month-to-month,Manual Invoice,India,E-commerce,8,0.473,3,1,4.15,0,22,0,,12,948
C04965,2023-09-01,Pro,79,Month-to-month,Credit Card,India,SaaS/Tech,30,0.533,6,1,3.58,0,0,0,,36,2844
C04966,2023-04-01,Enterprise,199,1-Year,Manual Invoice,India,E-commerce,9,1.0,5,0,2.79,0,5,0,,41,8159
C04967,2025-01-01,Enterprise,199,Month-to-month,Credit Card,USA,Marketing/Agency,18,0.798,4,3,2.61,0,13,0,,20,3980
C04968,2024-02-01,Pro,79,1-Year,Credit Card,USA,SaaS/Tech,6,0.505,4,3,3.71,0,5,0,,31,2449
C04969,2024-01-01,Basic,29,Month-to-month,Credit Card,Canada,E-commerce,7,0.509,7,3,4.37,1,8,0,,32,928
C04970,2024-04-01,Basic,29,1-Year,Manual Invoice,India,Education,10,0.38,7,3,3.04,0,5,0,,29,841
C04971,2024-04-01,Basic,29,Month-to-month,Manual Invoice,India,Marketing/Agency,16,0.481,2,1,3.91,0,13,1,2025-03-01,12,348
C04972,2026-07-01,Enterprise,199,2-Year,Credit Card,Canada,Healthcare,5,0.301,4,1,5.0,1,4,0,,2,398
C04973,2025-07-01,Pro,79,1-Year,PayPal,USA,SaaS/Tech,28,0.708,6,0,4.08,0,1,0,,14,1106
C04974,2026-01-01,Basic,29,Month-to-month,Credit Card,Germany,SaaS/Tech,12,0.659,4,0,2.35,0,6,0,,8,232
C04975,2024-08-01,Pro,79,Month-to-month,Credit Card,USA,E-commerce,1,0.781,12,1,4.23,2,27,0,,25,1975
C04976,2024-03-01,Enterprise,199,Month-to-month,ACH/Bank Transfer,USA,SaaS/Tech,7,0.446,5,2,5.0,2,7,0,,30,5970
C04977,2023-06-01,Enterprise,199,Month-to-month,PayPal,Canada,Finance,31,0.658,4,2,4.58,0,24,0,,39,7761
C04978,2023-07-01,Basic,29,Month-to-month,Credit Card,USA,Finance,55,0.692,2,1,3.23,0,26,0,,38,1102
C04979,2023-08-01,Basic,29,Month-to-month,Credit Card,USA,Marketing/Agency,34,0.372,3,0,4.9,0,19,1,2024-05-01,10,290
C04980,2024-07-01,Pro,79,1-Year,Credit Card,India,Nonprofit,85,0.385,3,2,4.0,2,4,1,2025-02-01,8,632
C04981,2024-04-01,Basic,29,1-Year,Credit Card,India,E-commerce,12,0.425,7,0,4.22,0,5,0,,29,841
C04982,2023-05-01,Pro,79,Month-to-month,ACH/Bank Transfer,Canada,Healthcare,83,0.785,1,0,3.36,0,6,0,,40,3160
C04983,2024-10-01,Pro,79,Month-to-month,PayPal,USA,Manufacturing,7,0.945,2,0,5.0,0,8,0,,23,1817
C04984,2025-08-01,Pro,79,Month-to-month,PayPal,USA,Healthcare,38,0.02,4,0,3.52,2,18,0,,13,1027
C04985,2024-10-01,Basic,29,1-Year,PayPal,India,Healthcare,6,0.28,3,2,4.95,1,14,1,2025-03-01,6,174
C04986,2023-12-01,Enterprise,199,1-Year,Credit Card,Australia,Marketing/Agency,24,0.458,4,1,1.55,1,31,1,2026-03-01,28,5572
C04987,2024-08-01,Pro,79,Month-to-month,ACH/Bank Transfer,USA,Marketing/Agency,14,1.0,7,1,2.24,0,30,1,2026-06-01,23,1817
C04988,2024-08-01,Pro,79,1-Year,ACH/Bank Transfer,UK,E-commerce,21,1.0,1,1,1.64,1,36,1,2024-11-01,4,316
C04989,2024-11-01,Basic,29,1-Year,PayPal,USA,Marketing/Agency,1,0.211,3,2,5.0,0,5,0,,22,638
C04990,2026-06-01,Pro,79,Month-to-month,Credit Card,USA,Finance,12,0.867,3,3,3.96,1,18,0,,3,237
C04991,2025-04-01,Basic,29,Month-to-month,PayPal,Canada,Manufacturing,5,0.796,10,6,4.0,2,6,0,,17,493
C04992,2023-11-01,Enterprise,199,Month-to-month,Manual Invoice,USA,Finance,23,0.668,4,5,2.55,1,23,1,2024-01-01,3,597
C04993,2025-03-01,Basic,29,Month-to-month,Credit Card,USA,Finance,19,0.454,2,1,3.56,0,10,0,,18,522
C04994,2024-06-01,Enterprise,199,Month-to-month,ACH/Bank Transfer,Canada,Healthcare,1,0.604,3,2,3.94,1,37,1,2025-04-01,11,2189
C04995,2024-07-01,Basic,29,Month-to-month,ACH/Bank Transfer,India,Education,6,0.519,4,3,3.74,1,2,0,,26,754
C04996,2024-09-01,Pro,79,Month-to-month,ACH/Bank Transfer,UK,SaaS/Tech,14,0.694,1,2,5.0,1,15,0,,24,1896
C04997,2026-02-01,Enterprise,199,1-Year,Credit Card,USA,E-commerce,30,0.541,4,2,3.48,0,4,0,,7,1393
C04998,2023-04-01,Pro,79,Month-to-month,Credit Card,USA,Nonprofit,16,0.365,6,2,3.52,1,19,1,2023-09-01,6,474
C04999,2024-01-01,Pro,79,1-Year,Credit Card,Germany,E-commerce,1,0.39,0,2,4.79,0,29,0,,32,2528
C05000,2025-04-01,Basic,29,Month-to-month,Credit Card,UK,Healthcare,71,0.441,3,0,4.85,1,1,0,,17,493
C05001,2023-08-01,Pro,79,1-Year,Credit Card,USA,Nonprofit,5,0.568,7,1,3.76,0,5,0,,37,2923
C05002,2025-08-01,Basic,29,1-Year,Credit Card,USA,E-commerce,16,0.328,4,1,4.26,1,3,0,,13,377
C05003,2023-01-01,Pro,79,2-Year,Credit Card,Germany,Education,12,0.102,2,4,5.0,1,8,0,,44,3476
C05004,2025-11-01,Basic,29,1-Year,Credit Card,India,Healthcare,26,0.743,5,3,4.4,1,7,0,,10,290
C05005,2026-06-01,Pro,79,1-Year,Credit Card,India,Manufacturing,127,0.831,5,0,3.49,0,6,0,,3,237
C05006,2024-04-01,Basic,29,Month-to-month,Credit Card,USA,Nonprofit,10,0.756,4,3,2.96,0,12,0,,29,841
C05007,2023-06-01,Pro,79,1-Year,ACH/Bank Transfer,India,Finance,22,0.655,4,2,5.0,1,8,0,,39,3081
C05008,2024-01-01,Enterprise,199,Month-to-month,Credit Card,Germany,Marketing/Agency,1,0.591,2,0,4.19,1,6,0,,32,6368
C05009,2025-04-01,Pro,79,2-Year,PayPal,Canada,SaaS/Tech,7,0.807,3,1,3.1,0,18,0,,17,1343
C05010,2023-04-01,Pro,79,1-Year,Credit Card,UK,Education,132,0.891,4,3,3.36,0,7,1,2025-12-01,33,2607
C05011,2026-01-01,Enterprise,199,Month-to-month,Credit Card,USA,Education,38,0.734,5,4,2.8,0,1,0,,8,1592
C05012,2024-03-01,Pro,79,2-Year,ACH/Bank Transfer,UK,Healthcare,18,0.826,4,1,3.8,1,3,0,,30,2370
C05013,2026-04-01,Basic,29,2-Year,PayPal,USA,Marketing/Agency,21,0.767,3,1,5.0,0,39,0,,5,145
C05014,2024-12-01,Enterprise,199,1-Year,ACH/Bank Transfer,USA,Healthcare,105,0.585,2,1,4.56,2,16,0,,21,4179
C05015,2025-04-01,Enterprise,199,Month-to-month,Credit Card,USA,Finance,49,0.419,6,2,4.56,0,2,0,,17,3383
C05016,2023-12-01,Basic,29,Month-to-month,Manual Invoice,India,Nonprofit,17,0.83,4,2,3.43,0,53,0,,33,957
C05017,2024-12-01,Pro,79,1-Year,PayPal,USA,Healthcare,17,0.384,7,0,5.0,0,3,0,,21,1659
C05018,2025-11-01,Pro,79,Month-to-month,Credit Card,USA,Manufacturing,28,0.729,2,0,3.77,1,1,0,,10,790
C05019,2025-02-01,Basic,29,1-Year,Credit Card,UK,SaaS/Tech,18,0.552,3,2,4.43,0,1,0,,19,551
C05020,2026-04-01,Basic,29,Month-to-month,Credit Card,Australia,Education,19,0.605,6,2,3.73,0,19,0,,5,145
C05021,2026-02-01,Basic,29,Month-to-month,ACH/Bank Transfer,Australia,SaaS/Tech,63,0.761,5,2,3.72,0,10,0,,7,203
C05022,2023-12-01,Enterprise,199,1-Year,Credit Card,Germany,E-commerce,11,0.738,4,1,4.44,1,3,0,,33,6567
C05023,2023-04-01,Pro,79,Month-to-month,ACH/Bank Transfer,Australia,Manufacturing,10,0.611,2,2,4.9,0,12,1,2023-12-01,9,711
C05024,2024-03-01,Enterprise,199,Month-to-month,ACH/Bank Transfer,Canada,Education,12,0.94,0,3,3.94,0,15,0,,30,5970
C05025,2025-10-01,Enterprise,199,1-Year,Credit Card,UK,Education,19,0.644,2,1,3.53,0,0,0,,11,2189
C05026,2024-08-01,Enterprise,199,Month-to-month,Credit Card,USA,E-commerce,22,0.789,7,1,3.84,0,12,0,,25,4975
C05027,2025-05-01,Basic,29,2-Year,Credit Card,Germany,E-commerce,10,0.626,3,1,4.13,0,0,0,,16,464
C05028,2024-05-01,Basic,29,2-Year,Credit Card,USA,SaaS/Tech,86,0.177,5,0,3.54,0,10,0,,28,812
C05029,2024-01-01,Pro,79,1-Year,Credit Card,Canada,E-commerce,42,0.67,5,1,4.01,0,12,0,,32,2528
C05030,2023-12-01,Pro,79,Month-to-month,ACH/Bank Transfer,Canada,Marketing/Agency,1,0.799,3,3,4.34,1,1,1,2026-03-01,28,2212
C05031,2024-04-01,Pro,79,Month-to-month,ACH/Bank Transfer,Canada,Finance,10,0.573,6,0,4.89,1,5,0,,29,2291
C05032,2023-10-01,Basic,29,Month-to-month,ACH/Bank Transfer,Germany,Manufacturing,2,0.522,3,0,4.09,2,18,1,2023-12-01,3,87
C05033,2024-09-01,Pro,79,Month-to-month,Credit Card,Canada,SaaS/Tech,32,0.689,6,2,4.38,0,1,0,,24,1896
C05034,2025-01-01,Pro,79,1-Year,Manual Invoice,Germany,Nonprofit,21,0.769,5,1,3.57,0,11,0,,20,1580
C05035,2025-12-01,Enterprise,199,Month-to-month,Credit Card,Canada,E-commerce,3,0.048,2,3,3.49,2,17,1,2026-02-01,3,597
C05036,2024-07-01,Pro,79,1-Year,Credit Card,USA,Education,43,0.223,4,2,3.92,0,2,0,,26,2054
C05037,2023-06-01,Pro,79,1-Year,PayPal,India,Education,132,0.554,4,3,3.44,0,7,1,2023-10-01,5,395
C05038,2025-06-01,Pro,79,2-Year,PayPal,India,Manufacturing,7,0.464,6,2,3.25,1,0,0,,15,1185
C05039,2024-02-01,Basic,29,1-Year,ACH/Bank Transfer,USA,Manufacturing,22,0.157,2,2,2.96,0,4,1,2024-04-01,3,87
C05040,2025-12-01,Enterprise,199,Month-to-month,Credit Card,Canada,Education,22,0.688,7,0,2.9,0,14,0,,9,1791
C05041,2025-10-01,Basic,29,1-Year,Credit Card,Australia,Nonprofit,12,0.408,7,0,3.41,0,19,0,,11,319
C05042,2025-07-01,Basic,29,1-Year,Credit Card,UK,Education,53,0.709,6,0,5.0,0,32,0,,14,406
C05043,2023-06-01,Basic,29,2-Year,Credit Card,Germany,Finance,20,0.539,6,2,4.01,0,5,0,,39,1131
C05044,2025-07-01,Basic,29,Month-to-month,Credit Card,USA,SaaS/Tech,74,0.669,8,1,3.12,2,0,0,,14,406
C05045,2025-07-01,Basic,29,Month-to-month,PayPal,USA,Nonprofit,49,0.615,5,1,4.17,1,1,1,2026-04-01,10,290
C05046,2023-02-01,Pro,79,1-Year,Credit Card,India,E-commerce,23,0.671,3,0,4.03,0,38,0,,43,3397
C05047,2025-02-01,Basic,29,Month-to-month,ACH/Bank Transfer,USA,Healthcare,2,0.881,4,0,4.21,1,12,0,,19,551
C05048,2026-06-01,Pro,79,1-Year,Credit Card,Germany,Marketing/Agency,42,0.466,3,0,3.48,0,5,0,,3,237
C05049,2023-02-01,Pro,79,Month-to-month,ACH/Bank Transfer,India,E-commerce,5,0.571,7,3,2.77,1,12,1,2023-07-01,6,474
C05050,2024-09-01,Pro,79,Month-to-month,Credit Card,India,Finance,106,0.541,4,3,3.56,0,2,0,,24,1896
C05051,2025-01-01,Basic,29,1-Year,ACH/Bank Transfer,Canada,Finance,20,0.666,2,1,5.0,2,12,0,,20,580
C05052,2023-05-01,Basic,29,Month-to-month,ACH/Bank Transfer,Canada,Marketing/Agency,19,0.647,9,2,4.14,2,10,1,2024-01-01,9,261
C05053,2024-08-01,Basic,29,1-Year,Credit Card,USA,Education,31,0.576,1,1,4.21,1,20,0,,25,725
C05054,2023-02-01,Basic,29,1-Year,PayPal,USA,SaaS/Tech,4,0.223,2,2,4.48,0,6,0,,43,1247
C05055,2023-10-01,Basic,29,1-Year,Credit Card,USA,Education,13,0.2,4,1,2.16,0,13,0,,35,1015
C05056,2024-11-01,Enterprise,199,2-Year,Credit Card,India,SaaS/Tech,20,0.402,9,3,3.7,2,11,0,,22,4378
C05057,2024-06-01,Basic,29,Month-to-month,Credit Card,Germany,Marketing/Agency,65,0.722,4,0,2.99,1,4,1,2025-09-01,16,464
C05058,2024-04-01,Pro,79,2-Year,Credit Card,Germany,Healthcare,32,0.83,3,2,4.53,0,3,0,,29,2291
C05059,2026-04-01,Basic,29,1-Year,PayPal,USA,Marketing/Agency,4,0.487,4,1,3.79,0,10,0,,5,145
C05060,2025-09-01,Basic,29,Month-to-month,PayPal,USA,Nonprofit,6,1.0,3,2,3.1,0,28,0,,12,348
C05061,2025-10-01,Basic,29,1-Year,ACH/Bank Transfer,Canada,Marketing/Agency,11,0.435,5,1,2.9,1,2,0,,11,319
C05062,2024-11-01,Enterprise,199,1-Year,Credit Card,UK,Manufacturing,19,0.653,6,3,1.74,0,1,0,,22,4378
C05063,2026-07-01,Pro,79,Month-to-month,ACH/Bank Transfer,USA,Finance,14,0.561,3,2,4.27,0,3,0,,2,158
C05064,2025-02-01,Pro,79,1-Year,ACH/Bank Transfer,India,Education,23,0.298,7,0,3.44,2,13,0,,19,1501
C05065,2025-03-01,Enterprise,199,Month-to-month,Credit Card,India,Education,40,0.693,1,1,4.28,1,1,0,,18,3582
C05066,2026-07-01,Basic,29,Month-to-month,PayPal,UK,Manufacturing,96,0.879,6,0,4.86,1,7,0,,2,58
C05067,2023-03-01,Basic,29,Month-to-month,Credit Card,Germany,Nonprofit,39,0.715,4,7,2.97,1,1,1,2024-05-01,15,435
C05068,2026-01-01,Basic,29,Month-to-month,Credit Card,India,Marketing/Agency,15,0.511,4,1,2.81,0,1,0,,8,232
C05069,2026-03-01,Basic,29,2-Year,Credit Card,USA,Marketing/Agency,4,0.455,5,2,3.88,2,29,0,,6,174
C05070,2025-04-01,Pro,79,Month-to-month,Credit Card,UK,Manufacturing,6,0.342,5,4,5.0,0,3,0,,17,1343
C05071,2025-03-01,Basic,29,Month-to-month,PayPal,USA,SaaS/Tech,53,0.666,1,0,3.8,0,3,1,2025-10-01,8,232
C05072,2025-04-01,Enterprise,199,1-Year,Credit Card,India,SaaS/Tech,16,0.593,7,4,3.77,1,13,1,2025-07-01,4,796
C05073,2025-04-01,Pro,79,2-Year,Credit Card,Canada,Marketing/Agency,12,0.59,8,2,2.35,0,30,0,,17,1343
C05074,2023-06-01,Pro,79,Month-to-month,Credit Card,USA,Nonprofit,14,0.375,3,2,4.52,1,7,1,2025-05-01,24,1896
C05075,2024-02-01,Basic,29,Month-to-month,PayPal,USA,Marketing/Agency,7,0.548,5,2,3.19,2,15,1,2024-08-01,7,203
C05076,2025-10-01,Basic,29,Month-to-month,ACH/Bank Transfer,India,Nonprofit,10,0.507,5,1,3.14,0,7,0,,11,319
C05077,2023-07-01,Basic,29,Month-to-month,Credit Card,USA,SaaS/Tech,31,0.563,3,2,3.31,0,1,1,2024-10-01,16,464
C05078,2026-07-01,Pro,79,1-Year,Credit Card,Australia,E-commerce,38,0.76,4,1,4.72,0,4,0,,2,158
C05079,2023-05-01,Enterprise,199,2-Year,Credit Card,UK,Manufacturing,22,0.163,3,1,2.63,0,9,0,,40,7960
C05080,2023-06-01,Enterprise,199,Month-to-month,Credit Card,USA,Healthcare,33,0.565,6,2,3.76,0,33,0,,39,7761
C05081,2024-03-01,Pro,79,1-Year,ACH/Bank Transfer,India,Marketing/Agency,4,0.484,2,3,3.74,0,4,0,,30,2370
C05082,2023-01-01,Pro,79,2-Year,Credit Card,USA,Marketing/Agency,25,0.389,8,2,2.57,0,3,0,,44,3476
C05083,2023-07-01,Basic,29,1-Year,PayPal,UK,Manufacturing,25,0.292,2,2,4.23,1,8,1,2024-01-01,7,203
C05084,2024-04-01,Basic,29,2-Year,Credit Card,USA,SaaS/Tech,24,0.408,6,2,3.44,0,6,0,,29,841
C05085,2024-11-01,Basic,29,Month-to-month,ACH/Bank Transfer,UK,Finance,23,0.267,1,4,2.96,0,34,0,,22,638
C05086,2026-03-01,Pro,79,1-Year,ACH/Bank Transfer,USA,E-commerce,38,0.539,3,1,4.64,0,14,0,,6,474
C05087,2025-12-01,Basic,29,Month-to-month,PayPal,Canada,Manufacturing,31,0.305,2,2,5.0,0,0,0,,9,261
C05088,2024-08-01,Basic,29,1-Year,ACH/Bank Transfer,Australia,Nonprofit,22,0.389,3,1,3.05,0,4,0,,25,725
C05089,2025-09-01,Enterprise,199,Month-to-month,Credit Card,USA,E-commerce,232,0.839,6,1,3.72,0,5,0,,12,2388
C05090,2023-01-01,Pro,79,1-Year,Credit Card,Australia,Education,11,0.64,3,1,3.78,2,0,1,2023-10-01,10,790
C05091,2024-06-01,Basic,29,Month-to-month,Manual Invoice,Australia,Finance,6,0.536,4,1,3.53,1,12,1,2025-09-01,16,464
C05092,2023-12-01,Enterprise,199,2-Year,ACH/Bank Transfer,Germany,Education,19,0.598,3,3,4.28,0,4,0,,33,6567
C05093,2024-05-01,Pro,79,Month-to-month,Credit Card,UK,Education,5,0.391,4,1,4.71,1,2,1,2025-08-01,16,1264
C05094,2024-02-01,Basic,29,Month-to-month,ACH/Bank Transfer,Canada,SaaS/Tech,7,0.612,4,1,5.0,0,23,0,,31,899
C05095,2023-02-01,Enterprise,199,1-Year,Credit Card,USA,SaaS/Tech,44,0.683,3,2,2.48,1,22,1,2024-01-01,12,2388
C05096,2026-04-01,Pro,79,1-Year,Credit Card,Australia,E-commerce,2,0.666,9,1,3.2,0,0,0,,5,395
C05097,2024-01-01,Basic,29,2-Year,ACH/Bank Transfer,USA,Education,11,0.638,4,1,3.72,1,6,0,,32,928
C05098,2025-08-01,Basic,29,1-Year,Credit Card,USA,Marketing/Agency,41,0.885,5,0,4.99,1,19,0,,13,377
C05099,2025-12-01,Enterprise,199,Month-to-month,Credit Card,USA,E-commerce,11,0.179,2,0,4.43,0,39,0,,9,1791
C05100,2026-04-01,Basic,29,Month-to-month,ACH/Bank Transfer,Canada,Education,11,0.913,5,0,2.97,2,41,0,,5,145
C05101,2025-06-01,Pro,79,Month-to-month,Credit Card,UK,Education,20,0.65,1,1,3.8,0,14,0,,15,1185
C05102,2025-11-01,Pro,79,1-Year,PayPal,India,Marketing/Agency,18,0.413,3,2,3.32,1,6,0,,10,790
C05103,2026-05-01,Basic,29,1-Year,Manual Invoice,India,Finance,25,0.825,8,2,2.41,0,21,0,,4,116
C05104,2026-06-01,Basic,29,1-Year,Credit Card,Australia,Finance,15,0.868,1,1,2.4,0,3,0,,3,87
C05105,2024-07-01,Basic,29,1-Year,Credit Card,USA,Education,158,0.431,9,2,3.56,0,22,0,,26,754
C05106,2023-07-01,Pro,79,Month-to-month,Credit Card,USA,Finance,10,0.441,1,0,4.1,0,0,0,,38,3002
C05107,2026-07-01,Enterprise,199,1-Year,Credit Card,India,SaaS/Tech,8,0.415,2,1,5.0,0,12,0,,2,398
C05108,2023-02-01,Enterprise,199,1-Year,Credit Card,India,Education,12,0.489,6,2,5.0,0,16,0,,43,8557
C05109,2023-03-01,Enterprise,199,Month-to-month,PayPal,India,E-commerce,8,0.877,6,1,5.0,0,5,0,,42,8358
C05110,2026-04-01,Enterprise,199,2-Year,ACH/Bank Transfer,Germany,Finance,8,1.0,3,2,3.65,2,34,0,,5,995
C05111,2024-08-01,Pro,79,Month-to-month,Credit Card,USA,Manufacturing,23,0.734,7,2,4.18,0,11,0,,25,1975
C05112,2025-08-01,Enterprise,199,2-Year,Credit Card,India,Marketing/Agency,11,0.659,5,1,4.91,1,23,0,,13,2587
C05113,2024-05-01,Basic,29,Month-to-month,PayPal,USA,Marketing/Agency,86,0.667,4,1,4.07,1,21,0,,28,812
C05114,2025-12-01,Basic,29,Month-to-month,Credit Card,Germany,Finance,50,0.348,4,0,5.0,1,12,0,,9,261
C05115,2024-09-01,Basic,29,Month-to-month,Credit Card,Canada,E-commerce,3,0.828,4,0,4.39,0,4,0,,24,696
C05116,2024-04-01,Pro,79,Month-to-month,Credit Card,USA,Manufacturing,70,0.42,3,2,5.0,0,3,0,,29,2291
C05117,2023-03-01,Basic,29,Month-to-month,Manual Invoice,Canada,Education,27,0.506,2,1,3.89,1,20,0,,42,1218
C05118,2024-06-01,Basic,29,Month-to-month,Credit Card,Canada,Education,46,0.371,9,0,2.81,1,2,0,,27,783
C05119,2025-04-01,Basic,29,Month-to-month,Manual Invoice,USA,Marketing/Agency,12,0.709,2,1,3.56,2,7,1,2025-04-01,1,29
C05120,2023-12-01,Pro,79,Month-to-month,ACH/Bank Transfer,India,Healthcare,23,0.392,5,2,3.81,2,7,1,2024-04-01,5,395
C05121,2025-04-01,Enterprise,199,Month-to-month,Credit Card,USA,Healthcare,9,0.719,1,1,1.9,2,0,0,,17,3383
C05122,2025-12-01,Basic,29,1-Year,Credit Card,Australia,Nonprofit,14,0.546,3,1,2.44,0,18,0,,9,261
C05123,2024-08-01,Pro,79,2-Year,Credit Card,USA,Marketing/Agency,11,0.59,7,1,3.27,0,2,0,,25,1975
C05124,2023-01-01,Basic,29,2-Year,PayPal,India,Nonprofit,16,0.769,3,1,4.54,1,7,0,,44,1276
C05125,2026-02-01,Enterprise,199,Month-to-month,Credit Card,India,E-commerce,42,0.759,2,0,4.13,0,1,0,,7,1393
C05126,2025-03-01,Pro,79,Month-to-month,Credit Card,USA,SaaS/Tech,13,0.537,7,3,4.66,2,20,1,2026-05-01,15,1185
C05127,2025-06-01,Basic,29,2-Year,Credit Card,India,Marketing/Agency,15,0.539,6,0,4.92,2,57,0,,15,435
C05128,2023-09-01,Enterprise,199,1-Year,ACH/Bank Transfer,USA,Healthcare,7,0.522,6,4,3.95,0,0,0,,36,7164
C05129,2023-09-01,Basic,29,Month-to-month,ACH/Bank Transfer,USA,Finance,18,0.682,1,5,4.0,2,8,1,2024-11-01,15,435
C05130,2026-04-01,Basic,29,Month-to-month,Credit Card,UK,SaaS/Tech,11,0.833,1,2,3.65,1,38,0,,5,145
C05131,2026-06-01,Pro,79,2-Year,Credit Card,India,Nonprofit,9,0.53,7,0,5.0,1,16,0,,3,237
C05132,2024-06-01,Enterprise,199,2-Year,ACH/Bank Transfer,USA,Finance,2,0.267,0,2,2.55,2,3,1,2025-06-01,13,2587
C05133,2026-06-01,Pro,79,1-Year,Credit Card,Germany,Nonprofit,14,0.462,3,3,2.26,0,7,0,,3,237
C05134,2025-08-01,Basic,29,1-Year,Credit Card,Canada,Marketing/Agency,12,0.388,5,0,5.0,0,5,0,,13,377
C05135,2023-06-01,Enterprise,199,1-Year,Credit Card,USA,Healthcare,12,0.268,3,0,3.86,0,8,0,,39,7761
C05136,2023-02-01,Basic,29,Month-to-month,ACH/Bank Transfer,UK,Healthcare,33,0.869,3,0,3.32,1,11,0,,43,1247
C05137,2023-04-01,Enterprise,199,Month-to-month,PayPal,USA,Healthcare,36,0.73,3,0,4.96,0,3,0,,41,8159
C05138,2025-08-01,Pro,79,2-Year,Manual Invoice,UK,Finance,7,0.956,2,0,3.62,0,7,0,,13,1027
C05139,2025-04-01,Basic,29,1-Year,ACH/Bank Transfer,Canada,Marketing/Agency,2,0.769,3,1,3.63,1,28,0,,17,493
C05140,2025-11-01,Pro,79,1-Year,ACH/Bank Transfer,UK,Marketing/Agency,6,0.371,3,0,2.31,1,5,1,2025-11-01,1,79
C05141,2024-11-01,Basic,29,Month-to-month,Manual Invoice,Canada,Nonprofit,117,0.514,5,0,4.5,0,2,0,,22,638
C05142,2023-06-01,Enterprise,199,1-Year,ACH/Bank Transfer,Australia,Healthcare,40,0.65,3,2,3.92,0,5,0,,39,7761
C05143,2026-07-01,Pro,79,Month-to-month,Credit Card,USA,Healthcare,34,0.533,3,0,3.19,2,15,0,,2,158
C05144,2026-05-01,Enterprise,199,2-Year,ACH/Bank Transfer,USA,SaaS/Tech,19,0.676,4,3,4.3,0,2,0,,4,796
C05145,2025-07-01,Pro,79,Month-to-month,Credit Card,UK,Nonprofit,46,0.838,7,3,4.78,1,6,0,,14,1106
C05146,2026-02-01,Pro,79,Month-to-month,Credit Card,Germany,E-commerce,46,0.572,4,3,3.24,0,11,0,,7,553
C05147,2023-03-01,Basic,29,1-Year,ACH/Bank Transfer,Germany,SaaS/Tech,4,0.655,2,1,3.81,0,24,0,,42,1218
C05148,2024-10-01,Pro,79,Month-to-month,ACH/Bank Transfer,Canada,E-commerce,1,1.0,2,0,1.82,0,32,0,,23,1817
C05149,2024-11-01,Basic,29,Month-to-month,Manual Invoice,UK,Nonprofit,6,0.137,2,0,4.75,0,1,1,2025-08-01,10,290
C05150,2025-03-01,Pro,79,Month-to-month,ACH/Bank Transfer,USA,Education,17,0.362,5,0,2.57,0,29,0,,18,1422
C05151,2025-01-01,Basic,29,2-Year,Credit Card,Canada,Marketing/Agency,40,0.825,2,2,4.73,0,0,0,,20,580
C05152,2025-01-01,Pro,79,Month-to-month,Credit Card,Australia,E-commerce,38,0.369,3,4,3.74,1,26,1,2026-07-01,19,1501
C05153,2024-11-01,Pro,79,2-Year,Credit Card,Australia,SaaS/Tech,38,0.634,0,0,2.14,0,5,0,,22,1738
C05154,2025-05-01,Basic,29,Month-to-month,Credit Card,USA,E-commerce,23,0.394,2,1,3.06,1,3,1,2026-06-01,14,406
C05155,2026-05-01,Pro,79,1-Year,Credit Card,USA,Education,4,0.72,7,1,5.0,0,13,0,,4,316
C05156,2024-09-01,Pro,79,1-Year,PayPal,Canada,Nonprofit,18,0.913,2,2,4.46,0,33,0,,24,1896
C05157,2024-12-01,Enterprise,199,1-Year,Credit Card,Germany,Finance,1,0.426,6,3,4.79,1,10,0,,21,4179
C05158,2024-12-01,Enterprise,199,1-Year,Credit Card,UK,Finance,36,0.512,3,0,2.84,1,1,0,,21,4179
C05159,2023-09-01,Pro,79,2-Year,PayPal,Canada,SaaS/Tech,138,0.661,2,1,4.1,0,2,0,,36,2844
C05160,2026-01-01,Basic,29,Month-to-month,Credit Card,Germany,Healthcare,8,0.133,1,3,3.24,1,10,1,2026-07-01,7,203
C05161,2023-05-01,Basic,29,1-Year,ACH/Bank Transfer,USA,SaaS/Tech,21,0.409,2,4,5.0,0,11,0,,40,1160
C05162,2025-08-01,Basic,29,1-Year,Credit Card,India,Finance,36,0.144,4,0,3.9,0,0,0,,13,377
C05163,2024-06-01,Pro,79,Month-to-month,PayPal,Canada,Nonprofit,60,0.849,4,1,4.98,0,2,0,,27,2133
C05164,2024-12-01,Enterprise,199,2-Year,ACH/Bank Transfer,USA,Marketing/Agency,18,0.437,5,0,4.95,0,0,0,,21,4179
C05165,2025-07-01,Pro,79,1-Year,Credit Card,UK,Finance,38,0.727,6,0,4.54,1,1,0,,14,1106
C05166,2023-05-01,Pro,79,1-Year,ACH/Bank Transfer,Canada,Education,8,0.708,1,2,2.78,0,3,0,,40,3160
C05167,2023-06-01,Basic,29,Month-to-month,Credit Card,India,E-commerce,46,0.693,5,1,4.67,1,5,1,2025-06-01,25,725
C05168,2023-09-01,Enterprise,199,1-Year,Credit Card,USA,Healthcare,10,0.446,2,0,4.84,0,1,0,,36,7164
C05169,2025-01-01,Basic,29,Month-to-month,Manual Invoice,USA,Education,7,0.463,3,0,3.28,0,10,0,,20,580
C05170,2023-05-01,Basic,29,Month-to-month,Manual Invoice,UK,Marketing/Agency,3,0.109,11,1,3.95,0,11,0,,40,1160
C05171,2023-06-01,Pro,79,Month-to-month,Credit Card,UK,SaaS/Tech,18,0.432,1,0,2.06,1,1,1,2025-08-01,27,2133
C05172,2025-11-01,Pro,79,Month-to-month,PayPal,India,Education,57,0.764,5,0,3.2,0,6,0,,10,790
C05173,2025-06-01,Basic,29,Month-to-month,Credit Card,UK,Education,46,0.55,3,3,3.3,0,1,0,,15,435
C05174,2023-07-01,Basic,29,Month-to-month,Manual Invoice,India,Healthcare,20,0.399,3,1,3.87,0,10,1,2024-12-01,18,522
C05175,2024-10-01,Enterprise,199,1-Year,PayPal,USA,Finance,7,0.526,4,0,5.0,0,0,0,,23,4577
C05176,2026-06-01,Pro,79,Month-to-month,Credit Card,Australia,Manufacturing,6,0.02,8,1,4.37,1,3,0,,3,237
C05177,2024-01-01,Basic,29,1-Year,ACH/Bank Transfer,Canada,Education,4,0.074,6,1,3.09,0,2,1,2026-04-01,28,812
C05178,2024-06-01,Basic,29,2-Year,Credit Card,India,Finance,1,0.458,4,0,2.99,0,1,0,,27,783
C05179,2024-01-01,Enterprise,199,Month-to-month,Credit Card,Germany,Healthcare,4,0.711,4,1,5.0,0,2,0,,32,6368
C05180,2024-03-01,Basic,29,1-Year,Credit Card,USA,Nonprofit,15,0.7,6,1,3.97,2,15,0,,30,870
C05181,2024-09-01,Pro,79,2-Year,ACH/Bank Transfer,India,Marketing/Agency,16,0.616,6,1,4.75,1,0,1,2026-07-01,23,1817
C05182,2025-09-01,Pro,79,Month-to-month,PayPal,USA,Marketing/Agency,12,0.766,3,3,4.88,0,1,0,,12,948
C05183,2025-04-01,Basic,29,Month-to-month,Credit Card,Australia,Nonprofit,8,0.346,4,3,3.08,0,0,0,,17,493
C05184,2023-11-01,Pro,79,Month-to-month,Credit Card,USA,Healthcare,29,0.956,5,1,5.0,2,7,0,,34,2686
C05185,2026-01-01,Enterprise,199,Month-to-month,Credit Card,USA,Finance,50,0.81,5,1,3.41,1,5,0,,8,1592
C05186,2023-08-01,Basic,29,Month-to-month,Credit Card,Canada,SaaS/Tech,1,0.908,2,3,5.0,0,0,0,,37,1073
C05187,2024-09-01,Basic,29,2-Year,Credit Card,Canada,Healthcare,10,0.676,5,2,4.54,0,4,0,,24,696
C05188,2026-05-01,Pro,79,1-Year,Credit Card,Germany,Healthcare,9,0.646,4,3,2.59,0,16,0,,4,316
C05189,2024-07-01,Basic,29,Month-to-month,Credit Card,USA,E-commerce,10,0.554,6,2,3.41,0,2,0,,26,754
C05190,2025-10-01,Enterprise,199,1-Year,ACH/Bank Transfer,India,Marketing/Agency,5,0.814,6,1,3.35,2,6,0,,11,2189
C05191,2023-08-01,Basic,29,Month-to-month,ACH/Bank Transfer,USA,Manufacturing,21,0.02,5,3,3.61,0,1,0,,37,1073
C05192,2023-04-01,Pro,79,1-Year,PayPal,USA,Education,11,0.705,7,2,4.98,1,3,0,,41,3239
C05193,2025-09-01,Enterprise,199,Month-to-month,PayPal,USA,Education,1,0.341,5,0,5.0,1,4,0,,12,2388
C05194,2024-12-01,Basic,29,Month-to-month,Credit Card,Canada,SaaS/Tech,4,0.988,3,1,3.65,0,4,0,,21,609
C05195,2025-12-01,Pro,79,1-Year,Credit Card,Australia,E-commerce,29,0.482,4,2,2.65,0,7,0,,9,711
C05196,2023-08-01,Basic,29,1-Year,Manual Invoice,Canada,E-commerce,7,0.67,2,1,3.27,0,8,0,,37,1073
C05197,2023-08-01,Pro,79,Month-to-month,Manual Invoice,India,Education,4,0.661,2,1,4.81,1,1,0,,37,2923
C05198,2024-10-01,Basic,29,Month-to-month,Credit Card,India,E-commerce,12,0.396,2,2,4.36,0,15,0,,23,667
C05199,2023-09-01,Basic,29,1-Year,ACH/Bank Transfer,Canada,Finance,6,0.396,5,0,5.0,0,13,1,2026-01-01,29,841
C05200,2025-03-01,Pro,79,Month-to-month,Credit Card,Canada,E-commerce,169,0.813,8,2,5.0,1,13,0,,18,1422
C05201,2024-06-01,Pro,79,Month-to-month,ACH/Bank Transfer,USA,Marketing/Agency,56,0.654,5,0,5.0,1,1,0,,27,2133
C05202,2024-04-01,Pro,79,2-Year,Manual Invoice,India,SaaS/Tech,40,0.653,9,0,3.57,0,12,0,,29,2291
C05203,2025-08-01,Enterprise,199,Month-to-month,ACH/Bank Transfer,UK,Healthcare,2,0.596,1,1,4.68,2,23,1,2025-09-01,2,398
C05204,2024-02-01,Pro,79,Month-to-month,Manual Invoice,Germany,Manufacturing,65,0.247,4,2,4.19,1,27,1,2025-07-01,18,1422
C05205,2025-10-01,Pro,79,1-Year,Manual Invoice,India,Manufacturing,5,0.125,3,1,3.59,1,3,0,,11,869
C05206,2024-02-01,Pro,79,2-Year,Credit Card,Australia,E-commerce,18,0.819,3,0,4.01,1,4,0,,31,2449
C05207,2026-02-01,Basic,29,Month-to-month,Credit Card,USA,Manufacturing,15,0.359,2,0,3.78,0,1,0,,7,203
C05208,2026-03-01,Basic,29,Month-to-month,ACH/Bank Transfer,USA,Marketing/Agency,1,0.305,6,3,4.33,0,25,0,,6,174
C05209,2024-09-01,Pro,79,1-Year,Credit Card,USA,E-commerce,3,0.735,2,0,3.95,0,10,0,,24,1896
C05210,2023-09-01,Enterprise,199,Month-to-month,ACH/Bank Transfer,USA,Healthcare,6,0.287,5,0,3.3,0,6,0,,36,7164
C05211,2025-02-01,Pro,79,Month-to-month,ACH/Bank Transfer,India,Finance,62,0.632,6,0,3.38,1,13,0,,19,1501
C05212,2025-07-01,Basic,29,1-Year,Credit Card,USA,Marketing/Agency,36,0.673,6,2,2.99,0,0,0,,14,406
C05213,2026-02-01,Enterprise,199,2-Year,Credit Card,Germany,E-commerce,14,0.627,1,1,4.81,0,5,0,,7,1393
C05214,2026-06-01,Basic,29,Month-to-month,Credit Card,India,Healthcare,3,0.582,4,2,2.14,0,2,0,,3,87
C05215,2024-07-01,Basic,29,1-Year,PayPal,Germany,Manufacturing,49,0.78,3,1,3.21,0,2,0,,26,754
C05216,2026-05-01,Pro,79,Month-to-month,Credit Card,USA,Healthcare,1,0.771,2,1,3.42,0,3,0,,4,316
C05217,2024-09-01,Basic,29,1-Year,Credit Card,Canada,Nonprofit,87,0.056,3,2,4.34,0,2,1,2025-11-01,15,435
C05218,2025-01-01,Basic,29,Month-to-month,ACH/Bank Transfer,India,Finance,24,0.445,7,1,4.52,2,22,0,,20,580
C05219,2023-09-01,Basic,29,Month-to-month,Credit Card,India,Manufacturing,9,0.459,6,0,3.02,0,8,0,,36,1044
C05220,2024-07-01,Basic,29,2-Year,ACH/Bank Transfer,USA,Education,4,0.493,3,2,3.32,0,14,0,,26,754
C05221,2025-05-01,Enterprise,199,1-Year,PayPal,USA,Marketing/Agency,25,0.841,5,0,4.3,1,5,0,,16,3184
C05222,2024-02-01,Basic,29,1-Year,ACH/Bank Transfer,India,Nonprofit,20,0.506,4,1,2.14,1,16,1,2024-07-01,6,174
C05223,2026-05-01,Basic,29,1-Year,ACH/Bank Transfer,USA,Healthcare,20,0.709,7,2,4.41,1,0,0,,4,116
C05224,2023-09-01,Pro,79,1-Year,Credit Card,USA,Marketing/Agency,38,0.511,2,1,5.0,1,7,0,,36,2844
C05225,2023-02-01,Basic,29,1-Year,Manual Invoice,UK,E-commerce,19,0.372,6,1,3.81,0,22,0,,43,1247
C05226,2024-08-01,Enterprise,199,1-Year,ACH/Bank Transfer,USA,E-commerce,33,0.423,3,2,3.05,0,0,1,2025-02-01,7,1393
C05227,2024-10-01,Enterprise,199,1-Year,PayPal,Australia,Finance,7,0.608,4,1,4.14,0,14,0,,23,4577
C05228,2026-06-01,Pro,79,Month-to-month,Credit Card,India,SaaS/Tech,9,0.724,2,1,4.64,0,1,0,,3,237
C05229,2025-03-01,Basic,29,1-Year,ACH/Bank Transfer,USA,Nonprofit,45,0.464,5,2,3.12,0,29,1,2025-04-01,2,58
C05230,2024-11-01,Enterprise,199,Month-to-month,ACH/Bank Transfer,India,Marketing/Agency,11,0.199,1,2,3.94,1,7,1,2025-01-01,3,597
C05231,2023-09-01,Pro,79,Month-to-month,ACH/Bank Transfer,UK,Marketing/Agency,13,0.556,5,0,3.61,0,9,1,2024-06-01,10,790
C05232,2024-04-01,Basic,29,2-Year,Manual Invoice,UK,E-commerce,49,0.511,5,1,3.24,0,29,0,,29,841
C05233,2023-06-01,Pro,79,Month-to-month,Credit Card,USA,E-commerce,44,0.526,2,1,5.0,1,6,1,2025-01-01,20,1580
C05234,2023-04-01,Basic,29,Month-to-month,Credit Card,Canada,Healthcare,18,0.744,2,0,5.0,0,2,0,,41,1189
C05235,2025-04-01,Basic,29,1-Year,PayPal,USA,Finance,9,0.169,2,3,3.75,0,2,0,,17,493
C05236,2026-04-01,Basic,29,Month-to-month,ACH/Bank Transfer,USA,Manufacturing,16,1.0,1,1,3.63,2,14,0,,5,145
C05237,2025-12-01,Enterprise,199,1-Year,Credit Card,USA,E-commerce,4,0.673,5,0,5.0,0,35,0,,9,1791
C05238,2025-11-01,Pro,79,Month-to-month,Credit Card,USA,Education,5,0.395,4,2,4.31,2,29,0,,10,790
C05239,2023-03-01,Pro,79,1-Year,Credit Card,USA,Healthcare,9,0.726,8,1,2.83,0,1,0,,42,3318
C05240,2025-10-01,Basic,29,Month-to-month,PayPal,India,E-commerce,64,0.627,3,1,3.53,0,19,0,,11,319
C05241,2024-10-01,Basic,29,1-Year,Credit Card,Canada,Healthcare,44,0.786,4,2,5.0,0,3,0,,23,667
C05242,2024-12-01,Pro,79,Month-to-month,Credit Card,Australia,Healthcare,19,0.516,6,1,3.39,0,7,0,,21,1659
C05243,2023-02-01,Basic,29,Month-to-month,Credit Card,India,E-commerce,43,1.0,3,3,4.82,0,32,0,,43,1247
C05244,2025-04-01,Basic,29,1-Year,Credit Card,Germany,Marketing/Agency,7,0.637,4,1,4.52,2,5,0,,17,493
C05245,2024-11-01,Basic,29,2-Year,Credit Card,USA,SaaS/Tech,10,0.542,4,1,4.92,1,11,0,,22,638
C05246,2024-04-01,Pro,79,Month-to-month,Credit Card,India,Nonprofit,51,0.505,8,2,4.46,0,5,0,,29,2291
C05247,2025-06-01,Enterprise,199,Month-to-month,Credit Card,USA,Finance,27,0.273,2,2,2.77,0,7,1,2025-07-01,2,398
C05248,2024-08-01,Pro,79,1-Year,Credit Card,India,Healthcare,48,0.475,4,0,5.0,2,21,0,,25,1975
C05249,2024-06-01,Pro,79,Month-to-month,Credit Card,India,E-commerce,12,0.269,5,2,5.0,0,20,0,,27,2133
C05250,2025-03-01,Basic,29,Month-to-month,PayPal,India,E-commerce,62,0.327,7,0,3.53,0,1,0,,18,522
C05251,2024-02-01,Basic,29,2-Year,PayPal,USA,Nonprofit,6,0.656,3,0,4.1,0,0,0,,31,899
C05252,2024-04-01,Basic,29,Month-to-month,PayPal,USA,Marketing/Agency,3,0.571,7,1,2.91,0,7,0,,29,841
C05253,2024-02-01,Pro,79,2-Year,Credit Card,Canada,Manufacturing,8,0.928,4,2,5.0,0,4,0,,31,2449
C05254,2026-06-01,Enterprise,199,Month-to-month,PayPal,Germany,SaaS/Tech,39,0.28,0,1,5.0,1,23,0,,3,597
C05255,2023-01-01,Basic,29,Month-to-month,Credit Card,UK,Nonprofit,40,0.388,5,1,3.96,1,6,1,2023-06-01,6,174
C05256,2024-03-01,Pro,79,1-Year,Credit Card,USA,Nonprofit,12,0.452,0,3,2.93,0,8,0,,30,2370
C05257,2025-11-01,Pro,79,1-Year,ACH/Bank Transfer,UK,Healthcare,6,0.626,3,3,3.08,0,10,0,,10,790
C05258,2024-02-01,Enterprise,199,Month-to-month,PayPal,UK,Healthcare,9,0.766,6,1,4.4,2,59,0,,31,6169
C05259,2025-01-01,Pro,79,Month-to-month,Credit Card,Germany,Education,18,0.691,5,2,4.76,0,9,1,2025-11-01,11,869
C05260,2025-07-01,Pro,79,1-Year,ACH/Bank Transfer,Australia,Nonprofit,1,0.963,4,1,2.67,0,103,0,,14,1106
C05261,2025-11-01,Pro,79,Month-to-month,ACH/Bank Transfer,USA,Nonprofit,5,0.425,4,1,3.85,0,7,0,,10,790
C05262,2025-11-01,Basic,29,Month-to-month,Credit Card,USA,Marketing/Agency,19,0.515,5,0,4.21,2,7,0,,10,290
C05263,2026-04-01,Basic,29,2-Year,Credit Card,Australia,E-commerce,5,0.351,6,0,4.7,1,5,0,,5,145
C05264,2026-02-01,Basic,29,Month-to-month,Credit Card,USA,Nonprofit,10,0.604,6,1,4.28,0,11,0,,7,203
C05265,2023-08-01,Pro,79,Month-to-month,Credit Card,India,Manufacturing,58,0.724,1,0,2.98,2,6,1,2024-07-01,12,948
C05266,2024-08-01,Enterprise,199,Month-to-month,Manual Invoice,Germany,Healthcare,5,0.479,3,4,3.03,1,8,1,2026-04-01,21,4179
C05267,2023-04-01,Pro,79,1-Year,Credit Card,Canada,Healthcare,7,0.532,3,1,2.2,1,13,1,2025-11-01,32,2528
C05268,2025-02-01,Basic,29,1-Year,Credit Card,UK,Marketing/Agency,15,0.232,3,0,4.36,1,2,0,,19,551
C05269,2024-03-01,Pro,79,Month-to-month,Credit Card,India,Finance,56,0.443,7,1,2.72,0,5,0,,30,2370
C05270,2025-04-01,Basic,29,Month-to-month,Credit Card,India,Nonprofit,20,0.302,4,1,3.93,0,7,0,,17,493
C05271,2025-12-01,Pro,79,Month-to-month,Credit Card,Australia,Manufacturing,34,0.416,3,0,4.7,0,11,0,,9,711
C05272,2025-02-01,Enterprise,199,1-Year,Credit Card,UK,Manufacturing,13,0.672,4,0,3.14,1,11,0,,19,3781
C05273,2023-02-01,Pro,79,Month-to-month,Credit Card,UK,Manufacturing,13,0.394,3,0,4.03,1,12,0,,43,3397
C05274,2023-04-01,Basic,29,2-Year,Credit Card,Australia,Finance,27,0.15,3,2,5.0,0,2,0,,41,1189
C05275,2024-10-01,Pro,79,Month-to-month,Manual Invoice,UK,Finance,36,0.305,5,0,3.83,2,3,1,2025-10-01,13,1027
C05276,2023-08-01,Basic,29,1-Year,Credit Card,India,SaaS/Tech,71,0.48,0,3,3.1,0,6,1,2024-11-01,16,464
C05277,2026-02-01,Enterprise,199,Month-to-month,Credit Card,USA,Healthcare,11,0.557,1,0,5.0,0,3,0,,7,1393
C05278,2026-03-01,Basic,29,1-Year,Manual Invoice,USA,Finance,12,0.63,3,4,4.75,2,14,0,,6,174
C05279,2024-05-01,Enterprise,199,Month-to-month,Credit Card,India,Education,14,0.698,5,1,3.96,0,12,0,,28,5572
C05280,2023-01-01,Basic,29,Month-to-month,Credit Card,USA,Marketing/Agency,79,0.483,5,1,4.11,0,14,0,,44,1276
C05281,2026-07-01,Basic,29,1-Year,Credit Card,UK,Manufacturing,23,0.367,2,2,4.39,0,12,0,,2,58
C05282,2026-07-01,Basic,29,Month-to-month,Credit Card,USA,Marketing/Agency,12,0.02,4,1,2.3,0,0,0,,2,58
C05283,2026-01-01,Pro,79,1-Year,Credit Card,USA,Finance,5,0.724,5,0,3.86,0,12,0,,8,632
C05284,2026-06-01,Basic,29,1-Year,Credit Card,Canada,SaaS/Tech,8,0.159,2,1,5.0,1,3,0,,3,87
C05285,2023-09-01,Pro,79,Month-to-month,Credit Card,USA,Nonprofit,8,0.895,3,1,3.3,2,2,0,,36,2844
C05286,2024-10-01,Pro,79,Month-to-month,PayPal,India,Healthcare,10,0.279,2,3,2.95,0,12,0,,23,1817
C05287,2024-03-01,Enterprise,199,Month-to-month,Credit Card,India,Nonprofit,33,0.444,6,0,3.34,2,8,0,,30,5970
C05288,2024-02-01,Basic,29,Month-to-month,Credit Card,India,Marketing/Agency,8,0.532,7,2,3.69,0,13,0,,31,899
C05289,2024-11-01,Enterprise,199,Month-to-month,Credit Card,India,Education,2,0.767,5,1,4.89,0,1,0,,22,4378
C05290,2024-08-01,Basic,29,Month-to-month,ACH/Bank Transfer,USA,Marketing/Agency,6,0.097,3,1,3.73,2,18,1,2025-02-01,7,203
C05291,2023-04-01,Basic,29,2-Year,Credit Card,USA,Nonprofit,75,0.532,2,0,5.0,1,3,0,,41,1189
C05292,2023-08-01,Pro,79,1-Year,Credit Card,Germany,Healthcare,1,0.375,9,1,4.17,0,17,0,,37,2923
C05293,2025-09-01,Basic,29,2-Year,Credit Card,USA,Nonprofit,47,0.285,5,1,3.1,0,0,0,,12,348
C05294,2024-02-01,Basic,29,Month-to-month,ACH/Bank Transfer,USA,E-commerce,12,0.584,3,2,3.56,1,0,1,2024-04-01,3,87
C05295,2024-09-01,Basic,29,Month-to-month,Credit Card,India,Healthcare,7,0.375,3,2,3.7,1,7,0,,24,696
C05296,2023-02-01,Pro,79,Month-to-month,Credit Card,Australia,Marketing/Agency,9,0.759,6,2,5.0,2,9,0,,43,3397
C05297,2026-05-01,Pro,79,Month-to-month,Credit Card,Germany,Healthcare,1,0.585,4,0,5.0,1,8,0,,4,316
C05298,2024-12-01,Pro,79,Month-to-month,Credit Card,USA,Nonprofit,14,0.229,4,1,3.19,0,2,0,,21,1659
C05299,2024-10-01,Basic,29,Month-to-month,Manual Invoice,India,Nonprofit,2,0.376,6,1,4.25,0,9,0,,23,667
C05300,2025-03-01,Basic,29,1-Year,Manual Invoice,Australia,E-commerce,51,0.546,0,0,4.54,2,64,0,,18,522
C05301,2024-02-01,Basic,29,Month-to-month,Credit Card,USA,Healthcare,26,0.425,4,1,3.83,1,13,0,,31,899
C05302,2023-05-01,Pro,79,Month-to-month,Credit Card,Canada,Healthcare,17,0.384,4,0,3.94,1,5,1,2026-02-01,34,2686
C05303,2024-05-01,Basic,29,Month-to-month,Manual Invoice,Australia,Nonprofit,177,0.867,7,3,4.4,1,6,0,,28,812
C05304,2025-04-01,Basic,29,Month-to-month,Credit Card,USA,Education,2,0.502,5,0,5.0,1,1,0,,17,493
C05305,2024-11-01,Basic,29,1-Year,Credit Card,Germany,SaaS/Tech,7,0.813,4,0,3.39,0,14,0,,22,638
C05306,2024-06-01,Basic,29,Month-to-month,Credit Card,UK,Nonprofit,31,0.334,3,3,2.36,0,2,1,2024-11-01,6,174
C05307,2023-01-01,Pro,79,1-Year,Credit Card,USA,Manufacturing,32,0.654,5,5,3.24,1,10,1,2025-02-01,26,2054
C05308,2023-09-01,Basic,29,Month-to-month,Credit Card,Australia,Finance,59,0.561,7,0,5.0,0,8,0,,36,1044
C05309,2023-07-01,Basic,29,1-Year,ACH/Bank Transfer,Canada,E-commerce,2,0.106,3,3,3.91,1,9,1,2023-07-01,1,29
C05310,2026-04-01,Pro,79,2-Year,Credit Card,USA,Education,27,0.608,5,1,3.26,0,9,0,,5,395
C05311,2024-09-01,Basic,29,Month-to-month,ACH/Bank Transfer,Germany,E-commerce,9,0.541,4,2,4.57,1,9,0,,24,696
C05312,2026-07-01,Pro,79,Month-to-month,ACH/Bank Transfer,Germany,Healthcare,2,0.323,10,3,2.89,0,2,0,,2,158
C05313,2025-02-01,Pro,79,2-Year,Credit Card,UK,E-commerce,9,0.869,7,0,2.02,0,13,0,,19,1501
C05314,2025-01-01,Pro,79,Month-to-month,Credit Card,India,E-commerce,4,0.359,7,0,4.99,0,2,0,,20,1580
C05315,2025-11-01,Pro,79,2-Year,Credit Card,Australia,Nonprofit,7,0.613,7,3,3.74,0,10,0,,10,790
C05316,2025-10-01,Enterprise,199,Month-to-month,PayPal,UK,Finance,71,0.95,5,1,5.0,2,1,0,,11,2189
C05317,2025-12-01,Pro,79,Month-to-month,Manual Invoice,UK,Finance,1,0.407,1,0,4.41,0,18,0,,9,711
C05318,2025-12-01,Basic,29,Month-to-month,Credit Card,UK,E-commerce,2,0.02,2,3,4.43,0,2,0,,9,261
C05319,2025-12-01,Basic,29,Month-to-month,Credit Card,India,Manufacturing,4,0.865,6,2,4.02,0,10,0,,9,261
C05320,2023-07-01,Enterprise,199,1-Year,Manual Invoice,USA,Healthcare,12,0.721,3,1,3.87,0,6,1,2024-01-01,7,1393
C05321,2025-07-01,Basic,29,Month-to-month,Manual Invoice,Germany,Healthcare,15,0.569,5,1,4.58,0,34,0,,14,406
C05322,2023-05-01,Basic,29,Month-to-month,ACH/Bank Transfer,India,Marketing/Agency,5,0.795,1,2,2.82,0,3,1,2024-12-01,20,580
C05323,2023-06-01,Pro,79,Month-to-month,ACH/Bank Transfer,USA,SaaS/Tech,23,0.455,2,2,4.12,1,11,1,2024-06-01,13,1027
C05324,2023-04-01,Pro,79,Month-to-month,Credit Card,Germany,SaaS/Tech,35,0.621,3,1,4.63,1,3,1,2024-01-01,10,790
C05325,2024-06-01,Enterprise,199,2-Year,Credit Card,Canada,SaaS/Tech,12,0.648,2,3,3.45,1,0,0,,27,5373
C05326,2024-12-01,Pro,79,1-Year,Credit Card,UK,SaaS/Tech,5,0.735,6,1,4.44,2,3,0,,21,1659
C05327,2023-03-01,Basic,29,2-Year,Credit Card,USA,Healthcare,13,0.534,5,0,3.51,0,21,0,,42,1218
C05328,2024-03-01,Basic,29,Month-to-month,Credit Card,Canada,SaaS/Tech,11,0.704,2,0,3.67,2,2,1,2025-05-01,15,435
C05329,2023-02-01,Basic,29,Month-to-month,ACH/Bank Transfer,UK,SaaS/Tech,5,0.867,6,3,2.48,1,2,1,2026-06-01,41,1189
C05330,2024-08-01,Enterprise,199,Month-to-month,Credit Card,India,SaaS/Tech,27,0.495,1,1,3.7,2,16,1,2025-01-01,6,1194
C05331,2026-05-01,Pro,79,1-Year,Credit Card,Australia,Marketing/Agency,3,0.529,3,2,3.13,1,4,0,,4,316
C05332,2025-03-01,Enterprise,199,Month-to-month,Credit Card,USA,E-commerce,12,0.727,0,2,3.44,0,3,0,,18,3582
C05333,2025-08-01,Enterprise,199,Month-to-month,Manual Invoice,USA,Finance,7,0.414,2,3,4.26,0,20,0,,13,2587
C05334,2024-01-01,Enterprise,199,2-Year,Credit Card,UK,Manufacturing,8,0.607,5,2,5.0,1,4,0,,32,6368
C05335,2026-06-01,Basic,29,Month-to-month,Credit Card,USA,E-commerce,37,0.418,4,1,2.67,0,16,0,,3,87
C05336,2024-07-01,Pro,79,Month-to-month,Credit Card,UK,Marketing/Agency,46,0.249,3,4,3.73,0,4,0,,26,2054
C05337,2024-02-01,Pro,79,Month-to-month,Credit Card,USA,Nonprofit,10,0.526,3,0,4.98,1,2,0,,31,2449
C05338,2026-04-01,Basic,29,2-Year,Credit Card,Canada,Nonprofit,142,0.715,2,3,3.65,0,20,0,,5,145
C05339,2024-08-01,Basic,29,Month-to-month,Credit Card,UK,SaaS/Tech,38,0.427,5,6,3.73,1,10,1,2025-08-01,13,377
C05340,2026-02-01,Basic,29,1-Year,Credit Card,Canada,Nonprofit,47,0.052,2,2,3.87,1,6,0,,7,203
C05341,2023-01-01,Basic,29,2-Year,Credit Card,Germany,SaaS/Tech,229,0.871,5,2,4.62,0,4,0,,44,1276
C05342,2024-10-01,Basic,29,Month-to-month,ACH/Bank Transfer,Germany,Education,6,0.752,5,1,5.0,0,1,0,,23,667
C05343,2026-07-01,Enterprise,199,1-Year,PayPal,UK,Nonprofit,7,0.681,4,2,3.25,0,6,0,,2,398
C05344,2023-06-01,Basic,29,2-Year,Credit Card,India,Manufacturing,49,0.202,3,0,2.43,1,20,1,2025-06-01,25,725
C05345,2024-05-01,Basic,29,2-Year,Credit Card,USA,SaaS/Tech,86,0.169,2,1,4.86,0,8,0,,28,812
C05346,2026-07-01,Enterprise,199,1-Year,PayPal,USA,Finance,18,0.673,3,4,4.45,1,11,0,,2,398
C05347,2023-02-01,Pro,79,1-Year,Credit Card,India,SaaS/Tech,56,0.491,3,0,3.23,0,4,0,,43,3397
C05348,2025-11-01,Basic,29,Month-to-month,PayPal,Australia,Manufacturing,23,0.51,3,2,4.18,0,1,0,,10,290
C05349,2025-10-01,Pro,79,2-Year,ACH/Bank Transfer,UK,Marketing/Agency,6,0.639,7,1,3.79,1,27,0,,11,869
C05350,2025-11-01,Basic,29,1-Year,PayPal,USA,E-commerce,71,0.544,6,4,3.82,0,11,0,,10,290
C05351,2025-07-01,Basic,29,2-Year,Manual Invoice,USA,SaaS/Tech,7,0.853,2,3,4.2,0,6,0,,14,406
C05352,2024-12-01,Basic,29,1-Year,Credit Card,USA,Nonprofit,25,0.274,5,1,3.27,1,7,0,,21,609
C05353,2024-04-01,Enterprise,199,Month-to-month,PayPal,India,Marketing/Agency,20,0.72,1,1,3.64,2,34,1,2025-04-01,13,2587
C05354,2023-08-01,Pro,79,Month-to-month,Credit Card,India,Nonprofit,86,0.803,2,2,3.87,0,26,1,2023-09-01,2,158
C05355,2025-01-01,Basic,29,Month-to-month,ACH/Bank Transfer,Canada,Marketing/Agency,5,0.47,4,3,4.52,0,0,0,,20,580
C05356,2024-09-01,Basic,29,Month-to-month,Manual Invoice,Germany,E-commerce,4,0.304,1,1,4.51,2,20,1,2025-02-01,6,174
C05357,2024-11-01,Basic,29,Month-to-month,Credit Card,UK,Nonprofit,28,0.705,4,2,2.83,0,14,1,2025-06-01,8,232
C05358,2026-06-01,Pro,79,Month-to-month,Credit Card,USA,SaaS/Tech,57,0.56,5,1,2.22,0,10,1,2026-06-01,1,79
C05359,2024-02-01,Basic,29,Month-to-month,ACH/Bank Transfer,USA,SaaS/Tech,4,0.83,4,1,2.93,0,9,0,,31,899
C05360,2025-11-01,Basic,29,Month-to-month,Credit Card,USA,Nonprofit,6,0.679,4,1,3.82,0,14,0,,10,290
C05361,2024-01-01,Pro,79,1-Year,Credit Card,India,E-commerce,14,0.535,2,2,3.71,0,9,1,2026-07-01,31,2449
C05362,2025-04-01,Basic,29,Month-to-month,Credit Card,Germany,Marketing/Agency,11,0.111,2,1,3.85,1,7,0,,17,493
C05363,2024-01-01,Pro,79,Month-to-month,Credit Card,USA,Nonprofit,45,0.665,4,1,4.02,1,31,0,,32,2528
C05364,2023-10-01,Enterprise,199,1-Year,ACH/Bank Transfer,UK,Healthcare,19,0.362,4,2,3.37,2,23,1,2024-04-01,7,1393
C05365,2023-02-01,Pro,79,Month-to-month,ACH/Bank Transfer,India,E-commerce,120,0.477,4,2,3.26,2,2,1,2023-05-01,4,316
C05366,2023-08-01,Pro,79,1-Year,Credit Card,Germany,E-commerce,54,0.719,3,3,4.25,1,4,0,,37,2923
C05367,2024-11-01,Basic,29,Month-to-month,Credit Card,India,Healthcare,20,0.729,5,3,3.8,0,1,1,2025-02-01,4,116
C05368,2025-09-01,Pro,79,2-Year,Credit Card,India,Nonprofit,18,0.512,4,0,2.84,1,14,0,,12,948
C05369,2023-12-01,Pro,79,1-Year,Credit Card,UK,Nonprofit,23,0.847,3,3,4.96,1,5,1,2026-03-01,28,2212
C05370,2024-10-01,Pro,79,1-Year,Credit Card,Australia,SaaS/Tech,8,0.642,1,1,5.0,0,6,0,,23,1817
C05371,2024-05-01,Enterprise,199,Month-to-month,Credit Card,USA,Marketing/Agency,27,0.497,3,2,1.23,2,4,1,2024-07-01,3,597
C05372,2023-06-01,Basic,29,Month-to-month,ACH/Bank Transfer,UK,Healthcare,30,0.467,6,2,4.89,0,6,0,,39,1131
C05373,2025-07-01,Pro,79,2-Year,Credit Card,UK,Healthcare,3,0.797,1,2,5.0,0,5,0,,14,1106
C05374,2025-07-01,Basic,29,1-Year,Manual Invoice,Canada,Marketing/Agency,34,0.576,8,4,3.81,1,4,0,,14,406
C05375,2023-12-01,Pro,79,Month-to-month,Credit Card,UK,Healthcare,15,0.314,2,1,4.25,0,0,0,,33,2607
C05376,2023-10-01,Enterprise,199,Month-to-month,PayPal,Germany,Healthcare,4,0.737,4,1,5.0,0,3,0,,35,6965
C05377,2024-02-01,Basic,29,2-Year,Credit Card,India,Manufacturing,10,0.196,1,0,2.36,0,5,0,,31,899
C05378,2025-10-01,Pro,79,2-Year,Credit Card,Canada,Education,2,0.473,2,0,5.0,0,1,0,,11,869
C05379,2023-04-01,Basic,29,Month-to-month,Credit Card,UK,SaaS/Tech,37,0.361,7,1,3.92,2,11,0,,41,1189
C05380,2024-07-01,Basic,29,1-Year,ACH/Bank Transfer,India,Education,73,0.377,4,0,4.08,0,2,0,,26,754
C05381,2024-03-01,Pro,79,Month-to-month,Manual Invoice,UK,SaaS/Tech,24,0.446,8,0,4.97,2,1,0,,30,2370
C05382,2023-01-01,Basic,29,1-Year,Credit Card,Germany,Manufacturing,4,0.772,5,1,3.41,0,0,0,,44,1276
C05383,2025-03-01,Basic,29,Month-to-month,Credit Card,UK,Nonprofit,22,0.575,6,2,5.0,0,1,1,2026-06-01,16,464
C05384,2023-06-01,Basic,29,Month-to-month,Credit Card,Canada,Education,9,0.411,3,2,3.53,0,34,1,2025-01-01,20,580
C05385,2023-09-01,Pro,79,Month-to-month,Credit Card,USA,Nonprofit,8,0.196,1,1,4.29,0,15,0,,36,2844
C05386,2023-01-01,Pro,79,1-Year,Credit Card,USA,Manufacturing,4,0.303,8,2,4.7,2,18,0,,44,3476
C05387,2024-07-01,Pro,79,1-Year,Manual Invoice,Australia,Finance,5,0.584,3,2,3.92,1,27,0,,26,2054
C05388,2024-03-01,Enterprise,199,Month-to-month,ACH/Bank Transfer,India,Nonprofit,6,0.358,1,2,4.89,0,8,1,2024-11-01,9,1791
C05389,2023-06-01,Basic,29,2-Year,Credit Card,UK,Education,11,0.344,1,2,3.31,0,19,0,,39,1131
C05390,2025-05-01,Enterprise,199,Month-to-month,PayPal,USA,Finance,50,0.43,1,5,4.9,0,8,0,,16,3184
C05391,2026-06-01,Basic,29,Month-to-month,Credit Card,USA,Healthcare,45,0.858,3,0,5.0,2,4,0,,3,87
C05392,2026-01-01,Pro,79,Month-to-month,Credit Card,Germany,Finance,65,0.295,3,0,4.8,0,0,0,,8,632
C05393,2023-06-01,Basic,29,Month-to-month,Credit Card,USA,Finance,91,0.34,2,0,3.76,2,2,1,2023-07-01,2,58
C05394,2024-12-01,Basic,29,1-Year,Credit Card,USA,Manufacturing,2,0.622,6,0,4.56,0,5,1,2026-01-01,14,406
C05395,2024-02-01,Pro,79,1-Year,PayPal,Germany,Manufacturing,6,0.33,2,1,4.08,1,24,0,,31,2449
C05396,2025-01-01,Pro,79,1-Year,PayPal,India,Nonprofit,6,0.66,3,0,4.6,2,13,0,,20,1580
C05397,2026-03-01,Basic,29,Month-to-month,ACH/Bank Transfer,USA,Finance,3,0.689,4,1,3.5,1,1,0,,6,174
C05398,2023-01-01,Enterprise,199,Month-to-month,PayPal,UK,Education,12,0.44,2,0,5.0,0,4,0,,44,8756
C05399,2023-10-01,Pro,79,Month-to-month,Manual Invoice,Germany,Healthcare,31,0.646,6,1,4.19,1,0,0,,35,2765
C05400,2023-11-01,Pro,79,2-Year,ACH/Bank Transfer,India,Healthcare,14,0.339,2,2,4.33,2,14,1,2025-06-01,20,1580
C05401,2024-06-01,Basic,29,1-Year,PayPal,India,SaaS/Tech,9,0.206,1,1,5.0,1,21,1,2026-04-01,23,667
C05402,2025-01-01,Pro,79,2-Year,Credit Card,Canada,Manufacturing,122,0.362,3,2,4.18,1,18,0,,20,1580
C05403,2025-01-01,Enterprise,199,1-Year,Credit Card,India,Nonprofit,8,0.719,2,3,4.08,0,1,0,,20,3980
C05404,2026-07-01,Enterprise,199,Month-to-month,Credit Card,India,Education,13,0.365,5,1,3.19,2,7,0,,2,398
C05405,2024-05-01,Basic,29,Month-to-month,Manual Invoice,Canada,Nonprofit,5,0.243,4,1,5.0,0,20,0,,28,812
C05406,2026-04-01,Pro,79,Month-to-month,ACH/Bank Transfer,USA,Education,10,0.737,7,2,2.85,2,21,1,2026-05-01,2,158
C05407,2023-05-01,Pro,79,Month-to-month,ACH/Bank Transfer,Canada,Nonprofit,7,0.68,5,2,3.02,0,9,0,,40,3160
C05408,2023-04-01,Basic,29,1-Year,Credit Card,India,Education,214,0.682,2,2,4.08,0,40,0,,41,1189
C05409,2023-03-01,Pro,79,Month-to-month,Credit Card,India,Manufacturing,6,0.758,7,0,2.87,2,5,0,,42,3318
C05410,2025-04-01,Basic,29,1-Year,PayPal,India,Marketing/Agency,54,0.571,4,2,4.43,2,0,0,,17,493
C05411,2023-11-01,Pro,79,Month-to-month,Credit Card,India,Nonprofit,13,0.611,5,2,4.55,2,22,0,,34,2686
C05412,2023-02-01,Basic,29,Month-to-month,Credit Card,UK,Healthcare,11,0.139,7,0,5.0,0,2,0,,43,1247
C05413,2024-11-01,Enterprise,199,Month-to-month,ACH/Bank Transfer,UK,SaaS/Tech,9,0.702,7,3,5.0,0,22,0,,22,4378
C05414,2024-05-01,Enterprise,199,Month-to-month,Manual Invoice,India,E-commerce,153,0.44,7,2,3.47,0,1,0,,28,5572
C05415,2025-09-01,Enterprise,199,1-Year,Manual Invoice,Canada,Healthcare,21,0.145,4,1,3.04,0,14,0,,12,2388
C05416,2024-11-01,Pro,79,Month-to-month,Credit Card,USA,Nonprofit,12,0.198,1,2,4.91,1,1,0,,22,1738
C05417,2023-01-01,Basic,29,Month-to-month,Credit Card,USA,Manufacturing,22,0.444,1,2,2.72,1,0,0,,44,1276
C05418,2024-12-01,Basic,29,1-Year,Credit Card,Canada,Education,12,0.258,1,1,4.88,1,8,0,,21,609
C05419,2025-10-01,Pro,79,1-Year,Credit Card,Australia,E-commerce,7,0.34,6,1,3.57,0,15,1,2026-06-01,9,711
C05420,2024-10-01,Basic,29,1-Year,Credit Card,UK,Education,3,0.845,5,1,3.9,0,5,0,,23,667
C05421,2026-07-01,Basic,29,1-Year,Credit Card,India,E-commerce,18,0.512,3,2,3.84,2,11,0,,2,58
C05422,2026-07-01,Pro,79,1-Year,PayPal,UK,Healthcare,29,0.806,2,2,3.46,0,13,0,,2,158
C05423,2023-05-01,Basic,29,Month-to-month,Credit Card,USA,Manufacturing,22,0.549,3,1,4.82,1,3,1,2024-12-01,20,580
C05424,2025-06-01,Basic,29,Month-to-month,PayPal,USA,SaaS/Tech,1,0.821,7,3,4.18,2,24,1,2026-04-01,11,319
C05425,2025-02-01,Pro,79,1-Year,PayPal,USA,Manufacturing,24,0.551,4,0,4.25,0,6,0,,19,1501
C05426,2026-05-01,Enterprise,199,Month-to-month,Credit Card,USA,Marketing/Agency,18,0.192,6,1,5.0,2,12,0,,4,796
C05427,2026-06-01,Enterprise,199,1-Year,Manual Invoice,USA,Manufacturing,42,0.516,3,2,5.0,0,19,0,,3,597
C05428,2026-04-01,Basic,29,Month-to-month,ACH/Bank Transfer,USA,Marketing/Agency,3,0.446,4,1,3.2,0,1,0,,5,145
C05429,2026-04-01,Pro,79,Month-to-month,PayPal,USA,E-commerce,68,0.334,1,0,3.05,0,1,0,,5,395
C05430,2026-02-01,Pro,79,1-Year,Credit Card,UK,Finance,19,0.22,4,1,4.46,0,1,0,,7,553
C05431,2026-07-01,Pro,79,2-Year,ACH/Bank Transfer,USA,Nonprofit,15,0.229,5,0,5.0,1,4,0,,2,158
C05432,2024-08-01,Pro,79,Month-to-month,ACH/Bank Transfer,India,Nonprofit,36,0.81,4,2,2.7,0,18,0,,25,1975
C05433,2026-02-01,Basic,29,Month-to-month,Credit Card,Australia,SaaS/Tech,22,0.617,2,1,3.23,1,7,0,,7,203
C05434,2025-04-01,Basic,29,Month-to-month,Credit Card,India,Finance,3,0.614,6,1,5.0,2,15,0,,17,493
C05435,2025-05-01,Basic,29,Month-to-month,ACH/Bank Transfer,India,Manufacturing,22,0.553,3,0,2.25,2,10,0,,16,464
C05436,2023-10-01,Basic,29,Month-to-month,ACH/Bank Transfer,India,Nonprofit,8,0.304,4,5,3.0,1,0,1,2024-06-01,9,261
C05437,2025-04-01,Enterprise,199,1-Year,Manual Invoice,India,SaaS/Tech,5,0.657,4,2,4.0,0,8,0,,17,3383
C05438,2026-01-01,Pro,79,2-Year,Credit Card,Australia,Education,35,0.621,0,0,5.0,0,9,0,,8,632
C05439,2023-02-01,Pro,79,1-Year,Credit Card,USA,Healthcare,6,0.793,4,2,3.59,0,30,0,,43,3397
C05440,2025-06-01,Pro,79,Month-to-month,Credit Card,India,Manufacturing,17,0.862,1,2,3.77,0,3,0,,15,1185
C05441,2024-11-01,Basic,29,Month-to-month,PayPal,USA,E-commerce,16,0.671,3,3,4.13,1,46,1,2025-08-01,10,290
C05442,2023-12-01,Pro,79,1-Year,ACH/Bank Transfer,Canada,Marketing/Agency,47,0.038,4,2,3.52,1,8,0,,33,2607
C05443,2024-02-01,Pro,79,Month-to-month,ACH/Bank Transfer,USA,Education,19,0.741,2,1,4.69,1,2,0,,31,2449
C05444,2026-07-01,Pro,79,1-Year,ACH/Bank Transfer,Australia,Marketing/Agency,31,0.588,4,1,3.73,0,9,0,,2,158
C05445,2023-04-01,Enterprise,199,2-Year,PayPal,Germany,Healthcare,10,0.378,6,1,3.96,1,0,0,,41,8159
C05446,2024-04-01,Pro,79,Month-to-month,Credit Card,USA,Healthcare,22,0.349,5,1,5.0,0,32,1,2025-07-01,16,1264
C05447,2025-12-01,Basic,29,Month-to-month,Credit Card,UK,Manufacturing,21,0.418,3,2,3.44,2,28,1,2026-06-01,7,203
C05448,2026-02-01,Basic,29,1-Year,ACH/Bank Transfer,Germany,Marketing/Agency,4,0.473,3,0,5.0,1,3,0,,7,203
C05449,2023-07-01,Basic,29,1-Year,ACH/Bank Transfer,India,Finance,4,0.252,8,2,3.87,0,1,0,,38,1102
C05450,2025-01-01,Basic,29,Month-to-month,Manual Invoice,USA,SaaS/Tech,223,0.815,3,0,3.62,1,1,0,,20,580
C05451,2026-06-01,Basic,29,1-Year,Manual Invoice,UK,SaaS/Tech,10,0.02,4,3,3.75,1,12,1,2026-08-01,3,87
C05452,2023-09-01,Pro,79,Month-to-month,Credit Card,USA,E-commerce,12,0.547,2,0,3.7,2,21,1,2024-03-01,7,553
C05453,2023-07-01,Enterprise,199,1-Year,PayPal,Germany,Manufacturing,291,0.482,6,0,3.08,2,4,0,,38,7562
C05454,2023-06-01,Pro,79,1-Year,Credit Card,UK,Education,3,0.413,7,1,5.0,0,0,0,,39,3081
C05455,2024-01-01,Pro,79,Month-to-month,Credit Card,USA,SaaS/Tech,48,0.592,3,0,4.55,0,29,0,,32,2528
C05456,2026-02-01,Enterprise,199,1-Year,PayPal,Germany,Healthcare,3,0.339,2,2,3.81,0,14,0,,7,1393
C05457,2026-01-01,Basic,29,Month-to-month,Credit Card,Australia,Finance,9,0.563,8,3,3.46,0,11,0,,8,232
C05458,2024-10-01,Enterprise,199,1-Year,PayPal,USA,Manufacturing,11,0.736,2,2,4.65,0,5,0,,23,4577
C05459,2024-05-01,Basic,29,Month-to-month,Manual Invoice,USA,SaaS/Tech,1,0.523,4,4,5.0,0,17,0,,28,812
C05460,2024-03-01,Pro,79,Month-to-month,ACH/Bank Transfer,UK,Marketing/Agency,4,0.559,0,0,3.57,0,53,0,,30,2370
C05461,2024-04-01,Basic,29,1-Year,Credit Card,India,Education,30,0.644,4,1,4.11,2,6,0,,29,841
C05462,2025-01-01,Pro,79,Month-to-month,PayPal,Australia,Marketing/Agency,22,0.847,7,1,4.17,1,22,0,,20,1580
C05463,2023-02-01,Pro,79,2-Year,Credit Card,UK,Education,22,0.437,5,1,2.17,1,2,0,,43,3397
C05464,2023-10-01,Enterprise,199,1-Year,Manual Invoice,Australia,Finance,10,0.156,4,0,3.7,0,6,0,,35,6965
C05465,2024-04-01,Basic,29,2-Year,Credit Card,USA,Education,28,0.251,6,1,3.08,0,17,0,,29,841
C05466,2025-12-01,Basic,29,2-Year,ACH/Bank Transfer,USA,Manufacturing,3,0.389,2,4,4.83,0,24,0,,9,261
C05467,2026-07-01,Enterprise,199,2-Year,Manual Invoice,USA,SaaS/Tech,28,0.646,5,1,4.44,1,21,0,,2,398
C05468,2024-06-01,Basic,29,1-Year,Credit Card,USA,Nonprofit,5,0.558,2,0,3.67,0,17,0,,27,783
C05469,2026-06-01,Pro,79,Month-to-month,ACH/Bank Transfer,UK,Marketing/Agency,79,0.6,2,2,4.36,0,31,0,,3,237
C05470,2023-04-01,Pro,79,Month-to-month,Credit Card,UK,Finance,26,0.435,2,1,2.89,0,39,0,,41,3239
C05471,2025-07-01,Enterprise,199,Month-to-month,ACH/Bank Transfer,USA,Marketing/Agency,23,0.731,5,1,3.05,0,0,0,,14,2786
C05472,2023-12-01,Basic,29,1-Year,Manual Invoice,UK,Marketing/Agency,25,0.65,2,4,3.48,2,3,1,2023-12-01,1,29
C05473,2025-07-01,Enterprise,199,Month-to-month,Credit Card,USA,Manufacturing,8,0.42,3,4,5.0,1,1,1,2026-03-01,9,1791
C05474,2023-09-01,Pro,79,2-Year,PayPal,India,Manufacturing,42,0.02,7,1,3.95,2,5,0,,36,2844
C05475,2023-11-01,Pro,79,Month-to-month,Credit Card,USA,Nonprofit,15,0.796,4,4,3.9,2,13,1,2026-03-01,29,2291
C05476,2024-11-01,Pro,79,Month-to-month,Credit Card,Canada,Healthcare,57,0.343,4,2,4.64,0,1,1,2026-04-01,18,1422
C05477,2025-07-01,Pro,79,Month-to-month,Credit Card,USA,Manufacturing,12,0.572,6,0,2.86,1,9,0,,14,1106
C05478,2024-10-01,Enterprise,199,1-Year,ACH/Bank Transfer,UK,Education,26,0.672,4,1,3.21,2,15,0,,23,4577
C05479,2025-09-01,Enterprise,199,Month-to-month,ACH/Bank Transfer,India,SaaS/Tech,13,0.437,3,1,4.2,0,9,0,,12,2388
C05480,2023-06-01,Pro,79,Month-to-month,Credit Card,Germany,Manufacturing,6,0.766,5,2,4.25,0,1,0,,39,3081
C05481,2023-06-01,Enterprise,199,2-Year,Credit Card,India,Healthcare,2,0.121,6,1,4.01,1,17,1,2025-09-01,28,5572
C05482,2026-03-01,Basic,29,Month-to-month,PayPal,Australia,SaaS/Tech,9,0.578,5,0,3.63,2,14,0,,6,174
C05483,2025-11-01,Basic,29,2-Year,PayPal,UK,Education,2,0.744,1,0,4.43,1,13,1,2026-05-01,7,203
C05484,2025-05-01,Pro,79,1-Year,ACH/Bank Transfer,India,Education,10,0.648,3,1,4.34,0,1,0,,16,1264
C05485,2023-08-01,Basic,29,1-Year,Credit Card,Canada,Education,16,0.641,8,2,4.07,2,3,0,,37,1073
C05486,2023-12-01,Pro,79,Month-to-month,Manual Invoice,India,Nonprofit,5,0.596,2,3,4.69,2,11,1,2026-08-01,33,2607
C05487,2023-02-01,Basic,29,1-Year,Credit Card,UK,Nonprofit,7,0.735,3,0,2.62,2,5,1,2023-02-01,1,29
C05488,2024-05-01,Basic,29,Month-to-month,Credit Card,Canada,SaaS/Tech,88,0.5,7,1,5.0,0,79,1,2026-01-01,21,609
C05489,2024-05-01,Basic,29,1-Year,Credit Card,UK,Finance,71,0.622,2,1,4.59,0,17,0,,28,812
C05490,2026-07-01,Pro,79,Month-to-month,ACH/Bank Transfer,Germany,Nonprofit,16,0.591,0,5,3.87,0,1,0,,2,158
C05491,2024-07-01,Pro,79,1-Year,ACH/Bank Transfer,India,E-commerce,5,0.475,3,1,2.68,0,15,0,,26,2054
C05492,2025-09-01,Enterprise,199,2-Year,Credit Card,Australia,Finance,9,0.669,5,1,4.14,1,17,0,,12,2388
C05493,2024-08-01,Basic,29,Month-to-month,Credit Card,USA,Marketing/Agency,12,0.425,5,3,3.29,0,0,0,,25,725
C05494,2023-09-01,Pro,79,Month-to-month,Credit Card,Canada,E-commerce,6,0.625,6,2,3.38,1,20,0,,36,2844
C05495,2025-08-01,Basic,29,Month-to-month,Manual Invoice,USA,Healthcare,9,0.288,3,1,3.6,2,23,1,2026-07-01,12,348
C05496,2024-04-01,Pro,79,2-Year,Credit Card,USA,Finance,48,0.787,2,1,4.29,1,23,0,,29,2291
C05497,2025-07-01,Basic,29,Month-to-month,Credit Card,USA,Healthcare,14,0.476,2,2,5.0,1,7,0,,14,406
C05498,2026-07-01,Basic,29,1-Year,Credit Card,USA,Manufacturing,13,0.503,6,0,2.49,0,12,0,,2,58
C05499,2023-03-01,Basic,29,1-Year,Credit Card,Germany,Education,79,0.634,6,0,4.41,0,12,0,,42,1218
C05500,2024-12-01,Pro,79,Month-to-month,PayPal,India,Manufacturing,6,0.697,2,4,4.17,0,5,0,,21,1659
C05501,2026-04-01,Pro,79,Month-to-month,ACH/Bank Transfer,Canada,Manufacturing,8,0.378,4,0,3.15,1,47,0,,5,395
C05502,2025-12-01,Basic,29,Month-to-month,Credit Card,India,Healthcare,43,0.573,2,4,2.7,0,23,0,,9,261
C05503,2023-11-01,Basic,29,1-Year,Manual Invoice,India,Healthcare,14,0.651,5,1,3.07,1,1,0,,34,986
C05504,2023-05-01,Basic,29,Month-to-month,Credit Card,Australia,E-commerce,14,0.599,4,2,4.44,2,30,1,2024-07-01,15,435
C05505,2023-01-01,Pro,79,1-Year,Credit Card,India,Manufacturing,12,0.683,7,1,4.86,0,4,0,,44,3476
C05506,2025-12-01,Basic,29,1-Year,ACH/Bank Transfer,Australia,Education,63,0.79,3,1,5.0,0,5,0,,9,261
C05507,2024-07-01,Pro,79,2-Year,ACH/Bank Transfer,USA,Finance,39,0.317,8,0,4.48,0,5,0,,26,2054
C05508,2025-05-01,Enterprise,199,Month-to-month,PayPal,UK,Finance,14,0.631,2,0,3.72,0,5,0,,16,3184
C05509,2024-07-01,Enterprise,199,1-Year,Credit Card,Canada,Manufacturing,4,0.783,4,3,5.0,0,16,0,,26,5174
C05510,2023-11-01,Enterprise,199,Month-to-month,Credit Card,India,Finance,40,0.531,0,3,3.58,2,7,1,2023-11-01,1,199
C05511,2024-04-01,Basic,29,1-Year,PayPal,India,Nonprofit,23,0.635,5,3,2.8,0,8,0,,29,841
C05512,2023-04-01,Enterprise,199,1-Year,Manual Invoice,India,Marketing/Agency,6,0.499,1,0,4.42,1,35,0,,41,8159
C05513,2023-02-01,Enterprise,199,Month-to-month,PayPal,USA,Education,8,0.557,1,1,3.24,0,5,0,,43,8557
C05514,2023-06-01,Pro,79,1-Year,Credit Card,Germany,Education,78,0.615,2,1,3.65,0,16,0,,39,3081
C05515,2025-12-01,Pro,79,Month-to-month,Manual Invoice,USA,Healthcare,2,1.0,3,0,3.99,0,0,0,,9,711
C05516,2025-03-01,Basic,29,Month-to-month,ACH/Bank Transfer,India,Marketing/Agency,7,0.785,2,0,3.66,0,5,0,,18,522
C05517,2024-06-01,Enterprise,199,Month-to-month,Credit Card,USA,Manufacturing,23,0.863,3,2,5.0,2,8,0,,27,5373
C05518,2025-12-01,Enterprise,199,1-Year,Credit Card,India,Education,20,0.212,3,1,4.66,2,5,0,,9,1791
C05519,2025-03-01,Basic,29,1-Year,Credit Card,India,Nonprofit,7,0.464,2,2,1.0,2,45,1,2025-04-01,2,58
C05520,2023-01-01,Basic,29,2-Year,ACH/Bank Transfer,Germany,Nonprofit,16,0.305,4,4,3.43,0,20,0,,44,1276
C05521,2026-04-01,Pro,79,1-Year,ACH/Bank Transfer,USA,SaaS/Tech,6,0.681,6,0,5.0,0,5,0,,5,395
C05522,2026-06-01,Enterprise,199,Month-to-month,PayPal,Canada,SaaS/Tech,1,0.847,1,1,2.35,0,23,0,,3,597
C05523,2023-07-01,Pro,79,2-Year,PayPal,USA,Manufacturing,102,0.385,2,1,4.21,0,35,1,2025-10-01,28,2212
C05524,2024-01-01,Pro,79,Month-to-month,Credit Card,USA,Manufacturing,12,0.52,2,1,4.41,2,7,1,2024-03-01,3,237
C05525,2024-10-01,Pro,79,2-Year,ACH/Bank Transfer,UK,SaaS/Tech,54,0.224,1,1,3.14,0,13,0,,23,1817
C05526,2024-01-01,Pro,79,Month-to-month,Credit Card,Germany,Finance,8,0.21,8,0,3.86,1,7,0,,32,2528
C05527,2025-09-01,Pro,79,Month-to-month,Credit Card,UK,Education,46,0.182,3,0,3.47,1,3,0,,12,948
C05528,2025-02-01,Basic,29,Month-to-month,ACH/Bank Transfer,UK,Manufacturing,12,0.049,2,0,3.98,0,3,0,,19,551
C05529,2025-06-01,Basic,29,1-Year,Credit Card,USA,Healthcare,53,0.045,4,1,3.29,0,12,0,,15,435
C05530,2023-03-01,Pro,79,Month-to-month,ACH/Bank Transfer,USA,Manufacturing,49,0.72,4,1,3.05,1,2,0,,42,3318
C05531,2025-05-01,Pro,79,Month-to-month,ACH/Bank Transfer,USA,Education,26,0.907,4,4,4.52,0,5,0,,16,1264
C05532,2026-04-01,Basic,29,Month-to-month,PayPal,UK,Finance,31,0.96,3,2,5.0,2,5,0,,5,145
C05533,2024-08-01,Enterprise,199,2-Year,Credit Card,UK,Nonprofit,22,1.0,6,2,5.0,1,5,0,,25,4975
C05534,2025-03-01,Basic,29,Month-to-month,Credit Card,USA,Healthcare,17,1.0,2,2,5.0,0,5,0,,18,522
C05535,2024-04-01,Enterprise,199,2-Year,PayPal,UK,Education,5,0.794,5,1,3.27,0,5,0,,29,5771
C05536,2025-07-01,Pro,79,Month-to-month,Credit Card,USA,Manufacturing,39,0.661,3,1,3.31,2,0,0,,14,1106
C05537,2023-01-01,Pro,79,Month-to-month,ACH/Bank Transfer,Australia,Marketing/Agency,14,0.317,4,3,3.28,0,7,1,2026-03-01,39,3081
C05538,2026-01-01,Basic,29,2-Year,ACH/Bank Transfer,Germany,Finance,57,0.775,2,1,4.61,0,13,0,,8,232
C05539,2023-07-01,Pro,79,2-Year,Manual Invoice,UK,Marketing/Agency,10,1.0,3,1,3.12,0,1,0,,38,3002
C05540,2025-01-01,Basic,29,2-Year,ACH/Bank Transfer,Germany,Education,21,0.224,7,2,4.31,1,43,0,,20,580
C05541,2023-10-01,Pro,79,1-Year,PayPal,Germany,Education,5,0.449,8,1,5.0,0,34,0,,35,2765
C05542,2024-09-01,Basic,29,2-Year,ACH/Bank Transfer,Germany,Manufacturing,2,0.663,2,1,4.55,0,13,0,,24,696
C05543,2024-03-01,Basic,29,2-Year,Credit Card,UK,E-commerce,166,0.831,6,0,2.22,0,2,0,,30,870
C05544,2024-02-01,Basic,29,1-Year,ACH/Bank Transfer,Germany,SaaS/Tech,8,0.742,1,1,2.41,0,3,0,,31,899
C05545,2023-08-01,Pro,79,2-Year,PayPal,India,Finance,6,0.453,3,2,3.65,0,5,0,,37,2923
C05546,2026-04-01,Pro,79,Month-to-month,Credit Card,USA,Nonprofit,2,0.403,6,1,2.69,1,12,0,,5,395
C05547,2024-06-01,Pro,79,Month-to-month,Credit Card,Australia,Marketing/Agency,42,0.254,3,1,3.02,2,8,1,2024-10-01,5,395
C05548,2024-07-01,Pro,79,1-Year,Credit Card,India,Finance,28,0.566,1,2,3.21,0,1,1,2024-11-01,5,395
C05549,2024-08-01,Enterprise,199,Month-to-month,Manual Invoice,India,Marketing/Agency,13,0.359,6,1,5.0,0,25,0,,25,4975
C05550,2023-04-01,Basic,29,1-Year,Credit Card,Germany,Healthcare,9,0.664,1,1,2.76,1,4,1,2024-03-01,12,348
C05551,2025-06-01,Enterprise,199,1-Year,ACH/Bank Transfer,India,Nonprofit,13,0.534,1,2,3.27,1,2,1,2026-06-01,13,2587
C05552,2025-10-01,Pro,79,Month-to-month,Credit Card,Germany,Healthcare,98,0.682,7,1,3.61,1,17,0,,11,869
C05553,2025-05-01,Enterprise,199,Month-to-month,Credit Card,India,Education,66,0.926,4,2,5.0,0,8,0,,16,3184
C05554,2026-07-01,Basic,29,1-Year,PayPal,Australia,Marketing/Agency,8,0.622,5,1,3.6,2,17,0,,2,58
C05555,2026-01-01,Pro,79,Month-to-month,Credit Card,India,Education,33,0.736,4,1,4.67,0,1,0,,8,632
C05556,2023-06-01,Basic,29,Month-to-month,Credit Card,Germany,Finance,8,0.642,4,2,4.16,1,24,1,2025-01-01,20,580
C05557,2026-02-01,Basic,29,1-Year,Manual Invoice,Australia,Education,8,0.785,3,1,3.77,1,9,0,,7,203
C05558,2025-06-01,Basic,29,1-Year,Credit Card,India,Healthcare,1,0.481,2,1,4.95,0,7,1,2025-08-01,3,87
C05559,2023-12-01,Enterprise,199,Month-to-month,Manual Invoice,Canada,SaaS/Tech,3,0.624,5,0,3.35,1,13,0,,33,6567
C05560,2023-01-01,Basic,29,Month-to-month,Credit Card,Germany,Marketing/Agency,5,0.577,1,2,4.27,0,2,0,,44,1276
C05561,2025-06-01,Pro,79,Month-to-month,Credit Card,Canada,SaaS/Tech,1,0.49,2,2,5.0,1,4,0,,15,1185
C05562,2023-05-01,Basic,29,1-Year,Manual Invoice,UK,E-commerce,32,0.636,4,1,4.34,0,1,0,,40,1160
C05563,2024-02-01,Pro,79,Month-to-month,Credit Card,USA,Finance,183,0.158,2,2,3.62,2,0,1,2024-05-01,4,316
C05564,2025-07-01,Pro,79,Month-to-month,Manual Invoice,Canada,E-commerce,2,0.705,3,2,5.0,2,21,0,,14,1106
C05565,2024-10-01,Basic,29,1-Year,Credit Card,India,Finance,21,0.058,5,1,5.0,2,15,1,2024-12-01,3,87
C05566,2025-12-01,Basic,29,1-Year,Credit Card,Canada,Nonprofit,10,0.779,6,3,4.04,2,3,0,,9,261
C05567,2025-11-01,Pro,79,Month-to-month,Manual Invoice,Canada,Marketing/Agency,4,0.4,4,0,2.1,0,2,0,,10,790
C05568,2023-04-01,Basic,29,1-Year,Manual Invoice,India,E-commerce,16,0.501,6,1,3.32,2,10,1,2023-10-01,7,203
C05569,2025-08-01,Basic,29,Month-to-month,Credit Card,UK,Manufacturing,7,0.941,5,3,3.46,0,0,0,,13,377
C05570,2024-10-01,Pro,79,1-Year,Manual Invoice,Canada,Nonprofit,20,0.754,4,0,5.0,0,8,0,,23,1817
C05571,2023-12-01,Basic,29,1-Year,ACH/Bank Transfer,UK,E-commerce,85,0.022,5,3,3.89,0,14,1,2024-07-01,8,232
C05572,2025-03-01,Pro,79,Month-to-month,Credit Card,USA,Finance,13,0.526,3,1,3.17,0,4,0,,18,1422
C05573,2024-06-01,Pro,79,Month-to-month,PayPal,India,SaaS/Tech,3,0.455,5,0,2.86,0,15,0,,27,2133
C05574,2024-08-01,Pro,79,Month-to-month,Manual Invoice,USA,Finance,6,0.627,2,0,2.67,1,17,0,,25,1975
C05575,2025-10-01,Pro,79,1-Year,Credit Card,India,Finance,7,0.418,2,1,5.0,2,51,0,,11,869
C05576,2025-03-01,Basic,29,Month-to-month,ACH/Bank Transfer,USA,SaaS/Tech,16,0.703,4,0,4.47,1,1,0,,18,522
C05577,2024-12-01,Pro,79,Month-to-month,Manual Invoice,India,Marketing/Agency,4,0.465,4,0,4.9,1,44,0,,21,1659
C05578,2023-08-01,Enterprise,199,Month-to-month,Credit Card,USA,Marketing/Agency,6,0.152,5,0,5.0,0,6,0,,37,7363
C05579,2023-10-01,Pro,79,Month-to-month,ACH/Bank Transfer,UK,Finance,7,0.946,2,2,3.39,1,0,1,2025-06-01,21,1659
C05580,2025-12-01,Pro,79,1-Year,Credit Card,India,Marketing/Agency,11,0.563,2,1,2.17,0,24,0,,9,711
C05581,2023-03-01,Basic,29,Month-to-month,ACH/Bank Transfer,Canada,Finance,18,0.847,3,0,3.11,2,10,1,2024-03-01,13,377
C05582,2025-08-01,Pro,79,1-Year,Credit Card,UK,Education,7,0.449,5,1,3.12,0,2,0,,13,1027
C05583,2026-07-01,Pro,79,1-Year,Credit Card,India,Healthcare,28,0.924,1,3,4.45,0,29,0,,2,158
C05584,2024-04-01,Basic,29,1-Year,Credit Card,Germany,Healthcare,24,0.529,6,3,4.59,0,17,0,,29,841
C05585,2024-01-01,Basic,29,1-Year,ACH/Bank Transfer,USA,Education,49,0.46,4,1,5.0,0,4,0,,32,928
C05586,2023-09-01,Enterprise,199,Month-to-month,Credit Card,USA,Healthcare,57,0.363,3,1,3.83,2,12,0,,36,7164
C05587,2023-09-01,Enterprise,199,1-Year,Credit Card,Germany,Education,8,0.527,5,1,2.98,1,0,1,2023-10-01,2,398
C05588,2025-10-01,Pro,79,Month-to-month,PayPal,Canada,Nonprofit,2,0.383,3,1,3.75,0,11,0,,11,869
C05589,2023-10-01,Pro,79,Month-to-month,Credit Card,UK,Marketing/Agency,25,0.504,5,2,3.28,2,0,1,2024-03-01,6,474
C05590,2025-03-01,Basic,29,Month-to-month,Credit Card,USA,Finance,7,0.318,7,3,4.2,0,1,0,,18,522
C05591,2025-07-01,Basic,29,2-Year,Manual Invoice,UK,Manufacturing,13,0.564,1,3,3.49,2,5,0,,14,406
C05592,2023-02-01,Enterprise,199,Month-to-month,Credit Card,Germany,Finance,19,0.359,5,0,3.02,1,4,0,,43,8557
C05593,2026-05-01,Basic,29,1-Year,ACH/Bank Transfer,Germany,Finance,11,0.5,4,0,1.92,0,58,0,,4,116
C05594,2023-01-01,Pro,79,1-Year,Credit Card,Australia,Nonprofit,12,0.44,7,0,3.23,0,5,0,,44,3476
C05595,2023-05-01,Pro,79,1-Year,Credit Card,USA,SaaS/Tech,16,0.498,3,0,4.98,1,1,1,2026-07-01,39,3081
C05596,2025-05-01,Pro,79,1-Year,Credit Card,India,SaaS/Tech,7,0.672,8,2,3.78,0,2,0,,16,1264
C05597,2026-02-01,Basic,29,Month-to-month,Credit Card,USA,Finance,7,0.151,2,0,3.36,0,11,0,,7,203
C05598,2026-02-01,Basic,29,1-Year,Credit Card,UK,Healthcare,20,0.282,4,0,2.95,1,2,1,2026-08-01,7,203
C05599,2025-07-01,Basic,29,Month-to-month,Credit Card,USA,Healthcare,194,0.566,1,1,3.84,1,32,1,2026-02-01,8,232
C05600,2023-03-01,Basic,29,Month-to-month,Manual Invoice,Germany,Nonprofit,21,0.471,7,0,3.51,0,3,0,,42,1218
C05601,2024-01-01,Pro,79,2-Year,PayPal,UK,Nonprofit,6,0.366,3,1,4.35,0,28,0,,32,2528
C05602,2023-03-01,Pro,79,2-Year,ACH/Bank Transfer,Canada,Healthcare,20,0.246,5,1,3.46,0,2,0,,42,3318
C05603,2023-06-01,Basic,29,2-Year,PayPal,Canada,Manufacturing,76,0.224,5,2,4.52,2,5,1,2024-11-01,18,522
C05604,2024-02-01,Enterprise,199,Month-to-month,Credit Card,India,Finance,59,0.734,2,0,5.0,0,47,0,,31,6169
C05605,2023-04-01,Pro,79,Month-to-month,Credit Card,Canada,SaaS/Tech,18,0.438,5,1,2.64,0,18,0,,41,3239
C05606,2026-06-01,Pro,79,Month-to-month,Credit Card,India,Finance,4,0.506,5,2,5.0,1,20,0,,3,237
C05607,2024-03-01,Basic,29,Month-to-month,Credit Card,India,SaaS/Tech,36,0.527,4,3,4.78,0,1,0,,30,870
C05608,2024-06-01,Pro,79,Month-to-month,Credit Card,India,SaaS/Tech,18,0.622,4,1,4.53,1,2,1,2024-06-01,1,79
C05609,2023-06-01,Basic,29,2-Year,ACH/Bank Transfer,India,Nonprofit,140,0.894,7,0,4.31,2,53,0,,39,1131
C05610,2024-10-01,Basic,29,Month-to-month,Credit Card,Germany,SaaS/Tech,18,0.555,2,1,4.41,2,3,1,2025-01-01,4,116
C05611,2023-10-01,Basic,29,Month-to-month,PayPal,Germany,Healthcare,61,1.0,6,1,2.51,0,19,1,2026-02-01,29,841
C05612,2026-05-01,Pro,79,Month-to-month,PayPal,USA,E-commerce,13,0.537,4,0,5.0,2,0,0,,4,316
C05613,2024-05-01,Enterprise,199,Month-to-month,Credit Card,USA,Manufacturing,18,0.594,3,1,4.72,1,3,0,,28,5572
C05614,2024-07-01,Basic,29,1-Year,Credit Card,Australia,E-commerce,3,0.432,1,0,3.8,0,16,0,,26,754
C05615,2025-10-01,Pro,79,2-Year,PayPal,USA,E-commerce,7,0.326,4,2,3.38,1,6,0,,11,869
C05616,2026-07-01,Basic,29,Month-to-month,PayPal,Australia,E-commerce,10,0.749,6,2,4.35,0,8,0,,2,58
C05617,2026-01-01,Basic,29,Month-to-month,Credit Card,USA,Finance,2,0.559,2,0,4.16,1,4,0,,8,232
C05618,2023-12-01,Basic,29,Month-to-month,Credit Card,USA,E-commerce,51,0.31,4,1,3.65,0,34,1,2024-06-01,7,203
C05619,2024-02-01,Pro,79,Month-to-month,Credit Card,India,Marketing/Agency,14,0.648,2,1,5.0,0,26,0,,31,2449
C05620,2024-06-01,Basic,29,1-Year,Credit Card,Australia,Education,44,0.496,1,2,3.82,2,2,0,,27,783
C05621,2026-02-01,Enterprise,199,Month-to-month,Manual Invoice,Germany,E-commerce,54,0.522,6,0,3.28,2,3,0,,7,1393
C05622,2024-12-01,Pro,79,1-Year,Credit Card,USA,Finance,48,0.242,5,0,4.9,1,16,0,,21,1659
C05623,2023-12-01,Enterprise,199,2-Year,Credit Card,Canada,Manufacturing,6,0.213,4,2,3.16,0,13,1,2024-06-01,7,1393
C05624,2023-02-01,Enterprise,199,2-Year,Credit Card,UK,SaaS/Tech,132,0.02,2,2,5.0,0,14,0,,43,8557
C05625,2023-04-01,Basic,29,1-Year,ACH/Bank Transfer,USA,Nonprofit,11,0.134,8,0,5.0,1,2,1,2023-10-01,7,203
C05626,2024-12-01,Pro,79,1-Year,Credit Card,India,Marketing/Agency,87,0.45,5,1,4.29,0,15,0,,21,1659
C05627,2024-04-01,Pro,79,Month-to-month,PayPal,USA,Manufacturing,23,0.417,5,1,4.0,2,38,1,2026-08-01,29,2291
C05628,2023-02-01,Basic,29,Month-to-month,PayPal,USA,Nonprofit,31,0.898,3,3,4.15,0,10,0,,43,1247
C05629,2024-06-01,Pro,79,Month-to-month,Credit Card,USA,Healthcare,10,0.859,5,0,3.41,1,26,0,,27,2133
C05630,2026-05-01,Basic,29,2-Year,PayPal,USA,E-commerce,25,0.335,7,2,3.5,0,10,0,,4,116
C05631,2023-02-01,Pro,79,1-Year,Credit Card,USA,Manufacturing,23,0.377,6,2,3.07,0,17,0,,43,3397
C05632,2025-09-01,Pro,79,Month-to-month,Credit Card,India,Marketing/Agency,13,0.074,3,4,2.8,0,4,0,,12,948
C05633,2024-08-01,Basic,29,Month-to-month,Credit Card,USA,Manufacturing,204,0.394,1,4,4.67,1,0,1,2024-10-01,3,87
C05634,2025-03-01,Pro,79,1-Year,Manual Invoice,USA,Nonprofit,15,0.107,6,2,3.81,0,16,0,,18,1422
C05635,2026-04-01,Basic,29,Month-to-month,Credit Card,USA,Nonprofit,52,0.786,2,2,2.59,1,2,0,,5,145
C05636,2026-06-01,Pro,79,1-Year,ACH/Bank Transfer,India,Nonprofit,15,0.663,2,2,4.34,2,21,0,,3,237
C05637,2023-06-01,Enterprise,199,2-Year,Credit Card,USA,Finance,15,0.577,4,2,3.9,0,17,0,,39,7761
C05638,2026-07-01,Pro,79,Month-to-month,PayPal,Germany,Healthcare,3,0.748,3,1,3.86,0,0,0,,2,158
C05639,2026-03-01,Enterprise,199,1-Year,Credit Card,USA,Education,9,0.83,3,3,4.25,2,9,0,,6,1194
C05640,2024-05-01,Enterprise,199,1-Year,Credit Card,UK,Manufacturing,6,0.538,0,0,3.56,0,25,0,,28,5572
C05641,2024-01-01,Enterprise,199,2-Year,ACH/Bank Transfer,India,Education,5,0.606,6,2,5.0,0,43,1,2025-11-01,23,4577
C05642,2026-01-01,Enterprise,199,1-Year,ACH/Bank Transfer,USA,Healthcare,128,0.509,6,0,3.89,0,0,1,2026-04-01,4,796
C05643,2023-11-01,Enterprise,199,Month-to-month,Credit Card,Australia,E-commerce,2,0.229,2,0,3.97,1,20,1,2026-06-01,32,6368
C05644,2026-07-01,Enterprise,199,1-Year,Manual Invoice,Germany,SaaS/Tech,9,0.506,3,1,3.22,0,8,0,,2,398
C05645,2023-12-01,Basic,29,1-Year,Credit Card,India,Nonprofit,10,0.509,2,1,2.1,0,3,0,,33,957
C05646,2025-11-01,Pro,79,2-Year,ACH/Bank Transfer,India,Healthcare,31,0.237,1,0,4.25,0,23,0,,10,790
C05647,2024-04-01,Pro,79,Month-to-month,ACH/Bank Transfer,UK,E-commerce,33,0.451,3,0,3.63,0,1,0,,29,2291
C05648,2023-11-01,Basic,29,2-Year,Credit Card,Germany,E-commerce,8,0.251,1,1,4.88,1,1,0,,34,986
C05649,2024-11-01,Basic,29,Month-to-month,ACH/Bank Transfer,USA,SaaS/Tech,25,0.626,5,3,3.42,1,11,0,,22,638
C05650,2023-07-01,Enterprise,199,1-Year,Manual Invoice,USA,Manufacturing,41,0.507,4,2,4.78,1,3,1,2025-08-01,26,5174
C05651,2024-12-01,Pro,79,Month-to-month,Manual Invoice,Canada,Nonprofit,6,0.789,2,1,4.93,0,11,0,,21,1659
C05652,2023-04-01,Basic,29,2-Year,Manual Invoice,India,SaaS/Tech,22,0.403,8,1,2.62,1,2,0,,41,1189
C05653,2026-01-01,Basic,29,1-Year,Credit Card,USA,SaaS/Tech,13,0.771,3,2,4.76,1,16,0,,8,232
C05654,2025-06-01,Pro,79,Month-to-month,Credit Card,USA,Manufacturing,8,0.697,5,3,2.92,0,24,0,,15,1185
C05655,2025-05-01,Pro,79,1-Year,Credit Card,USA,SaaS/Tech,60,0.675,7,1,4.43,1,2,0,,16,1264
C05656,2025-05-01,Basic,29,1-Year,Credit Card,Germany,SaaS/Tech,96,0.51,0,1,4.26,2,6,0,,16,464
C05657,2025-02-01,Basic,29,1-Year,PayPal,Australia,SaaS/Tech,8,0.463,3,2,4.27,2,0,0,,19,551
C05658,2026-07-01,Basic,29,Month-to-month,Credit Card,USA,Manufacturing,15,0.635,7,0,4.41,0,11,0,,2,58
C05659,2023-11-01,Basic,29,2-Year,Credit Card,India,Education,148,0.809,1,1,2.74,1,2,0,,34,986
C05660,2024-08-01,Basic,29,2-Year,ACH/Bank Transfer,UK,Finance,2,0.304,4,0,5.0,0,15,0,,25,725
C05661,2023-12-01,Pro,79,Month-to-month,Credit Card,UK,E-commerce,3,0.62,6,3,2.94,1,26,0,,33,2607
C05662,2026-01-01,Basic,29,2-Year,ACH/Bank Transfer,USA,Finance,18,0.53,3,1,3.78,0,2,0,,8,232
C05663,2025-05-01,Pro,79,1-Year,Credit Card,UK,SaaS/Tech,3,0.148,7,1,3.76,1,10,0,,16,1264
C05664,2024-04-01,Enterprise,199,Month-to-month,ACH/Bank Transfer,USA,Marketing/Agency,113,0.573,2,3,3.26,1,2,1,2025-03-01,12,2388
C05665,2023-06-01,Enterprise,199,1-Year,PayPal,Australia,E-commerce,87,0.324,2,2,4.13,0,27,1,2024-01-01,8,1592
C05666,2025-03-01,Pro,79,Month-to-month,Credit Card,USA,Nonprofit,12,0.29,3,2,4.26,1,11,1,2026-01-01,11,869
C05667,2023-11-01,Pro,79,Month-to-month,Credit Card,Germany,Marketing/Agency,29,0.419,4,0,3.83,2,21,1,2025-06-01,20,1580
C05668,2024-08-01,Enterprise,199,Month-to-month,ACH/Bank Transfer,Canada,SaaS/Tech,4,0.554,3,0,4.38,0,9,0,,25,4975
C05669,2023-02-01,Enterprise,199,Month-to-month,Credit Card,India,Manufacturing,4,0.719,5,3,5.0,2,6,0,,43,8557
C05670,2024-11-01,Basic,29,1-Year,Manual Invoice,Germany,E-commerce,46,0.301,4,1,3.6,0,3,0,,22,638
C05671,2024-12-01,Enterprise,199,1-Year,Credit Card,India,E-commerce,57,0.845,3,2,4.65,0,16,0,,21,4179
C05672,2024-02-01,Basic,29,Month-to-month,PayPal,UK,SaaS/Tech,5,0.594,3,1,3.17,0,7,0,,31,899
C05673,2023-02-01,Basic,29,Month-to-month,Credit Card,Australia,Manufacturing,8,0.709,3,0,3.56,1,5,0,,43,1247
C05674,2024-08-01,Basic,29,Month-to-month,Credit Card,UK,E-commerce,16,0.531,5,0,5.0,0,5,0,,25,725
C05675,2025-04-01,Basic,29,Month-to-month,Credit Card,Germany,Marketing/Agency,5,0.081,4,0,4.81,1,4,0,,17,493
C05676,2024-11-01,Pro,79,1-Year,Manual Invoice,India,Finance,7,0.19,5,0,3.6,0,20,1,2025-08-01,10,790
C05677,2026-07-01,Enterprise,199,Month-to-month,PayPal,Canada,Marketing/Agency,25,0.701,4,2,3.68,0,19,0,,2,398
C05678,2024-04-01,Basic,29,2-Year,Credit Card,Germany,Finance,12,0.859,7,2,4.39,1,33,0,,29,841
C05679,2026-06-01,Pro,79,Month-to-month,PayPal,USA,Healthcare,4,1.0,5,2,2.69,0,23,0,,3,237
C05680,2025-09-01,Pro,79,Month-to-month,Credit Card,UK,SaaS/Tech,20,0.375,3,0,3.94,1,3,0,,12,948
C05681,2026-04-01,Enterprise,199,Month-to-month,PayPal,India,E-commerce,13,0.828,4,3,4.32,0,11,0,,5,995
C05682,2025-12-01,Pro,79,Month-to-month,Credit Card,Canada,Nonprofit,18,0.393,7,5,3.49,0,16,0,,9,711
C05683,2026-01-01,Basic,29,1-Year,Credit Card,Australia,Education,19,0.641,5,0,4.08,0,2,0,,8,232
C05684,2026-06-01,Basic,29,Month-to-month,PayPal,UK,SaaS/Tech,5,1.0,4,1,4.57,0,6,0,,3,87
C05685,2023-07-01,Enterprise,199,2-Year,ACH/Bank Transfer,Germany,Healthcare,62,0.468,5,3,4.47,2,23,0,,38,7562
C05686,2025-01-01,Basic,29,Month-to-month,ACH/Bank Transfer,Germany,Marketing/Agency,24,0.625,3,2,4.46,0,7,0,,20,580
C05687,2025-03-01,Pro,79,2-Year,ACH/Bank Transfer,Germany,Healthcare,46,0.464,2,1,3.08,2,7,0,,18,1422
C05688,2024-05-01,Basic,29,Month-to-month,PayPal,Germany,Education,21,0.303,6,1,2.56,0,9,1,2024-09-01,5,145
C05689,2023-10-01,Pro,79,1-Year,ACH/Bank Transfer,Germany,Nonprofit,20,0.503,2,3,3.25,0,0,0,,35,2765
C05690,2024-09-01,Enterprise,199,Month-to-month,Credit Card,USA,Marketing/Agency,10,0.855,3,1,3.35,0,0,0,,24,4776
C05691,2024-05-01,Basic,29,Month-to-month,Credit Card,USA,Finance,5,0.711,5,3,4.5,1,12,0,,28,812
C05692,2026-02-01,Basic,29,Month-to-month,Credit Card,USA,Education,6,0.875,3,2,4.87,0,10,0,,7,203
C05693,2023-09-01,Basic,29,Month-to-month,ACH/Bank Transfer,USA,E-commerce,25,0.79,1,1,5.0,1,6,1,2026-06-01,34,986
C05694,2024-10-01,Basic,29,1-Year,Credit Card,India,Finance,13,0.947,3,2,4.03,1,12,1,2025-08-01,11,319
C05695,2025-03-01,Basic,29,Month-to-month,PayPal,India,Manufacturing,4,0.991,0,1,4.89,2,9,1,2025-07-01,5,145
C05696,2025-10-01,Basic,29,1-Year,Credit Card,India,E-commerce,14,0.717,2,1,4.49,0,3,0,,11,319
C05697,2025-07-01,Pro,79,2-Year,Credit Card,USA,Nonprofit,17,0.159,3,0,4.49,0,15,0,,14,1106
C05698,2023-02-01,Basic,29,1-Year,Manual Invoice,Germany,Finance,2,0.656,3,1,5.0,1,1,0,,43,1247
C05699,2023-12-01,Basic,29,2-Year,ACH/Bank Transfer,Germany,Manufacturing,11,0.635,10,2,4.3,0,18,0,,33,957
C05700,2024-04-01,Basic,29,1-Year,ACH/Bank Transfer,Australia,Finance,8,0.713,7,3,1.53,0,12,0,,29,841
C05701,2024-07-01,Basic,29,2-Year,PayPal,UK,Marketing/Agency,39,0.295,7,3,3.83,1,56,0,,26,754
C05702,2025-11-01,Basic,29,1-Year,Credit Card,UK,Education,49,0.591,2,2,2.61,1,5,0,,10,290
C05703,2024-02-01,Pro,79,Month-to-month,PayPal,USA,E-commerce,214,0.885,5,1,4.25,1,4,0,,31,2449
C05704,2026-02-01,Basic,29,Month-to-month,ACH/Bank Transfer,Canada,Healthcare,6,0.499,4,1,5.0,0,4,0,,7,203
C05705,2023-10-01,Enterprise,199,1-Year,Credit Card,India,E-commerce,1,0.609,6,1,5.0,2,31,0,,35,6965
C05706,2023-11-01,Pro,79,Month-to-month,Credit Card,Australia,Education,105,0.508,2,2,2.63,1,5,0,,34,2686
C05707,2025-10-01,Pro,79,Month-to-month,Credit Card,Germany,Healthcare,67,0.324,5,1,4.14,0,19,1,2026-02-01,5,395
C05708,2025-01-01,Pro,79,Month-to-month,PayPal,Germany,Education,5,0.833,3,4,4.98,1,18,0,,20,1580
C05709,2025-06-01,Pro,79,Month-to-month,Credit Card,India,Finance,17,0.21,0,3,5.0,2,2,1,2025-11-01,6,474
C05710,2023-04-01,Enterprise,199,2-Year,Manual Invoice,Canada,Nonprofit,9,0.182,1,3,5.0,1,4,1,2026-03-01,36,7164
C05711,2023-03-01,Pro,79,1-Year,PayPal,UK,SaaS/Tech,2,0.501,6,0,3.98,1,13,0,,42,3318
C05712,2023-05-01,Basic,29,1-Year,PayPal,Australia,Education,86,0.444,0,1,1.0,0,9,1,2024-07-01,15,435
C05713,2026-01-01,Enterprise,199,Month-to-month,Credit Card,Canada,SaaS/Tech,3,0.834,5,1,3.81,0,20,0,,8,1592
C05714,2024-07-01,Basic,29,Month-to-month,Credit Card,UK,SaaS/Tech,3,0.191,3,1,5.0,0,3,0,,26,754
C05715,2023-09-01,Basic,29,Month-to-month,Credit Card,USA,Manufacturing,13,0.721,3,2,4.94,1,28,0,,36,1044
C05716,2026-06-01,Basic,29,1-Year,Credit Card,India,Marketing/Agency,116,0.02,2,2,4.06,1,10,0,,3,87
C05717,2023-06-01,Basic,29,Month-to-month,PayPal,USA,Finance,51,0.786,3,2,3.89,1,9,1,2023-08-01,3,87
C05718,2025-06-01,Pro,79,1-Year,Credit Card,UK,Education,58,0.509,3,2,5.0,2,0,0,,15,1185
C05719,2025-04-01,Pro,79,1-Year,Manual Invoice,India,Marketing/Agency,14,0.428,4,1,5.0,0,26,0,,17,1343
C05720,2025-01-01,Basic,29,2-Year,PayPal,Australia,Finance,11,0.575,1,3,3.27,0,8,0,,20,580
C05721,2026-03-01,Pro,79,Month-to-month,Credit Card,Canada,Education,91,0.875,4,0,4.46,2,15,0,,6,474
C05722,2023-09-01,Basic,29,Month-to-month,Credit Card,USA,Manufacturing,93,0.586,3,3,5.0,0,22,0,,36,1044
C05723,2025-09-01,Enterprise,199,1-Year,Credit Card,UK,Healthcare,34,0.339,3,1,3.15,0,5,0,,12,2388
C05724,2026-05-01,Pro,79,1-Year,Credit Card,USA,Finance,8,0.079,2,2,4.93,0,32,0,,4,316
C05725,2023-02-01,Pro,79,Month-to-month,Credit Card,India,Finance,5,0.741,4,3,4.62,0,26,0,,43,3397
C05726,2025-01-01,Pro,79,Month-to-month,PayPal,Australia,Manufacturing,14,0.713,2,3,4.24,0,17,1,2025-07-01,7,553
C05727,2026-01-01,Enterprise,199,Month-to-month,ACH/Bank Transfer,Germany,Healthcare,27,0.623,7,0,4.39,1,12,0,,8,1592
C05728,2026-03-01,Basic,29,1-Year,Credit Card,UK,E-commerce,3,0.863,4,1,3.06,0,3,0,,6,174
C05729,2023-11-01,Basic,29,Month-to-month,Credit Card,USA,E-commerce,28,0.632,5,1,3.87,0,26,0,,34,986
C05730,2024-05-01,Enterprise,199,Month-to-month,Credit Card,Canada,Healthcare,7,0.38,6,0,3.47,0,25,1,2025-03-01,11,2189
C05731,2025-12-01,Enterprise,199,Month-to-month,Manual Invoice,USA,Finance,87,0.36,5,1,3.73,0,20,1,2026-08-01,9,1791
C05732,2025-03-01,Basic,29,2-Year,Credit Card,India,Education,10,0.527,5,1,3.44,0,33,0,,18,522
C05733,2025-12-01,Basic,29,1-Year,Credit Card,Canada,Nonprofit,53,0.795,5,0,4.79,0,18,0,,9,261
C05734,2026-02-01,Enterprise,199,Month-to-month,Credit Card,India,Healthcare,28,0.609,4,0,2.53,0,2,0,,7,1393
C05735,2023-02-01,Pro,79,Month-to-month,ACH/Bank Transfer,India,Finance,3,0.476,1,1,4.09,1,8,1,2024-03-01,14,1106
C05736,2026-07-01,Enterprise,199,1-Year,ACH/Bank Transfer,India,Education,26,0.594,1,3,2.81,1,39,0,,2,398
C05737,2024-11-01,Basic,29,Month-to-month,ACH/Bank Transfer,Germany,SaaS/Tech,2,0.451,3,0,3.39,2,14,1,2025-03-01,5,145
C05738,2025-11-01,Pro,79,Month-to-month,Credit Card,Germany,Marketing/Agency,56,0.602,7,0,4.82,0,5,0,,10,790
C05739,2025-05-01,Basic,29,2-Year,Credit Card,Canada,Healthcare,31,0.456,4,1,5.0,1,2,0,,16,464
C05740,2023-02-01,Basic,29,Month-to-month,Credit Card,UK,Manufacturing,9,0.552,4,2,4.29,0,45,1,2024-12-01,23,667
C05741,2025-12-01,Basic,29,Month-to-month,Credit Card,Canada,Education,104,0.655,8,2,2.76,2,0,0,,9,261
C05742,2025-08-01,Enterprise,199,Month-to-month,Credit Card,USA,Marketing/Agency,12,0.581,4,3,5.0,0,21,0,,13,2587
C05743,2024-07-01,Basic,29,Month-to-month,Credit Card,USA,Manufacturing,22,0.742,2,4,5.0,0,7,0,,26,754
C05744,2024-11-01,Basic,29,Month-to-month,Manual Invoice,UK,Healthcare,25,0.653,6,2,3.8,0,12,0,,22,638
C05745,2026-06-01,Pro,79,1-Year,Credit Card,Canada,Nonprofit,16,0.828,8,1,3.88,0,18,0,,3,237
C05746,2024-09-01,Pro,79,Month-to-month,PayPal,India,Nonprofit,98,0.363,4,0,3.49,0,7,0,,24,1896
C05747,2023-04-01,Enterprise,199,Month-to-month,Credit Card,USA,Marketing/Agency,117,0.284,7,1,4.92,1,25,0,,41,8159
C05748,2023-06-01,Basic,29,Month-to-month,ACH/Bank Transfer,India,E-commerce,3,0.697,4,2,3.09,0,7,0,,39,1131
C05749,2026-04-01,Enterprise,199,1-Year,ACH/Bank Transfer,USA,Nonprofit,15,0.047,4,2,3.65,2,2,1,2026-07-01,4,796
C05750,2024-01-01,Basic,29,2-Year,PayPal,India,SaaS/Tech,14,0.559,3,1,3.13,0,23,0,,32,928
C05751,2025-06-01,Pro,79,Month-to-month,Credit Card,Canada,Education,5,0.615,6,1,1.0,1,30,0,,15,1185
C05752,2026-02-01,Basic,29,Month-to-month,Manual Invoice,India,SaaS/Tech,33,0.932,2,3,3.56,1,20,0,,7,203
C05753,2023-02-01,Basic,29,Month-to-month,PayPal,USA,Manufacturing,5,0.487,7,0,4.05,2,6,0,,43,1247
C05754,2024-05-01,Basic,29,Month-to-month,Credit Card,India,Nonprofit,3,0.448,3,2,3.64,2,7,1,2024-08-01,4,116
C05755,2023-10-01,Enterprise,199,Month-to-month,ACH/Bank Transfer,USA,Healthcare,41,0.586,2,1,4.77,0,10,0,,35,6965
C05756,2023-12-01,Basic,29,Month-to-month,PayPal,UK,E-commerce,40,0.374,1,1,3.2,0,16,0,,33,957
C05757,2025-04-01,Enterprise,199,Month-to-month,ACH/Bank Transfer,UK,SaaS/Tech,2,0.566,7,1,4.99,1,3,0,,17,3383
C05758,2025-09-01,Basic,29,Month-to-month,Credit Card,Australia,SaaS/Tech,90,0.72,4,0,5.0,0,8,0,,12,348
C05759,2025-12-01,Pro,79,Month-to-month,Manual Invoice,Canada,Nonprofit,11,0.562,7,0,3.54,0,24,0,,9,711
C05760,2025-11-01,Enterprise,199,Month-to-month,Credit Card,India,Marketing/Agency,3,0.608,5,2,3.19,1,1,1,2026-07-01,9,1791
C05761,2026-02-01,Pro,79,Month-to-month,Credit Card,Germany,SaaS/Tech,58,0.258,4,0,4.45,0,37,0,,7,553
C05762,2026-05-01,Pro,79,1-Year,Credit Card,UK,Manufacturing,40,0.556,1,2,4.53,1,16,0,,4,316
C05763,2023-10-01,Basic,29,1-Year,PayPal,USA,Healthcare,25,0.792,1,4,3.94,1,0,0,,35,1015
C05764,2023-01-01,Pro,79,Month-to-month,Credit Card,Australia,Nonprofit,21,0.057,2,2,5.0,1,4,1,2023-03-01,3,237
C05765,2024-07-01,Pro,79,Month-to-month,Credit Card,UK,SaaS/Tech,372,0.652,1,1,3.21,1,9,1,2024-07-01,1,79
C05766,2025-01-01,Basic,29,Month-to-month,ACH/Bank Transfer,India,Education,43,0.514,6,0,2.14,0,13,0,,20,580
C05767,2023-11-01,Enterprise,199,Month-to-month,ACH/Bank Transfer,USA,SaaS/Tech,21,0.799,5,0,3.59,2,1,0,,34,6766
C05768,2023-07-01,Basic,29,2-Year,Credit Card,USA,Manufacturing,16,0.697,3,3,2.9,0,8,0,,38,1102
C05769,2025-01-01,Basic,29,1-Year,Credit Card,UK,Education,1,0.639,2,1,3.94,0,11,0,,20,580
C05770,2025-05-01,Basic,29,1-Year,Manual Invoice,Canada,E-commerce,2,0.323,2,0,4.41,0,5,0,,16,464
C05771,2023-03-01,Enterprise,199,2-Year,Credit Card,India,Manufacturing,30,0.343,6,2,4.49,2,15,1,2023-06-01,4,796
C05772,2026-01-01,Basic,29,2-Year,Credit Card,UK,Healthcare,24,0.576,3,0,3.88,0,11,0,,8,232
C05773,2024-03-01,Basic,29,Month-to-month,Credit Card,Germany,Education,2,1.0,6,1,4.21,0,35,0,,30,870
C05774,2023-09-01,Basic,29,2-Year,ACH/Bank Transfer,USA,Marketing/Agency,21,0.643,4,4,3.58,0,24,0,,36,1044
C05775,2024-10-01,Pro,79,Month-to-month,ACH/Bank Transfer,USA,Manufacturing,2,0.707,5,3,3.85,1,14,0,,23,1817
C05776,2024-11-01,Basic,29,2-Year,Credit Card,USA,Finance,38,0.385,3,2,5.0,0,5,0,,22,638
C05777,2024-07-01,Pro,79,Month-to-month,ACH/Bank Transfer,India,SaaS/Tech,9,0.659,5,1,3.64,1,6,0,,26,2054
C05778,2026-04-01,Pro,79,Month-to-month,Manual Invoice,India,Manufacturing,11,0.365,2,1,2.02,0,17,0,,5,395
C05779,2026-04-01,Pro,79,2-Year,ACH/Bank Transfer,Australia,Healthcare,50,0.554,3,0,5.0,2,34,0,,5,395
C05780,2023-09-01,Pro,79,Month-to-month,Credit Card,USA,SaaS/Tech,12,0.835,4,1,2.42,0,7,0,,36,2844
C05781,2023-02-01,Pro,79,Month-to-month,ACH/Bank Transfer,USA,E-commerce,73,0.299,4,0,4.34,0,73,1,2023-02-01,1,79
C05782,2025-12-01,Basic,29,Month-to-month,Credit Card,Germany,Healthcare,25,0.86,2,1,3.34,2,0,0,,9,261
C05783,2025-07-01,Basic,29,2-Year,Manual Invoice,USA,Nonprofit,31,0.54,2,1,4.53,2,13,0,,14,406
C05784,2026-06-01,Basic,29,1-Year,Credit Card,USA,Finance,3,0.692,1,1,4.51,0,2,0,,3,87
C05785,2023-12-01,Enterprise,199,1-Year,Credit Card,UK,Healthcare,7,0.651,1,1,2.45,0,4,0,,33,6567
C05786,2026-07-01,Enterprise,199,1-Year,PayPal,USA,Nonprofit,73,0.069,1,1,4.03,1,39,0,,2,398
C05787,2025-05-01,Enterprise,199,Month-to-month,ACH/Bank Transfer,USA,Finance,183,0.91,2,2,3.76,0,14,0,,16,3184
C05788,2024-09-01,Basic,29,1-Year,PayPal,USA,Marketing/Agency,16,0.531,4,2,2.64,1,15,0,,24,696
C05789,2024-08-01,Pro,79,1-Year,Credit Card,USA,Marketing/Agency,75,0.697,2,3,4.39,0,0,1,2025-12-01,17,1343
C05790,2023-11-01,Pro,79,1-Year,Credit Card,Australia,Manufacturing,34,0.196,2,0,2.84,1,19,0,,34,2686
C05791,2026-05-01,Basic,29,2-Year,PayPal,Germany,E-commerce,52,0.657,3,1,3.74,0,6,0,,4,116
C05792,2025-07-01,Basic,29,Month-to-month,Credit Card,USA,Marketing/Agency,43,0.626,2,1,4.18,1,20,0,,14,406
C05793,2025-05-01,Enterprise,199,Month-to-month,ACH/Bank Transfer,Canada,E-commerce,20,0.333,2,1,3.81,0,8,0,,16,3184
C05794,2025-10-01,Enterprise,199,Month-to-month,Credit Card,UK,Finance,65,0.212,5,1,2.53,0,24,0,,11,2189
C05795,2025-09-01,Enterprise,199,2-Year,ACH/Bank Transfer,India,SaaS/Tech,78,0.031,6,0,4.82,0,15,0,,12,2388
C05796,2024-10-01,Pro,79,1-Year,Credit Card,Canada,SaaS/Tech,9,0.669,6,0,5.0,2,0,0,,23,1817
C05797,2026-01-01,Enterprise,199,Month-to-month,Credit Card,Canada,Marketing/Agency,6,0.037,6,1,3.49,0,0,1,2026-08-01,8,1592
C05798,2025-12-01,Basic,29,Month-to-month,ACH/Bank Transfer,USA,Healthcare,5,0.635,5,2,4.69,1,29,0,,9,261
C05799,2025-02-01,Enterprise,199,1-Year,PayPal,India,Finance,3,0.217,2,1,4.58,0,9,0,,19,3781
C05800,2024-03-01,Pro,79,1-Year,ACH/Bank Transfer,UK,Manufacturing,29,0.592,1,2,5.0,0,6,1,2024-07-01,5,395
C05801,2025-04-01,Basic,29,Month-to-month,Credit Card,India,Nonprofit,8,0.593,2,2,5.0,0,10,0,,17,493
C05802,2024-06-01,Pro,79,Month-to-month,PayPal,USA,Education,2,0.314,4,0,4.36,0,1,0,,27,2133
C05803,2025-01-01,Basic,29,Month-to-month,Credit Card,USA,Marketing/Agency,18,0.635,2,5,2.72,1,5,1,2025-04-01,4,116
C05804,2025-07-01,Basic,29,1-Year,PayPal,USA,Education,25,0.602,2,0,5.0,1,17,0,,14,406
C05805,2025-03-01,Basic,29,Month-to-month,ACH/Bank Transfer,USA,E-commerce,7,0.336,5,0,4.9,1,30,0,,18,522
C05806,2024-02-01,Basic,29,Month-to-month,Manual Invoice,Australia,E-commerce,4,0.662,4,4,4.82,0,2,0,,31,899
C05807,2026-03-01,Basic,29,1-Year,Credit Card,USA,Education,6,0.168,4,3,4.13,1,19,0,,6,174
C05808,2024-05-01,Basic,29,1-Year,ACH/Bank Transfer,USA,E-commerce,43,0.513,5,2,4.17,2,6,0,,28,812
C05809,2026-04-01,Enterprise,199,Month-to-month,Credit Card,UK,Nonprofit,2,0.389,4,1,4.63,1,6,0,,5,995
C05810,2024-09-01,Pro,79,Month-to-month,ACH/Bank Transfer,India,SaaS/Tech,15,0.293,5,2,3.92,0,7,0,,24,1896
C05811,2024-05-01,Basic,29,Month-to-month,Credit Card,India,Healthcare,2,0.02,3,0,4.13,1,4,1,2026-05-01,25,725
C05812,2025-07-01,Pro,79,Month-to-month,Credit Card,Australia,Marketing/Agency,49,0.454,8,1,4.5,0,8,0,,14,1106
C05813,2023-02-01,Enterprise,199,Month-to-month,Credit Card,UK,Marketing/Agency,15,0.782,4,1,2.21,0,8,1,2025-09-01,32,6368
C05814,2026-04-01,Enterprise,199,Month-to-month,Credit Card,USA,Nonprofit,27,0.305,4,1,4.5,1,18,0,,5,995
C05815,2024-07-01,Basic,29,1-Year,ACH/Bank Transfer,India,Marketing/Agency,3,0.379,6,1,3.3,0,7,0,,26,754
C05816,2025-06-01,Pro,79,Month-to-month,Credit Card,USA,Healthcare,28,0.932,9,0,4.36,0,0,0,,15,1185
C05817,2023-02-01,Enterprise,199,1-Year,ACH/Bank Transfer,Germany,Education,25,0.313,9,2,3.97,0,31,0,,43,8557
C05818,2023-11-01,Basic,29,Month-to-month,Manual Invoice,USA,Manufacturing,10,0.298,3,0,3.77,0,10,0,,34,986
C05819,2023-04-01,Pro,79,2-Year,Credit Card,USA,Marketing/Agency,1,0.02,5,0,4.93,1,12,0,,41,3239
C05820,2024-11-01,Basic,29,Month-to-month,Credit Card,UK,Marketing/Agency,52,0.742,3,4,2.58,0,13,0,,22,638
C05821,2024-03-01,Enterprise,199,1-Year,Manual Invoice,USA,Manufacturing,21,0.653,5,2,2.71,0,39,0,,30,5970
C05822,2023-05-01,Pro,79,Month-to-month,Credit Card,USA,E-commerce,70,0.927,4,3,4.82,0,4,0,,40,3160
C05823,2026-07-01,Pro,79,Month-to-month,Credit Card,Germany,E-commerce,3,0.329,4,3,4.91,0,20,0,,2,158
C05824,2024-12-01,Basic,29,1-Year,Credit Card,India,Finance,11,0.744,3,2,4.38,2,17,1,2025-11-01,12,348
C05825,2024-09-01,Pro,79,1-Year,Credit Card,UK,E-commerce,31,0.267,1,1,4.46,0,33,0,,24,1896
C05826,2024-12-01,Pro,79,1-Year,Manual Invoice,UK,Nonprofit,6,0.217,8,1,4.83,2,0,0,,21,1659
C05827,2024-12-01,Basic,29,Month-to-month,Credit Card,USA,Marketing/Agency,5,0.481,5,1,3.34,1,26,0,,21,609
C05828,2024-12-01,Basic,29,Month-to-month,Manual Invoice,USA,Education,106,0.441,5,0,5.0,1,65,0,,21,609
C05829,2024-01-01,Pro,79,1-Year,Credit Card,USA,SaaS/Tech,10,0.571,7,2,5.0,0,46,0,,32,2528
C05830,2023-11-01,Pro,79,Month-to-month,Manual Invoice,USA,Nonprofit,29,0.967,2,1,4.29,0,3,0,,34,2686
C05831,2026-06-01,Enterprise,199,2-Year,ACH/Bank Transfer,UK,Education,15,0.691,1,0,4.82,1,14,0,,3,597
C05832,2025-05-01,Basic,29,Month-to-month,Credit Card,Germany,Nonprofit,8,0.644,4,2,4.6,0,17,0,,16,464
C05833,2025-03-01,Basic,29,Month-to-month,Credit Card,Canada,Nonprofit,25,0.524,5,1,4.82,0,58,1,2025-10-01,8,232
C05834,2025-02-01,Enterprise,199,Month-to-month,PayPal,USA,Education,25,0.505,1,0,3.47,0,4,0,,19,3781
C05835,2023-11-01,Basic,29,Month-to-month,Credit Card,Canada,Nonprofit,11,0.376,3,2,3.56,0,24,0,,34,986
C05836,2025-04-01,Basic,29,Month-to-month,ACH/Bank Transfer,USA,Education,19,0.905,7,0,3.96,0,23,0,,17,493
C05837,2024-07-01,Basic,29,2-Year,Credit Card,USA,Nonprofit,24,0.531,4,3,1.81,0,3,1,2026-06-01,24,696
C05838,2023-05-01,Pro,79,2-Year,Credit Card,UK,SaaS/Tech,24,0.745,6,0,4.89,0,4,0,,40,3160
C05839,2026-02-01,Pro,79,Month-to-month,Credit Card,USA,SaaS/Tech,4,0.871,4,1,4.71,1,2,0,,7,553
C05840,2024-09-01,Basic,29,Month-to-month,ACH/Bank Transfer,USA,Nonprofit,15,0.696,2,4,3.77,0,11,0,,24,696
C05841,2025-08-01,Basic,29,Month-to-month,ACH/Bank Transfer,UK,Healthcare,6,0.416,2,1,4.15,2,1,0,,13,377
C05842,2026-03-01,Basic,29,Month-to-month,ACH/Bank Transfer,Germany,E-commerce,53,1.0,6,1,2.85,0,8,0,,6,174
C05843,2023-03-01,Enterprise,199,2-Year,Credit Card,UK,Healthcare,1,0.397,6,0,3.28,0,20,0,,42,8358
C05844,2025-01-01,Enterprise,199,Month-to-month,ACH/Bank Transfer,India,Healthcare,9,0.479,2,3,3.8,1,13,1,2026-04-01,16,3184
C05845,2023-11-01,Enterprise,199,Month-to-month,PayPal,USA,E-commerce,10,0.603,6,1,3.79,0,28,0,,34,6766
C05846,2024-10-01,Pro,79,Month-to-month,Credit Card,UK,Education,7,0.465,8,1,5.0,1,16,0,,23,1817
C05847,2024-01-01,Enterprise,199,1-Year,ACH/Bank Transfer,India,Healthcare,4,0.496,8,1,5.0,0,2,0,,32,6368
C05848,2026-03-01,Basic,29,Month-to-month,Manual Invoice,Canada,Nonprofit,58,0.61,2,0,4.64,0,20,0,,6,174
C05849,2023-11-01,Pro,79,Month-to-month,ACH/Bank Transfer,Germany,Education,5,0.594,10,0,4.27,0,0,0,,34,2686
C05850,2025-09-01,Enterprise,199,1-Year,Credit Card,India,Healthcare,13,0.629,10,4,4.27,0,10,0,,12,2388
C05851,2025-06-01,Basic,29,Month-to-month,Credit Card,UK,Nonprofit,1,0.213,7,6,3.45,0,20,1,2026-01-01,8,232
C05852,2023-09-01,Enterprise,199,2-Year,PayPal,Australia,Manufacturing,2,0.324,4,0,3.13,0,4,1,2026-01-01,29,5771
C05853,2023-05-01,Basic,29,Month-to-month,Credit Card,India,E-commerce,52,0.704,5,1,3.99,0,6,1,2023-09-01,5,145
C05854,2024-11-01,Basic,29,Month-to-month,PayPal,USA,Healthcare,29,0.285,9,3,4.33,1,13,0,,22,638
C05855,2026-06-01,Pro,79,Month-to-month,Credit Card,USA,Nonprofit,1,0.574,10,4,3.54,2,7,0,,3,237
C05856,2026-03-01,Basic,29,Month-to-month,Credit Card,Canada,Education,2,1.0,8,1,4.76,2,10,0,,6,174
C05857,2025-04-01,Pro,79,Month-to-month,PayPal,Canada,Finance,43,0.545,3,0,5.0,1,3,0,,17,1343
C05858,2025-11-01,Pro,79,Month-to-month,PayPal,Germany,Healthcare,1,0.709,1,2,3.75,1,8,0,,10,790
C05859,2023-01-01,Basic,29,Month-to-month,Credit Card,Canada,Healthcare,10,0.754,5,1,3.0,0,56,0,,44,1276
C05860,2025-05-01,Basic,29,1-Year,Manual Invoice,USA,Manufacturing,12,0.893,6,0,2.97,1,0,0,,16,464
C05861,2026-07-01,Basic,29,1-Year,Credit Card,UK,Finance,18,0.761,2,3,3.72,1,18,0,,2,58
C05862,2026-06-01,Pro,79,Month-to-month,Credit Card,Canada,Nonprofit,11,0.527,6,0,4.43,2,77,0,,3,237
C05863,2024-12-01,Pro,79,Month-to-month,ACH/Bank Transfer,UK,Finance,3,0.707,9,1,3.61,0,7,0,,21,1659
C05864,2023-09-01,Basic,29,2-Year,Credit Card,India,Marketing/Agency,28,0.225,2,1,4.53,0,3,0,,36,1044
C05865,2023-12-01,Pro,79,Month-to-month,PayPal,UK,SaaS/Tech,27,0.422,3,1,3.16,1,8,1,2024-03-01,4,316
C05866,2026-02-01,Basic,29,Month-to-month,Credit Card,USA,E-commerce,10,0.279,3,2,3.93,0,1,0,,7,203
C05867,2023-01-01,Enterprise,199,Month-to-month,Credit Card,UK,Marketing/Agency,5,0.823,2,0,3.15,0,20,0,,44,8756
C05868,2024-10-01,Basic,29,Month-to-month,PayPal,Canada,Manufacturing,28,0.568,2,2,3.3,0,10,0,,23,667
C05869,2023-11-01,Basic,29,2-Year,Manual Invoice,India,SaaS/Tech,51,0.362,7,0,4.02,2,0,0,,34,986
C05870,2024-12-01,Pro,79,Month-to-month,Credit Card,UK,Education,30,0.616,3,1,3.83,1,3,0,,21,1659
C05871,2024-01-01,Enterprise,199,Month-to-month,Credit Card,Australia,Healthcare,6,0.814,4,3,5.0,1,24,0,,32,6368
C05872,2023-06-01,Pro,79,2-Year,Credit Card,USA,Manufacturing,3,0.68,0,2,2.77,0,16,0,,39,3081
C05873,2025-03-01,Basic,29,1-Year,Credit Card,India,Manufacturing,7,0.323,6,4,4.69,2,14,0,,18,522
C05874,2024-07-01,Basic,29,Month-to-month,Manual Invoice,USA,Manufacturing,8,0.426,2,2,4.05,0,15,1,2026-08-01,26,754
C05875,2025-08-01,Enterprise,199,2-Year,Manual Invoice,USA,SaaS/Tech,13,0.416,3,3,4.39,0,1,0,,13,2587
C05876,2023-06-01,Pro,79,1-Year,ACH/Bank Transfer,Canada,Healthcare,21,0.423,6,0,5.0,2,22,0,,39,3081
C05877,2023-07-01,Enterprise,199,1-Year,Credit Card,UK,Marketing/Agency,109,0.649,2,3,5.0,0,8,1,2024-01-01,7,1393
C05878,2025-01-01,Pro,79,Month-to-month,Credit Card,India,Nonprofit,4,0.513,4,0,3.6,0,41,0,,20,1580
C05879,2024-05-01,Pro,79,2-Year,ACH/Bank Transfer,India,Manufacturing,22,0.579,9,0,4.15,0,12,0,,28,2212
C05880,2023-10-01,Enterprise,199,Month-to-month,Credit Card,USA,Marketing/Agency,21,0.805,2,3,3.54,0,9,0,,35,6965
C05881,2026-05-01,Basic,29,1-Year,ACH/Bank Transfer,Canada,E-commerce,18,0.219,5,2,3.23,0,43,0,,4,116
C05882,2026-07-01,Basic,29,2-Year,ACH/Bank Transfer,UK,SaaS/Tech,76,0.381,7,0,3.48,0,12,0,,2,58
C05883,2025-07-01,Basic,29,2-Year,Credit Card,UK,Healthcare,113,0.958,3,2,3.99,1,7,0,,14,406
C05884,2023-05-01,Pro,79,Month-to-month,PayPal,USA,Healthcare,10,0.409,7,3,4.05,1,14,1,2025-06-01,26,2054
C05885,2024-02-01,Basic,29,1-Year,Manual Invoice,UK,Manufacturing,16,0.07,4,2,4.19,1,10,0,,31,899
C05886,2024-05-01,Enterprise,199,Month-to-month,Manual Invoice,UK,Marketing/Agency,39,0.561,3,2,4.03,0,6,0,,28,5572
C05887,2024-03-01,Enterprise,199,Month-to-month,PayPal,Germany,Nonprofit,13,0.441,2,1,5.0,1,9,0,,30,5970
C05888,2024-08-01,Pro,79,2-Year,Credit Card,UK,SaaS/Tech,25,0.553,7,2,5.0,1,6,0,,25,1975
C05889,2024-06-01,Basic,29,2-Year,Manual Invoice,Australia,SaaS/Tech,19,0.315,5,1,3.39,2,1,0,,27,783
C05890,2024-08-01,Basic,29,Month-to-month,Credit Card,Canada,Marketing/Agency,49,0.829,3,0,3.5,0,7,0,,25,725
C05891,2023-10-01,Enterprise,199,1-Year,Manual Invoice,USA,Healthcare,5,0.666,3,2,4.97,0,20,0,,35,6965
C05892,2024-12-01,Pro,79,Month-to-month,PayPal,Australia,Manufacturing,67,0.847,7,1,3.69,1,19,0,,21,1659
C05893,2023-07-01,Enterprise,199,Month-to-month,Credit Card,Australia,Education,23,0.463,7,1,3.39,0,20,0,,38,7562
C05894,2026-04-01,Basic,29,Month-to-month,ACH/Bank Transfer,Canada,Healthcare,4,0.536,5,4,4.41,0,10,0,,5,145
C05895,2024-02-01,Pro,79,Month-to-month,Credit Card,Germany,Nonprofit,1,0.944,6,1,4.38,0,26,0,,31,2449
C05896,2023-09-01,Pro,79,Month-to-month,Manual Invoice,Canada,E-commerce,59,0.66,6,3,4.02,1,0,0,,36,2844
C05897,2023-08-01,Enterprise,199,1-Year,Credit Card,USA,Education,35,0.366,4,1,3.51,0,20,0,,37,7363
C05898,2023-07-01,Pro,79,1-Year,Credit Card,Germany,Marketing/Agency,20,0.081,7,0,3.37,0,0,0,,38,3002
C05899,2023-01-01,Basic,29,1-Year,ACH/Bank Transfer,Germany,Marketing/Agency,28,0.389,1,1,5.0,1,2,1,2023-07-01,7,203
C05900,2025-11-01,Pro,79,2-Year,Credit Card,Australia,Marketing/Agency,33,0.899,8,1,2.91,0,1,0,,10,790
C05901,2025-08-01,Pro,79,Month-to-month,Credit Card,USA,Manufacturing,12,0.094,6,4,3.17,1,24,1,2025-08-01,1,79
C05902,2026-06-01,Pro,79,2-Year,Manual Invoice,Germany,SaaS/Tech,3,0.501,3,1,5.0,0,2,0,,3,237
C05903,2026-01-01,Basic,29,2-Year,Manual Invoice,India,Healthcare,24,0.368,1,0,4.11,0,6,0,,8,232
C05904,2025-05-01,Pro,79,1-Year,ACH/Bank Transfer,USA,SaaS/Tech,4,0.547,2,2,4.18,1,1,0,,16,1264
C05905,2023-08-01,Enterprise,199,1-Year,Credit Card,USA,Marketing/Agency,18,0.625,4,2,3.91,0,6,0,,37,7363
C05906,2025-11-01,Pro,79,Month-to-month,ACH/Bank Transfer,Canada,Manufacturing,5,0.797,1,2,3.52,0,7,0,,10,790
C05907,2025-02-01,Enterprise,199,1-Year,ACH/Bank Transfer,Canada,Education,89,0.763,3,2,3.01,0,29,0,,19,3781
C05908,2023-04-01,Pro,79,1-Year,PayPal,Germany,Marketing/Agency,115,0.835,0,0,5.0,0,19,0,,41,3239
C05909,2024-07-01,Basic,29,Month-to-month,ACH/Bank Transfer,Canada,SaaS/Tech,20,0.675,2,3,2.53,1,12,1,2025-09-01,15,435
C05910,2025-11-01,Basic,29,Month-to-month,Credit Card,UK,Nonprofit,51,0.464,2,1,5.0,0,10,0,,10,290
C05911,2026-01-01,Enterprise,199,1-Year,Manual Invoice,Germany,Finance,9,0.481,7,1,2.43,0,0,0,,8,1592
C05912,2023-04-01,Basic,29,Month-to-month,Credit Card,Germany,E-commerce,66,0.374,5,3,1.5,0,24,1,2023-10-01,7,203
C05913,2023-07-01,Pro,79,Month-to-month,Credit Card,UK,SaaS/Tech,81,0.339,3,1,4.58,0,10,1,2024-03-01,9,711
C05914,2025-09-01,Enterprise,199,Month-to-month,Credit Card,USA,Nonprofit,2,0.531,5,1,5.0,0,7,0,,12,2388
C05915,2025-10-01,Basic,29,Month-to-month,Manual Invoice,Germany,Healthcare,6,0.809,5,1,3.84,1,3,0,,11,319
C05916,2024-03-01,Pro,79,1-Year,Credit Card,Germany,Nonprofit,149,0.551,6,0,3.85,1,10,0,,30,2370
C05917,2026-02-01,Pro,79,Month-to-month,PayPal,Australia,SaaS/Tech,42,0.593,3,2,4.89,0,11,0,,7,553
C05918,2023-10-01,Basic,29,2-Year,Credit Card,Germany,SaaS/Tech,100,0.115,2,1,4.61,1,9,1,2025-11-01,26,754
C05919,2024-03-01,Basic,29,1-Year,PayPal,USA,Manufacturing,3,0.799,0,1,3.66,1,0,0,,30,870
C05920,2024-02-01,Basic,29,1-Year,Credit Card,Canada,Education,4,0.425,3,2,4.31,2,14,1,2024-05-01,4,116
C05921,2024-12-01,Basic,29,Month-to-month,ACH/Bank Transfer,India,Finance,2,0.11,5,4,2.89,1,29,1,2025-03-01,4,116
C05922,2024-05-01,Basic,29,1-Year,Credit Card,India,Nonprofit,14,0.582,6,2,3.81,0,4,0,,28,812
C05923,2024-12-01,Pro,79,Month-to-month,Credit Card,India,Marketing/Agency,36,0.429,5,1,4.75,0,61,0,,21,1659
C05924,2024-11-01,Pro,79,Month-to-month,ACH/Bank Transfer,USA,SaaS/Tech,24,0.557,3,0,3.66,2,8,1,2025-07-01,9,711
C05925,2025-06-01,Pro,79,1-Year,Credit Card,Germany,Education,10,0.496,7,3,3.74,1,7,0,,15,1185
C05926,2025-05-01,Pro,79,Month-to-month,Credit Card,Germany,SaaS/Tech,64,0.44,2,0,4.26,1,29,0,,16,1264
C05927,2024-03-01,Pro,79,2-Year,PayPal,UK,E-commerce,10,0.377,0,1,4.6,0,0,0,,30,2370
C05928,2024-03-01,Enterprise,199,1-Year,PayPal,India,E-commerce,104,0.539,1,0,4.14,0,1,0,,30,5970
C05929,2024-07-01,Basic,29,2-Year,ACH/Bank Transfer,UK,Marketing/Agency,42,0.544,3,0,4.19,1,0,0,,26,754
C05930,2025-10-01,Pro,79,1-Year,Manual Invoice,India,Marketing/Agency,12,0.443,8,2,4.91,0,3,0,,11,869
C05931,2025-05-01,Pro,79,Month-to-month,Credit Card,India,Finance,26,0.738,8,2,3.55,2,8,1,2026-04-01,12,948
C05932,2025-11-01,Basic,29,Month-to-month,Credit Card,India,Manufacturing,4,0.727,8,1,4.59,1,14,0,,10,290
C05933,2025-11-01,Pro,79,Month-to-month,PayPal,Germany,Marketing/Agency,9,0.553,2,1,4.4,0,3,0,,10,790
C05934,2025-08-01,Pro,79,Month-to-month,Manual Invoice,USA,Marketing/Agency,6,0.425,3,1,3.77,0,3,0,,13,1027
C05935,2024-08-01,Basic,29,1-Year,PayPal,UK,Manufacturing,6,0.587,5,2,4.09,0,58,0,,25,725
C05936,2023-09-01,Enterprise,199,Month-to-month,ACH/Bank Transfer,Germany,E-commerce,108,0.732,5,5,3.06,0,3,1,2025-12-01,28,5572
C05937,2023-06-01,Enterprise,199,Month-to-month,PayPal,Canada,SaaS/Tech,2,0.688,4,2,3.61,2,3,1,2024-05-01,12,2388
C05938,2023-06-01,Enterprise,199,1-Year,PayPal,USA,E-commerce,19,0.442,1,2,3.22,0,3,1,2024-06-01,13,2587
C05939,2024-07-01,Basic,29,2-Year,Credit Card,Canada,E-commerce,37,0.02,2,0,3.01,1,17,1,2025-03-01,9,261
C05940,2025-12-01,Basic,29,2-Year,Credit Card,Canada,Healthcare,25,0.393,4,1,4.68,0,2,0,,9,261
C05941,2025-12-01,Basic,29,1-Year,Credit Card,India,SaaS/Tech,8,0.626,7,0,4.05,0,6,0,,9,261
C05942,2026-06-01,Basic,29,Month-to-month,ACH/Bank Transfer,Australia,E-commerce,51,0.934,6,1,3.28,0,9,0,,3,87
C05943,2025-06-01,Pro,79,Month-to-month,PayPal,UK,E-commerce,16,0.982,5,3,2.84,0,6,0,,15,1185
C05944,2024-12-01,Basic,29,2-Year,Credit Card,India,Finance,18,0.505,4,2,4.09,1,4,0,,21,609
C05945,2023-02-01,Pro,79,Month-to-month,Credit Card,USA,SaaS/Tech,27,0.238,5,1,4.18,0,9,0,,43,3397
C05946,2025-04-01,Basic,29,1-Year,Manual Invoice,Germany,Healthcare,22,0.303,9,1,5.0,1,0,0,,17,493
C05947,2026-06-01,Pro,79,Month-to-month,Credit Card,India,SaaS/Tech,2,0.708,6,0,4.57,2,6,0,,3,237
C05948,2024-03-01,Pro,79,Month-to-month,ACH/Bank Transfer,Australia,Education,4,0.217,2,1,3.52,0,22,0,,30,2370
C05949,2024-07-01,Pro,79,2-Year,Credit Card,UK,Healthcare,22,0.614,3,0,3.2,0,3,0,,26,2054
C05950,2024-03-01,Basic,29,Month-to-month,PayPal,India,Healthcare,9,0.894,3,1,3.49,0,6,0,,30,870
C05951,2026-05-01,Enterprise,199,Month-to-month,ACH/Bank Transfer,India,SaaS/Tech,5,0.528,5,1,3.9,1,0,0,,4,796
C05952,2024-02-01,Pro,79,Month-to-month,Credit Card,India,Education,37,0.062,2,2,3.29,2,3,1,2024-05-01,4,316
C05953,2026-01-01,Basic,29,Month-to-month,Manual Invoice,India,Nonprofit,93,0.114,2,3,3.21,0,10,0,,8,232
C05954,2023-04-01,Pro,79,1-Year,Credit Card,USA,Finance,17,0.063,3,3,3.76,0,5,1,2026-01-01,34,2686
C05955,2025-08-01,Enterprise,199,Month-to-month,ACH/Bank Transfer,Canada,Healthcare,15,0.666,3,2,2.58,0,11,0,,13,2587
C05956,2023-09-01,Basic,29,Month-to-month,Manual Invoice,Germany,Marketing/Agency,8,0.197,7,0,3.1,1,8,0,,36,1044
C05957,2026-07-01,Pro,79,1-Year,Credit Card,India,Manufacturing,4,0.449,3,1,2.74,2,34,0,,2,158
C05958,2024-01-01,Pro,79,Month-to-month,ACH/Bank Transfer,Canada,Marketing/Agency,88,0.449,7,1,3.64,1,1,1,2024-01-01,1,79
C05959,2024-12-01,Basic,29,Month-to-month,Credit Card,UK,Education,22,0.363,2,0,5.0,1,4,0,,21,609
C05960,2023-07-01,Basic,29,2-Year,Credit Card,Canada,E-commerce,23,0.289,4,0,4.32,1,3,0,,38,1102
C05961,2024-09-01,Pro,79,1-Year,Manual Invoice,Australia,Marketing/Agency,121,0.644,3,0,2.55,0,5,0,,24,1896
C05962,2023-10-01,Pro,79,Month-to-month,ACH/Bank Transfer,Canada,Healthcare,40,0.45,6,2,3.8,1,16,0,,35,2765
C05963,2023-11-01,Pro,79,1-Year,Credit Card,USA,Manufacturing,8,0.24,3,1,3.93,1,27,1,2024-06-01,8,632
C05964,2025-07-01,Pro,79,Month-to-month,Credit Card,Australia,Manufacturing,12,0.461,3,2,4.15,2,2,1,2026-02-01,8,632
C05965,2024-04-01,Basic,29,Month-to-month,Credit Card,Germany,SaaS/Tech,80,0.752,3,2,5.0,0,6,0,,29,841
C05966,2026-06-01,Enterprise,199,Month-to-month,Credit Card,USA,Nonprofit,64,0.5,4,1,4.06,0,0,1,2026-07-01,2,398
C05967,2025-08-01,Basic,29,Month-to-month,Manual Invoice,Canada,Education,14,0.366,5,2,3.91,0,3,0,,13,377
C05968,2024-12-01,Enterprise,199,1-Year,ACH/Bank Transfer,Germany,Marketing/Agency,1,0.407,1,1,3.36,2,3,1,2025-08-01,9,1791
C05969,2025-06-01,Pro,79,Month-to-month,PayPal,USA,Manufacturing,18,0.334,2,1,3.62,0,3,1,2026-04-01,11,869
C05970,2026-05-01,Basic,29,Month-to-month,Credit Card,USA,E-commerce,3,0.551,2,2,4.19,2,5,0,,4,116
C05971,2026-04-01,Pro,79,Month-to-month,Credit Card,Germany,Finance,23,0.802,4,1,2.67,0,24,0,,5,395
C05972,2024-07-01,Basic,29,Month-to-month,Credit Card,Canada,Education,9,0.673,6,0,3.09,0,16,0,,26,754
C05973,2024-11-01,Pro,79,Month-to-month,ACH/Bank Transfer,Canada,SaaS/Tech,36,0.263,3,2,4.39,0,0,0,,22,1738
C05974,2026-03-01,Basic,29,Month-to-month,Manual Invoice,India,E-commerce,13,0.303,8,1,5.0,0,4,0,,6,174
C05975,2025-10-01,Enterprise,199,Month-to-month,PayPal,Canada,Marketing/Agency,1,0.344,2,0,3.88,0,25,0,,11,2189
C05976,2025-03-01,Pro,79,2-Year,Credit Card,India,Finance,5,0.212,4,1,3.93,0,0,0,,18,1422
C05977,2025-07-01,Pro,79,Month-to-month,ACH/Bank Transfer,Germany,Nonprofit,4,0.825,1,1,2.55,2,1,0,,14,1106
C05978,2025-07-01,Basic,29,2-Year,PayPal,Germany,SaaS/Tech,38,0.836,2,2,4.57,0,22,0,,14,406
C05979,2026-02-01,Pro,79,Month-to-month,Credit Card,UK,E-commerce,228,0.897,4,4,4.04,1,3,0,,7,553
C05980,2026-05-01,Basic,29,1-Year,PayPal,India,Finance,140,0.329,4,1,4.51,0,2,0,,4,116
C05981,2025-10-01,Pro,79,Month-to-month,ACH/Bank Transfer,India,Healthcare,109,0.534,3,1,5.0,2,15,0,,11,869
C05982,2023-05-01,Pro,79,1-Year,Credit Card,Canada,Finance,32,1.0,2,1,4.49,0,81,0,,40,3160
C05983,2024-08-01,Basic,29,Month-to-month,ACH/Bank Transfer,India,Marketing/Agency,11,0.274,3,1,4.1,0,9,1,2024-11-01,4,116
C05984,2023-01-01,Basic,29,1-Year,Credit Card,India,E-commerce,21,0.366,3,1,3.49,0,5,0,,44,1276
C05985,2025-08-01,Enterprise,199,Month-to-month,ACH/Bank Transfer,India,E-commerce,5,0.539,6,1,4.12,0,11,0,,13,2587
C05986,2024-08-01,Basic,29,2-Year,Credit Card,Germany,SaaS/Tech,15,0.362,3,0,4.71,0,2,1,2026-01-01,18,522
C05987,2024-09-01,Basic,29,2-Year,Credit Card,USA,E-commerce,19,0.339,11,2,3.4,1,6,0,,24,696
C05988,2023-02-01,Enterprise,199,Month-to-month,Credit Card,Australia,Education,14,0.437,2,2,3.84,0,0,1,2026-06-01,41,8159
C05989,2023-07-01,Enterprise,199,2-Year,PayPal,Germany,Healthcare,37,0.407,2,2,3.83,0,12,1,2025-04-01,22,4378
C05990,2024-03-01,Pro,79,2-Year,Credit Card,USA,Marketing/Agency,10,0.494,4,2,4.28,2,13,0,,30,2370
C05991,2023-06-01,Pro,79,Month-to-month,Credit Card,UK,Nonprofit,224,0.367,3,2,3.51,2,4,1,2024-01-01,8,632
C05992,2025-08-01,Basic,29,2-Year,Credit Card,Germany,Education,20,0.094,4,2,5.0,0,18,0,,13,377
C05993,2025-04-01,Pro,79,1-Year,Credit Card,USA,Marketing/Agency,7,0.838,6,0,4.47,0,1,0,,17,1343
C05994,2023-09-01,Basic,29,Month-to-month,PayPal,Canada,Finance,24,0.159,3,2,2.87,0,1,0,,36,1044
C05995,2023-01-01,Enterprise,199,Month-to-month,Credit Card,Canada,Healthcare,21,0.37,8,1,3.34,0,8,1,2026-07-01,43,8557
C05996,2025-10-01,Basic,29,2-Year,PayPal,USA,Healthcare,45,0.462,5,1,3.28,0,3,0,,11,319
C05997,2024-05-01,Pro,79,2-Year,PayPal,Germany,Finance,13,0.651,7,2,3.75,1,3,0,,28,2212
C05998,2025-03-01,Basic,29,Month-to-month,Credit Card,USA,Manufacturing,19,0.573,4,2,2.96,1,1,0,,18,522
C05999,2025-11-01,Pro,79,Month-to-month,Credit Card,Canada,Marketing/Agency,26,0.171,6,5,5.0,1,3,0,,10,790
C06000,2024-01-01,Enterprise,199,1-Year,Credit Card,Australia,Healthcare,103,0.652,4,2,4.69,1,39,0,,32,6368
